id,title,deadline,url
001e317b-0764-4ce9-b447-abafab1c7c01,Grace Englebert Memorial Scholarship,2026-04-08,https://bigfuture.collegeboard.org/scholarships/grace-englebert-memorial-scholarship
003d9ef0-4ae9-4098-af32-34a83d25c671,Intermountain Section AWWA Undergraduate Science and Engineering Scholarship,2026-04-15,https://bigfuture.collegeboard.org/scholarships/intermountain-section-awwa-undergraduate-science-and-engineering-scholarship
004d51d8-8b59-4cfd-8de2-ef19f732bad5,Christal Carter Creative Arts Scholarship,2026-04-13,https://bold.org/scholarships/christal-carter-creative-arts-scholarship
0052e186-8c87-4205-8cb4-e9c4d12f361d,Education Matters Endowed Scholarship,2026-05-04,https://bigfuture.collegeboard.org/scholarships/education-matters-endowed-scholarship
006658eb-b8a5-40e4-994e-176eb4f3438f,Doctoral Alumni Scholarship,2026-04-20,https://www.nova.edu/sbin/report/scholarships/schlr-srch-params.cgi?category=Institutional&level=Graduate
008ec2a9-0dce-414b-a153-f376fbb93bd4,Class of 1961 Endowed Scholarship,2026-04-15,https://bigfuture.collegeboard.org/scholarships/class-of-1961-endowed-scholarship
00921d71-19ba-4b20-99be-c6cefcf93687,AFCEA General ROTC Scholarship,2026-05-01,https://bigfuture.collegeboard.org/scholarships/afcea-general-rotc-scholarship
009d419c-3ab2-4280-a077-761234ee2811,Johnson Scholarship,2026-05-01,https://floridapoly.edu/admissions/undergraduate-financial-aid
009f117c-1b2e-424a-9552-980d4c7f600c,CINTAS Foundation Brandon Fradd Fellowship in Music Composition,2026-05-01,https://www.scholarships.com/scholarships/cintas-foundation-brandon-fradd-fellowship-in-music-composition
00c07609-1e40-4298-ae16-ab45f90dcc42,Arlington Chapter Scholarship,2026-04-15,https://www.texastechalumni.org/s/1422/a22/interior.aspx?sid=1422&gid=1001&pgid=1384
010283b9-73b0-486e-8640-f308788eda86,B.E.E.F. Scholarship application deadline 2026 USA,2026-05-01,https://bigfuture.collegeboard.org/scholarships/beef-scholarship
010b6e2e-5509-4610-b4f2-c9bd88e9393b,Hawai'i Lodging and Tourism Association Member Scholarship,2026-04-29,https://bigfuture.collegeboard.org/scholarships/hawaii-lodging-and-tourism-association-member-scholarship
010ffb43-168c-407a-8f14-f08e357f83c9,The Edith C. and Philip A. Klinglof Scholarship,2026-04-15,https://bigfuture.collegeboard.org/scholarships/the-edith-c-and-philip-a-klinglof-scholarship
0111fe36-f388-4c1d-ab64-1a0a322df102,Business Divisional Scholarship,2026-05-01,https://bigfuture.collegeboard.org/scholarships/business-divisional-scholarship
011828a5-219e-43b9-82b7-29230137e7df,York County Hispanic Coalition Scholarship,2026-04-24,https://www.scholarships.com/scholarships/york-county-hispanic-coalition-scholarship
01223776-dac5-4d7f-ab1d-4f6f7965234b,California Association of Realtors Scholarship,2026-05-01,https://bigfuture.collegeboard.org/scholarships/california-association-of-realtors-scholarship
013fc88e-51c8-425f-854b-e127cab2e4d9,NAHMA Educational Foundation Scholarship,2026-05-01,https://www.nahma.org/about/educational-foundation
0145a856-ce6b-4657-a0e8-d1e0e9341633,Hutcheson Journalism Scholarship,2026-04-15,https://texastechalumni.academicworks.com/
014db373-fa0a-43e2-83c3-fc9e94ec1132,Corporal Kevin William Prince Memorial Scholarship,2026-04-15,https://bigfuture.collegeboard.org/scholarships/corporal-kevin-william-prince-memorial-scholarship
01528d56-d1ea-40ae-a17c-fb5abfda882a,Robert V. Mullen and Dean Roe Memorial Scholarship,2026-04-10,https://bigfuture.collegeboard.org/scholarships/robert-v-mullen-and-dean-roe-memorial-scholarship
015a3b7b-7500-4ceb-ba28-56323a947a98,California Restaurant Foundation General Scholarship,2026-05-01,https://bigfuture.collegeboard.org/scholarships/california-restaurant-foundation-general-scholarship
01603956-483b-4d4a-9899-9b80b792dd97,J. Everett and Louise Light Scholarship,2026-04-29,https://bigfuture.collegeboard.org/scholarships/j-everett-and-louise-light-scholarship
016a2471-69a9-4f78-8be7-2987e7bc2d85,David and Myrna Band Scholarship,2026-04-14,https://bigfuture.collegeboard.org/scholarships/david-and-myrna-band-scholarship
0181315b-c952-4881-a6e3-aad874fc62e8,400 Bold Points No-Essay Scholarship,2026-04-30,https://bold.org/scholarships/bold-org-400-points-no-essay-scholarship
01982fb0-8696-4c04-bc7c-f30257422da6,William T. Sprole Memorial Scholarship,2026-04-08,https://bigfuture.collegeboard.org/scholarships/william-t-sprole-memorial-scholarship
019b836b-df06-403a-857b-90b3a65b737f,C.J. Jackson Scholarship,2026-04-15,https://bigfuture.collegeboard.org/scholarships/cj-jackson-scholarship
01a14bdb-d391-488f-b7ec-753beeebee5f,The Carol and James Donnelly Early Education and Care Graduate Scholarship,2026-04-15,https://bigfuture.collegeboard.org/scholarships/the-carol-and-james-donnelly-early-education-and-care-graduate-scholarship
01bbef74-1b78-475e-9589-db1b912cc9b7,Glenda I. Tanner Memorial Scholarship,2026-05-01,https://bold.org/scholarships/glenda-I-tanner-memorial-scholarship
01ce0746-28bf-4487-b5e9-8fe2658c417f,The Andrew & Sharon McDonald Family Endowed Scholarship,2026-04-15,https://bigfuture.collegeboard.org/scholarships/the-andrew--sharon-mcdonald-family-endowed-scholarship
01cf3411-8289-47ac-bd45-cf05bc65e8c5,Washington Center Scholarship Deadline 2026 USA,2026-05-01,https://bigfuture.collegeboard.org/scholarships/washington-center-scholarship
01e08920-d8b3-40f5-8d4c-b36cc77caded,Edmond and Helen Anderson Scholarship,2026-04-15,https://bigfuture.collegeboard.org/scholarships/edmond-and-helen-anderson-scholarship
01e7dacc-e79b-4b7e-92f1-75922e120feb,The Dr. Rose D. Haroian Endowed Scholarship,2026-04-15,https://bigfuture.collegeboard.org/scholarships/the-dr-rose-d-haroian-endowed-scholarship
01e922df-6885-4c09-ab6b-9ab44fb1dbf4,Ishio  Founders' Scholarship,2026-04-30,https://bigfuture.collegeboard.org/scholarships/ishio--founders-scholarship
01ecbcfd-028a-4817-ad1a-6653b067a59e,Chris Gallups Scholarship,2026-05-01,https://www.fgc.edu/tuition-financial-aid/available-financial-aid/foundation-scholarships.html
01f6611f-c500-4f5c-a688-260248e08185,ASHRAE High School Senior Scholarship,2026-05-01,https://bigfuture.collegeboard.org/scholarships/ashrae-high-school-senior-scholarship
02177cb9-d86e-4a2e-bb88-f91fb561ed76,"William ""Bill"" Pingeton, Class of 1952 Endowed Scholarship",2026-04-15,https://bigfuture.collegeboard.org/scholarships/william-bill-pingeton-class-of-1952-endowed-scholarship
02193c70-f153-482c-9fdd-b31ec3ff56ae,Vern Florence Memorial Scholarship,2026-05-04,https://bigfuture.collegeboard.org/scholarships/vern-florence-memorial-scholarship
02233b47-f7d0-4d99-a10c-b9553ff1e794,Humans of Dementia Scholarship,2026-05-01,https://www.scholarships.com/scholarships/humans-of-dementia-scholarship
0223aa5f-fb5b-4d1e-8e94-a97e236f7725,R.D. Smith Scholarship,2026-04-12,https://bigfuture.collegeboard.org/scholarships/rd-smith-scholarship
023e39dd-9865-4d68-ac0b-a17da5a52f52,Zeph Stewart Latin Teacher Training  Scholarship,2026-04-15,https://bigfuture.collegeboard.org/scholarships/zeph-stewart-latin-teacher-training--scholarship
024a94cf-8b28-456a-985f-f97ceac8f24d,Goethe Institute Travel Grants 2021 for Artists from Abroad to Perform in Germany,2021-12-31,https://www.goethe.de/en/uun/auf/mus/aus.html
024eba1a-8c93-4413-8270-0d4feba2a6be,Nancy Jacobsen Nursing Scholarship,2026-05-01,https://bigfuture.collegeboard.org/scholarships/nancy-jacobsen-nursing-scholarship
025e19cc-a374-4b5d-bd4c-8c6e74b9ba1b,Carolyn Benvenuti Memorial Scholarship,2026-04-22,https://bigfuture.collegeboard.org/scholarships/carolyn-benvenuti-memorial-scholarship
0270d66d-48e3-40ca-b774-faa579c5f0c9,National Speakers Association Foundation Scholarship,2026-04-30,https://bigfuture.collegeboard.org/scholarships/national-speakers-association-foundation-scholarship
027328fe-4957-441f-8b66-d39505d6ad16,Henry A. and Pauline H. Goodall Memorial Scholarship,2026-04-15,https://bigfuture.collegeboard.org/scholarships/henry-a-and-pauline-h-goodall-memorial-scholarship
02898db5-0100-4b91-acb5-b0ed98feb4a3,The John J. ('74) and Alice E. ('76) Riordan Scholarship,2026-04-15,https://bigfuture.collegeboard.org/scholarships/the-john-j-74-and-alice-e-76-riordan-scholarship
028dbe76-93cf-4db5-a55b-aa3b0e177224,Ronnie Horton Legacy Scholarship,2026-04-30,https://www.nationalgrocers.org/foundation/nga-foundation-scholarships
0299fe74-4266-4476-90ac-261625167e0a,New York Ramblers Scholarship,2026-05-01,https://bigfuture.collegeboard.org/scholarships/new-york-ramblers-scholarship
029b3f62-b795-4a4b-a5ec-1a92c1c93ef8,Oxbow Animal Health Veterinary Medicine Scholarship,2026-04-30,https://www.scholarships.com/scholarships/oxbow-animal-health-veterinary-medicine-scholarship
02a34c2c-a7a0-4d3d-926a-1b59a0347671,Mildred Smith Memorial Scholarship,2026-05-01,https://bigfuture.collegeboard.org/scholarships/mildred-smith-memorial-scholarship
02f2cb49-7d04-403c-9477-ab944dc5db68,The Father Roland Chenier Memorial Scholarship,2026-04-15,https://bigfuture.collegeboard.org/scholarships/the-father-roland-chenier-memorial-scholarship
03056063-a743-4080-965a-5f98ac988150,FRLAEF Scholarship,2026-04-10,https://bigfuture.collegeboard.org/scholarships/frlaef-scholarship
030f29cd-0f36-4f9e-bb72-5d0cb5ec2355,"Adamson, LeMaster, and Hendrix Scholar-Athlete Scholarship",2026-05-01,https://www.cifns.org/forms-awards-docs/forms_awards_docs/Scholarship_App_and_Info
031e7e54-8fac-4b27-8df6-a6ae6d58fc0b,Woolpert BRIDGE Scholarship,2026-04-15,https://scholarship-america-production.saiapply.org/organization/profile/create?applyToClientReturnUrl=https%3A%2F%2Fsai-woolprt.saiapply.org%2Fprogram%2Fsai-woolpert%2Finfo%3FcycleId%3D1CYG2xsRorciPpgAYWXyo4&clientOrganizationId=TGxIs8FHs-YpqdGe-nb5qlosvHyxDEHaE9XU
03246e8e-f9af-4f1b-b0b9-d8ea7ae2ef1a,Erase.com Scholarship,2026-04-15,https://bold.org/scholarships/erase-dot-com-scholarship
0331381d-c0e1-453c-b42a-3c1076e90675,"Math, Science, and Engineering Divisional Scholarship",2026-05-01,https://bigfuture.collegeboard.org/scholarships/math-science-and-engineering-divisional-scholarship
03400867-75d8-4ae4-a321-6eff571e71f1,East Palestine Bulldog Legacy Scholarship,2026-04-09,https://scholarship-america-production.saiapply.org/organization/profile/create?applyToClientReturnUrl=https%3A%2F%2Fsai-norfolk.saiapply.org%2Fprogram%2Fsai-bulldoglegacy%2Finfo%3FcycleId%3D1CYEGNdTEUqTvQUiVVHqib&clientOrganizationId=_UZakNESVZfU17TBfelaYYvolGGFYnH0YSEf
03519549-1a29-4f01-af6d-83dc001384ab,Eric Hanson Endowed Scholarship,2026-05-01,https://bigfuture.collegeboard.org/scholarships/eric-hanson-endowed-scholarship
03615a1b-6f16-4c92-aedb-54747a136609,Culpepper Exum Scholarship for People with Kidney Disease,2026-05-01,https://bigfuture.collegeboard.org/scholarships/culpepper-exum-scholarship-for-people-with-kidney-disease
036458b8-b469-4535-b068-a71f619f1838,Mallove Family - William Pedace Scholarship,2026-04-22,https://bigfuture.collegeboard.org/scholarships/mallove-family---william-pedace-scholarship
036faeda-c844-4cc6-b273-725d62601c6a,FleetNow Construct Your Future Scholarship,2026-05-03,https://www.scholarships.com/scholarships/fleetnow-construct-your-future-scholarship
03aa461f-6f18-4390-8506-08dc5956de0f,Helen Abbott Community Service Awards,2026-05-01,https://bigfuture.collegeboard.org/scholarships/helen-abbott-community-service-awards
03ade8e2-d62d-4c91-957c-362aeb3b89b5,Conner McGrevy Memorial  Scholarship,2026-05-01,https://bigfuture.collegeboard.org/scholarships/conner-mcgrevy-memorial--scholarship
03ba3008-c78a-43f3-ae73-831730ff1b9a,Jerry Robbins Scholarship,2026-04-29,https://bigfuture.collegeboard.org/scholarships/jerry-robbins-scholarship
03bb3cd8-0bbe-4cab-9a0f-1fd853abfa14,Virginia Balch Scholarship in History,2026-04-15,https://texastechalumni.academicworks.com/
03bcca74-3dba-4b5e-bd57-c9a71540a01e,Siebenthal and Block Scholarship Program,2026-04-06,https://start.scholarsapply.org/?programcycleid=63076
03cf0ec7-c154-4d5b-9d10-55c3d4c4e686,The Vincent '66 and Rosanne (Sullivan)'65 Matulaitis Scholarship,2026-04-15,https://bigfuture.collegeboard.org/scholarships/the-vincent-66-and-rosanne-sullivan65-matulaitis-scholarship
03f01b08-a510-4d50-8f53-90312b8ba928,The Craig Dempsey Memorial Scholarship,2026-04-15,https://bigfuture.collegeboard.org/scholarships/the-craig-dempsey-memorial-scholarship
03f55316-2dda-462c-8c2e-1aeb2a290b3f,Lucille M. Clark Memorial Scholarship,2026-05-04,https://bigfuture.collegeboard.org/scholarships/lucille-m-clark-memorial-scholarship
03fe0a96-3b86-406f-a70d-380da6fdd9e5,Women's Southern Golf Association Scholarship,2026-05-01,https://bigfuture.collegeboard.org/scholarships/womens-southern-golf-association-scholarship
040970dc-3397-46df-83a4-9d28dd819373,All One Credit Union Scholarship,2026-04-15,https://bigfuture.collegeboard.org/scholarships/all-one-credit-union-scholarship
040a08b0-84cc-440a-896a-2b533b820b0c,Smithsonian Latino Center Young Ambassadors Scholarship,2026-04-29,https://bigfuture.collegeboard.org/scholarships/smithsonian-latino-center-young-ambassadors-scholarship
041cda42-ad3e-4541-ad21-e5328f2d05cb,Bass Pro Shops & Cabela’s Scholarship,2026-04-24,https://bigfuture.collegeboard.org/scholarships/bass-pro-shops--cabelas-scholarship
0425218c-4250-43bd-9dbf-f83d65e17f63,Give Kids A Chance Scholarship,2026-04-30,https://bigfuture.collegeboard.org/scholarships/give-kids-a-chance-scholarship
046b175c-c7fd-486d-8e68-a41b17897060,Austin Classical Guitar Scholarship,2026-05-01,https://bigfuture.collegeboard.org/scholarships/austin-classical-guitar-scholarship
0471711b-c25a-4bb4-a181-7b4b1b3f4485,World of Speed Automotive Annual Scholarship,2026-04-15,https://www.clackamas.edu/admissions-financial-aid/financial-aid-scholarships/scholarships
0474cdbf-2518-4b9e-962e-670b50a0e7ae,Richard Merwin Student Scholarship,2026-04-30,https://www.computer.org/volunteering/awards/scholarships/merwin
04827f07-205a-4c16-9038-fc09b835cb05,Seth R. and Corinne H. Brooks Scholarship,2026-04-15,https://bigfuture.collegeboard.org/scholarships/seth-r-and-corinne-h-brooks-scholarship
049081ae-b4ee-4d0e-b650-24a89f4b7361,Central Valley Scholars First Generation Scholarship,2026-05-01,https://bigfuture.collegeboard.org/scholarships/central-valley-scholars-first-generation-scholarship
0494736a-33e0-4f9f-99dd-a0915fe099b4,Kofi Cash Award,2026-04-14,https://umass.academicworks.com/opportunities
049773f5-92ce-4556-bea5-c8e5d93bb780,UNF Engineering Advisory Council Endowed Scholarship,2026-04-15,https://bigfuture.collegeboard.org/scholarships/unf-engineering-advisory-council-endowed-scholarship
049e25ef-6a7b-48e2-a6d2-938c44a3786d,"Walter A. ""Dub"" Blessing Aviation Scholarship",2026-04-15,https://tccd.academicworks.com/opportunities/5053
04a3a1fc-4165-4adb-acc9-6e44c2b82afe,Emerson Scholarship,2026-05-01,https://bigfuture.collegeboard.org/scholarships/emerson-scholarship
04a5a0b6-e330-4571-9c79-dac0a0e96a0b,American Society of Mechanical Engineers (ASME) Scholarship,2026-04-15,https://bigfuture.collegeboard.org/scholarships/american-society-of-mechanical-engineers-asme-scholarship
04c401e0-3b77-4b41-bef2-fe39dcc5c1c5,North Dakota State Fair Foundation Chevron Scholarship,2026-04-30,https://www.scholarships.com/scholarships/north-dakota-state-fair-foundation-chevron-scholarship
0513c43c-64e0-4769-9b2c-09082bce363e,Soliant Sunrise Scholarship,2026-04-29,https://bigfuture.collegeboard.org/scholarships/soliant-sunrise-scholarship
052eb33c-a592-4488-8dc8-e4cb5e5dbdd4,Udonis Haslem Foundation BDJ40 Scholarship,2026-04-15,https://bold.org/scholarships/udonis-haslem-foundation-bdj40-scholarship
054c4bfe-d63e-48ec-84a9-fa7a7792a5e7,Catherine (Kay) Williams Memorial Arts Scholarship,2026-05-01,https://bold.org/scholarships/catherine-kay-williams-memorial-arts-scholarship
0578ada0-0553-47ab-b23d-7f3c09493bdb,Eldon Witt Student Teaching Scholarship,2026-05-01,https://www.ilaged.org/scholarships
05969b43-ece7-4025-90e0-757df85f7bf0,Oxbow Animal Health Scholarships,2026-04-30,https://www.scholarships.com/scholarships/oxbow-animal-health-scholarships
059f7d29-5d3e-420c-b439-31f00609e9c2,Theodore R. and Vivian M. Johnson Scholarship,2026-05-01,https://jsf.bz/education-grants/scholarships
05a9d923-44b9-4cc4-b0a7-2e8e3ae2075e,The Tarun and Amita Mukherjee Memorial Scholarship,2026-04-15,https://bigfuture.collegeboard.org/scholarships/the-tarun-and-amita-mukherjee-memorial-scholarship
05ae106f-3e66-4d17-8292-2cee33a85066,"SWR Foundation Scholarship: Eligibility, Deadline, Apply",2026-04-30,https://www.scholarships.com/scholarships/swr-foundation-scholarship
05b264ae-3ca1-42aa-83fc-583b7876b180,Government and Nonprofit Section Doctoral Dissertation Grant,2026-04-15,https://bigfuture.collegeboard.org/scholarships/government-and-nonprofit-section-doctoral-dissertation-grant
05b3aff3-66d6-44c0-9fb3-5389a4c43efc,National Aviation Explorer Scholarships Guide,2026-04-30,https://www.scholarships.com/scholarships/national-aviation-explorer-scholarships
05b70445-ccdc-4489-a58c-b7538885b1fd,Mike Farrell Memorial Journalism Scholarship,2026-04-10,https://bigfuture.collegeboard.org/scholarships/mike-farrell-memorial-journalism-scholarship
05b9575f-113d-4792-a1c9-fe08c9c05a7f,Southwest Missouri Cattlemen's Association Scholarship,2026-04-14,https://bigfuture.collegeboard.org/scholarships/southwest-missouri-cattlemens-association-scholarship
05bb2c6d-203e-458c-9287-8814d8777cd3,Air Force Sergeants Association (AFSA) Scholarship Program,2026-04-15,https://bigfuture.collegeboard.org/scholarships/air-force-sergeants-association-afsa-scholarship-program
05e7a1f7-b7c7-472b-8788-4a1c2f386bfc,Merck Animal Health Cartridges for Cash Scholarship,2026-04-17,https://bigfuture.collegeboard.org/scholarships/merck-animal-health-cartridges-for-cash-scholarship
05fe51a9-b3b1-4ff7-b549-fd6a9a26d400,Citizens First Bank Scholarship,2026-04-17,https://bigfuture.collegeboard.org/scholarships/citizens-first-bank-scholarship
06041a6b-37d6-43d1-be07-1a6469d536a6,Renaissance Scholars Program Application 2026 USA Scholarship Ap…,2026-05-01,https://bigfuture.collegeboard.org/scholarships/renaissance-scholars-program---spring
0612fb1f-3fe4-467e-9e0b-ef6877370574,Kansas Sheriffs' Association Scholarship,2026-04-15,https://bigfuture.collegeboard.org/scholarships/kansas-sheriffs-association-scholarship
061d440b-5a65-422c-89a4-8200b6bf03dc,Gamma Phi Delta Youth Scholarship,2026-05-03,https://www.scholarships.com/scholarships/gamma-phi-delta-youth-scholarship
062384e6-41c2-4c13-a211-3eab4e4a9483,AEE Foundation Scholarship,2026-04-15,https://bigfuture.collegeboard.org/scholarships/aee-foundation-scholarship
06323499-6be9-4f9e-99cb-e0d0f9592839,Charles Kunz Memorial Undergraduate Scholarship,2026-04-17,https://www.ena.org/education/grants-scholarships
06377330-7fda-4f28-9419-e011b196cadd,Lisa Dugan Annual Community Service Scholarship for GED Graduates,2026-05-01,https://bigfuture.collegeboard.org/scholarships/lisa-dugan-annual-community-service-scholarship-for-ged-graduates
065eec34-67db-4b9d-bb05-618a915e466c,Frankee Hellinger Leadership Graduate Scholarship,2026-05-04,https://bigfuture.collegeboard.org/scholarships/frankee-hellinger-leadership-graduate-scholarship
06614379-be33-4aeb-9597-6d1c617cfc19,Alameda Kiwanis Foundation Scholarship Deadline 2026 USA,2026-04-22,https://bigfuture.collegeboard.org/scholarships/alameda-kiwanis-foundation-scholarship
06abf769-fcde-4b6e-b91b-1c3f5e63a8be,Maeck Family Foundation Scholarship,2026-04-29,https://www.scholarships.com/scholarships/maeck-family-foundation-scholarship
06ba0cf3-a045-440c-8576-ea304f4ade5f,Arah Claire Johnson Endowed Memorial Scholarship,2026-04-15,https://www.clackamas.edu/admissions-financial-aid/financial-aid-scholarships/scholarships
06c7242e-60c6-443c-be8f-e364b87c71a5,Driven to Care Engineering Automotive Scholarship,2026-04-15,https://niu.academicworks.com/
06c74563-5d61-4258-897c-a158e052af34,NLF Scholarship,2026-05-04,https://bold.org/scholarships/NLF-scholarship
06f7c337-c3f9-4061-b8cd-98a3fbdd5bbb,Indigenous Women in Technology Scholarship Deadline 2026 USA,2026-04-24,https://bigfuture.collegeboard.org/scholarships/indigenous-women-in-technology-scholarship
0700db81-4eab-4fbf-8314-0f8f518f34f4,Connecticut National Guard Foundation Scholarship,2026-04-15,https://bigfuture.collegeboard.org/scholarships/connecticut-national-guard-foundation-scholarship
07210d8e-4d81-4839-a97d-52e2275653e4,Esther-Jafari Haymon Scholarship,2026-04-17,https://bigfuture.collegeboard.org/scholarships/esther-jafari-haymon-scholarship
0724914c-7168-43e5-a6e3-a4698f9c875e,Julia Scarborough Cline Memorial Scholarship,2026-05-01,https://www.fgc.edu/tuition-financial-aid/available-financial-aid/foundation-scholarships.html
073092b1-a79e-4bcb-89ba-7c4e0c363861,Pennsylvania Targeted Industry Scholarship,2026-05-01,https://bigfuture.collegeboard.org/scholarships/pennsylvania-targeted-industry-scholarship
07449546-cb70-40a4-ab1b-cc9efd2307d3,Susan Schulman Begley Memorial Scholarship,2026-04-15,https://bigfuture.collegeboard.org/scholarships/susan-schulman-begley-memorial-scholarship
074607d4-57fc-47a6-96a8-aef7fa39e7cc,IHLA Educational Foundation Scholarship Program,2026-05-01,https://www.scholarships.com/scholarships/ihla-educational-foundation-scholarship-program
075ef306-5c61-4dfc-8c2e-945b40559442,Richard W. Riley Educational Talent Search Scholarship,2026-04-15,https://bigfuture.collegeboard.org/scholarships/richard-w-riley-educational-talent-search-scholarship
079b4f2c-4f7e-43b7-8350-726874a99488,Colleyville Lions Club Scholarship,2026-04-15,https://bigfuture.collegeboard.org/scholarships/colleyville-lions-club-scholarship
07a50b49-1b16-4d8e-9b91-52301e2a2cfe,Suzanne Cooper Endowed Scholarship,2026-05-01,https://austincc.academicworks.com/opportunities/9853
07c96b3a-98a3-4a24-bbe8-0a71686a738a,Stanley K. Powers Educational Trust Scholarship,2026-04-23,https://scholarship-america-production.saiapply.org/organization/profile/create?applyToClientReturnUrl=https%3A%2F%2Fsai-pnc.saiapply.org%2Fprogram%2Fsai-stanleypowers%2Finfo%3FcycleId%3D1CYL3d3HwzKJoZhesQEWPT&clientOrganizationId=YlhFpubIDFhYt5WeRFBFUB0ekA0f7pawDkEy
07d84b22-1e57-414e-818d-97c74cf98889,Denbury Scholarship application deadline 2026 USA,2026-05-01,https://bigfuture.collegeboard.org/scholarships/denbury-scholarship
07ddaea9-0f0f-454f-989d-46c9c1439f00,Knuckleheads FSU Flying High Circus Alumni Scholarship,2026-04-22,https://bold.org/scholarships/knuckleheads-FSU-flying-high-circus-alumni-scholarship
07ed9cc5-75cb-4db2-a29c-20883fefa4ef,The Bokhee and Neil Doherty Family Scholarship,2026-04-15,https://bigfuture.collegeboard.org/scholarships/the-bokhee-and-neil-doherty-family-scholarship
07fe5e9b-79a2-4320-8e46-1ff587ec4e99,Julia H. Dodds Junior Girl's Scholarship,2026-05-01,https://bigfuture.collegeboard.org/scholarships/julia-h-dodds-junior-girls-scholarship
081f0ea6-9ee6-4a2d-b6d1-e6c5088a650e,"The Alumni Association, Worcester City Hospital School of Nursing Annie Vigeant Graduate Scholarship",2026-04-15,https://bigfuture.collegeboard.org/scholarships/the-alumni-association-worcester-city-hospital-school-of-nursing-annie-vigeant-graduate-scholarship
0836f6fa-ca2b-44b5-b572-4ca04495be33,Ohio Counties Scholarship USA 2026 Apply,2026-05-01,https://www.scholarships.com/scholarships/ohio-counties-scholarship
08450154-aab1-45f6-898a-4d78a379fbd0,Keshava-Ghandi Family Scholarship,2026-04-30,https://bigfuture.collegeboard.org/scholarships/keshava-ghandi-family-scholarship
08672cc8-3f8e-4097-97e5-bde50e21bbc9,Frank Filipek Scholarship,2026-04-29,https://bigfuture.collegeboard.org/scholarships/frank-filipek-scholarship
08679f80-9b0f-47bc-bcad-438c40de19d3,The Kalyan K. and Abha P. Ghosh Endowed Scholarship,2026-04-15,https://bigfuture.collegeboard.org/scholarships/the-kalyan-k-and-abha-p-ghosh-endowed-scholarship
087d46e9-061c-4e78-a6c2-8d7e9cec97c7,RGi Scholarship eligibility and deadline USA 2026,2026-05-01,https://bigfuture.collegeboard.org/scholarships/rgi-scholarship-for-geospatial-and-engineering
088c2c4a-a74e-40df-bd6f-a3eecbcd1710,Richard C. Gorecki Scholarship,2026-04-15,https://bigfuture.collegeboard.org/scholarships/richard-c-gorecki-scholarship
08a440cf-f177-4480-b1e1-a0e65652086f,Karen J. and David S. Stewart Scholarship,2026-05-04,https://bigfuture.collegeboard.org/scholarships/karen-j-and-david-s-stewart-scholarship
08b1b056-c7e7-4c5e-95e7-bba6df4a27e2,Paul & Jackie Mierop Memorial Scholarship,2026-04-15,https://bigfuture.collegeboard.org/scholarships/paul--jackie-mierop-memorial-scholarship
08db9944-dbb5-43f8-9fec-a5e5ca3ceecd,The Arline Lanois O'Brien/Knight Memorial Scholarship,2026-04-15,https://bigfuture.collegeboard.org/scholarships/the-arline-lanois-obrienknight-memorial-scholarship
08df7a48-3bc3-49ae-b7c7-85cafc4ebb88,Eastern Illinois Law Enforcement Administrators Association Scholarship,2026-05-01,https://bigfuture.collegeboard.org/scholarships/eastern-illinois-law-enforcement-administrators-association-scholarship
08f50029-8fcf-4523-b2a4-ad57333fecfd,Darrell L. and Norma R. Uphold Family Scholarship,2026-04-10,https://bigfuture.collegeboard.org/scholarships/darrell-l-and-norma-r-uphold-family-scholarship
08f570bb-66fc-41b3-a55d-bc347e625429,The Mary M. Reardon Endowed Scholarship,2026-04-15,https://bigfuture.collegeboard.org/scholarships/the-mary-m-reardon-endowed-scholarship
0918ee82-d476-4d56-99fd-21bdd83f7f07,The George F. and Sybil H. Fuller Foundation Scholarship,2026-04-15,https://bigfuture.collegeboard.org/scholarships/the-george-f-and-sybil-h-fuller-foundation-scholarship
091dd99e-a900-48fe-a24b-fef05993b094,Orange County Centennial Academic Scholarship,2026-05-01,https://bigfuture.collegeboard.org/scholarships/orange-county-centennial-academic-scholarship
09325e9e-f28d-42fe-8047-39542997c291,Richard L. Davis Managers Scholarship,2026-05-01,https://bigfuture.collegeboard.org/scholarships/richard-l-davis-managers-scholarship
0941f319-106e-4e05-b826-043e79c5fef8,NCPCM Scholarship,2026-04-16,https://bigfuture.collegeboard.org/scholarships/ncpcm-scholarship
094f7521-9a8d-4041-9331-37f103d2681b,SKECHERS Athletic Performance Scholarship,2026-04-15,https://bigfuture.collegeboard.org/scholarships/skechers-athletic-performance-scholarship
095fc08f-98e0-479e-b84b-432c524f13d7,LIFE Association Trade Scholarship,2026-05-01,https://bigfuture.collegeboard.org/scholarships/life-association-trade-scholarship
0971163d-d995-4a42-b338-d0af554cfd60,Robert & Barbara Alexander Nursing Scholarship,2026-04-06,https://bigfuture.collegeboard.org/scholarships/robert--barbara-alexander-nursing-scholarship
0973a061-7feb-4f4d-aa5b-c047a78fba3d,rootEd Community College Transfer Scholarship,2026-04-15,https://bigfuture.collegeboard.org/scholarships/rooted-community-college-transfer-scholarship
09812026-0f08-4b65-b46a-97517607ef9e,Law Family Single Parent Scholarship,2026-04-10,https://bold.org/scholarships/law-family-single-parent-scholarship
09a36a1b-cb04-42b5-bfcf-1529a93c4e9a,Iverson Family Scholarship,2026-05-04,https://bigfuture.collegeboard.org/scholarships/iverson-family-scholarship
09a5a0ec-2a35-42d0-aa70-4e64ad6c0376,Heruska Family Endowed Scholarship for Entrepreneurship,2026-04-11,https://bigfuture.collegeboard.org/scholarships/heruska-family-endowed-scholarship-for-entrepreneurship
09aed360-8779-48c1-9c25-24171830eac7,Joe Ford Trade Scholarship,2026-04-30,https://bold.org/scholarships/joe-ford-trade-scholarship
09c7e277-892a-4fa0-9dbb-033f892faf5b,Dr. Nancy E. Harris Elementary Education Endowed Scholarship,2026-04-15,https://bigfuture.collegeboard.org/scholarships/dr-nancy-e-harris-elementary-education-endowed-scholarship
09ce0185-c0d5-441c-ba3c-faee44cba4af,Health Careers Divisional Scholarship,2026-05-01,https://bigfuture.collegeboard.org/scholarships/health-careers-divisional-scholarship
09ce44c6-c254-4481-b829-4479e1e33fcb,A Twist of Fate Scholarship,2026-04-30,https://www.scholarships.com/scholarships/a-twist-of-fate-scholarship
0a00ac56-a5b6-433e-afba-ec0b016fc7b8,Honors Program Scholarship,2026-05-01,https://bigfuture.collegeboard.org/scholarships/honors-program-scholarship
0a09aa4f-96e2-49bb-ab03-ddfa76f6b05f,API Scholarship,2026-04-24,https://bigfuture.collegeboard.org/scholarships/api-scholarship
0a175e75-be34-47d6-9d1a-dce78a05b141,Geddes Enterprises/Dav-Lin/Chancey Metals Endowed Scholarship,2026-04-15,https://bigfuture.collegeboard.org/scholarships/geddes-enterprisesdav-linchancey-metals-endowed-scholarship
0a2c8eea-8226-49b7-ad27-3fc8592b2b6b,The Class of 2003 Student Leader Scholarship,2026-04-15,https://bigfuture.collegeboard.org/scholarships/the-class-of-2003-student-leader-scholarship
0a3c4110-0bd8-4638-8bee-05ace574680b,Luther and Blanche Coggin Global MBA Felloship,2026-04-15,https://bigfuture.collegeboard.org/scholarships/luther-and-blanche-coggin-global-mba-felloship
0a3f05f4-41ef-4702-88b8-a5c49382ad0d,AMD/Gary Heerssen Memorial Scholarship,2026-05-01,https://austincc.academicworks.com/opportunities/9731
0a48c40b-d8b7-49a7-aa31-6af494136863,Douglas W. Mummert Scholarship Deadline 2026 USA,2026-04-24,https://bigfuture.collegeboard.org/scholarships/douglas-w-mummert-scholarship
0a696e28-7ea7-4ef3-8cfd-7d87faed0a7b,Ivan F. and Ina C. LeGore Scholarship,2026-04-10,https://bigfuture.collegeboard.org/scholarships/ivan-f-and-ina-c-legore-scholarship
0a829228-7754-4287-8a16-c1325170ddda,Northwest Journalists of Color Scholarship,2026-04-29,https://bigfuture.collegeboard.org/scholarships/northwest-journalists-of-color-scholarship
0a9313f1-f1bc-4cba-8ca7-2020821d946f,Leon Hughes Memorial Scholarship,2026-04-15,https://tccd.academicworks.com/opportunities/4782
0a9ac77d-1e47-42aa-a2bc-31f52097bbe6,Julie Holloway Bryant Memorial Scholarship,2026-05-01,https://bold.org/scholarships/julie-holloway-bryant-memorial-scholarship
0a9c4cef-0c86-4c59-8e2c-5182052120cc,Candi L. Oree Leadership Scholarship,2026-04-30,https://bold.org/scholarships/candi-l-oree-leadership-scholarship
0aa14525-3211-4f72-a46b-35ae28ced1cd,ED Combest Scholarship,2026-05-01,https://www.fgc.edu/tuition-financial-aid/available-financial-aid/foundation-scholarships.html
0ab673e8-daa3-47e4-a399-6969d1ea9ab3,Serve Greater Scholarship,2026-04-29,https://bold.org/scholarships/serve-greater-scholarship
0abf440b-e4c1-4c51-90ae-6cc2b086a360,Cory Watt Memorial Scholarship,2026-05-01,https://www.angus.org/foundation/apply-for-scholarships/njaa-scholarships
0ac28fec-656f-4ffd-84e2-5c5f110f6122,Dubajic Family Scholarship,2026-05-04,https://bigfuture.collegeboard.org/scholarships/dubajic-family-scholarship
0ac9acbf-752e-4cae-8e15-79d5f4387304,National Latino Peace Officers Association Sacramento Chapter Scholarship,2026-04-30,https://www.sacramentonlpoa.com/scholarships.html
0ad47106-2b30-4835-84c0-fdacd8614647,Mary E. Wood Scholarship,2026-05-01,https://www.desmoinesfoundation.org/your-giving/charitable-giving-funds/scholarship-funds/mary-e-wood-scholarship
0ae5ed4d-e902-4070-a36a-b48c5c2a8c1b,John Greiner Memorial Scholarship,2026-05-01,https://bold.org/scholarships/john-greiner-memorial-scholarship
0b3e6d25-a792-4f77-bab8-b537237a4c92,Grange Scholarship Endowment at the Pennsylvania State University,2026-05-01,https://www.scholarships.com/scholarships/grange-scholarship-endowment-at-the-pennsylvania-state-university
0b51a04d-c7ce-4298-b293-a764e3eb82af,Central Florida ASN Nursing Scholarship Deadline 2026 USA,2026-04-15,https://bigfuture.collegeboard.org/scholarships/central-florida-asn-nursing-pathways-scholarship
0b78d4b0-702e-4aa5-8b89-a78832e083ee,Dr. Shuqiao Yao Memorial Scholarship,2026-04-29,https://bold.org/scholarships/dr-shuqiao-yao-memorial-scholarship
0b94ef05-802c-4d19-bd1d-bc2178557c16,Delta Kappa Gamma Grant-in-aid Scholarship,2026-04-13,https://bigfuture.collegeboard.org/scholarships/delta-kappa-gamma-grant-in-aid-scholarship
0b94fbb2-00f2-4c03-97dc-47d239eb2175,Myra A. McDaniel Endowed Scholarship,2026-05-01,https://austincc.academicworks.com/opportunities/9763
0bb00fa7-3a93-4233-ab7e-88b4dba99354,Florida Green Building Coalition Scholarship,2026-04-30,https://www.scholarships.com/scholarships/florida-green-building-coalition-scholarship
0bc0b96a-9c39-4df4-aef6-7769e6887319,DOME Journey Scholarship for OM PhD Aspirants,2026-04-22,https://bold.org/scholarships/DOME-journey-scholarship
0bdd8710-bc6f-4fdf-b5ff-fdd70977bc0d,Asbury Scholarship,2026-04-20,https://www.fftc.org/scholarships
0be19c78-f547-4088-91b8-4332b60efe10,William Mayer Memorial Associate Degree Scholarship,2026-05-01,https://bigfuture.collegeboard.org/scholarships/william-mayer-memorial-associate-degree-scholarship
0beddd83-43f6-4ebf-9666-509f420f3aff,Kansas Association of Broadcasters Kids Scholarship,2026-04-15,https://bigfuture.collegeboard.org/scholarships/kansas-association-of-broadcasters-kids-scholarship
0c24d553-5b07-4832-81a3-996d70b1f119,The Ann P. Martin Memorial Scholarship,2026-04-15,https://bigfuture.collegeboard.org/scholarships/the-ann-p-martin-memorial-scholarship
0c54b632-3de0-4f7d-9c17-138ff4793edb,Cascade Natural Gas Corporation Scholarship,2026-04-06,https://bigfuture.collegeboard.org/scholarships/cascade-natural-gas-corporation-scholarship
0c653c10-a1e0-480f-a5d4-a811170b536a,The Bilingual Scholarship,2026-04-15,https://bigfuture.collegeboard.org/scholarships/the-bilingual-scholarship
0c674a91-0174-4a15-9e59-9587a2a6b186,St. Mary's Scholarship,2026-05-01,https://bigfuture.collegeboard.org/scholarships/st-marys-scholarship
0c75dc73-3b6b-4c98-a75d-ba34525ae24c,Osprey Accounting Endowed Scholarship,2026-04-15,https://www.unf.edu/coggin/scholarships/catalog.html
0c8c7827-95c1-4b0a-8242-71134f9ed25a,The Richard E. & Nancy P. Marriott Foundation Scholarship - Spring,2026-04-15,https://remnpmfoundation.org/scholarships/scholarship-guidelines
0c8e5b38-34d8-4d85-a9f7-fd0300ce8689,New York State Chapter SWANA Scholarship,2026-05-01,https://bigfuture.collegeboard.org/scholarships/new-york-state-chapter-swana-scholarship
0c9882d3-b381-443a-82b7-e6c899fdcf01,Jack Sarawatz Veterans Scholarship,2026-05-01,https://bigfuture.collegeboard.org/scholarships/jack-sarawatz-veterans-scholarship
0cab8df6-8995-4038-8c17-493b1c2446b1,Tim Williams Automotive Student Scholarship,2026-04-22,https://bold.org/scholarships/tim-williams-automotive-student-scholarship
0cad3fa7-f6a4-4ce9-9975-32bd4928fd95,Odd Fellows Memorial Scholarship Eligibility & Deadline,2026-04-29,https://www.scholarships.com/scholarships/odd-fellows-memorial-scholarship
0cb7c6c4-be72-45bf-b800-3731313bb1f1,The Dr. and Mrs. Edwin A. Boger Endowed Scholarship,2026-04-15,https://bigfuture.collegeboard.org/scholarships/the-dr-and-mrs-edwin-a-boger-endowed-scholarship
0cceae68-13fa-4343-a974-a22e77915452,Nutrien Endowed Scholarship,2026-05-01,https://www.fgc.edu/tuition-financial-aid/available-financial-aid/foundation-scholarships.html
0cdb476c-65e2-4b42-9eeb-8c822b3e45fb,Northern California Chapter AVS Undergraduate Scholarship,2026-04-17,https://bigfuture.collegeboard.org/scholarships/northern-california-chapter-avs-undergraduate-scholarship
0cdc0cea-0751-424b-bff8-656b1ab76fab,Ronald Phillips Memorial Science Scholarship,2026-04-15,https://bigfuture.collegeboard.org/scholarships/ronald-phillips-memorial-science-scholarship
0cf6810e-a527-46c2-9db1-4bd2cc13baaa,Bill Seifert Endowed Scholarship,2026-04-15,https://bigfuture.collegeboard.org/scholarships/bill-seifert-endowed-scholarship
0cfca00e-6ef3-498e-8f35-ad823491b5d5,Dione Hubred Nursing Scholarship,2026-04-15,https://bigfuture.collegeboard.org/scholarships/dione-hubred-nursing-scholarship
0d00ae33-4e92-481e-9d67-96d852b2ca52,Birmingham Member Chapter AIST Scholarship,2026-04-30,https://bigfuture.collegeboard.org/scholarships/birmingham-member-chapter-aist-scholarship
0d021b43-0d32-468a-9aef-e29c7ed1b4df,BPW/WA Member Scholarship,2026-05-01,https://wsbpwfoundation.org/scholarships
0d0a3d84-33d4-4850-b9f1-be2b0fd076da,"Clem Judd, Jr. Memorial Scholarship",2026-04-29,https://bigfuture.collegeboard.org/scholarships/clem-judd-jr-memorial-scholarship
0d0f1c20-d01e-42e2-870e-1925910f560a,Bruce Taylor Scholarship for Florida Nursing Students,2026-04-30,https://bigfuture.collegeboard.org/scholarships/bruce-taylor-scholarship
0d1b953b-07fa-45a9-8a04-d6c87390365b,"The Dr. Ann McGreevy '65, M.Ed. '68 Creative Educators Scholarship",2026-04-15,https://bigfuture.collegeboard.org/scholarships/the-dr-ann-mcgreevy-65-med-68-creative-educators-scholarship
0d1fc0e3-d49f-497b-a2af-ab4bc2692a0e,The Bernice M. Noah Endowed Nursing Scholarship,2026-04-15,https://bigfuture.collegeboard.org/scholarships/the-bernice-m-noah-endowed-nursing-scholarship
0d20d9f2-ab5e-412d-9e81-1823cba2e04a,Pawsible Puppy Raiser Academic Scholarship,2026-04-30,https://www.scholarships.com/scholarships/pawsible-puppy-raiser-academic-scholarship
0d21a496-c657-4b93-aa14-8be74784d1ad,HOPE Scholarship eligibility and deadline USA 2026,2026-05-01,https://bigfuture.collegeboard.org/scholarships/hope-scholarship-harper-college-educational-foundation
0d235470-3528-4d9b-b0dd-fefd9397b140,Acme Brick Construction Management Scholarship,2026-04-15,https://bigfuture.collegeboard.org/scholarships/acme-brick-construction-management-scholarship
0d239d5d-91fe-4524-84a5-f3d68e519c2f,Edwina Carrington Endowed Scholarship,2026-05-01,https://bigfuture.collegeboard.org/scholarships/edwina-carrington-endowed-scholarship
0d2f69d2-e01b-421c-9b63-16a1c153b8c4,Marson Family Scholarship,2026-04-06,https://bigfuture.collegeboard.org/scholarships/marson-family-scholarship
0d370aa1-f330-43b7-abc5-c739a1bc22e9,Alice Madson Scholarship for Vocational Students,2026-05-01,https://bigfuture.collegeboard.org/scholarships/alice-madson-scholarship-for-vocational-students
0d3f844d-f759-4b29-88d9-c98e7136a341,Michael S. Roif Award in Film Studies,2026-04-15,https://bigfuture.collegeboard.org/scholarships/michael-s-roif-award-in-film-studies
0d3fa391-6ad6-4375-b441-148ce069c0bd,Hugh Lavery Memorial Scholarship,2026-04-14,https://bristolcc.academicworks.com/
0d64335d-1d4a-4230-be3e-ba53da7f4c25,Ernest McFall Memorial Scholarship,2026-05-04,https://bigfuture.collegeboard.org/scholarships/ernest-mcfall-memorial-scholarship
0d6f36f7-9ddd-4f2d-bacd-6f06f6382c46,Energize Your Education Scholarship,2026-05-01,https://bigfuture.collegeboard.org/scholarships/energize-your-education-scholarship
0d72fa52-c95e-49eb-8b3a-abe49df4d6f2,The SGA Student Leader Scholarship,2026-04-15,https://bigfuture.collegeboard.org/scholarships/the-sga-student-leader-scholarship
0d7af9e6-a60e-4d3a-8f4f-e3cc6866c66f,Grier K. Rivers Paralegal Endowment Scholarship,2026-04-15,https://bigfuture.collegeboard.org/scholarships/grier-k-rivers-paralegal-endowment-scholarship
0d93e8d6-67ba-4784-af87-f5897d30022d,Frank T. Simpson Scholarship,2026-04-30,https://bigfuture.collegeboard.org/scholarships/frank-t-simpson-scholarship
0dcfbb0f-f236-4390-aa1a-f301aa870444,Anne Maureen Whitney Barrow Scholarship Deadline 2026 USA,2026-05-01,https://bigfuture.collegeboard.org/scholarships/anne-maureen-whitney-barrow-memorial-scholarship
0df9273d-839c-4bc3-9541-187470c069ea,Jean Baptiste Pointe DuSable Leadership Scholarship,2026-04-30,https://bigfuture.collegeboard.org/scholarships/jean-baptiste-pointe-dusable-leadership-scholarship
0e099f2c-822b-41ba-a8bc-4d2520451e0a,Susan M. Kiley Memorial Scholarship,2026-05-04,https://bigfuture.collegeboard.org/scholarships/susan-m-kiley-memorial-scholarship
0e22a6fc-846f-44c0-a750-6ac7ef4172c0,Joe Beirne Scholarship,2026-04-30,https://bigfuture.collegeboard.org/scholarships/joe-beirne-scholarship
0e59f356-ae6d-49f8-82ee-b20d0f4822d5,NOP Founders Scholarship | Eligibility & Deadline,2026-04-15,https://bigfuture.collegeboard.org/scholarships/nop-founders-scholarship
0e74115c-8cd5-46f0-bed6-d513dfaf1ef9,MassBay General Scholarship,2026-04-30,https://bigfuture.collegeboard.org/scholarships/massbay-general-scholarship
0e7fe9a4-b860-4a5a-ae14-cd58df4bf8ce,Canes Care Mental Health Scholarhship,2026-04-14,https://bigfuture.collegeboard.org/scholarships/canes-care-mental-health-scholarhship
0e8b2658-98d9-47ca-8d18-3674fc896b85,Order of Alhambra Scholarship USA 2026 Apply,2026-05-01,https://www.scholarships.com/scholarships/order-of-alhambra-scholarship
0e992f6f-b6a6-49ff-a687-ad89a0590b59,Sipes Family Nursing Scholarship,2026-05-04,https://bigfuture.collegeboard.org/scholarships/sipes-family-nursing-scholarship
0ea20a3a-93df-4d01-a6db-76e0ec6eeb64,Tennessee Section Institute of Transportation Engineers Student Scholarship,2026-04-15,https://bigfuture.collegeboard.org/scholarships/tennessee-section-institute-of-transportation-engineers-student-scholarship
0ec326e3-8554-4b17-9a07-b9d6eb413e31,Norwegian Commercial Club Fisheries Scholarship,2026-04-15,https://bigfuture.collegeboard.org/scholarships/norwegian-commercial-club-fisheries-scholarship
0ecdc324-e49d-4c5b-839d-aa791767bbdf,The Sarah Ella Wilson Memorial Scholarship,2026-04-15,https://bigfuture.collegeboard.org/scholarships/the-sarah-ella-wilson-memorial-scholarship
0ed67a53-58be-4a5d-b1ae-8f770d6e8a1b,Law Office of Jae Lee Immigrant Student Scholarship,2026-05-04,https://www.mastersportal.com/scholarships/12195/law-office-of-jae-lee-immigrant-student-scholarship.html
0f0231c6-1174-47da-89e3-a2a5bee8859b,Van Drunen Farms Scholarship,2026-05-01,https://bigfuture.collegeboard.org/scholarships/van-drunen-farms-scholarship
0f0f5beb-627b-4d3c-a240-22cf2aa98299,Epilepsy Foundation of San Diego Scholarship Program,2026-05-01,https://www.scholarships.com/scholarships/epilepsy-foundation-of-san-diego-scholarship-program
0f182fd0-c8b4-4f91-b530-fda0caf7e4f1,Management Endowed Scholarship,2026-05-01,https://austincc.academicworks.com/opportunities/9997
0f2f3a09-255e-4bd1-ad4d-aa5cf0c4d567,Greater Than Gatsby Annual Scholarship,2026-05-01,https://bigfuture.collegeboard.org/scholarships/greater-than-gatsby-annual-scholarship
0f3b0dac-d90b-436c-87bb-148983ca0e29,Rosalind P. Walter College Scholarship,2026-04-17,https://bigfuture.collegeboard.org/scholarships/rosalind-p-walter-college-scholarship
0f45005d-8b99-4427-b3b4-93620f1796cf,Daniel A. Terry Scholarship,2026-05-01,https://bigfuture.collegeboard.org/scholarships/daniel-a-terry-scholarship
0f5c7a39-ea82-49ef-a886-afe29f97ebd2,ASF Spouse Undergraduate Scholarship Eligibility 2026 USA,2026-04-15,https://bigfuture.collegeboard.org/scholarships/asf-undergraduate-scholarship-for-spouses
0f5d8920-4520-4d0b-803c-8ec03da8fd5f,Matthew H. Parry Memorial Scholarship,2026-05-01,https://bigfuture.collegeboard.org/scholarships/matthew-h-parry-memorial-scholarship
0f614be0-9989-486e-a8b9-f6a86af7719e,William Streicher Memorial/ Union County Scholarship,2026-05-01,https://www.fgc.edu/tuition-financial-aid/available-financial-aid/foundation-scholarships.html
0f633918-1c77-44df-9669-930cd8295bcb,Siskiyou Artists Association Scholarship,2026-04-30,https://bigfuture.collegeboard.org/scholarships/siskiyou-artists-association-scholarship
0f63eb1c-3fa7-47fd-8162-85a8e50fac4d,JLB Young Woman Leadership Scholarship,2026-05-01,https://www.scholarships.com/scholarships/jlb-young-woman-leadership-scholarship
0f65482b-757e-475c-8dad-9c22e513114a,Minneapolis-St. Paul Post Society of American Military Engineers Scholarship,2026-04-08,https://bigfuture.collegeboard.org/scholarships/minneapolis-st-paul-post-society-of-american-military-engineers-scholarship
0f663e07-1ef0-4a9c-bef1-df0e4bb1b5df,John Woolley Memorial Scholarship,2026-04-14,https://bold.org/scholarships/john-woolley-memorial-scholarship
0f6aa9ed-432d-4b59-abc5-f711207f4f12,Virginia Legion Auxiliary Past President's Parley Medical Scholarship,2026-04-15,https://bigfuture.collegeboard.org/scholarships/virginia-legion-auxiliary-past-presidents-parley-medical-scholarship
0f6e1073-7e7e-45a9-8080-d7ff6a8afad6,"The Margarget Manoogian ""Open Door"" Scholarship",2026-04-15,https://bigfuture.collegeboard.org/scholarships/the-margarget-manoogian-open-door-scholarship
0f8df12a-92f0-4587-b7b5-314f34fda590,Priscilla Galvin Sociology Scholarship,2026-05-01,https://bigfuture.collegeboard.org/scholarships/priscilla-galvin-sociology-scholarship
0f95c569-39d5-4f46-9afb-dd56be89ede4,Wisconsin Fraternal Order of Police Memorial Scholarship,2026-05-01,https://bigfuture.collegeboard.org/scholarships/wisconsin-fraternal-order-of-police-memorial-scholarship
0f9a9ada-0ec3-4761-98e8-ae1dabcc4190,Ronald S. Knight Memorial Scholarship,2026-04-22,https://bigfuture.collegeboard.org/scholarships/ronald-s-knight-memorial-scholarship
0f9b6329-77e7-4ff8-b977-486a5c284902,AIA Architecture Technology Program Scholarship,2026-04-15,https://bigfuture.collegeboard.org/scholarships/aia-architecture-technology-program-scholarship
0fb6b6f9-a35d-45c1-9392-f3480b11331d,IMA Education Foundation Endowed Scholarship,2026-05-04,https://bigfuture.collegeboard.org/scholarships/ima-education-foundation-endowed-scholarship
0fc4691e-ebbf-409e-b1b3-e32bddc79b5c,Kathleen DiMarco Gulino Memorial Scholarship,2026-04-10,https://bigfuture.collegeboard.org/scholarships/kathleen-dimarco-gulino-memorial-scholarship
0fcafb07-35fd-4c66-9fe0-cfdf446ff81c,Vietnamese American Medical Association of Greater Houston Scholarship,2026-04-22,https://bigfuture.collegeboard.org/scholarships/vietnamese-american-medical-association-of-greater-houston-scholarship
0fceeee8-19ae-4384-9553-eeb7f813b9bd,Minnesota Masonic Charities Fraternal Scholarship,2026-04-30,https://bigfuture.collegeboard.org/scholarships/minnesota-masonic-charities-fraternal-scholarship
0fe015f6-5144-4f5c-8849-fb50b29687ab,"Zonta Club of Washington, D.C. Undergraduate Scholarship",2026-05-01,https://www.scholarships.com/scholarships/zonta-club-of-washington-d-c-undergraduate-scholarship
0fe826e7-07c3-472b-8a45-f8f1bb667053,Grapevine and Colleyville Rotary Clubs' Scholarship for Hospitality/Tourism Students,2026-04-15,https://bigfuture.collegeboard.org/scholarships/grapevine-and-colleyville-rotary-clubs-scholarship-for-hospitalitytourism-students
0fe83a72-11b8-4484-bff0-c3c4a6bf3b18,Francis Kobty Hospitality Scholarship,2026-04-15,https://bigfuture.collegeboard.org/scholarships/francis-kobty-hospitality-scholarship
1007e702-e194-40d6-bbd5-44a27e4b4fb2,Armenian International Women's Association Scholarship,2026-04-22,http://www.aiwainternational.org/scholarships
100d0f89-c952-40fa-b3b9-08f3d2d9a687,The Thomas P. Cawley Sr. Memorial Scholarship,2026-04-15,https://bigfuture.collegeboard.org/scholarships/the-thomas-p-cawley-sr-memorial-scholarship
1019d5b4-d71c-4e12-a6f9-a0136b435782,Montana Federation of Garden Clubs Life Members Scholarship,2026-05-01,https://bigfuture.collegeboard.org/scholarships/montana-federation-of-garden-clubs-life-members-scholarship
10249ca7-7f04-4e12-8cd7-5124fce8c5e5,"Los Angeles, California Chapter Scholarship",2026-04-15,https://www.texastechalumni.org/s/1422/a22/interior.aspx?sid=1422&gid=1001&pgid=1384
1036c6b4-08cb-40b2-a0ca-1f184760d887,Helen and L.S. Wong Memorial Scholarship,2026-04-10,https://bigfuture.collegeboard.org/scholarships/helen-and-ls-wong-memorial-scholarship
104d2324-9f96-4c2c-8b4e-0c9c3861a0e2,Deloitte Foundation Accounting Scholarship Deadline 2026 USA,2026-04-24,https://bigfuture.collegeboard.org/scholarships/deloitte-foundation-accounting-scholarship-program
104f0c54-dc3d-4772-aeca-946bdf47ec51,IOE Centenary Masters Scholarships,2026-05-04,https://www.scholars4dev.com/10515/ioe-ish-centenary-masters-scholarships-for-international-students
10568522-fd9c-4a60-8ac7-63262c5b554a,The Barbara Rose Herman Scholarship,2026-04-15,https://bigfuture.collegeboard.org/scholarships/the-barbara-rose-herman-scholarship
1056c518-f162-44fc-992d-6a1ac4bd58bb,Desiree Jeana Wapples Scholarship for Young Women,2026-04-11,https://bold.org/scholarships/desiree-jeana-wapples-scholarship-for-young-women
106f42c5-dc96-4bb9-a92d-de66e70825ac,Maine Blue Collar Scholarship,2026-04-15,https://bigfuture.collegeboard.org/scholarships/maine-blue-collar-scholarship
1077eca6-322d-47b5-a7c1-974c2c5e3b33,George Washington Chapter AUSA Scholarship,2026-05-01,https://www.ausa.org/george-washington-chapter/news/gwc-ausa-2025-scholarship-program-digital-applications
107e4d5f-05ba-4919-a121-b781b2d89b4f,"Homosassa River Alliance ""Voice of the River"" Scholarship",2026-04-17,https://bigfuture.collegeboard.org/scholarships/homosassa-river-alliance-voice-of-the-river-scholarship
10821a06-1cd2-4225-9cea-538bf40fb93f,Beulah Cromwell Scholarship,2026-05-01,https://bigfuture.collegeboard.org/scholarships/beulah-cromwell-scholarship
10984f8e-4033-4375-981d-d76dc215eb23,Rosann and Howard Pebley Scholarship in Mechanical Engineering,2026-04-15,https://texastechalumni.academicworks.com/
10bf2f7a-bfaa-4dc3-ad7f-7a2a25a8298d,San Antonio Stock Show and Rodeo FFA Scholarship,2026-04-17,https://www.texasffa.org/ffa-scholarships
10cebcfd-582f-471c-813f-751efb492bbd,Women in STEM Empowerment Scholarship,2026-05-01,https://www.scholarships.com/scholarships/women-in-stem-empowerment-scholarship
10d2b559-a94d-4e2d-8758-ee5c31cab34f,"Jean DeBow, Women in PEF Scholarship",2026-05-01,https://bigfuture.collegeboard.org/scholarships/jean-debow-women-in-pef-scholarship
10f035f8-45a9-4570-97f8-a56aaf52d369,George & Beverly Letz Wheeler Scholarship,2026-04-22,https://bigfuture.collegeboard.org/scholarships/george--beverly-letz-wheeler-scholarship
10f70246-cbb6-43e9-9feb-1a021d2c06df,WBRC Architects Engineers Centennial Scholarship,2026-05-01,https://bigfuture.collegeboard.org/scholarships/wbrc-architects-engineers-centennial-scholarship
10f74644-801d-46b5-a1aa-8ecee32f6419,Maine Legislative Memorial Scholarship,2026-05-01,https://bigfuture.collegeboard.org/scholarships/maine-legislative-memorial-scholarship
11060f7e-78b0-4eb8-a8bc-474507c51b51,Cinch Jeans and Shirts Scholarship,2026-04-15,https://bigfuture.collegeboard.org/scholarships/cinch-jeans-and-shirts-scholarship
111c2287-b6ac-41dd-b95b-382871239964,St. Louis Member Chapter AIST Scholarship,2026-04-30,https://bigfuture.collegeboard.org/scholarships/st-louis-member-chapter-aist-scholarship
112a09ea-59be-4a7d-abf9-d01306baa782,Richard and Sandra Johnson Scholarship for Veterinary and Animal Sciences,2026-04-15,https://umass.academicworks.com/opportunities
1136f923-056b-4799-9865-653b4994b0c1,HealthLitNow Healthcare Career Scholarship,2026-04-15,https://bigfuture.collegeboard.org/scholarships/healthlitnow-healthcare-career-scholarship
113cb63f-0ff2-4012-bd61-d7360310c1e5,John Haynes Holmes Memorial Fellowship Scholarship,2026-04-15,https://bigfuture.collegeboard.org/scholarships/john-haynes-holmes-memorial-fellowship-scholarship
11531cf1-ed7d-4d01-a3d8-fa1ce5b2a491,LTK Engineering Services COMTO Philadelphia Scholarship,2026-04-24,https://bigfuture.collegeboard.org/scholarships/ltk-engineering-services-comto-philadelphia-scholarship
11686f89-dd87-412e-ac3e-a250686d1f73,Buckingham Memorial Scholarship,2026-05-01,https://www.atca.org/scholarships
116eac99-7206-417a-bde7-e619e045ff15,WayUp “Unlock Your Potential” Scholarship,2026-04-30,https://bold.org/scholarships/wayup-unlock-your-potenial-scholarship
118cfbdb-1002-43e4-96ef-222872a344da,Orange County Centennial Certification Scholarship,2026-05-01,https://bigfuture.collegeboard.org/scholarships/orange-county-centennial-certification-scholarship
118e9499-c26a-4c42-ae10-75aebab7c994,Whitehall Garden Club Scholarship,2026-05-01,https://bigfuture.collegeboard.org/scholarships/whitehall-garden-club-scholarship
119d630e-6624-469f-9eee-126e99597f95,Equipment Leasing & Finance Foundation Scholarship,2026-04-17,https://bigfuture.collegeboard.org/scholarships/equipment-leasing--finance-foundation-scholarship
11c2925c-efcb-4af8-bb7b-129585bb2a6b,Richard C. Martin Memorial Scholarship,2026-04-17,https://www.ficap.org/scholarship
11d6eaf2-fe3f-45c5-9360-2060a1f7f357,Tiwari Family Construction Scholarship,2026-04-15,https://bigfuture.collegeboard.org/scholarships/tiwari-family-construction-scholarship
11d8483c-ecf2-4820-ab81-2d554bfb2c93,West Towns Community Resource Team Scholarship,2026-05-04,https://bigfuture.collegeboard.org/scholarships/west-towns-community-resource-team-scholarship
11dc9606-e41d-4954-b1d5-21281e200dfa,Florida Rural Rehabilitation Scholarship,2026-05-01,https://www.fgc.edu/tuition-financial-aid/available-financial-aid/foundation-scholarships.html
11ee6af7-8254-45f4-a3fd-d08e27347d4a,Tyler Nims Memorial Scholarship,2026-04-15,https://bigfuture.collegeboard.org/scholarships/tyler-nims-memorial-scholarship
120f6112-2a62-44cb-b030-3ae503e4b9d4,AAF Dallas Foundation Scholarship,2026-05-01,https://bigfuture.collegeboard.org/scholarships/aaf-dallas-foundation-scholarship
121020eb-a261-4578-ad66-277dd0a63081,Firehouse Subs Public Safety Foundation Scholarship Program,2026-04-15,https://scholarship-america-production.saiapply.org/organization/profile/create?applyToClientReturnUrl=https%3A%2F%2Fsai-fhsubs.saiapply.org%2Fprogram%2Fsai-firehousesubsfoundation%2Finfo%3FcycleId%3D1CXsb6AY3QtrPqCfFDn3X3&clientOrganizationId=lnqYNVHFqCsGMofo6N1jfDQi-s3jUUYDGo6t
121d2e0b-d6ad-4b9f-ab42-f165da26f2ee,Ethel F. Grant Eagles Scholarship,2026-04-30,https://cfns.ca/ethelfgranteaglesscholarship
122ecbef-7191-49b8-9fd5-fdf72bea3bed,Lubbock Chapter Scholarship,2026-04-15,https://www.texastechalumni.org/s/1422/a22/interior.aspx?sid=1422&gid=1001&pgid=1384
125f1119-beee-4c40-91c8-a65f43ce59dd,Matthew S. Greene Student Athlete Scholarship,2026-04-16,https://bold.org/scholarships/matthew-s-green-student-athlete-scholarship
12666f6e-c1f5-4205-be29-a68ad9849f4f,Beedie Luminaries Single Parent Award Deadline 2026 Scholarship…,2026-04-22,https://bigfuture.collegeboard.org/scholarships/beedie-luminaries-single-parent-award
1266c7d0-ae7e-44b3-b22b-8ee2a0374393,Harriet Howe Sociology Endowed Scholarship,2026-04-15,https://www.unf.edu/coas/scholarships/harriet-howe-sociology-endowed.html
126e1f64-e794-455a-8cd5-042ef704138a,San Diego County Deputy Sheriffs' Association DSA Member Scholarship,2026-04-08,https://bigfuture.collegeboard.org/scholarships/san-diego-county-deputy-sheriffs-association-dsa-member-scholarship
12944f52-b9f2-4ab5-97a8-558f8c69a704,Dr. Scott Greenberg Scholarship,2026-05-01,https://www.framingham.edu/admissions-aid/cost-aid/types-aid/scholarships
12960ff3-d145-4304-be63-51fbc80b78e6,CINTAS Foundation Fellowship in Creative Writing,2026-05-01,https://www.scholarships.com/scholarships/cintas-foundation-fellowship-in-creative-writing
1298e48f-d524-4784-b252-2c3c68b1ae53,Couch Oil Cares Scholarship USA 2026 Apply,2026-05-01,https://www.scholarships.com/scholarships/couch-oil-cares-scholarship
12ad1df6-8c05-48fa-becb-34e4d1ee7d54,Driver Safety Scholarship,2026-04-17,https://bigfuture.collegeboard.org/scholarships/driver-safety-scholarship
12b16a24-b8bd-4b51-9985-191fc86607b9,Vermont Federal Credit Union Educational Scholarships,2026-04-24,https://www.scholarships.com/scholarships/vermont-federal-credit-union-educational-scholarships
12b87a11-6d98-4b69-b47e-2f38ae6e7189,Laura Fish-Kelly Scholarship,2026-04-22,https://bigfuture.collegeboard.org/scholarships/laura-fish-kelly-scholarship
12bcb6ac-7ee3-4b10-a97b-210c1fc60816,Leadership Scholars Program Deadline 2026 USA Scholarship,2026-04-17,https://bigfuture.collegeboard.org/scholarships/leadership-scholars-program-for-seminary-students
12d7e0b9-b414-4b6a-80f0-2eb0c88408e6,Richard Gibbs Memorial Scholarship,2026-05-01,https://bigfuture.collegeboard.org/scholarships/richard-gibbs-memorial-scholarship
12e0195e-44d8-4789-a8db-d1ab881b1113,Alfred I. duPont Foundation Endowed Scholarship,2026-04-15,https://www.unf.edu/udae/awards/endowments.html
12e0286f-699b-4f00-8c4e-964c97a0e469,Ouwenga Family Scholarship,2026-05-01,https://bigfuture.collegeboard.org/scholarships/ouwenga-family-scholarship
12ed9ab2-40b9-4777-8d4f-24175700d6a0,Dr. M. Ali Harivandi Scholarship,2026-05-01,https://www.gcsanc.com/scholarships
12f4bee4-96b3-4e61-ba39-3f2694c92182,The Dr. Elizabeth V. Foster Endowed Scholarship,2026-04-15,https://bigfuture.collegeboard.org/scholarships/the-dr-elizabeth-v-foster-endowed-scholarship
132e260c-9c6f-4034-970e-443993c3ec43,The Whetstone Family Foundation Scholarship,2026-04-30,https://www.scholarships.com/scholarships/the-whetstone-family-foundation-scholarship
136b2c03-b791-42ba-9a60-4066d4d0a0b6,Matthew Mata Memorial Nursing Scholarship,2026-04-15,https://tccd.academicworks.com/opportunities/5000
136baca0-9a59-4bf0-b7e7-8989bd4627bb,Wisconsin Council of the Blind and Visually Impaired Scholarship,2026-04-08,https://bigfuture.collegeboard.org/scholarships/wisconsin-council-of-the-blind-and-visually-impaired-scholarship
13874e34-29e5-4438-af47-d19dfedb36d4,WiNUP Fellowships,2026-05-01,https://www.scholarships.com/scholarships/winup-fellowships
13b06d99-c86e-4fa7-908e-5685bab5a757,Oregon State Credit Union Scholarship,2026-04-15,https://bigfuture.collegeboard.org/scholarships/oregon-state-credit-union-scholarship
13b54429-4a5b-424b-bb44-b8f5fe0e6622,The Kodandapani Family Endowed Scholarship,2026-04-15,https://bigfuture.collegeboard.org/scholarships/the-kodandapani-family-endowed-scholarship
13ba268e-7eb6-4273-a0ae-0102278baf36,Patty and Melvin Alperin First Generation Scholarship,2026-04-13,https://bigfuture.collegeboard.org/scholarships/patty-and-melvin-alperin-first-generation-scholarship
13bc9b37-3573-4102-a8b6-1093b2fe2e28,PTK - Xi Phi Chapter Scholarship,2026-05-01,https://www.fgc.edu/tuition-financial-aid/available-financial-aid/foundation-scholarships.html
13c1d629-188c-41ed-b29a-6babde557d3e,School-Age Financial Aid Scholarship Guide,2026-04-13,https://bigfuture.collegeboard.org/scholarships/school-age-financial-aid-scholarship
13f3020a-a0f6-4409-9ec0-46a8513b01f9,Larry B. Sawyer Student Scholarship,2026-04-15,https://bigfuture.collegeboard.org/scholarships/larry-b-sawyer-student-scholarship
1402e5f7-5984-46be-801a-18c066bca618,Hospitality Futures Scholarship,2026-04-27,https://bold.org/scholarships/hospitality-futures-scholarship
14367092-ffbb-47dd-abc7-03d28043ccf3,Baltimore-Washington Section Freshman Scholarship,2026-05-01,https://bigfuture.collegeboard.org/scholarships/baltimore-washington-section-freshman-scholarship
145b92d1-b74a-4df3-bf99-35f3f902379f,Tom Muehlenbeck Scholarship,2026-04-08,https://bigfuture.collegeboard.org/scholarships/tom-muehlenbeck-scholarship
145d4f10-20f2-4d1d-b6cb-d513205da361,The Race for Education Scholarship,2026-05-01,https://bigfuture.collegeboard.org/scholarships/the-race-for-education-scholarship
14b16d33-5786-4185-9803-d9f3803ed489,Fort Worth Food and Wine Foundation Scholarship,2026-04-15,https://bigfuture.collegeboard.org/scholarships/fort-worth-food-and-wine-foundation-scholarship
14bc5eee-ac63-4638-a32d-b1aef4e148ae,Amy Rose Grabina Leadership Scholarship,2026-04-18,https://fsu.academicworks.com/opportunities
14d9b8e4-8661-4633-be84-ac0d5dcf1dd3,"Orlando ""Ollie"" Capizzi Stockbridge Scholarship",2026-04-15,https://umass.academicworks.com/opportunities
14efe741-0297-4121-aa03-5d7779205171,Kate Warder Memorial Scholarship,2026-05-01,https://www.nmef.net/programs.html
1516beab-bc2c-4322-baca-0ebe25a9a3dc,Vanessa Skeens Ward Memorial Scholarship,2026-05-04,https://bigfuture.collegeboard.org/scholarships/vanessa-skeens-ward-memorial-scholarship
152375ee-def2-4a26-bc18-1edbe1b9533e,Gloria Mills Scholarship,2026-04-15,https://bigfuture.collegeboard.org/scholarships/gloria-mills-scholarship
152b8a28-6f36-482b-9487-edfe54849ee0,AbbVie Immunology Scholarship,2026-04-30,http://eepurl.com/hSZMeH
1533bb6f-9ab3-4dd0-ac9b-61db477408a1,Gabriel Bardo Scholarship,2026-04-30,https://bigfuture.collegeboard.org/scholarships/gabriel-bardo-scholarship
15355a32-ea58-453f-8b0b-9b9c7ca98105,AKA RDO EAF Scholarship,2026-04-30,https://www.scholarships.com/scholarships/aka-rdo-eaf-scholarship
153993e0-ac7d-40c9-9cec-bc5e6906b2c7,American Florists' Exchange Scholarship Guide,2026-05-01,https://www.scholarships.com/scholarships/american-florists-exchange-scholarship
15566ef6-3c8e-4a02-a80e-ea7f6c3e6e56,A. Gordon Rose Scholarship: Another View,2026-04-20,https://www.nova.edu/sbin/report/scholarships/schlr-srch-params.cgi?category=Institutional&level=Graduate
156867aa-313e-4ff4-a27b-8cee4c113819,The Fairlawn Rehabilitation Hospital Scholarship,2026-04-15,https://bigfuture.collegeboard.org/scholarships/the-fairlawn-rehabilitation-hospital-scholarship
1573fc71-2738-4e1c-849b-494f02abd409,AISES A.T. Anderson Memorial Scholarship,2026-04-30,https://www.scholarships.com/scholarships/aises-a-t-anderson-memorial-scholarship
157bc308-d59e-47fd-9a53-d93dd809e358,Howard Marcus Memorial Scholarship,2026-04-30,https://bigfuture.collegeboard.org/scholarships/howard-marcus-memorial-scholarship
15898bef-1b06-41d5-98f0-6474a210ade5,Dan and Michelle Webb Scholarship,2026-04-15,https://www.unf.edu/coas/scholarships/Dan-and-Michelle-Webb-Scholarship.html
159a9217-6762-403e-b48b-871690b77df2,Kentucky Teacher Scholarship Program Guide,2026-05-01,https://www.scholarships.com/scholarships/kentucky-teacher-scholarship-program
15c36393-476b-4fb7-ada3-40f35c46e5bc,Goelz Family Scholarship,2026-04-15,https://www.unf.edu/coas/scholarships/Goelz-Family-Scholarship.html
15e69032-b126-43e0-9ec6-f2607d8904f0,Adelina Acchione Cellucci Scholarship,2026-05-01,https://www.framingham.edu/admissions-aid/cost-aid/types-aid/scholarships
15e8c364-843a-4363-95a6-b3ea6c697b66,"Edwin C. Higgins, Jr. Scholarship",2026-04-22,https://bigfuture.collegeboard.org/scholarships/edwin-c-higgins-jr-scholarship
15fb978d-176c-4f56-ab3d-2f72c3af8631,Linda Kay Monroe Whelan Memorial Education Scholarship,2026-04-13,https://bold.org/scholarships/linda-kay-monroe-whelan-memorial-education-scholarship
163b86ab-9dec-450f-bec5-8ebea23f14eb,Eddy and Jeanny Berges Family Endowed Graduate Scholarship,2026-04-14,https://bigfuture.collegeboard.org/scholarships/eddy-and-jeanny-berges-family-endowed-graduate-scholarship
1647b823-3bc6-47da-8537-3aabe6eb6bb5,Wyoming Association of Fairs Scholarship,2026-05-01,https://bigfuture.collegeboard.org/scholarships/wyoming-association-of-fairs-scholarship
166a26c9-887c-4c96-9a85-dc92be09b58c,Homer Williams Scholarship,2026-04-16,https://bigfuture.collegeboard.org/scholarships/homer-williams-scholarship
167ef7ed-e734-4e4f-84d8-8b32c2e3b2f0,The Dandley Internship Award,2026-04-15,https://bigfuture.collegeboard.org/scholarships/the-dandley-internship-award
1689baad-755b-4cd1-9d9a-528045700786,International Motors Scholarship Program,2026-04-09,https://scholarship-america-production.saiapply.org/organization/profile/create?applyToClientReturnUrl=https%3A%2F%2Fsai-intmotr.saiapply.org%2Fprogram%2Fsai-internationalmotors%2Finfo%3FcycleId%3D1CYKbeU8uk3YMqvshbB7Eq&clientOrganizationId=n3EjVMBqzrgwefDwdDvpbyBrStGWjCN7EYgq
16a1154f-bfb1-4928-9d9d-c5a84050507c,Adam Christianson Memorial Scholarship,2026-04-15,https://bigfuture.collegeboard.org/scholarships/adam-christianson-memorial-scholarship
16b6d3c7-9584-401f-a68a-94912bea1602,Alternative Education Scholarship,2026-04-14,https://bigfuture.collegeboard.org/scholarships/alternative-education-scholarship
16b77382-7058-4a61-98ee-7e2d96a0edaf,Margaret Kelly Cubbon Endowed Scholarship,2026-04-15,https://bigfuture.collegeboard.org/scholarships/margaret-kelly-cubbon-endowed-scholarship
16c5ac16-9bbb-4cb1-9994-3d64c1637d4c,Marion M. and Les Lester Endowed Scholarship,2026-05-04,https://bigfuture.collegeboard.org/scholarships/marion-m-and-les-lester-endowed-scholarship
16d57c95-e7f2-4ce9-a8d3-22f83915e4cd,"KDMF ""Make a Difference"" Scholarship",2026-04-29,https://bigfuture.collegeboard.org/scholarships/kdmf-make-a-difference-scholarship
16e069aa-dd42-46ee-9e67-69db06546f91,Chao Family Foundation Scholarship Deadline 2026 USA,2026-04-20,https://bigfuture.collegeboard.org/scholarships/chao-family-foundation-scholarship
16e21e4b-554e-46de-8580-b851c826cc11,Old Second Bank Endowed Scholarship,2026-05-04,https://bigfuture.collegeboard.org/scholarships/old-second-bank-endowed-scholarship
16e76b5c-43b2-4bf9-a024-1dc1a1436e57,Dr. Terri Stahlman Endowed Fellowship,2026-04-15,https://www.unf.edu/coehs/scholarships/list/stahlman-scholarship.html
171b9256-b951-4dbe-a8f9-a6c59617bdcf,Contra Costa Alumnae Chapter Delta Sigma Theta Sorority Scholarship,2026-04-15,https://bigfuture.collegeboard.org/scholarships/contra-costa-alumnae-chapter-delta-sigma-theta-sorority-scholarship
1720a3b3-14a3-411f-bf0b-02ec0131473a,The Robin L. Kaplan TJX Companies Memorial Scholarship,2026-04-15,https://bigfuture.collegeboard.org/scholarships/the-robin-l-kaplan-tjx-companies-memorial-scholarship
174001a1-3e52-4b1d-a61f-6acf2a0d9a00,"Roy F. Mather Scholarship Eligibility, Deadline & How to Apply",2026-05-01,https://www.cfsww.org/how-we-grant/scholarships/high-school-seniors
17528618-3349-41ac-b257-36fc6a5d47db,Donna Davis Memorial Scholarship,2026-05-01,https://bold.org/scholarships/donna-davis-memorial-scholarship
175aaa3f-c011-4d9f-b4df-d18cb8a31357,Prairie Heights Future Leaders Scholarship Program,2026-04-21,https://scholarship-america-production.saiapply.org/organization/profile/create?applyToClientReturnUrl=https%3A%2F%2Fsai-pnc.saiapply.org%2Fprogram%2Fsai-prairieheights%2Finfo%3FcycleId%3D1CWAtxz8QRCSr513oSZ46C&clientOrganizationId=YlhFpubIDFhYt5WeRFBFUB0ekA0f7pawDkEy
177ac4f3-d0e0-4958-8c3b-fcc1121cd3a6,NCA Lincoln Country Inn and Suites Scholarship,2026-04-15,https://bigfuture.collegeboard.org/scholarships/nca-lincoln-country-inn-and-suites-scholarship
177c3727-acca-45cd-afa8-62f2fc243dba,NATAS Trustees Scholarship eligibility and deadline 2026 USA,2026-04-24,https://bigfuture.collegeboard.org/scholarships/natas--trustees-scholarship
17825f40-f4ba-4a68-b7f0-89c5090a13a0,The Women's Empowerment Scholarship,2026-05-01,https://www.scholarships.com/scholarships/the-womens-empowerment-scholarship
17885fab-1e9e-4487-b74c-c1dec00d8856,Jack & Gina Marie Gardella Memorial Scholarship,2026-04-15,https://bigfuture.collegeboard.org/scholarships/jack--gina-marie-gardella-memorial-scholarship
179d95df-b0f1-46ac-b4cd-287686ddbfb2,New Jersey State Elks Special Children's Scholarship,2026-04-24,https://bigfuture.collegeboard.org/scholarships/new-jersey-state-elks-special-childrens-scholarship
17af6392-ab6c-4f3d-93e0-dafddddeae01,Georgia Duncan Scholarship for Future Teachers,2026-04-15,https://bigfuture.collegeboard.org/scholarships/georgia-duncan-scholarship-for-future-teachers
17c29274-e843-4ad2-a061-9def5d49018d,Jake T. Watson Memorial Scholarship,2026-04-22,https://bigfuture.collegeboard.org/scholarships/jake-t-watson-memorial-scholarship
17c2eec3-33f6-41ed-9b50-9ef75066130c,Bottom Line Scholarship,2026-05-01,https://bigfuture.collegeboard.org/scholarships/bottom-line-scholarship
17df934e-6b23-45ce-9512-07864a11b409,Rosemary Knerr Memorial Scholarship,2026-04-10,https://bigfuture.collegeboard.org/scholarships/rosemary-knerr-memorial-scholarship
17e13b09-ef3c-445c-94ce-9ff2a1f71712,Deborah Dowdell Industry Leaders Scholarship,2026-05-01,https://bigfuture.collegeboard.org/scholarships/deborah-dowdell-industry-leaders-scholarship
17ed6161-e491-40b6-86f2-3305372fe1c9,John W. Council Scholarship,2026-05-01,http://www.edfoundation.org/johncouncilscholarship.htm
17ff2e0d-38a0-42fa-8b23-6cffed2ebd3b,Rotary Club of Naperville Downtown Scholarship,2026-05-04,https://bigfuture.collegeboard.org/scholarships/rotary-club-of-naperville-downtown-scholarship
1804a77d-c078-492e-8d58-9acb0e87e66a,AAUW - Fort Worth Branch Scholarship,2026-04-15,https://bigfuture.collegeboard.org/scholarships/aauw---fort-worth-branch-scholarship
1807eb17-25cb-442b-9421-8ad8b1f5b262,Florida Grocery Manufacturers' Representatives Annual Scholarship,2026-04-15,https://www.unf.edu/coggin/scholarships/catalog.html
180c3859-236e-475a-9584-df1a8d094b0d,Houston Branch ASCE Scholarship,2026-04-22,https://bigfuture.collegeboard.org/scholarships/houston-branch-asce-scholarship
1818c1b2-9a94-4924-b290-e1c8ef36e908,Joy Lynne Brinkman Wilkins Memorial Scholarship,2026-05-01,https://bigfuture.collegeboard.org/scholarships/joy-lynne-brinkman-wilkins-memorial-scholarship
181cf1a7-e5de-4b78-8387-1ab7859d2aa0,CU College Scholarship,2026-04-15,https://bigfuture.collegeboard.org/scholarships/cu-college-scholarship
18250121-65e7-4e58-a95c-5a3de817d310,Angus/Talon Youth Educational Learning Scholarship,2026-05-01,https://bigfuture.collegeboard.org/scholarships/angustalon-youth-educational-learning-scholarship
183bcf5f-45d7-4201-8f59-73c1bd199bc2,Foster Children Education Foundation Scholarship,2026-04-30,https://www.nevadafund.org/foster-children-education-scholarship
18469ade-92a3-4bc1-acbb-88c9d2790b8d,Hal Fulgham Memorial Scholarship,2026-04-29,https://bigfuture.collegeboard.org/scholarships/hal-fulgham-memorial-scholarship
1852d2a1-0048-49c1-afeb-3e2f83452f78,Sonoma County Fish and Wildlife Commission Scholarship,2026-04-30,https://bigfuture.collegeboard.org/scholarships/sonoma-county-fish-and-wildlife-commission-scholarship
18758565-3bfa-4b31-8a2f-6e416e45a065,Rodney W. Smith Scholarship,2026-04-15,https://bigfuture.collegeboard.org/scholarships/rodney-w-smith-scholarship
18879185-ec20-4327-a034-07ced728ac79,Cora S. Speicher Scholarship,2026-05-01,https://bigfuture.collegeboard.org/scholarships/cora-s-speicher-scholarship
1889cd09-df93-4ca7-9962-61de5cec88d1,The National Grid Endowed Scholarship,2026-04-15,https://bigfuture.collegeboard.org/scholarships/the-national-grid-endowed-scholarship
188e4dd4-6871-45d8-a4fa-dd1f6de39735,Open Bank Scholarship,2026-04-20,https://bigfuture.collegeboard.org/scholarships/open-bank-scholarship
1895ff13-4565-49a4-84d7-16f2b873f5fc,Guild Giving Scholarship,2026-04-10,https://bigfuture.collegeboard.org/scholarships/guild-giving-scholarship
18acca4c-8180-4e98-ab5a-d300fd311f14,David M. and Nancy Winsor Clayton Biology Scholarship,2026-04-14,https://umass.academicworks.com/opportunities
18b47c54-d528-4d41-b850-d32b0cb2e260,Rotary Club of Kissimmee Endowed Scholarship,2026-04-08,https://bigfuture.collegeboard.org/scholarships/rotary-club-of-kissimmee-endowed-scholarship
18c441c4-0b92-4944-8e53-e028ca1e7472,Travis County Medical Alliance Endowed Scholarship,2026-05-01,https://austincc.academicworks.com/opportunities/10123
18de762d-dc15-4578-9308-b246a8420e62,Alan Edgar Wurdeman Scholarship,2026-04-13,https://bigfuture.collegeboard.org/scholarships/alan-edgar-wurdeman-scholarship
18eee0f6-6319-43ea-af15-87dcc867553c,Evelyn Tompkins Memorial Scholarship,2026-05-01,https://www.fgc.edu/tuition-financial-aid/available-financial-aid/foundation-scholarships.html
18f5ea2f-8f09-4d4f-8846-4fa83168d19e,Air Force Association Scholarships,2026-04-30,https://www.scholarships.com/scholarships/air-force-association-scholarships
19122775-c599-48a4-ba9f-1888da20a0d3,Sardi’s Scholarship in Memorial of Philip G Sardelis,2026-04-03,https://scholarship-america-production.saiapply.org/organization/profile/create?applyToClientReturnUrl=https%3A%2F%2Fsai-sardis.saiapply.org%2Fprogram%2Fsai-philipgsardelismemorial%2Finfo%3FcycleId%3D1CXxmp2reeMaRSdCbb76TW&clientOrganizationId=SyIMx2sHeyAsDy5Ep12rcj0IMsUu9k72tM5i
191486f4-1508-4199-a1bf-07b7419cc7db,TWAS Research Grants Programme in Basic Sciences (Individuals),2021-04-14,https://armacad.info/2021-03-14--twas-research-grants-programme-in-basic-sciences-individuals
1939e70b-74e1-4bcb-bcea-5beb3cf942f8,SKECHERS Financial Hardship Scholarship,2026-04-15,https://bigfuture.collegeboard.org/scholarships/skechers-financial-hardship-scholarship
193d6c59-368a-4184-b31a-5cf9598e0607,Robert Chambers IV and Goals Scholarship,2026-04-30,https://bigfuture.collegeboard.org/scholarships/robert-chambers-iv-and-goals-scholarship
193fb79b-c480-48ca-876a-20e94a8d9010,Navy-Marine Corps Relief Society Education Program,2026-04-17,https://bigfuture.collegeboard.org/scholarships/navy-marine-corps-relief-society-education-program
1943ad4a-a919-4e93-955a-8022fd9b9034,"Professional Land Surveyors of Ohio, Inc. Scholarship",2026-05-01,https://bigfuture.collegeboard.org/scholarships/professional-land-surveyors-of-ohio-inc-scholarship
194697fa-1340-4d3b-b8bb-bfd521f15d2e,Julio and Sarah Armellini Scholarship,2026-05-01,https://www.endowment.org/scholarships
197575ae-aa08-4bc6-9142-8a948ec915da,Last Mile Scholarship,2026-05-01,https://www.cf.edu/admissions/paying-for-college/types-of-financial-aid/last-mile-scholarship
1989c131-7c35-4716-a612-7155c84fee10,Lake City Medical Center Auxiliary Endowed Scholarship,2026-05-01,https://www.fgc.edu/tuition-financial-aid/available-financial-aid/foundation-scholarships.html
19ad9222-eb91-4749-8b0a-d0fee98c683f,Pennsylvania Kiwanis Foundation Key Club Scholarship,2026-04-10,https://bigfuture.collegeboard.org/scholarships/pennsylvania-kiwanis-foundation-key-club-scholarship
19d74974-f726-411e-9b6e-83052c5812e4,Richard Glenn Harper Memorial Scholarship,2026-04-06,https://bigfuture.collegeboard.org/scholarships/richard-glenn-harper-memorial-scholarship
19df90a7-ef8a-48d3-9e9e-7d5f33d152ee,The Nathaniel Mencow U.S. History Scholarship,2026-04-15,https://bigfuture.collegeboard.org/scholarships/the-nathaniel-mencow-us-history-scholarship
1a05ed39-d30a-4459-b0b4-b51b2fa5b27c,Cliff Hyink Metal Scholarship,2026-04-15,https://bigfuture.collegeboard.org/scholarships/cliff-hyink-metal-scholarship
1a2dc508-e911-46e8-b615-16aa28eac888,Trudy Bird Memorial Scholarship,2026-04-29,https://bigfuture.collegeboard.org/scholarships/trudy-bird-memorial-scholarship
1a3bee5e-dde6-4aa0-8258-5780671c6b92,"Dr. Maureen C. Stefanini, Class of 1958 Endowed Scholarship",2026-04-15,https://bigfuture.collegeboard.org/scholarships/dr-maureen-c-stefanini-class-of-1958-endowed-scholarship
1a3e9dea-e18a-4504-8b30-feb03bec3b83,Bridge to Education Scholarship deadline 2026 USA,2026-04-28,https://scholarship-america-production.saiapply.org/organization/profile/create?applyToClientReturnUrl=https%3A%2F%2Fsai-bridge.saiapply.org%2Fprogram%2Fsai-bridgetoeducation%2Finfo%3FcycleId%3D1CYwwvuMXBF91yzobQktbt&clientOrganizationId=FIdQ5zQBvySe_mzrah2asgP917gt3DSmhVCZ
1a5dd53f-2157-4234-8f2f-587a173ae6ee,Parents With Passion Scholarship,2026-05-04,https://www.mastersportal.com/scholarships/14399/parents-with-passion-scholarship.html
1a650944-e904-4dc2-b885-691c3ad497db,Austin Hotel & Lodging Association Hospitality Management Scholarship,2026-05-01,https://austincc.academicworks.com/opportunities/10083
1a845814-10f3-434d-8f35-4e67a9a6b2ea,Maylea Brockington Beasley Love & Laughter Scholarship - Coach's Award,2026-05-01,https://bigfuture.collegeboard.org/scholarships/maylea-brockington-beasley-love--laughter-scholarship---coachs-award
1a9370ce-37a5-4447-9e30-c59378a7e735,Betty Stevens-Frecknall Scholarship,2026-05-01,http://www.edfoundation.org/bettystevensfrecknallscholarship.htm
1a963f8f-1ff1-4c95-be7b-94640b8e69df,Beverly J. Patterson Scholarship,2026-04-29,https://bold.org/scholarships/beverly-j-patterson-scholarship
1a9b8efa-3d47-4afb-9869-a6516f2d0a93,Akerlow Memorial Scholarship,2026-05-04,https://bigfuture.collegeboard.org/scholarships/akerlow-memorial-scholarship
1aa44753-1658-46a8-bb7e-d373eabce719,Erma C. Johnson Hadley Scholarship,2026-04-15,https://bigfuture.collegeboard.org/scholarships/erma-c-johnson-hadley-scholarship
1aadb8a2-ecb9-4328-962a-7ff1341d645a,Lewis V. Carpenter Scholarship Fund,2026-04-15,https://bigfuture.collegeboard.org/scholarships/lewis-v-carpenter-scholarship-fund
1ab5c546-10ac-47e4-a412-4b5d040f0df1,COMTO Philadelphia General Vocational/Technical School Scholarship,2026-04-24,https://bigfuture.collegeboard.org/scholarships/comto-philadelphia-general-vocationaltechnical-school-scholarship
1ab790e2-8108-4163-9c39-b06929db96b7,Bertha Pitts Campbell Scholarship,2026-04-10,https://bigfuture.collegeboard.org/scholarships/bertha-pitts-campbell-scholarship
1ad19d00-51d9-4402-86da-e91c4126e4ca,Joe Lieberman Connecticut Scholarship Program,2026-04-30,https://scholarship-america-production.saiapply.org/organization/profile/create?applyToClientReturnUrl=https%3A%2F%2Fsai-jlsf.saiapply.org%2Fprogram%2Fsai-lieberman%2Finfo%3FcycleId%3D1CYHr8h5fWYhWu6iDkJwnL&clientOrganizationId=-Y639ar5f5j2dDrZ310JGFUYDsfWSPrp2UWU
1ad87115-86cd-4619-ae02-0f3af73b1b86,AMVETS Spouse Scholarship: Eligibility and Deadline,2026-05-01,https://bigfuture.collegeboard.org/scholarships/amvets-spouse-scholarship
1b0a2cb8-4bc0-4774-a354-2bca17fbf727,Anna M. Oleson Memorial Endowed Scholarship,2026-05-04,https://bigfuture.collegeboard.org/scholarships/anna-m-oleson-memorial-endowed-scholarship
1b2ae93b-bf1c-4131-a1bb-179896b44e42,Indiana APWA Scholarship,2026-05-01,https://bigfuture.collegeboard.org/scholarships/indiana-apwa-scholarship
1b39cfc4-f72e-4df9-a83c-82661f5a1096,Kentucky Association for Pupil Transportation Education Scholarship,2026-05-01,https://bigfuture.collegeboard.org/scholarships/kentucky-association-for-pupil-transportation-education-scholarship
1b431619-7f0c-4a65-b865-98e1064cc27f,Andrew J. Shields Memorial Scholarship,2026-05-01,https://www.cfsww.org/how-we-grant/scholarships/high-school-seniors
1b691ef7-ae7d-41a4-998d-d40bde990807,UFCU Endowed Scholarship,2026-05-01,https://bigfuture.collegeboard.org/scholarships/ufcu-endowed-scholarship
1b70ca9e-6fa9-41e5-a19d-a232b0ffa407,The John Lepping Memorial Scholarship Guide,2026-05-01,https://www.scholarships.com/scholarships/the-john-lepping-memorial-scholarship
1b7240f5-204a-44d9-b3c9-f0043b8f271c,"Robert Emmett Mullin Endowed Graduate Scholarship in Educational Issues, Practices and Policies",2026-04-15,https://bigfuture.collegeboard.org/scholarships/robert-emmett-mullin-endowed-graduate-scholarship-in-educational-issues-practices-and-policies
1b772b4e-a9a4-4a54-882d-5eb597ffc78e,Wells Fargo Veterans Scholarship Program,2026-04-10,https://start.scholarsapply.org/?programcycleid=62421
1b851782-2d20-446f-a79c-1dacae4e58e1,Assistance League of Sacramento Foster Youth Scholarship,2026-05-01,https://bigfuture.collegeboard.org/scholarships/assistance-league-of-sacramento-foster-youth-scholarship
1b8cd938-8719-4277-ac95-e32784a4b409,ACC Foundation General Endowed Scholarship,2026-05-01,https://bigfuture.collegeboard.org/scholarships/acc-foundation-general-endowed-scholarship
1b9b8a2f-2389-4a08-8d08-377954ff483f,Ronald F. St. Amand Biology Scholarship,2026-04-15,https://bigfuture.collegeboard.org/scholarships/ronald-f-st-amand-biology-scholarship
1ba48bda-ceb1-41d9-9fc5-1eb89367a8bd,"DBMG Scholarships: Eligibility, Deadline, Application",2026-05-01,https://www.scholarships.com/scholarships/dbmg-scholarships
1baa9c6f-5ee4-4b8a-88a4-133a3c6af702,"ABA Member Scholarships: Eligibility, Deadline, Apply",2026-04-30,https://www.scholarships.com/scholarships/aba-member-scholarships
1bc0062f-2fb9-41f7-acdf-99db24e51d2c,Girls in Football Scholarship,2026-04-23,https://bigfuture.collegeboard.org/scholarships/girls-in-football-scholarship
1bcd3f39-35f6-4a98-95f6-8d2fbce7dd6f,Armelde Pitre STEM Leadership Scholarship,2026-04-22,https://bigfuture.collegeboard.org/scholarships/armelde-pitre-stem-leadership-scholarship
1be08e44-8659-4d13-9d4f-13f4d553be78,"Burkett Burkett & Burkett CPA, PA Endowed Scholarship",2026-04-15,https://bigfuture.collegeboard.org/scholarships/burkett-burkett--burkett-cpa-pa-endowed-scholarship
1bfff549-53d4-4530-a321-7a682bc341c5,Marion A. and Rachel S. Knox Scholarship,2026-04-15,https://bigfuture.collegeboard.org/scholarships/marion-a-and-rachel-s-knox-scholarship
1c0b7dbd-ec47-40e3-b188-5cf02caa0168,"RADM Helena O. Mishoe Diversity ""Believe"" Scholarship",2026-04-16,https://bigfuture.collegeboard.org/scholarships/radm-helena-o-mishoe-diversity-believe-scholarship
1c0cea7a-9b84-4c5b-adf8-e08fc1492df8,Kona Hawaiian Civic Club Scholarship,2026-04-30,https://bigfuture.collegeboard.org/scholarships/kona-hawaiian-civic-club-scholarship
1c0d6caa-661c-4edb-94c7-bae07e837de3,American Institute of Steel Construction/Associated Steel Erectors of Chicago Scholarship,2026-05-01,https://bigfuture.collegeboard.org/scholarships/american-institute-of-steel-constructionassociated-steel-erectors-of-chicago-scholarship
1c0fe5f7-4634-4774-8d7e-b7d1d2f1bad6,Anne Ford Scholarship eligibility and deadline USA 2026,2026-04-17,https://bigfuture.collegeboard.org/scholarships/anne-ford-scholarship
1c20078c-cf78-4456-a4f6-fb6631e170b0,Buffalo Post SAME Member-Sponsored Scholarship,2026-05-01,https://bigfuture.collegeboard.org/scholarships/buffalo-post-same-member-sponsored-scholarship
1c2a2fdb-5c83-4de6-987e-c13f098a6d5e,Rick Cheek Memorial Scholarship,2026-05-01,https://www.fgc.edu/tuition-financial-aid/available-financial-aid/foundation-scholarships.html
1c3eeb5d-06d3-4497-8b9c-82ab4a1e4bbb,Rev. Herman A. Martin Memorial Scholarship,2026-04-18,https://bold.org/scholarships/herman-martin-memorial-scholarship
1c46ce87-cdcf-43b7-aae1-3d71cc335632,The Aaron E. Mastrorio '08 Memorial Scholarship,2026-04-15,https://bigfuture.collegeboard.org/scholarships/the-aaron-e-mastrorio-08-memorial-scholarship
1c5b6927-e81a-4e71-a76d-a9fe2e618076,Community College Scholarship,2026-05-01,https://bigfuture.collegeboard.org/scholarships/community-college-scholarship
1c6e7b6a-4082-484a-92bf-423f819e49e1,HomeStar Insurance Services General Studies Scholarship,2026-05-01,https://bigfuture.collegeboard.org/scholarships/homestarinsurance-services-general-studies-scholarship
1c8a8a58-ffb1-4aea-9e68-d3be5587ea3e,The Kathleen Monahan Foundation Fund Scholarship,2026-05-01,https://bigfuture.collegeboard.org/scholarships/the-kathleen-monahan-foundation-fund-scholarship
1c8bf73d-5ce3-43d1-a925-03f96bc9f4ab,Rockport Music Scholarship USA 2026 Apply,2026-05-01,https://www.scholarships.com/scholarships/rockport-music-scholarship
1ca6b6ff-8045-4d54-81e8-389ed437cb40,James LaBuhn Educational Scholarship,2026-04-15,https://bigfuture.collegeboard.org/scholarships/james-labuhn-educational-scholarship
1cba932f-30c8-4d2d-a08e-bcadf862d476,"Gilbert W. Mead, III Scholarship",2026-04-22,https://bigfuture.collegeboard.org/scholarships/gilbert-w-mead-iii-scholarship
1ccb60af-66fa-4fef-acff-af333e6656ad,Clancy Gernon Scholarship,2026-05-01,https://bigfuture.collegeboard.org/scholarships/clancy-gernon-scholarship
1ccde318-9022-4109-8209-d1f11ce764de,South Austin Medical Center Auxiliary Endowed Scholarship,2026-05-01,https://austincc.academicworks.com/opportunities/9725
1ce45d50-9e55-44ea-925f-56e01597883d,Frank B. Marcon Memorial Endowed Scholarship,2026-04-15,https://bigfuture.collegeboard.org/scholarships/frank-b-marcon-memorial-endowed-scholarship
1ce7db74-d263-4ee1-a3e5-227e30e440c2,The James M. Hickey Memorial Scholarship,2026-04-15,https://bigfuture.collegeboard.org/scholarships/the-james-m-hickey-memorial-scholarship
1ce7fb06-6c8f-42a0-a229-028ed61d4da0,James and Michelle Austin Ambassador Scholarship,2026-04-11,https://bigfuture.collegeboard.org/scholarships/james-and-michelle-austin-ambassador-scholarship
1cea7a24-7d6f-441c-ba33-f88da9bfc0f7,BPW/WA Past President Memorial Scholarship,2026-05-01,https://bigfuture.collegeboard.org/scholarships/bpwwa-past-president-memorial-scholarship
1d0c6818-b079-4d5b-ba33-d0824a22f2c8,Ackerman Community Health Endowed Scholarship,2026-04-15,https://www.unf.edu/brooks/scholarships/full-list.html
1d119875-305a-4b56-8702-9d3ea5915470,Jay and Diane Zidell Scholarship,2026-04-15,https://bigfuture.collegeboard.org/scholarships/jay-and-diane-zidell-scholarship
1d21615d-cf24-4dba-998c-e5ef2945a48f,Florence Allen Scholarship,2026-04-30,https://bigfuture.collegeboard.org/scholarships/florence-allen-scholarship
1d408661-5f97-460b-9891-882daeba5bac,Bros for Good Scholarship,2026-04-11,https://bold.org/scholarships/bros-for-good-scholarship
1d4f69a8-e982-4e1c-9412-364ec8f36852,James and Oda Thompson Memorial Endowed Scholarship,2026-05-01,https://austincc.academicworks.com/opportunities/9898
1d5797cc-00f7-4347-8511-b54c8a9c83a5,Cummins Family Scholarship Fund,2026-04-16,https://scholarship-america-production.saiapply.org/organization/profile/create?applyToClientReturnUrl=https%3A%2F%2Fsai-badmag.saiapply.org%2Fprogram%2Fsai-cummins%2Finfo%3FcycleId%3D1CYEV4DJx1NnPkxHD7yWcY&clientOrganizationId=LgOtGlrbSynZx-S0Cl7g5UUpkZIig5133iEf
1d6b7121-a2ff-4769-ab92-2b274620028f,David Baker Scholarship,2026-04-15,https://bigfuture.collegeboard.org/scholarships/david-baker-scholarship
1d7e2171-06fa-4a59-b31d-50d91771cb3b,California Women for Agriculture San Joaquin Chapter Memorial Scholarship,2026-04-15,https://bigfuture.collegeboard.org/scholarships/california-women-for-agriculture-san-joaquin-chapter-memorial-scholarship
1d7f2424-6323-4b65-ad52-f0b115b285a6,Freddy Fayal Scholarship,2026-04-22,https://bigfuture.collegeboard.org/scholarships/freddy-fayal-scholarship
1d814cc6-6555-437a-bc87-f4274a9fa610,Motorola Solutions Foundation Award Eligibility 2026 USA Scholar…,2026-05-01,https://bigfuture.collegeboard.org/scholarships/motorola-solutions-foundation-award-for-excellence
1d966b97-53ce-457c-a27e-050833a7f918,McGregor Scholarship Program Eligibility and Deadline,2026-04-30,https://bigfuture.collegeboard.org/scholarships/mcgregor-scholarship-program
1dab33b8-d5dc-475a-ac30-cf778baee8f3,Girl Scout Texas Statewide Gold Award Scholarship,2026-05-01,https://bigfuture.collegeboard.org/scholarships/girl-scout-texas-statewide-gold-award-scholarship
1dd1107e-4bb7-41c5-a686-24790619ccf0,Wallace Vog Endowed Scholarship,2026-05-01,https://austincc.academicworks.com/opportunities/9925
1dd20726-9d07-4a63-a77a-b8a65995b8d8,Murphy Memorial Scholarship USA 2026 Apply,2026-05-01,https://www.scholarships.com/scholarships/murphy-memorial-scholarship
1defb17f-8e62-473c-bd46-30970150a2a1,What's in Outdoors Scholarship,2026-05-01,https://bigfuture.collegeboard.org/scholarships/whats-in-outdoors-scholarship
1e0c8694-37b2-4713-966d-5f021955316b,Osborn Family Firefighter Scholarship,2026-04-15,https://bigfuture.collegeboard.org/scholarships/osborn-family-firefighter-scholarship
1e0d02f2-20d2-4ba9-a20f-5a495ea0801e,Edwards Lifesciences Scholarship,2026-04-17,https://bigfuture.collegeboard.org/scholarships/edwards-lifesciences-scholarship
1e19308a-535f-4b71-933a-7c0377f476c1,Western Saddle Clubs Association Scholarship,2026-05-01,http://wsca.org/forms
1e363bc9-ac54-4788-8748-feee089ee17d,Ray Piper Global Project Management Education Scholarship,2026-05-01,https://bigfuture.collegeboard.org/scholarships/ray-piper-global-project-management-education-scholarship
1e4a9cae-46bb-45d6-87fb-3aaaa9601f66,COX Family Memorial Scholarship,2026-05-01,https://chipola.academicworks.com/
1e6a3f86-cb0c-4db5-89e0-b63569493ea4,Northwestern Pennsylvania National Tooling and Manufacturing Association Scholarship,2026-04-15,https://bigfuture.collegeboard.org/scholarships/northwestern-pennsylvania-national-tooling-and-manufacturing-association-scholarship
1e7c0041-bc0c-4d86-9eb6-1ccfc9f79ead,"Real Estate Brokers, Developers and Realtors Scholarship",2026-05-04,https://bigfuture.collegeboard.org/scholarships/real-estate-brokers-developers-and-realtors-scholarship
1eb07f66-c47e-4155-bed2-d9f0ba974116,BIAW Education Scholarship,2026-05-01,https://bigfuture.collegeboard.org/scholarships/biaw-education-scholarship
1eb44d1b-69bf-442a-b06a-9caa6b224d61,Kiwanian Dependent Child Scholarship,2026-04-10,https://bigfuture.collegeboard.org/scholarships/kiwanian-dependent-child-scholarship
1ecddeb6-673b-42a7-ab58-f1ded3767d22,Cybersecurity Scholarship,2026-04-30,https://bigfuture.collegeboard.org/scholarships/cybersecurity-scholarship
1ee03f7e-dcaa-42f0-8f55-4fd58e86129e,Woman's Club of Aurora Nursing Scholarship,2026-05-04,https://bigfuture.collegeboard.org/scholarships/womans-club-of-aurora-nursing-scholarship
1ee426c9-49ee-41e5-800c-0c07bba7493a,Fort Worth Stock Show Syndicate-Jim Bob Norman Memorial Scholarship,2026-04-17,https://www.texasffa.org/ffa-scholarships
1efaef20-7254-43a9-94b3-4d00ccf7856a,Judith Rodriguez Nutrition & Dietetics Endowed Scholarship,2026-04-15,https://www.unf.edu/brooks/scholarships/judith-rodriguez-nutrition-dietetics-endowed.html
1f19944a-29e4-4e16-bc92-a8c3fae6edfb,New England Service Scholarship,2026-04-24,https://bigfuture.collegeboard.org/scholarships/new-england-service-scholarship
1f234758-79c3-42a0-9953-d58c44795d47,Society of Hispanic Professional Engineers (SHPE) Scholarship,2026-04-15,https://bigfuture.collegeboard.org/scholarships/society-of-hispanic-professional-engineers-shpe-scholarship
1f27fb6c-79fe-4fbf-9d2d-39cc1b4af865,Sealaska Heritage Institute Scholarship,2026-05-01,https://mysealaska.com/Services/Scholarship
1f315717-2057-405c-8f20-1388689dbf3e,Aaron Beltzer Memorial Scholarship,2026-04-22,https://umass.academicworks.com/opportunities
1f383f35-3114-4e3d-a0e9-d271a4613ff1,"RAREis Scholarship Fund: Eligibility, Deadline & How to Apply",2026-04-28,https://www.scholarships.com/scholarships/rareis-scholarship-fund
1f475c0b-9115-476b-8481-c44066b600ed,Career Climb Scholarship,2026-04-30,https://bigfuture.collegeboard.org/scholarships/career-climb-scholarship
1f56f234-38fa-42a4-bf3a-edd223470bb8,John and LaVeral Fitz Endowed Scholarship,2026-05-04,https://bigfuture.collegeboard.org/scholarships/john-and-laveral-fitz-endowed-scholarship
1f59f9b6-ad78-4e16-8d1a-6ee95b60be1e,Adult Basic Education Transition Award,2026-04-30,https://bigfuture.collegeboard.org/scholarships/adult-basic-education-transition-award
1f62e40d-5446-4194-a27e-57ed97777628,The Marilyn M. and Russell S. Fox Endowed Scholarship,2026-04-15,https://bigfuture.collegeboard.org/scholarships/the-marilyn-m-and-russell-s-fox-endowed-scholarship
1f8b85b8-1928-4e60-9f23-4b566e144210,James and Mary (Breen) Duffy ’58 Endowed Scholarship,2026-04-15,https://bigfuture.collegeboard.org/scholarships/james-and-mary-breen-duffy-58-endowed-scholarship
1fae8d88-c941-49ca-a309-0a5f78e5f68c,"Odom, Moses & Company Endowed Scholarship",2026-05-01,https://www.fgc.edu/tuition-financial-aid/available-financial-aid/foundation-scholarships.html
1fcc2210-8137-48c9-8802-3d75d350420a,The Mary C. Smalley Memorial Scholarship,2026-04-15,https://bigfuture.collegeboard.org/scholarships/the-mary-c-smalley-memorial-scholarship
1fdbc05e-b6f1-4ece-b1cd-fa76f7810b53,IndySHRM Scholarship,2026-05-01,https://bigfuture.collegeboard.org/scholarships/indyshrm-scholarship
1fdec289-9379-44df-9e68-e07d02ee85ab,Lynn and Wayne Hamersly Endowed Scholarship,2026-04-15,https://www.clackamas.edu/admissions-financial-aid/financial-aid-scholarships/scholarships
1fe916dd-c8d6-4a35-a605-f6d35c21d278,Pointe Scholarship,2026-04-29,https://bigfuture.collegeboard.org/scholarships/pointe-scholarship
1fea377e-edc4-485d-9dcf-e63f9722d968,CINTAS Foundation Fellowship in Visual Arts,2026-05-01,https://www.scholarships.com/scholarships/cintas-foundation-fellowship-in-visual-arts
1ff00863-5946-4ba3-aac2-24afd32f3307,Florida Gulf Coast University Scholarship,2026-05-01,https://www.fgcu.edu/admissionsandaid/financialaid/undergraduate/typesofaid/fgcufoundationscholarships
1ffa87d2-b440-4d3f-8a61-3762241d72e6,Eunice Primus-Robinson Scholarship,2026-04-15,https://bigfuture.collegeboard.org/scholarships/eunice-primus-robinson-scholarship
2020a2cd-fcd9-474d-afb3-c7e7d84c10d1,"Maxie S. Gordon, Sr. Memorial Scholarship",2026-04-15,https://bigfuture.collegeboard.org/scholarships/maxie-s-gordon-sr-memorial-scholarship
2032d9a4-cbee-4025-9ad8-a942f88c8457,Angelina Grimaldi Cioffari & Vincent Grimaldi Cioffari Scholarship,2026-04-30,https://bigfuture.collegeboard.org/scholarships/angelina-grimaldi-cioffari--vincent-grimaldi-cioffari-scholarship
208b24d1-7fe7-427f-ac39-0fba6979c86d,The Mary Faith O'Neill Memorial Scholarship,2026-04-15,https://bigfuture.collegeboard.org/scholarships/the-mary-faith-oneill-memorial-scholarship
20b82751-16fe-43e7-b139-c4a1712a5106,Mica Hammond Fund Education Reimbursement For Special Needs Fami…,2026-04-30,https://www.scholarships.com/scholarships/mica-hammond-fund-education-reimbursement-for-special-needs-families
20b92304-9f5c-4fdd-bda2-72d2a9eddee7,Kaylee Xiong Memorial Scholarship,2026-05-02,https://bold.org/scholarships/kaylee-xiong-memorial-scholarship
20bf6557-2ae7-4a6e-b744-0619c83b7c36,FIS Scholarship,2026-04-15,https://bigfuture.collegeboard.org/scholarships/fis-scholarship
20c05536-5e0a-417d-bcf5-5e9e1196e151,Pat & Ernestine Patterson Music Scholarship,2026-04-22,https://bigfuture.collegeboard.org/scholarships/pat--ernestine-patterson-music-scholarship
20c208e6-dd24-4770-ab6c-3cc63e3d1e91,Waubonsee Community College Employee Minority Student Scholarship,2026-05-04,https://bigfuture.collegeboard.org/scholarships/waubonsee-community-college-employee-minority-student-scholarship
20e956ab-7bcc-47a9-b902-ed1b4b9827be,New York District Kiwanis Foundation Scholarship,2026-04-15,https://bigfuture.collegeboard.org/scholarships/new-york-district-kiwanis-foundation-scholarship
20ee4a92-9548-4351-b5c4-79e5041c3d60,Tennessee Baptist Foundation College and Medical Scholarship,2026-04-30,https://tbfoundation.org/students/college-medical-scholarships
20fb8305-b707-4b64-88bc-cd176a69df00,George Homer and Amy T. Ryan Scholarship,2026-05-01,https://bigfuture.collegeboard.org/scholarships/george-homer-and-amy-t-ryan-scholarship
2105a144-9e12-479b-bbaf-0a3d53f25330,Outdoors Communicators of Kansas Harper Memorial Scholarship,2026-04-30,https://www.scholarships.com/scholarships/outdoors-communicators-of-kansas-harper-memorial-scholarship
212b95b8-fe3d-4e5d-90eb-88598d50510c,Texas Fire Fighters Scholarship: Eligibility and Deadline,2026-04-15,https://bigfuture.collegeboard.org/scholarships/texas-fire-fighters-scholarship
2132ba97-e438-4971-a33a-5bce593fc0d5,Kansas Livestock Foundation Youth in Agriculture Scholarship,2026-04-17,https://bigfuture.collegeboard.org/scholarships/kansas-livestock-foundation-youth-in-agriculture-scholarship
2132ca3f-c1ef-4afd-a502-6f3ff8159a15,"The Lt. Col. James F. Sheehan, USMC Ret., Endowed Scholarship",2026-04-15,https://bigfuture.collegeboard.org/scholarships/the-lt-col-james-f-sheehan-usmc-ret-endowed-scholarship
21335d59-405f-4da4-b992-24864a5d0dde,Nick Lindblad Memorial Scholarship,2026-04-13,https://bold.org/scholarships/nick-linblad-memorial-scholarship
213bceb7-9619-4a55-ab4b-5c6a8aee43be,Marin Garden Club Scholarship,2026-04-10,https://bigfuture.collegeboard.org/scholarships/marin-garden-club-scholarship
2149855a-8165-4ba7-af29-c740f975b078,Pat Goggins Memorial Angus Scholarship,2026-05-01,https://www.angus.org/foundation/apply-for-scholarships/njaa-scholarships
2152b764-ea4a-48b8-a4b7-0537ab8bce19,OMNE Nursing Leaders of Maine Scholarship Guide,2026-05-01,https://bigfuture.collegeboard.org/scholarships/omne-nursing-leaders-of-maine-scholarship
2154d2f4-12b2-4d3a-a8d2-4f0bd60f69de,Dan Imfeld Scholarship,2026-04-15,https://bigfuture.collegeboard.org/scholarships/dan-imfeld-scholarship
216d844f-8117-4674-9dec-6f3886e046b5,Society of American Military Engineers Annual Scholarship,2026-04-15,https://bigfuture.collegeboard.org/scholarships/society-of-american-military-engineers-annual-scholarship
21754b86-489c-4beb-8618-5f56ec05d8b6,Theta Pi Chapter Scholarship,2026-04-13,https://bigfuture.collegeboard.org/scholarships/theta-pi-chapter-scholarship
217a8232-0afb-4cf0-b956-ad7f9dbf2f94,"Charles E. Hubbard, Jr. Memorial Scholarship",2026-05-01,https://bigfuture.collegeboard.org/scholarships/charles-e-hubbard-jr-memorial-scholarship
2182c87f-5e4d-4c67-92d4-11bd9f1d7d77,Orangewood Advanced Studies Scholarship Deadline 2026 USA,2026-05-01,https://bigfuture.collegeboard.org/scholarships/orangewood-advanced-studies-scholarship-program
21aacc33-b24b-45f5-978c-46a892f9bfa2,Mot & Malcolm Little Scholarship in Transfer Programs - Part-Time Scholarship,2026-04-15,https://bigfuture.collegeboard.org/scholarships/mot--malcolm-little-scholarship-in-transfer-programs---part-time-scholarship
21b160ff-7268-428a-a8c5-09c1c3c88d5c,L. Douglas Nolan Foundation Scholarship,2026-04-22,https://bigfuture.collegeboard.org/scholarships/l-douglas-nolan-foundation-scholarship
21b5b403-3b66-4a3e-8163-d3ad0fbf1f92,The Worcester State University Geography Scholarship,2026-04-15,https://bigfuture.collegeboard.org/scholarships/the-worcester-state-university-geography-scholarship
21ba4d4e-7ed3-4f59-aa3c-ce62ae6f68de,Bill Hill Scholarship Award,2026-04-15,https://bigfuture.collegeboard.org/scholarships/bill-hill-scholarship-award
21baed09-3ad6-4989-a0c9-0a2dc72394e0,American Council of Engineering Companies of New Mexico Scholarship,2026-05-01,https://www.nmef.net/programs.html
21caf394-6b1a-4354-83ff-c0644c09e1d4,Janet E. Henry Scholarship,2026-04-27,https://scholarship-america-production.saiapply.org/organization/profile/create?applyToClientReturnUrl=https%3A%2F%2Fsai-pnc.saiapply.org%2Fprogram%2Fsai-henry%2Finfo%3FcycleId%3D1CYRRQHAKW3i67zpJ8cgi5&clientOrganizationId=YlhFpubIDFhYt5WeRFBFUB0ekA0f7pawDkEy
21cc7001-15be-4d77-b6ca-911314308176,Matthew Tennyson Wanke Scholarship,2026-05-04,https://www.fftc.org/scholarships
22197f4a-8ca5-4fcf-9ff1-05db209fdb14,Wei-Chee Scholarship Program,2026-04-20,https://bigfuture.collegeboard.org/scholarships/wei-chee-scholarship-program
2220a68d-0bb1-47b3-82be-8733d1a28aa4,Shawn Carter Scholarship,2026-04-30,https://bigfuture.collegeboard.org/scholarships/shawn-carter-scholarship
2225c56b-5a7b-41c4-9f02-d0f4ce265048,Study.com Scholarship for Latin American Women,2026-05-01,https://bigfuture.collegeboard.org/scholarships/studycom-scholarship-for-latin-american-women
222e6caf-0194-4865-907a-c19639d1164a,"Debra ""Sam"" Haack Memorial Scholarship",2026-05-01,https://bigfuture.collegeboard.org/scholarships/debra-sam-haack-memorial-scholarship
223a3607-5066-46cc-916e-c7ca76393624,Hanna Family Foundation Scholarship,2026-04-15,https://bigfuture.collegeboard.org/scholarships/hanna-family-foundation-scholarship
2244f0e3-b6df-482a-9a37-8623c30f3d0c,David Mann Memorial Scholarship,2026-04-12,https://bold.org/scholarships/david-mann-memorial-scholarship
22548d7f-1779-4030-9e38-e1ba0b4d5df0,Kaiser Foundation Health Plan of the Northwest Scholarship for Dental Assisting,2026-04-15,https://www.clackamas.edu/admissions-financial-aid/financial-aid-scholarships/scholarships
227e90e0-68f0-4e05-9cd3-0bf00175f95f,Terry and Ginger McDavid Endowed Scholarship,2026-05-01,https://www.fgc.edu/tuition-financial-aid/available-financial-aid/foundation-scholarships.html
2284ccb6-6c50-426c-8e66-23313104b1d3,Ricky Noles Memorial Scholarship,2026-04-29,https://bold.org/scholarships/ricky-noles-memorial-scholarship
22932a50-8914-4620-8a75-63d23f5e42d0,Arkansas Angus Auxiliary Scholarship,2026-05-01,https://bigfuture.collegeboard.org/scholarships/arkansas-angus-auxiliary-scholarship
22c3184e-5b88-4336-8e39-5eace969c51a,Jon A. Schlueter County Teacher Scholarship Deadline 2026 USA,2026-04-30,https://bigfuture.collegeboard.org/scholarships/jon-a-schlueter-county-teacher-scholarship
22dcaffb-acff-4bd6-8b51-a48f131a57a2,ENA Foundation Endowed Undergraduate Scholarship,2026-04-17,https://www.ena.org/education/grants-scholarships
230389ea-021d-4ee1-880a-0f40e1d46b79,ABA Diversity Scholarship Eligibility & Deadline Guide,2026-04-30,https://www.scholarships.com/scholarships/aba-diversity-scholarship
23163c17-8cf8-4421-bd40-2e6623e841b1,Dr. Michael Saenz Scholarship,2026-04-15,https://bigfuture.collegeboard.org/scholarships/dr-michael-saenz-scholarship
231eb880-e4f0-4ea3-bb60-94bbb072cd02,Renaissance Scholars Program,2026-05-01,https://www.scholarships.com/scholarships/renaissance-scholars-program
232d3b2a-adf9-4fbd-b945-867e4755a419,Optimize Technologies Endowed Scholarship,2026-04-15,https://www.clackamas.edu/admissions-financial-aid/financial-aid-scholarships/scholarships
234dbafb-2824-4414-84a2-2a4f0356d7f8,Idaho Legion Auxiliary Traditional Nurses Scholarship,2026-05-01,https://bigfuture.collegeboard.org/scholarships/idaho-legion-auxiliary-traditional-nurses-scholarship
238043ad-c035-4197-a0e0-0288c4a9091f,Engineering Technology Scholarship,2026-04-15,https://bigfuture.collegeboard.org/scholarships/engineering-technology-scholarship
23a1b5ca-18e9-4d0d-bf34-2c290a2be239,Hank Miller Memorial Scholarship,2026-05-01,https://www.ohsbca.org/aws/OHSBCA/pt/sp/scholarships
23ab30ab-d6d4-490d-ab36-b522ba6c6ad0,Kansas City ISA Section Scholarship,2026-04-15,https://bigfuture.collegeboard.org/scholarships/kansas-city-isa-section-scholarship
23b6eaa1-3ddd-44c5-93b6-b06358e96a5d,Dennis Malone Memorial Scholarship,2026-04-17,https://bigfuture.collegeboard.org/scholarships/dennis-malone-memorial-scholarship
23d867b3-add2-452b-9a44-4bac84b3859f,Danny Gilman Scholarship Eligibility and Deadline,2026-04-22,https://bigfuture.collegeboard.org/scholarships/danny-gilman-scholarship
23f542aa-5f13-43dc-a4bb-ce3e3d1b3352,J.Y. and Olema Wilson Endowed Scholarship,2026-05-01,https://www.fgc.edu/tuition-financial-aid/available-financial-aid/foundation-scholarships.html
23fbb188-5a1c-40d3-8fa8-5dadbdc67f13,Silverado Business Systems Scholarship,2026-05-01,https://bigfuture.collegeboard.org/scholarships/silverado-business-systems-scholarship
240ffe4f-dcc4-4133-bfab-c0c20002af70,Chuck Smead Scholarship,2026-05-01,https://bigfuture.collegeboard.org/scholarships/chuck-smead-scholarship
24104550-1798-495a-ab8b-684d4d1332af,"Melody Benton Spruell ""I AM a Nurse"" Scholarship",2026-04-15,https://tccd.academicworks.com/opportunities/4858
24190e41-6053-4325-ad28-db91cabc81a7,The Agnes Jones Jackson Scholarship Guide,2026-04-10,https://bigfuture.collegeboard.org/scholarships/the-agnes-jones-jackson-scholarship
24200e61-a171-4127-a6b7-1adb95647a53,The Allen and Barbara (Lyons) Levesque Endowed Book Scholarship,2026-04-15,https://bigfuture.collegeboard.org/scholarships/the-allen-and-barbara-lyons-levesque-endowed-book-scholarship
24491353-b52b-4e09-9e99-8d4f004b0919,JSSA Educational Scholarship eligibility 2026 USA,2026-05-01,https://bigfuture.collegeboard.org/scholarships/jssa-educational-scholarship
2451de7c-c540-4f9e-b30d-fc58fc34dd9b,Al and Emma Lou Lemon Scholarship for Education and Nursing Students,2026-05-01,https://bigfuture.collegeboard.org/scholarships/al-and-emma-lou-lemon-scholarship-for-education-and-nursing-students
245728c1-4d83-436b-bd72-03b7088335e3,Dr. Amanda R. Hernandez Endowed Scholarship,2026-05-01,https://austincc.academicworks.com/opportunities/10112
2482da77-5fed-4029-bbd0-fb669891fb1f,Tom Sifers Scholarship,2026-04-10,https://bigfuture.collegeboard.org/scholarships/tom-sifers-scholarship
249e5346-4a28-450c-b6c3-e8c284027aff,David J. DiCesare Memorial Scholarship,2026-04-15,https://bigfuture.collegeboard.org/scholarships/david-j-dicesare-memorial-scholarship
24acc65c-fc14-4b1a-b5ea-a1df1367da42,Wells/McCarthy Memorial Scholarship,2026-05-01,https://www.nmef.net/programs.html
24ad7a60-1b50-4cd8-9009-606915e900a9,First Coast Manufacturers Association (FCMA) Scholarship,2026-04-15,https://bigfuture.collegeboard.org/scholarships/first-coast-manufacturers-association-fcma-scholarship
24b24016-896b-45a3-b802-e4992851c2b0,Dr. Carl & Muriel Arant Scholarship,2026-05-01,https://www.fgc.edu/tuition-financial-aid/available-financial-aid/foundation-scholarships.html
24b646a2-94a8-46ae-9918-19abb81dd1b8,Maxine Elmont Scholarship,2026-04-30,https://bigfuture.collegeboard.org/scholarships/maxine-elmont-scholarship
24c8445c-ca0c-4d26-b059-675b6cad8c51,Helen and Bob Brill Scholarship,2026-04-10,https://bigfuture.collegeboard.org/scholarships/helen-and-bob-brill-scholarship
24f8864d-bf4c-4823-8fde-83ad9da07388,Vegetable Industry Scholarship Deadline 2026 USA,2026-04-29,https://bigfuture.collegeboard.org/scholarships/vegetable-industry-scholarship
250a11e4-875c-4739-9284-5a0d5cf7017a,The Eleanor T. Depenbrock '37 Nursing Scholarship,2026-04-15,https://bigfuture.collegeboard.org/scholarships/the-eleanor-t-depenbrock-37-nursing-scholarship
25109e5c-b366-4384-9086-712b0bc16785,California State Employees Association Scholarship,2026-05-01,https://bigfuture.collegeboard.org/scholarships/california-state-employees-association-scholarship
253536c3-decd-4f3c-830f-645c565d9297,ISL Midwest Senior Scholarship,2026-04-30,https://bigfuture.collegeboard.org/scholarships/isl-midwest-senior-scholarship
25643064-ab0e-4fc2-86d0-23a08ca34816,E. Faye Dailey Volker Scholarship,2026-04-15,https://bigfuture.collegeboard.org/scholarships/e-faye-dailey-volker-scholarship
257b1fb6-d78c-48e1-a734-a9ddbcc68001,Elizabeth Jane Gilbert Endowment Scholarship,2026-04-15,https://umass.academicworks.com/opportunities
25adeec1-0594-44c5-9630-a3d4ee9da7af,W. Clayton Robertson Memorial Scholarship,2026-05-01,https://bigfuture.collegeboard.org/scholarships/w-clayton-robertson-memorial-scholarship
25b88223-7e93-485e-88cc-0f3a2cc93531,Shape the News No-Essay Survey Scholarship,2026-04-30,https://bold.org/scholarships/shape-the-news-survey-scholarship
25dd396f-2950-493a-b483-05216bb75866,Mitchell Fine Arts Scholarship,2026-04-22,https://bigfuture.collegeboard.org/scholarships/mitchell-fine-arts-scholarship
25e033ed-ae8d-40d3-8f39-f4f575c4a6a0,The Dorothy F. McLoughlin Endowed Scholarship,2026-04-15,https://bigfuture.collegeboard.org/scholarships/the-dorothy-f-mcloughlin-endowed-scholarship
25e2ba41-dc56-4bda-8066-ae661abf9101,McDonald's TMCF Black & Positively Golden Scholarship,2026-04-24,https://www.scholarships.com/scholarships/mcdonalds-tmcf-black-and-positively-golden-scholarship
2612d31e-aa30-47fc-9a8e-72ef55480239,Ira Rosenzwog Memorial Scholarship,2026-05-01,https://bigfuture.collegeboard.org/scholarships/ira-rosenzwog-memorial-scholarship
26155731-9bdd-4212-b42a-d94b7e1f1aa0,Rita and Myron Hendel Scholarship,2026-04-22,https://bigfuture.collegeboard.org/scholarships/rita-and-myron-hendel-scholarship
26245f79-c4ae-49e7-b334-56350f00e663,BCEN Undergraduate Scholarship,2026-04-17,https://www.ena.org/education/grants-scholarships
26324909-27bd-43c8-adb1-8b9575e27b20,Joseph A. Terbrack ALS Memorial Scholarship,2026-05-02,https://bold.org/scholarships/joseph-a-terbrack-als-memorial-scholarship-fund
264274ca-c355-49b8-ad5a-ceb5c49f38bf,Carl R. Safford  and Dorothy Croft (Fitch) Scholarship,2026-04-22,https://bigfuture.collegeboard.org/scholarships/carl-r-safford--and-dorothy-croft-fitch-scholarship
26526752-46ff-484f-a232-2d03c7e4f877,The Donald and Mary Moran Scholarship,2026-04-15,https://bigfuture.collegeboard.org/scholarships/the-donald-and-mary-moran-scholarship
266b069b-ceb5-453b-bf86-55e2442371f5,Linda Craig Memorial Scholarship,2026-04-30,https://www.scholarships.com/scholarships/linda-craig-memorial-scholarship
266bb4fc-4065-4322-8e8b-014ca30cf800,Amy Wasserman Scholarship,2026-05-01,https://www.azfoundation.org/scholarship-seekers/scholarships
26740ae3-bb56-4844-bf0f-fbc50bf8efb2,"James G. Allen, Gen. Ross Ayers Department of English Scholarship",2026-04-15,https://bigfuture.collegeboard.org/scholarships/james-g-allen-gen-ross-ayers-department-of-english-scholarship
267570b7-8709-4d00-8a8b-4afb2100bb91,WSADA Bright Future Auto Tech Scholarship,2026-04-22,https://bigfuture.collegeboard.org/scholarships/wsada-bright-future-auto-tech-scholarship
267927e8-0f64-449a-8115-27f16cff6cc1,Jennie Marconi-Javorski Scholarship,2026-05-01,https://bigfuture.collegeboard.org/scholarships/jennie-marconi-javorski-scholarship
2685e68c-2e2b-4b0b-8470-2c1f66047b3d,Michael Reid Memorial Scholarship,2026-05-01,https://bigfuture.collegeboard.org/scholarships/michael-reid-memorial-scholarship
26872d7d-fcdf-4044-9928-9c055448dc54,Oregon City Schools Foundation Marilyn McCallister Endowed Scholarship,2026-04-15,https://www.clackamas.edu/admissions-financial-aid/financial-aid-scholarships/scholarships
268bf22d-45f4-403e-9e3a-500f7ff7ce9e,Stephen Phillips Memorial Scholarship Fund,2026-05-01,https://www.scholarships.com/scholarships/stephen-phillips-memorial-scholarship-fund
26951f99-5df0-44fd-a9c5-9669c20c5e5b,K-POP Fan No-Essay Scholarship,2026-04-30,https://bold.org/scholarships/K-POP-fan-no-essay-scholarship
26a1aecb-5b84-470f-b7a0-b78499578dc0,Bryce Matthew Sanguinetti Scholarship,2026-04-15,https://bigfuture.collegeboard.org/scholarships/bryce-matthew-sanguinetti-scholarship
26a5da3f-6dfd-4528-9824-4fa675009588,ADECCO Group North Scholarship,2026-04-15,https://bigfuture.collegeboard.org/scholarships/adecco-group-north-scholarship
26e887e1-724e-42cc-96f7-bc73d876bd11,ABC Maine Student of the Year Scholarship,2026-04-30,https://bigfuture.collegeboard.org/scholarships/abc-maine-student-of-the-year-scholarship
270a2a8a-dd70-4168-baf0-1afb9f2a0e9d,"The Village of Key Biscayne Public Safety Scholarship to Promote Education, Wellness, and Technology",2026-04-15,https://www.kbcf.org/what-we-do/scholarships-giving-circles-field-of-interest-funds
270f6663-a25a-4425-8b12-b9cd48ae5622,Barbara Cornwell Memorial Scholarship,2026-04-24,https://bigfuture.collegeboard.org/scholarships/barbara-cornwell-memorial-scholarship
271ea248-f216-4399-94c0-f1607b57d14a,Lawndale High Alumni Scholarship,2026-05-01,https://bold.org/scholarships/lawndale-high-alumni-scholarship
27235988-f5fb-44ab-8f90-fb511ea60a44,Maine Sea Grant Undergraduate Scholarship in Marine Sciences,2026-04-27,https://bigfuture.collegeboard.org/scholarships/maine-sea-grant-undergraduate-scholarship-in-marine-sciences
273604a8-dbeb-446c-bdd0-96480538d73b,Con Mi Madre Scholarship,2026-04-30,https://bigfuture.collegeboard.org/scholarships/con-mi-madre-scholarship
274a20ca-996c-4893-a2ac-6f101b89ba77,The Worcester State Graduate School Scholarship,2026-04-15,https://bigfuture.collegeboard.org/scholarships/the-worcester-state-graduate-school-scholarship
275e9b43-34c3-4a13-8206-291ce528182c,Rocovich Research Grant,2026-04-30,https://bigfuture.collegeboard.org/scholarships/rocovich-research-grant
275fd40a-49d2-4d33-b279-f85229a985bf,Aviation Career Advancement Scholarship for Future Airline Pilots,2026-05-03,https://bold.org/scholarships/aviation-career-advancement-scholarship-for-future-airline-pilots
276f63fc-028d-450f-842d-0efb49df9b5a,Joan and Bob Rutman Scholarship,2026-04-22,https://bigfuture.collegeboard.org/scholarships/joan-and-bob-rutman-scholarship
277a0f28-4d91-40b2-a13a-56f3e55b8b43,Jamestown Alumni Scholarship,2026-04-15,https://bigfuture.collegeboard.org/scholarships/jamestown-alumni-scholarship
27c77bc4-2ef6-496d-a5f7-c28651a0fec5,Holly Springs Direct Primary Care Health Care Scholarship,2026-04-16,https://bold.org/scholarships/holly-springs-direct-primary-care-health-care-scholarship
27ffcc24-597c-47a4-8b21-b8d20956f073,TACL-OC Scholarship,2026-04-15,https://bigfuture.collegeboard.org/scholarships/tacl-oc-scholarship
281029f2-2f83-4d3e-8faa-0d790f2995aa,Aspire Pathway Scholarship deadline 2026 USA,2026-04-24,https://bigfuture.collegeboard.org/scholarships/wallin-education-partners-aspire-pathway-scholarship-program
281c7ea9-903b-4df5-8ab7-087b5168a5e1,Massey Villarreal Endowed Scholarship,2026-05-01,https://austincc.academicworks.com/opportunities/10027
2826c27f-61d1-45eb-9825-12199381afcc,WPS Technical College Scholarship,2026-04-30,https://www.scholarships.com/scholarships/wps-technical-college-scholarship
2826e0d9-d86b-4f65-bf7e-811ebe95ba71,American Bus Association Diversity Scholarship,2026-04-30,https://bigfuture.collegeboard.org/scholarships/american-bus-association-diversity-scholarship
28344197-25e1-4d6e-bfa7-344332c652af,Interplastic Corporation Scholars Scholarship,2026-04-24,https://bigfuture.collegeboard.org/scholarships/interplastic-corporation-scholars-scholarship
283ba72c-606b-42f0-ab22-0d35699997e9,Dr. Noelle Olson Memorial Scholarship,2026-04-20,https://bold.org/scholarships/dr-noelle-olson-memorial-scholarship
283efc98-d5bf-4d95-88b1-7a9c13ff503a,Intermountain Section AWWA Diversity Scholarship,2026-04-15,https://bigfuture.collegeboard.org/scholarships/intermountain-section-awwa-diversity-scholarship
285ee8fc-3fb0-4acf-96e9-2f163a1d6140,Florence Lorenz Trust Scholarship,2026-05-04,https://bigfuture.collegeboard.org/scholarships/florence-lorenz-trust-scholarship
28916c59-f5e3-4e2b-b2e2-24c642d8631d,Love Island Fan Scholarship,2026-04-30,https://bold.org/scholarships/love-island-fan-scholarship
28983de2-b1c5-49ed-9556-a81febf2f5f2,Alumni Association Leadership Scholarship,2026-05-01,https://www.framingham.edu/admissions-aid/cost-aid/types-aid/scholarships
28a597e1-bfb5-4e0b-8b2a-1635541d456b,Allied Health General Scholarship,2026-05-01,https://www.fgc.edu/tuition-financial-aid/available-financial-aid/foundation-scholarships.html
28b7e94f-d923-4b60-810e-254c4a06cca3,Susan Berry Reitelbach Memorial Scholarship,2026-05-01,https://bigfuture.collegeboard.org/scholarships/susan-berry-reitelbach-memorial-scholarship
28d5249b-d40d-41fc-a49e-14c4051d8ef1,HVAC Endowment Scholarship,2026-04-15,https://bigfuture.collegeboard.org/scholarships/hvac-endowment-scholarship
28e9e83f-96a1-47a1-9c7f-7499fd67f3f5,Moore/Schuster Family Endowed Scholarship,2026-04-15,https://bigfuture.collegeboard.org/scholarships/mooreschuster-family-endowed-scholarship
28ea5970-bbad-4c8d-98b8-86b4c0283254,Nevada State Firefighters Association Scholarship,2026-04-15,https://bigfuture.collegeboard.org/scholarships/nevada-state-firefighters-association-scholarship
28f0111f-4d38-4ada-b59b-74d0a0473581,Martin & Bethel Liljedahl Memorial Scholarship,2026-04-15,https://bigfuture.collegeboard.org/scholarships/martin--bethel-liljedahl-memorial-scholarship
28fa7cd0-3ec1-4add-a960-d73de3008dbf,Steve Kramer Endowed Scholarship,2026-05-01,https://austincc.academicworks.com/opportunities/10268
28fdc874-92c5-4b87-b1cb-41b1ebfa261d,Alice Madson Scholarship for Undocumented Students,2026-05-01,https://bigfuture.collegeboard.org/scholarships/alice-madson-scholarship-for-undocumented-students
2906ee7e-455e-4441-b118-f8712b40e2b6,The Lawrence Dana Pinkham Study Abroad Scholarship,2026-04-15,https://bigfuture.collegeboard.org/scholarships/the-lawrence-dana-pinkham-study-abroad-scholarship
2919dbd6-d045-4731-ba8a-1757449faaee,Dwight Mosley Scholarship,2026-04-17,https://bigfuture.collegeboard.org/scholarships/dwight-mosley-scholarship
291b2cb0-1ba1-4172-846f-8de7a6b4121f,TRI Scholarship,2026-04-15,https://bigfuture.collegeboard.org/scholarships/tri-scholarship
2920c273-7dec-4f81-81fe-f447431c1d91,The Dr. Melvin and Shirley (Stahl) Merken Two Cultures Endowed Scholarship,2026-04-15,https://bigfuture.collegeboard.org/scholarships/the-dr-melvin-and-shirley-stahl-merken-two-cultures-endowed-scholarship
2924312c-5514-44c7-b2f0-3cefb3e81a65,Breathing for Tomorrow Lung Cancer Scholarship,2026-05-01,https://bigfuture.collegeboard.org/scholarships/breathing-for-tomorrow-lung-cancer-scholarship
29353d17-3b13-446a-8748-5b1d230b9f73,The Dr. Robert M. Spector Endowed Scholarship,2026-04-15,https://bigfuture.collegeboard.org/scholarships/the-dr-robert-m-spector-endowed-scholarship
29624d79-1167-41db-9ef9-0d1fe2fbbfaf,HSE Scholarship,2026-04-30,https://acte.secure-platform.com/a/page/awards/divisions/HSE_scholarship2
297be1d6-a904-4c5e-9f8e-640a4c93e8fc,AISES A.T. Anderson Scholarship,2026-04-30,https://bigfuture.collegeboard.org/scholarships/aises-at-anderson-scholarship
2989f16f-2433-438f-b54b-af8fa245eb16,The Elder Advocates Scholarship,2026-04-15,https://bigfuture.collegeboard.org/scholarships/the-elder-advocates-scholarship
299762a5-0220-4d23-96b8-7ba354270941,Educational Association of Worcester - Dr. Leo T. Doherty/Maureen O’Sullivan Memorial Scholarship,2026-04-30,https://bigfuture.collegeboard.org/scholarships/educational-association-of-worcester---dr-leo-t-dohertymaureen-osullivan-memorial-scholarship
29a2186a-2327-4559-9b1d-01062aae3f62,Carrie Crystal Stuckert Memorial Scholarship,2026-04-22,http://www.dreampoolfoundation.org/scholarship_app.html
29aa1ba3-282b-4d0f-8989-dab303ba79b7,"Albert G. Mogor, PhD Memorial Scholarship",2026-04-15,https://bigfuture.collegeboard.org/scholarships/albert-g-mogor-phd-memorial-scholarship
29b0f663-0537-498b-8046-1e79972a8c13,Mike and Gail Donley Spouse Scholarship,2026-04-30,https://bigfuture.collegeboard.org/scholarships/mike-and-gail-donley-spouse-scholarship
29cb6276-0bbd-4816-82a2-97b62a5081f5,Robert W. Galvin Endowed Scholarship,2026-05-01,https://austincc.academicworks.com/opportunities/9790
29cd1c30-e859-4c38-b938-33a7987351f1,WLK Undergraduate Scholarship,2026-04-08,https://bigfuture.collegeboard.org/scholarships/wlk-undergraduate-scholarship
29d0c085-465d-4e36-b925-86cffba238c9,SET Educational Fund Scholarship Guide 2026,2026-05-01,https://www.scholarships.com/scholarships/set-educational-fund
29dfa7fc-2995-43c5-95c7-f602b6490d02,Emerald Coast Post SAME Scholarship,2026-04-04,https://bigfuture.collegeboard.org/scholarships/emerald-coast-post-same-scholarship
29e07d95-d4d8-441a-8a02-5c6fa52dc17a,Lubbock Principal Association Scholarship,2026-04-15,https://texastechalumni.academicworks.com/
29e1823d-9477-4b8c-b00a-072607ab0a22,Dunkin’ Baltimore/Metro DC Regional Scholarship,2026-04-15,https://scholarship-america-production.saiapply.org/organization/profile/create?applyToClientReturnUrl=https%3A%2F%2Fsai-dunkin.saiapply.org%2Fprogram%2Fsai-dunkinbaltimoredc%2Finfo%3FcycleId%3D1CY3ExDXS5dZZPZ3vhdHhm&clientOrganizationId=qxlUYOfp4QzoCOjPry7a34xjvyP5vS4ZeGye
29ff9514-28a5-42c2-80fc-c9ac08c55c3e,Johnny Appleseed Scholarship at MassBay Guide,2026-04-30,https://bigfuture.collegeboard.org/scholarships/johnny-appleseed-scholarship
2a014ece-115e-49f1-9310-2e40ed3e66ab,Brave of Heart Scholarship Application 2026 USA Apply,2026-04-22,https://scholarship-america-production.saiapply.org/organization/profile/create?applyToClientReturnUrl=https%3A%2F%2Fsai-e4eboh.saiapply.org%2Fprogram%2Fsai-braveofheart%2Finfo%3FcycleId%3D1CXsM2PiiLMfH8AkaZTqtV&clientOrganizationId=7C8X63cY81sVWZ4LZUvac7_9nsM6XIrJbnoh
2a0ab00b-4048-46ee-8d77-73463e04c522,Herbert and Ann Darby Endowed Scholarship,2026-05-01,https://www.fgc.edu/tuition-financial-aid/available-financial-aid/foundation-scholarships.html
2a1b6e38-2c2c-4172-8e36-9a4bb2dd9df6,Angus Foundation Undergraduate Scholarship Deadline 2026 USA,2026-05-01,https://bigfuture.collegeboard.org/scholarships/angus-foundation-undergraduate-scholarship
2a41db16-944a-4aa1-9e9e-14352f783d98,LaRetta Matthews Garland Scholarship,2026-05-01,https://my.alphachiomega.org/AlphaChiOmega/Foundation/Fund-Lists/Scholarships.aspx
2a675333-7cda-44a9-8b11-bc3c93ba5d9c,Survey Rewards No-Essay Scholarship,2026-04-30,https://bold.org/scholarships/survey-rewards-scholarship
2a704b1c-2a4a-4552-8811-f63c23f2747e,Sigma Tau Delta Continuing Education Scholarship,2026-04-10,https://bigfuture.collegeboard.org/scholarships/sigma-tau-delta-continuing-education-scholarship
2a75c370-5858-4940-8439-fad11707f1b4,CenTex MOAA Chapter Scholarship,2026-04-30,https://centexmoaa.org/program-application
2a85e3ff-b97f-4b3d-bfd6-42b731b6f332,"The Colonel Joseph C. Deely, USAF, Retired ’56 and the Elizabeth “Betty” Deely Memorial Scholarship",2026-04-15,https://bigfuture.collegeboard.org/scholarships/the-colonel-joseph-c-deely-usaf-retired-56-and-the-elizabeth-betty-deely-memorial-scholarship
2a89d18a-56c1-4808-bc9e-78ba7d59cf69,Kiwanis Club of San Carlos Becker Outstanding Achievement Scholarship,2026-04-17,https://bigfuture.collegeboard.org/scholarships/kiwanis-club-of-san-carlos-becker-outstanding-achievement-scholarship
2a9af3e6-f17c-403e-b8a7-fd4c1eb56909,Drs. John and Suanne Roueche Endowed Scholarship,2026-05-01,https://bigfuture.collegeboard.org/scholarships/drs-john-and-suanne-roueche-endowed-scholarship
2aa90292-f48d-4afe-95d6-7cf405e3dc4b,James T. and Rose M. Perryman Family Foundation Scholarships,2026-05-01,https://www.scholarships.com/scholarships/james-t-and-rose-m-perryman-family-foundation-scholarships
2ab2e8d1-336a-4a52-ae65-d2bcfa346d48,Dave Ellingson Scholarship for Environmental Studies,2026-04-20,https://bigfuture.collegeboard.org/scholarships/dave-ellingson-scholarship-for-environmental-studies
2ab8d0f5-4243-486e-b941-80a79c63f22f,The Informed and Applied Citizenship Scholarship,2026-04-15,https://bigfuture.collegeboard.org/scholarships/the-informed-and-applied-citizenship-scholarship
2abc69ee-6b5f-47a4-8be4-61b6ef50e650,"The Richard ""Okie"" O'Connor Scholarship",2026-04-15,https://bigfuture.collegeboard.org/scholarships/the-richard-okie-oconnor-scholarship
2abe14a8-0681-4746-9c8f-320878c97829,East Kings County Alumnae Chapter Scholarship,2026-04-30,https://www.scholarships.com/scholarships/east-kings-county-alumnae-chapter-scholarship
2ac79f7e-376d-4511-872f-4985754bb031,ASCE New Hampshire High School Scholarship,2026-04-30,https://www.scholarships.com/scholarships/asce-new-hampshire-high-school-scholarship
2acf0b55-bfe1-4ee8-8cbb-55a1abf2b7f5,Peter A. Famiano Memorial Scholarship,2026-05-01,https://bigfuture.collegeboard.org/scholarships/peter-a-famiano-memorial-scholarship
2add6266-8d30-48ac-94b9-4e61dbca0890,Stein Oil Endowed Scholarship,2026-04-15,https://www.clackamas.edu/admissions-financial-aid/financial-aid-scholarships/scholarships
2b05aec7-a4be-4d33-932d-8a007489b75f,Vestcor Construction Scholarship,2026-04-15,https://bigfuture.collegeboard.org/scholarships/vestcor-construction-scholarship
2b0b6e22-4b29-4496-b96a-23f06508bf0c,Dunkin’ Philadelphia Regional Scholarship Program,2026-04-15,https://scholarship-america-production.saiapply.org/organization/profile/create?applyToClientReturnUrl=https%3A%2F%2Fsai-dunkin.saiapply.org%2Fprogram%2Fsai-dunkinphilly%2Finfo%3FcycleId%3D1CY4UH71kBKtuVnZvg7AMg&clientOrganizationId=qxlUYOfp4QzoCOjPry7a34xjvyP5vS4ZeGye
2b0dbff2-6f19-4ec3-b4cf-7d624e7245c2,Rob and Tom Chase Memorial Scholarship,2026-05-01,https://bigfuture.collegeboard.org/scholarships/rob-and-tom-chase-memorial-scholarship
2b1a3360-aa84-4dd2-8f44-eb10c5773b46,Norm Levesque Scholarship,2026-05-01,https://bigfuture.collegeboard.org/scholarships/norm-levesque-scholarship
2b410f95-3831-4279-8ca5-46ea7ab2971b,The Honorable John J. Conte Civic Engagement Scholarship,2026-04-15,https://bigfuture.collegeboard.org/scholarships/the-honorable-john-j-conte-civic-engagement-scholarship
2b4fda0e-a156-4667-ba28-8f10f44d8b2f,The Brendan O'Brien Endowed Scholarship,2026-04-15,https://bigfuture.collegeboard.org/scholarships/the-brendan-obrien-endowed-scholarship
2b56157c-7339-40f0-8f38-713bd184fd46,JB Coxwell Construction Scholarship,2026-04-15,https://bigfuture.collegeboard.org/scholarships/jb-coxwell-construction-scholarship
2b625748-3ecb-4cef-aa37-3e1c1d219e60,State Bank of India (California) Scholarship,2026-04-20,https://bigfuture.collegeboard.org/scholarships/state-bank-of-india-california-scholarship
2b75a948-fc33-4b68-a3dd-256dfe4d6084,"Paul Mucciolo, M.D. Pre-Medical Endowed Scholarship",2026-04-15,https://bigfuture.collegeboard.org/scholarships/paul-mucciolo-md-pre-medical-endowed-scholarship
2b7aef32-0b81-4f20-8ee7-cff9c4763c4c,Gilman Montgomery French Scholarship,2026-05-01,https://bigfuture.collegeboard.org/scholarships/gilman-montgomery-french-scholarship
2b7f4ee8-d14f-494f-ba89-3ffb3e083cd5,WOA National Scholarship,2026-04-30,https://bigfuture.collegeboard.org/scholarships/woa-national-scholarship
2bab97d2-6374-4764-9ace-fc131f1c44a3,Anderson Columbia Endowed Scholarship,2026-05-01,https://www.fgc.edu/tuition-financial-aid/available-financial-aid/foundation-scholarships.html
2bae3b62-74f4-44da-9582-d44f4f1f97dc,SVCF Bailey Family Postgraduate Scholarship,2026-05-01,https://www.scholarships.com/scholarships/svcf-bailey-family-postgraduate-scholarship
2bb40fe0-fe73-459d-9723-dc9e67635715,Aviation Scholarship,2026-04-15,https://bigfuture.collegeboard.org/scholarships/aviation-scholarship
2bda33fd-9790-47a1-ae78-5160aaac440f,Paraprofessional Scholarship,2026-04-04,https://bigfuture.collegeboard.org/scholarships/paraprofessional-scholarship
2c0e4bf7-00a8-4821-8db7-d23ab1a6f1bb,Roy Spence Endowed Scholarship,2026-05-01,https://austincc.academicworks.com/opportunities/9895
2c11e0a2-f836-415d-9d01-139e9b7b0dc1,BLK Men in Tech Scholars Program,2026-04-26,https://www.scholarships.com/scholarships/blk-men-in-tech-scholars-program
2c191ea5-8716-4dbc-bf0f-1ccad1d8f951,RAM Alumni Award,2026-05-01,https://bigfuture.collegeboard.org/scholarships/ram-alumni-award
2c248641-bddb-4275-aa9f-f5f390b3c193,The Brandon Paul Memorial Foundation Scholarship,2026-04-17,https://www.citruscollegecoalition.org/local-scholarships
2c2556e5-5902-4c1a-a264-7797deb03881,The Julia Cronin Matthews Endowed Scholarship,2026-04-15,https://bigfuture.collegeboard.org/scholarships/the-julia-cronin-matthews-endowed-scholarship
2c334d1a-4928-4f89-8010-08c16d412660,"The Matthew C. Johnsen, Ph.D. & Frances E. Williams Sociology Scholarship",2026-04-15,https://bigfuture.collegeboard.org/scholarships/the-matthew-c-johnsen-phd--frances-e-williams-sociology-scholarship
2c881e51-9499-4c38-827c-39f08a5b1cdd,Casy Cundiff Outstanding Student Scholarship,2026-04-15,https://bigfuture.collegeboard.org/scholarships/casy-cundiff-outstanding-student-scholarship
2c8d4c7a-f5f9-456a-829d-ed40bdce2a24,Alec Thomas Memorial Scholarship,2026-04-08,https://bigfuture.collegeboard.org/scholarships/alec-thomas-memorial-scholarship
2c925bc3-9f70-482f-aa15-ea530194c9c3,Be A Vanessa Scholarship,2026-04-15,https://bold.org/scholarships/be-a-vanessa-scholarship
2c98e3d8-246a-45ea-87c6-7954b39eb032,The Drs. Lillian R. Goodman and Mary K. Alexander Endowed Nursing Scholarship,2026-04-15,https://bigfuture.collegeboard.org/scholarships/the-drs-lillian-r-goodman-and-mary-k-alexander-endowed-nursing-scholarship
2ca17797-dd23-4ee0-bdcc-b94d1d657370,NTT Research Fellowship,2026-04-06,https://scholarship-america-production.saiapply.org/organization/profile/create?applyToClientReturnUrl=https%3A%2F%2Fsai-nttre.saiapply.org%2Fprogram%2Fsai-nttresearchfoundation%2Finfo%3FcycleId%3D1CXsTVSFrDc1T2FAbnyY5P&clientOrganizationId=Tk6_dIVXg9Sg6TkWFFZVM_ohWjOUGcp15bT9
2ca252f1-d789-446e-998b-5dc52f600a50,Henning Endowed Scholarship,2026-05-04,https://bigfuture.collegeboard.org/scholarships/henning-endowed-scholarship
2cd5356d-d489-458e-9378-67fe32ff5d7e,R + L Carriers Scholarship,2026-04-15,https://bigfuture.collegeboard.org/scholarships/r--l-carriers-scholarship
2cd56672-7571-45d7-95f6-3e863d320c0e,ALTAC Scholarship,2026-04-13,https://bigfuture.collegeboard.org/scholarships/altac-scholarship
2cd950ad-7218-4763-83fd-adc78aabbf20,Texas Angus Association Scholarship,2026-05-01,https://www.texasangus.com/about-4
2cf74019-7317-48d4-9054-24b6c1900d07,Greater Columbia Dental Association Scholarship,2026-04-15,https://bigfuture.collegeboard.org/scholarships/greater-columbia-dental-association-scholarship
2cff9dd7-5b5c-446f-8f8c-fc3ec4639bb7,Society of Mayflower Descendants in Michigan Scholarship,2026-05-01,https://bigfuture.collegeboard.org/scholarships/society-of-mayflower-descendants-in-michigan-scholarship
2d0c737a-2573-4541-a685-340b53ea0eb3,Delco Endowed Scholarship,2026-05-01,https://austincc.academicworks.com/opportunities/10271
2d459745-bba3-4b9e-a2de-fd384ed891f8,Rachal E. Harma Scholarship,2026-04-22,https://bigfuture.collegeboard.org/scholarships/rachal-e-harma-scholarship
2d5f8a77-60ea-45f2-b5c4-d91846db6aa0,The A-Mark Student Journalism Award,2026-04-15,https://bigfuture.collegeboard.org/scholarships/the-a-mark-student-journalism-award
2d633f6b-b5e0-4a57-9e1a-b739ee69b444,Study.com Scholarship for Women in Science,2026-05-01,https://bigfuture.collegeboard.org/scholarships/studycom-scholarship-for-women-in-science
2d707cbc-1ea4-4f12-b8e8-3fcc711d6516,The Mary D. Tateosian Scholarship,2026-04-15,https://bigfuture.collegeboard.org/scholarships/the-mary-d-tateosian-scholarship
2d7253ae-a6b3-4a5f-827d-00191fbc5738,Adults with Autism Scholarship,2026-05-01,https://bigfuture.collegeboard.org/scholarships/adults-with-autism-scholarship
2d8840da-4ea5-4dd7-aeca-8c423d8fd6ea,John Austin Sizer Fine Arts Endowed Scholarship,2026-05-04,https://bigfuture.collegeboard.org/scholarships/john-austin-sizer-fine-arts-endowed-scholarship
2d8aa66f-afc8-4303-8d1f-4ddc30d49d20,Advent Software Scholarship in Computing and Information Sciences,2026-04-15,https://bigfuture.collegeboard.org/scholarships/advent-software-scholarship-in-computing-and-information-sciences
2da2f34d-0be7-44d5-b8c2-597940f85e2f,CWP-KT and KY/TN Section AWWA Scholarship,2026-05-01,https://bigfuture.collegeboard.org/scholarships/cwp-kt-and-kytn-section-awwa-scholarship
2da51edd-be64-41a6-92ca-bf3fb31b48e4,Colonel JC Broome Memorial Scholarship,2026-04-17,https://bold.org/scholarships/colonel-JC-broome-memorial-scholarship
2dafbdf8-ad01-4c3a-85a8-9f0e2c8304a9,Woman's Life Merit Scholarship,2026-05-01,https://bigfuture.collegeboard.org/scholarships/womans-life-merit-scholarship
2db689f7-7525-465b-b038-66ee8fbd891a,Frank and Ruth Bila Scholarship,2026-05-01,https://bigfuture.collegeboard.org/scholarships/frank-and-ruth-bila-scholarship
2dbb6a60-e559-46d6-a2f8-52406c7bf9b9,The McAuliffe Family Educational Scholarship,2026-04-15,https://bigfuture.collegeboard.org/scholarships/the-mcauliffe-family-educational-scholarship
2dbf77a6-7389-44b0-9a4a-a539cdf15d50,NCW Fieldman’s Association Scholarship,2026-04-06,https://bigfuture.collegeboard.org/scholarships/ncw-fieldmans-association-scholarship
2dc7de3b-0588-41f9-a383-e7ea84e90c97,The Pinay Aspire Scholarship,2026-04-15,https://bigfuture.collegeboard.org/scholarships/the-pinay-aspire-scholarship
2dd19728-70d8-4a8d-acdc-4cc8b6fae256,Frances Schuessler Scholarship,2026-04-15,https://tccd.academicworks.com/opportunities/4986
2dd91db3-efff-402e-a1f3-af6ba9d52b8e,Ed Austin Fellowship Scholarship,2026-04-15,https://www.unf.edu/coas/scholarships/ed-austin-fellowship.html
2e0b81a2-fea6-4339-86aa-8c75d544009c,Rise Up Scholarship,2026-04-15,https://bigfuture.collegeboard.org/scholarships/rise-up-scholarship
2e0d4a17-f8f0-4fdc-9d2a-68d39847cd16,Valley Wolfpack Alumni Scholarship,2026-04-11,https://bold.org/scholarships/valley-wolfpack-alumni-scholarship
2e11deec-991b-4e52-abf7-437024a54d53,Kentucky Broadcasters Association High School Senior Scholarship,2026-05-01,https://bigfuture.collegeboard.org/scholarships/kentucky-broadcasters-association-high-school-senior-scholarship
2eaa15cc-5a4b-47cd-a7ff-45afe33a6ff3,Thomas R. Garrett Memorial Scholarship,2026-04-15,https://bigfuture.collegeboard.org/scholarships/thomas-r-garrett-memorial-scholarship
2ed4e4a2-c10b-4b09-95b8-d999205dd100,Dallas Geological Society Scholarship,2026-05-01,https://bigfuture.collegeboard.org/scholarships/dallas-geological-society-scholarship
2edc3f3a-3bda-4832-8bac-0ef4f2fa583c,HACU & Southwest Airlines ¡Lánzate!/Take Off! Travel Award Program,2026-04-26,https://www.scholarships.com/scholarships/hacu-and-southwest-airlines-%C2%A1l%C3%A1nzate-take-off-travel-award-program
2ede6633-71ef-48d9-a475-bd15160b8a16,The Sam G. Hughes Memorial Scholarship,2026-04-15,https://bigfuture.collegeboard.org/scholarships/the-sam-g-hughes-memorial-scholarship
2f0d7e2a-1cbd-4cca-b8d5-4b25c7122640,Arizona Food Industry Employee Scholarship,2026-04-16,https://bigfuture.collegeboard.org/scholarships/arizona-food-industry-employee-scholarship
2f29d6ea-70e4-45d4-ae4b-474faf370c43,ACC Counseling Services Scholarship,2026-05-01,https://austincc.academicworks.com/opportunities/10113
2f39e0e7-0bbc-4744-8fc6-504bb9e40907,George D. Wooldridge Memorial Scholarship,2026-04-15,https://bigfuture.collegeboard.org/scholarships/george-d-wooldridge-memorial-scholarship
2f6a9340-01e8-4cac-a1dc-a52502457ae5,Larry and Mary Davis Scholarship,2026-04-22,https://bigfuture.collegeboard.org/scholarships/larry-and-mary-davis-scholarship
2f70629f-9a0f-411f-99e4-d6a96d6ab390,MIPRIMA Scholarship,2026-04-15,https://www.miprima.org/chapters/prima-miprima/scholarships.cfm
2f76464a-5c4a-4a06-8bb2-bcda07b36834,Pam and Rich Lottinville Teacher's Scholarship,2026-05-01,https://bigfuture.collegeboard.org/scholarships/pam-and-rich-lottinville-teachers-scholarship
2f846dea-1ff1-48f2-b1cf-c158b70a2c0b,Rhode Island PBS Scholarship,2026-04-14,https://bigfuture.collegeboard.org/scholarships/rhode-island-pbs-scholarship
2f87e59d-bce7-47f0-81a6-7c2d5d3c3d7a,Kit Faragher Scholarship,2026-04-15,https://bigfuture.collegeboard.org/scholarships/kit-faragher-scholarship
2f9f89ba-b0f0-4f09-96e9-cfab266c9a63,Ramsey Piggly Wiggly Calhoun County Scholarship,2026-05-01,https://chipola.academicworks.com/
2fa9cda5-e06e-4cec-b93c-803f70adf241,Monterey County 4-H Leaders Council Scholarship,2026-05-01,https://bigfuture.collegeboard.org/scholarships/monterey-county-4-h-leaders-council-scholarship
2fd552ce-6086-464b-b8df-004dbdac6af6,Ronnie Scott Memorial Scholarship,2026-04-15,https://bigfuture.collegeboard.org/scholarships/ronnie-scott-memorial-scholarship
2fd95b30-e615-4948-b1c1-127037dcfe3f,Humanities and Social Sciences Divisional Scholarship,2026-05-01,https://bigfuture.collegeboard.org/scholarships/humanities-and-social-sciences-divisional-scholarship
2fec8fdb-eabd-4e39-8006-acdac37f4b3f,Volk – Geyman Scholarship,2026-04-23,https://sjicf.org/students/volk-geyman-scholarship
2ffbc041-c484-4719-ad7f-f07a32f40eda,The McCarthy Coyle Wagner Scholarship for Community Activism,2026-04-15,https://bigfuture.collegeboard.org/scholarships/the-mccarthy-coyle-wagner-scholarship-for-community-activism
300465b8-1907-41ae-be27-5ebaaf15d675,The James and Sharon Ricciardi Family Endowed Scholarship,2026-04-15,https://bigfuture.collegeboard.org/scholarships/the-james-and-sharon-ricciardi-family-endowed-scholarship
301a9af6-c6cf-4d40-ae33-5bdca2879d79,Novo Nordisk Donnelly Scholarship Deadline 2026 USA,2026-04-17,https://bigfuture.collegeboard.org/scholarships/novo-nordisk-donnelly-scholarship
301f55a7-b6a2-4bea-a005-c0abeb28e3ab,VFW Sport Clips Help A Hero Scholarship,2026-04-30,https://www.scholarships.com/scholarships/vfw-sport-clips-help-a-hero-scholarship
303017f0-d4f7-46a0-8da1-12c6edc2c4ee,Peggy Hall Small Scholarship,2026-04-15,https://bigfuture.collegeboard.org/scholarships/peggy-hall-small-scholarship
30318e91-8d7c-47dd-8b89-b3a476154041,"Atlanta, Georgia Chapter Scholarship",2026-04-15,https://www.texastechalumni.org/s/1422/a22/interior.aspx?sid=1422&gid=1001&pgid=1384
303effd1-bf11-4d58-b6a5-48241b86669c,Hispanic/Latinx Alumni Network Scholarship,2026-05-01,https://bigfuture.collegeboard.org/scholarships/hispaniclatinx-alumni-network-scholarship
3044b0b9-b88c-40f1-98b8-c863bf9d9815,Local Community Science Scholarship,2026-04-10,https://bigfuture.collegeboard.org/scholarships/local-community-science-scholarship
30460dae-0ffd-4eb5-a125-ba33661d35b7,Frances Kayo Bowman GLO Endowed Scholarship,2026-05-01,https://www.fgc.edu/tuition-financial-aid/available-financial-aid/foundation-scholarships.html
304a62fc-2475-4f98-ad0e-2bd96bdfe632,Florida Chapter AABE High School Scholarship,2026-04-16,https://aabescholarship.awardspring.com/Home/ScholarshipDetails/354223
3054b195-e031-44b9-a6b1-df182719e2b3,Victor W. Hwang Endowed Scholarship,2026-05-01,https://austincc.academicworks.com/opportunities/10006
306ec9cf-e03b-4c10-8a33-0afc5d0fbe7b,NSPE-NH State Scholarship Eligibility and Deadline,2026-04-30,https://bigfuture.collegeboard.org/scholarships/nspe-nh-state-scholarship
307481fe-540e-41bd-8ab6-79169f1de32d,Michael L R Chaput Student to Student Scholarship,2026-04-21,https://bigfuture.collegeboard.org/scholarships/michael-l-r-chaput-student-to-student-scholarship
3087b336-bdee-4bbb-81dc-ab26fbf11170,Margaret E. Oser Scholarship Fund,2026-04-30,https://scholarship-america-production.saiapply.org/organization/profile/create?applyToClientReturnUrl=https%3A%2F%2Fsai-occf.saiapply.org%2Fprogram%2Fsai-margaretoser%2Finfo%3FcycleId%3D1CYRPwtBCG7tUfczx2zsjv&clientOrganizationId=u1_8xqHk3BO_SYLP2AN3cubrWFPfQZ1-Ccpx
309417af-c795-4d66-8aba-37968e790d21,"Epps Scholarship Eligibility, Deadline, and How to Apply",2026-04-29,https://bigfuture.collegeboard.org/scholarships/epps-scholarship
309f80a6-9aa9-488b-9d8c-3205ed4b9368,Captain Jeffrey McFetridge USN (Ret) Scholarship,2026-04-15,https://bold.org/scholarships/captain-jeffrey-mcfetridge-USN-ret-scholarship
30a70ec4-e285-44b6-81f2-d8424d023350,"Dream BIG, Rise HIGHER Scholarship",2026-04-29,https://bold.org/scholarships/dream-BIG-rise-HIGHER-scholarship
30cec6fd-d7a1-4e0c-bee5-b35edc2a8da7,Black Faculty & Staff Association Endowed Scholarship,2026-04-14,https://bigfuture.collegeboard.org/scholarships/black-faculty--staff-association-endowed-scholarship
30d476e7-bd27-4ac6-ac17-a18b4bc64f1e,ProGrowth Scholarship Program,2026-04-10,https://start.scholarsapply.org/?programcycleid=61848
30d9b74f-1773-4cdc-95f2-e450668d87ba,Mike Matthews Endowed Fine Arts Scholarship,2026-04-15,https://tccd.academicworks.com/opportunities/5030
30e59d34-8b62-4b1e-ac02-3f6a9ccbe121,Old Dominion SWANA Chapter Scholarship,2026-05-01,http://www.swanava.org/scholarships-awards
30f622dd-dfea-422e-9380-c49edded6504,Colorado Fiesta Pageant Queen Scholarship,2026-05-01,https://bigfuture.collegeboard.org/scholarships/colorado-fiesta-pageant-queen-scholarship
30ff3a08-da7d-4b62-a373-82b753c78497,Jessica Dempsey ’12 Scholarship for Entrepreneurship and Innovation,2026-04-15,https://bigfuture.collegeboard.org/scholarships/jessica-dempsey-12-scholarship-for-entrepreneurship-and-innovation
31163eaa-70d5-4f75-b296-b80293f294f7,Oregon Dairy Women Community College Scholarship,2026-05-01,https://bigfuture.collegeboard.org/scholarships/oregon-dairy-women-community-college-scholarship
3131a9bd-5b22-4c7d-8717-48197c6fc9db,War and Peace Class of 1945 Scholarship,2026-05-01,https://www.framingham.edu/admissions-aid/cost-aid/types-aid/scholarships
31321bd3-fb1f-4f9b-b141-afbda4611041,Reeser Family Scholarship for Students Combining Arts with STEM Fields,2026-05-01,https://bigfuture.collegeboard.org/scholarships/reeser-family-scholarship-for-students-combining-arts-with-stem-fields
3144ccba-3c45-457e-9db5-e9cb7fa98648,Dr. DeNinno’s Scholarship for Mental Health Professionals,2026-04-25,https://bold.org/scholarships/dr-deninnos-scholarship-for-future-shrinks
31487cac-1f15-4d66-bc21-91660819d30e,Larrie Londin Memorial Scholarship,2026-04-30,https://bigfuture.collegeboard.org/scholarships/larrie-londin-memorial-scholarship
31487eca-c64c-4e11-bddd-60783043d206,Progress Software Mary Székely Scholarship for Women in STEM,2026-04-11,https://bigfuture.collegeboard.org/scholarships/progress-software-mary-szkely-scholarship-for-women-in-stem
315aa23f-8b4f-45d1-ab3f-6d0c3a2b0b68,Bates Wardle Award for Lifeguards,2026-05-01,https://bigfuture.collegeboard.org/scholarships/bates-wardle-award-for-lifeguards
316ad0bf-5be1-407e-a6d6-f70f1671cf9d,Incight Scholarship,2026-04-15,https://bigfuture.collegeboard.org/scholarships/incight-scholarship
3173da3a-4ae0-4c0e-9bfe-6acebfe04a2e,Healthcare Demand Grant,2026-04-27,https://bigfuture.collegeboard.org/scholarships/healthcare-demand-grant
3174bda8-dea4-4c5e-8980-6caf34b5790b,Christian Colleges No-Essay Scholarship,2026-04-30,https://bold.org/scholarships/christian-colleges-no-essay-scholarship
317c0b30-2638-4e31-8e9f-569a47f010ca,F.A. Davis Nursing Scholarship,2026-04-12,https://bigfuture.collegeboard.org/scholarships/fa-davis-nursing-scholarship
318d4a3b-6c46-4cf9-a14d-d0e450e64865,Warren and Louise Moss Memorial Scholarship,2026-04-20,https://www.fftc.org/scholarships
318f56f5-3f75-480f-9275-76accdb7a08d,Washington Counties Scholarship,2026-04-30,http://countyofficials.org/247/2482/How-to-Apply
3197de13-de26-4667-a6cb-d7b828750886,NTHA Forest Resources Scholarship,2026-04-30,https://www.scholarships.com/scholarships/ntha-forest-resources-scholarship
319b6eb6-8423-4151-b4a3-7dcc0fa9abdb,American Society for Industrial Security-Phoenix Chapter Scholarship,2026-04-30,https://bigfuture.collegeboard.org/scholarships/american-society-for-industrial-security-phoenix-chapter-scholarship
31a66922-22c9-485a-93df-4d20fd226c0d,The Kahlil Gibran Scholarship,2026-04-15,https://bigfuture.collegeboard.org/scholarships/the-kahlil-gibran-scholarship
31a9e5cf-1833-408b-a224-3cc8265fabee,Dave Russell Memorial Scholarship for Skilled Trades,2026-05-01,https://bold.org/scholarships/dave-russell-memorial-scholarship-for-skilled-trades
31ae2d01-4d2a-41de-af8d-5fa2b9462027,Sammy Ochoa Memorial Scholarship,2026-04-15,https://bold.org/scholarships/sammy-ochoa-memorial-scholarship
31bdfdaa-0e30-45c7-9688-039dffe04eb8,Insuring Rural Communities Scholarship,2026-04-15,https://bigfuture.collegeboard.org/scholarships/insuring-rural-communities-scholarship
31c7a8a2-8228-4829-b596-9f26e5718ba0,Military Commanders’ Scholarship Fund deadline 2026 USA,2026-04-27,https://scholarship-america-production.saiapply.org/organization/profile/create?applyToClientReturnUrl=https%3A%2F%2Fsai-nyala.saiapply.org%2Fprogram%2Fsai-militarycommanders%2Finfo%3FcycleId%3D1CYRT6KGT8HJe1XcBCucFk&clientOrganizationId=8xSM7kFv9WcGRH1D-jjpoMtNces0U2byGUJ4
31ce9e14-660a-4c72-a0df-193767d93a0e,Alfonso Torres-Vincenzi Medical Billing & Coding Scholarship,2026-04-15,https://www.clackamas.edu/admissions-financial-aid/financial-aid-scholarships/scholarships
31d5a625-c58c-4fdd-89a4-bc6caf18fa8c,Marion Shaw Scholarship,2026-04-10,https://bigfuture.collegeboard.org/scholarships/marion-shaw-scholarship
31dc3517-b1af-49f4-a6cf-def81e37b952,Ethel Mae Hafernik Hummell Endowed Scholarship,2026-05-01,https://austincc.academicworks.com/opportunities/10104
31f71844-a36e-498d-b966-0d3f057105e7,Prospanica Scholarship,2026-04-22,https://bigfuture.collegeboard.org/scholarships/prospanica-scholarship
3204e097-bba1-481a-ab3b-25bea9b920fb,Leonard Roth Memorial Scholarship,2026-04-20,https://www.nova.edu/sbin/report/scholarships/schlr-srch-params.cgi?category=Institutional&level=Graduate
3212c85c-ae87-4127-8ecc-9a81857d922c,Angelia Zeigler Gibbs Book Scholarship,2026-04-14,https://bold.org/scholarships/angelia-zeigler-gibbs-book-scholarship
32158793-834a-4c28-845b-1ea09c69344b,Scott & Kim Verplank Scholarship Deadline 2026 USA,2026-04-15,https://bigfuture.collegeboard.org/scholarships/scott-and-kim-verplank-foundation-scholarship-program
321cdf59-df05-4517-bf0d-248b0db2c951,Florida Scholarship of Alpha Chi Omega,2026-05-01,https://my.alphachiomega.org/AlphaChiOmega/Foundation/Fund-Lists/Scholarships.aspx
322181e5-193b-47b7-b76f-157c2461fc2f,B.J. Harrod Scholarship,2026-05-01,https://bigfuture.collegeboard.org/scholarships/bj-harrod-scholarship
324e55fe-896e-4236-8292-f96ccaa2bbec,Beaty Martinez Foundation Scholarship,2026-05-01,https://www.scholarships.com/scholarships/beaty-martinez-foundation-scholarship
325a0f10-8b4e-476c-9de8-fff7d06d85eb,Karla Johnson Memorial Scholarship,2026-04-28,https://bold.org/scholarships/karla-johnson-memorial-scholarship
328a2432-44f1-4523-97c2-2e0a2b4e5c01,Norm Berney Endowed Scholarship,2026-04-15,https://www.clackamas.edu/admissions-financial-aid/financial-aid-scholarships/scholarships
32ba707e-2f7f-4770-8e16-f42690b1e7b1,Colusa County Farm Bureau Scholarship,2026-04-29,https://bigfuture.collegeboard.org/scholarships/colusa-county-farm-bureau-scholarship
32cb5af3-2824-43f2-9942-6f1e8d6fac80,"Texas Angus Association ""Texas Challenge"" Scholarship",2026-05-01,https://www.angus.org/foundation/apply-for-scholarships/njaa-scholarships
32d53276-4fcd-4176-a914-1c2ae07b8bcf,Danciger Scholarship,2026-04-15,https://bigfuture.collegeboard.org/scholarships/danciger-scholarship
32da72ed-7140-4d54-b704-6c8e9f0fdd45,Chris G. and Alice Omiros Scholarship,2026-04-10,https://bigfuture.collegeboard.org/scholarships/chris-g-and-alice-omiros-scholarship
33060aff-cd08-4099-9901-f50f9482b3a5,Governor George H. and Lura Lynn Ryan Scholarship,2026-05-01,https://bigfuture.collegeboard.org/scholarships/governor-george-h-and-lura-lynn-ryan-scholarship
330c702c-e8e8-4573-92c2-5994a973a35f,Andrew Lopez Anesthesia Scholarship,2026-04-15,https://bold.org/scholarships/andrew-lopez-anesthesia-scholarship
331e1705-e068-4460-ba2f-292a4e1c8633,"Hemingway Look-Alike Society Kermit ""Shine"" Forbes Scholarship",2026-04-13,https://bigfuture.collegeboard.org/scholarships/hemingway-look-alike-society-kermit-shine-forbes-scholarship
3324a9f9-7a8e-422b-8bec-dfbeb6b8ec9f,L. Gale Lemerand Entrepreneurial Speaker Series Scholarship,2026-05-01,https://bigfuture.collegeboard.org/scholarships/l-gale-lemerand-entrepreneurial-speaker-series-scholarship
332d96e6-78dc-491c-bc9f-c9af70deffc2,Bunker Performing Arts Scholarship,2026-05-04,https://bold.org/scholarships/bunker-performing-arts-scholarship
335661fd-d58b-434a-8b9b-42e3c4ac3994,"$2,000 No Essay Scholarship by Sallie",2026-04-28,https://www.sallie.com/scholarships/no-essay?utm_source=bold&utm_medium=affiliatepl&utm_campaign=la_acq_swp_u_u_u_u_u&sub_id={{user_id}}
3358f10d-1454-4413-bc02-39fa83fab473,Ralph W. Shrader Graduate Scholarship,2026-05-01,https://www.scholarships.com/scholarships/ralph-w-shrader-graduate-scholarship
336049b5-d8f1-4596-9184-15cbf7a4121d,Marcia S. Harris Legacy Scholarship,2026-04-15,https://bigfuture.collegeboard.org/scholarships/marcia-s-harris-legacy-scholarship
33688170-5f85-4d7f-abe4-1952ea901321,The Debora K.S. Dias Nawn Scholarship,2026-04-15,https://bigfuture.collegeboard.org/scholarships/the-debora-ks-dias-nawn-scholarship
3369e7b1-9f5b-413a-8e8d-86cb9dce19af,Maureen Bushman Scholarship for Nursing,2026-05-01,https://bigfuture.collegeboard.org/scholarships/maureen-bushman-scholarship-for-nursing
33845ed0-dbfc-4a73-80b9-87beda2c2012,Convergys Scholarship,2026-04-15,https://bigfuture.collegeboard.org/scholarships/convergys-scholarship
33880b17-9af8-4620-9f23-b21a950edf76,Jocelyn Watkins Scholarship,2026-04-30,https://www.kbcf.org/what-we-do/scholarships-giving-circles-field-of-interest-funds
339b6a1d-b67f-4d7f-a45c-4fa911baec96,Jewish War Veterans National Achievement Scholarship,2026-05-01,https://bigfuture.collegeboard.org/scholarships/jewish-war-veterans-national-achievement-scholarship
339d5715-78a6-4a31-af0f-a095423c8683,"$25,000 ""Be Bold"" No-Essay Scholarship",2026-04-30,https://bold.org/scholarships/the-be-bold-no-essay-scholarship
339f93c2-5c16-495c-8e16-03d028d85b30,ConnectTel Endowed Scholarship,2026-05-01,https://austincc.academicworks.com/opportunities/9993
33b820d4-e785-401e-908f-85df152ac7eb,Margaret E. Oser Scholarship,2026-05-01,https://bigfuture.collegeboard.org/scholarships/margaret-e-oser-scholarship
33c76328-8fde-4f26-95a4-c0438c70208f,TC Energy Scholarship,2026-05-01,https://bigfuture.collegeboard.org/scholarships/tc-energy-scholarship
33daf466-c9a6-47d0-af23-373a8daad882,Holly Burnette Memorial Scholarship,2026-05-01,https://www.fgc.edu/tuition-financial-aid/available-financial-aid/foundation-scholarships.html
33eaa62e-e5ae-45bd-b9de-f76032672942,John C. Flynn Memorial Math Scholarship,2026-04-30,https://bold.org/scholarships/john-c-flynn-memorial-math-scholarship
33eaf455-bc1e-47c0-b75a-a8f8b03701fa,Playmakers Nashville x INSBANK Scholarship,2026-04-10,https://bold.org/scholarships/playmakers-nashville-insbank-scholarship
33f694e8-2ea1-4d05-8f4a-5d097b02532b,Beta Sigma Phi Scholarship,2026-05-01,https://bigfuture.collegeboard.org/scholarships/beta-sigma-phi-scholarship
340f1a38-c97b-4c57-976b-383b85955cdd,The Dr. Leonard F. '54 and Margaret C. (McMaster) '54 Farrey Endowed Scholarship,2026-04-15,https://bigfuture.collegeboard.org/scholarships/the-dr-leonard-f-54-and-margaret-c-mcmaster-54-farrey-endowed-scholarship
341979e2-9665-4f9e-a487-67f443ba7fc7,Rockport Chapter Scholarship,2026-04-15,https://www.texastechalumni.org/s/1422/a22/interior.aspx?sid=1422&gid=1001&pgid=1384
343478c3-7431-41b3-9681-5fb83ca34dda,"Sara Scholarship: Eligibility, Deadline, How to Apply",2026-04-30,https://bigfuture.collegeboard.org/scholarships/sara-scholarship
34421f39-3827-484c-bc89-d71710e0393c,Peierls Foundation Scholarship 2nd year,2026-05-01,https://bigfuture.collegeboard.org/scholarships/peierls-foundation-scholarship-2nd-year
34696c58-3a1c-47bc-933b-d5b6555bb171,Al Sprague Memorial Scholarship of Massachusetts,2026-04-17,https://bigfuture.collegeboard.org/scholarships/al-sprague-memorial-scholarship-of-massachusetts
34787f00-b525-4a0b-9fe7-039982291c0f,Fegan Family Welding Scholarship,2026-05-01,https://bigfuture.collegeboard.org/scholarships/fegan-family-welding-scholarship
347ad298-04cd-4d74-9c05-0fd0adc8bbb9,SUNYFAP Aspirations Scholarship,2026-04-17,https://sunyfap.org/scholarships
347e86b7-8c56-4279-a38d-e5e586b81a1c,CREW Jacksonville Commercial Construction Scholarship,2026-04-15,https://bigfuture.collegeboard.org/scholarships/crew-jacksonville-commercial-construction-scholarship
34856815-1fb5-49af-80d9-6269789ee1cd,"Justin ""The Tank"" Speer Scholarship",2026-05-04,https://bigfuture.collegeboard.org/scholarships/justin-the-tank-speer-scholarship
349e941c-ab10-445a-82ee-442cc00991fb,Unleashable Scholar,2026-04-15,https://bold.org/scholarships/unleashable-scholar
34a71c98-a6dd-42d2-864b-06e952146d21,Farm and Ranch Depot Scholarship Program,2026-05-01,https://www.scholarships.com/scholarships/farm-and-ranch-depot-scholarship-program
34a816aa-e70e-404a-8f53-4247e404d76c,Richard W. Riley Student Support Services Scholarship,2026-04-15,https://bigfuture.collegeboard.org/scholarships/richard-w-riley-student-support-services-scholarship
34b12089-4d71-4dd6-abd4-a868da929629,CalFlowers Scholarship,2026-05-01,https://www.endowment.org/scholarships
34b78f91-de3e-4ba5-a0c8-9e63a410d159,The Dr. Ruth Griffiths Endowed Scholarship,2026-04-15,https://bigfuture.collegeboard.org/scholarships/the-dr-ruth-griffiths-endowed-scholarship
34b8dba3-c809-49bd-a465-f19aad43c7f5,The Barbara (Hickey) '57 O'Brien Scholarship,2026-04-15,https://bigfuture.collegeboard.org/scholarships/the-barbara-hickey-57-obrien-scholarship
34cd3c98-efbc-4715-84d4-e695c2b6ad84,Sara Scholarship USA 2026 Apply,2026-04-30,https://www.scholarships.com/scholarships/sara-scholarship
34d6a74e-45f4-40e7-a7bf-644fb93c611e,Abramson Scholarship,2026-04-08,https://bigfuture.collegeboard.org/scholarships/abramson-scholarship
3521862f-b417-41a8-af7d-a5907a812829,Rose Family Scholarship - Spring,2026-04-15,https://www.jccc.edu/admissions/financial-aid/aid-types/scholarships
352fa239-6efc-41dd-844c-7105360c5974,Mark Rodriguez Memorial Scholarship,2026-05-01,https://bigfuture.collegeboard.org/scholarships/mark-rodriguez-memorial-scholarship
354cf220-579b-479d-a247-d05284fd549b,"Seattle, Washington Chapter Scholarship",2026-04-15,https://www.texastechalumni.org/s/1422/a22/interior.aspx?sid=1422&gid=1001&pgid=1384
357cb0c6-6d95-4ba3-813c-227e1e867a0b,AMS Scholarship Program,2026-04-17,https://www.ams-awma.org/amsscholarship
3589a864-fa05-4c1b-aaf5-010cc9cf1144,E. Kenneth Chipman Memorial Scholarship,2026-05-01,https://bigfuture.collegeboard.org/scholarships/e-kenneth-chipman-memorial-scholarship
3590b723-abf6-4662-9cc4-93ef9e8b21c1,Diane L. Lowe Literacy Scholarship,2026-05-01,https://www.framingham.edu/admissions-aid/cost-aid/types-aid/scholarships
35a93cf0-dd9d-4a1b-af36-e2caa6c2cc3f,Mark Wilkie Memorial Scholarship,2026-04-15,https://bigfuture.collegeboard.org/scholarships/mark-wilkie-memorial-scholarship
35c5e9f3-d734-4e33-8328-addf721a37cc,Virginia W. Danielson Memorial Endowed Scholarship,2026-04-15,https://www.clackamas.edu/admissions-financial-aid/financial-aid-scholarships/scholarships
35e4ec88-b214-43a4-bbe1-f936f9c7d8ed,Christelle Memorial Scholarship,2026-04-15,https://bigfuture.collegeboard.org/scholarships/christelle-memorial-scholarship
35e8481c-6649-4606-a10c-4ae09f0b557f,Matt Fong AAPF Scholarship,2026-04-20,https://bigfuture.collegeboard.org/scholarships/matt-fong-aapf-scholarship
35eaaa6e-6ecc-4a8a-892a-ecd852d5752b,The St. Joe Company Endowed Scholarship / Fellowship,2026-04-15,https://www.unf.edu/coehs/scholarships/list/st-joe-company.html
362de1a9-83c2-4b4e-984d-5fc07c383be2,Oklahoma Cattlemen's Scholarship,2026-05-01,https://www.okcattlemen.org/scholarship-opportunities-menu2
36318b50-8bcf-4b77-818a-2178b81366a9,"The Louise A. Russell, M.S. '70 and Linda A. Russell '83 Scholarship",2026-04-15,https://bigfuture.collegeboard.org/scholarships/the-louise-a-russell-ms-70-and-linda-a-russell-83-scholarship
3634d80b-0118-4758-bf97-0bd1fce6dc7b,HACEMOS Academic Scholarship,2026-05-04,https://www.scholarships.com/scholarships/hacemos-academic-scholarship
363c51d9-cc52-4967-b033-9b993cf17444,Elizabeth R. England Visual Arts Scholarship,2026-04-28,https://scholarshipamerica.org/scholarship/elizabethengland
3654b912-a374-49bd-9fc7-ca60630380d3,David Nelson Jr. Memorial Fund Scholarship,2026-04-30,https://bigfuture.collegeboard.org/scholarships/david-nelson-jr-memorial-fund-scholarship
3655aa81-1e1e-4b2e-a17c-f9be12f40e8b,Golden Bull Achievement Scholarship,2026-04-15,https://bigfuture.collegeboard.org/scholarships/golden-bull-achievement-scholarship
3663c573-96f2-44e5-8b2b-754b57d14948,IESDC Memorial Scholarship,2026-05-01,https://bigfuture.collegeboard.org/scholarships/iesdc-memorial-scholarship
36855ce7-bccb-43a8-ac1b-86c90e7de5b9,Ruppert Scholarship,2026-04-30,https://bigfuture.collegeboard.org/scholarships/ruppert-scholarship
36a61696-fc90-47c0-8fb2-16d65285efb2,Think For Yourself,2026-04-30,https://www.scholarships.com/scholarships/think-for-yourself
36ac75d7-dc9c-4676-89d3-ac249ef84635,Dorothy and Walter Franklin Scholarship,2026-05-01,https://bigfuture.collegeboard.org/scholarships/dorothy-and-walter-franklin-scholarship
36b4e459-a8e0-4232-b5cf-89ced9c70870,Kansas Association of Broadcasters Broadcast Scholarship,2026-05-01,https://kab.net/resources/scholarships
36df7084-56b5-4817-8614-b74c9b3d7b54,Margaret McElhinnie Rotanzi Scholarship,2026-04-24,https://bigfuture.collegeboard.org/scholarships/margaret-mcelhinnie-rotanzi-scholarship
36df81b4-6380-40bf-9d67-fb2e2eaeedf4,H. Ray Taber AEG Founders Scholarship,2026-04-15,https://bigfuture.collegeboard.org/scholarships/h-ray-taber-aeg-founders-scholarship
3715984c-2f09-4cfb-a820-93f6c9191775,Paul Glasgow Memorial ORG Member Scholarship,2026-05-01,https://bigfuture.collegeboard.org/scholarships/paul-glasgow-memorial-org-member-scholarship
37176df7-7670-47d3-9c91-80be71ef1d2a,Denise Scholarship,2026-04-15,https://bigfuture.collegeboard.org/scholarships/denise-scholarship
37244462-fb6c-4cf0-b190-38ac5a649817,Gloria Cabrillo Kawelo Memorial Scholarship,2026-04-17,https://bigfuture.collegeboard.org/scholarships/gloria-cabrillo-kawelo-memorial-scholarship
37424697-cec6-413a-90d7-407da6544a2f,Susan Eason Scholarship for Students with Disabilities,2026-05-01,https://austincc.academicworks.com/opportunities/10080
374606ad-bf1f-4ee0-a394-d47e97b3e53c,Stelios Scholarships,2026-05-03,https://www.mastersportal.com/scholarships/8842/stelios-scholarships.html
37499848-b364-4920-801a-02938edcd9f5,Microwave Theory and Techniques Society Undergraduate/Pre-Graduate Scholarship,2026-04-15,https://bigfuture.collegeboard.org/scholarships/microwave-theory-and-techniques-society-undergraduatepre-graduate-scholarship
374f9b7d-7628-4a61-ab99-2f2a916bda49,The Paul J. Carnazza Scholarship,2026-04-15,https://bigfuture.collegeboard.org/scholarships/the-paul-j-carnazza-scholarship
375ca0ca-d381-4921-93af-e966c8d537f0,Be Great NC Scholarship,2026-04-13,https://bold.org/scholarships/be-great-NC-scholarship
37749710-344c-4973-afe1-68b8b629b7cc,AFCEA War Veterans Scholarship,2026-05-01,https://bigfuture.collegeboard.org/scholarships/afcea-war-veterans-scholarship
379133a7-a3c3-42dd-838e-358a9260fc77,Smith Scholarship eligibility & deadline USA 2026,2026-04-22,https://bigfuture.collegeboard.org/scholarships/marjory-b-and-laurence-p-jim-smith-scholarship
3796388d-4230-49af-8633-8dad29f49819,Aaron Libson Champion of Human Rights Scholarship,2026-04-30,https://bold.org/scholarships/aaron-libson-champion-of-human-rights-scholarship
37969080-3c9d-48eb-b8e2-68de5cb96635,Smith Literary Scholarship,2026-04-22,https://bigfuture.collegeboard.org/scholarships/smith-literary-scholarship
37a9c5a2-1a47-4f71-b4da-26850611cdd0,The Rita E. Cawley '39 Memorial Scholarship,2026-04-15,https://bigfuture.collegeboard.org/scholarships/the-rita-e-cawley-39-memorial-scholarship
37ad3175-e8e4-403a-9756-5bf8f9563445,James L. and Lillian M. Rhodes Endowed Scholarship,2026-05-01,https://austincc.academicworks.com/opportunities/10128
37b8db23-3b0e-45af-80c5-9b2690bfe92c,Out-of-State Tuition Award Eligibility 2026 USA Scholarship,2026-05-01,https://bigfuture.collegeboard.org/scholarships/out-of-state-tuition-award
37bc9fa3-8a89-48f4-bc59-831a6074a463,Elaine Chapin Memorial Scholarship,2026-04-30,https://www.scholarships.com/scholarships/elaine-chapin-memorial-scholarship
37c162d0-ed63-40b1-bea0-84e67a1e9630,Bible Quiz Scholarship,2026-05-01,https://bigfuture.collegeboard.org/scholarships/bible-quiz-scholarship
37c5e8f2-4d58-479a-9eb1-1b5a3d7de1c9,Igniting Paths to Success Scholarship,2026-05-01,https://bigfuture.collegeboard.org/scholarships/igniting-paths-to-success-scholarship
37cc13b3-7748-44c8-8155-5f80c40fbffa,Steve Bayless Undergraduate Scholarship,2026-04-15,https://bigfuture.collegeboard.org/scholarships/steve-bayless-undergraduate-scholarship
37e51c9f-3c10-42d0-9067-5099979f3331,The Columbians College Scholarship Program,2026-05-01,https://bigfuture.collegeboard.org/scholarships/the-columbians-college-scholarship-program
37e54e52-c092-42cd-b797-85a86c5e7178,New Beginnings Immigrant Scholarship,2026-04-30,https://bold.org/scholarships/new-beginnings-immigrant-scholarship
3809fb2f-2aab-4176-93e0-514630713854,Lippey Family Scholarship,2026-04-29,https://bold.org/scholarships/lippey-family-scholarship
380d4469-c5e2-4efb-b2a7-7345d49eab92,The Hundred Club of Broward County Endowed Scholarship,2026-04-15,https://www.unf.edu/udae/awards/endowments.html
3815aaab-604a-485e-823b-714b6670a40a,WCC Employee General Scholarship,2026-05-04,https://bigfuture.collegeboard.org/scholarships/wcc-employee-general-scholarship
383aa220-a99d-4386-80cd-4162b6a38e2f,The Dr. Francis L. Jones Memorial Scholarship,2026-04-15,https://bigfuture.collegeboard.org/scholarships/the-dr-francis-l-jones-memorial-scholarship
383ae220-417c-48f7-bbb6-c6b2557a7294,New Jersey Brain and Spine Healthcare Scholarship,2026-04-10,https://bigfuture.collegeboard.org/scholarships/new-jersey-brain-and-spine-healthcare-scholarship
3858baa8-c680-4527-8832-32f09ed8ca42,VTCA Contractor Scholarship,2026-05-01,https://bigfuture.collegeboard.org/scholarships/vtca-contractor-scholarship
386a389a-15b8-4500-954d-2c21e6e35c21,Faith Hope and Love Jesus College Scholarship,2026-05-01,https://bigfuture.collegeboard.org/scholarships/faith-hope-and-love-jesus-college-scholarship
386e43cb-97f1-4e18-bde7-5a6df6655e84,WiseGeek Women in STEM Scholarship,2026-04-16,https://bigfuture.collegeboard.org/scholarships/wisegeek-women-in-stem-scholarship
3872a158-77c3-424e-8ead-f7dcc69ba777,Kristie's Kids - Loving Arms Around Those Impacted By Cancer Scholarship,2026-04-30,https://bold.org/scholarships/kristies-kids-loving-arms-around-those-impacted-by-cancer-scholarship
388a1fb2-3d47-4983-9b4a-4cab1d220af5,NAEHCY Scholarship,2026-05-01,https://bigfuture.collegeboard.org/scholarships/naehcy-scholarship
38b1df4d-03e0-416f-9cdb-acc8b8a4a47a,Land Development and Construction Industry Endowed Scholarship,2026-05-04,https://bigfuture.collegeboard.org/scholarships/land-development-and-construction-industry-endowed-scholarship
38cc1014-df7e-44e1-8a2a-a73ad018cff4,"Faith Hope and Love Jesus, Inc. College Scholarship",2026-05-01,https://www.scholarships.com/scholarships/faith-hope-and-love-jesus-inc-college-scholarship
38eb96ea-0e7a-47dd-be68-f99faf71a075,Robert T. Desjardins Scholarship,2026-04-22,https://bigfuture.collegeboard.org/scholarships/robert-t-desjardins-scholarship
38fba00a-940a-4784-bf49-8cd94eef44d9,Fairfield County’s Community Foundation Competitive Scholarship Program,2026-04-15,https://scholarship-america-production.saiapply.org/organization/profile/create?applyToClientReturnUrl=https%3A%2F%2Fsai-fccf.saiapply.org%2Fprogram%2Fsai-fccf%2Finfo%3FcycleId%3D1CWEqUr4aE67YoJn97kDMa&clientOrganizationId=1EjQu1Jnetdn18O3TlvtEHLIaE5vJH23uoEl
3911af6e-fb5b-4f7c-812b-599e648583a3,Carol A. Zack Memorial Fine Arts Scholarship,2026-05-01,https://bigfuture.collegeboard.org/scholarships/carol-a-zack-memorial-fine-arts-scholarship
39166d5f-c978-4d58-b107-a3677b391cb3,Ruth Pfeiffer Scholarship,2026-05-01,https://www.framingham.edu/admissions-aid/cost-aid/types-aid/scholarships
392df51d-f7f5-44ad-8e2b-1efcca727239,State of Maine Grant Program,2026-05-01,https://www.scholarships.com/scholarships/state-of-maine-grant-program
3931ee56-c908-41ea-b26b-349d777464ae,W. Frank Webb Memorial Scholarship,2026-04-17,https://bigfuture.collegeboard.org/scholarships/w-frank-webb-memorial-scholarship
393964d9-4c3a-4f2f-aa69-07abe0f26209,Wick Alexander Scholarship,2026-04-15,https://bigfuture.collegeboard.org/scholarships/wick-alexander-scholarship
39419137-fae1-498f-945b-68159215e56f,Beverly Bradford Family Scholarship,2026-04-06,https://bigfuture.collegeboard.org/scholarships/beverly-bradford-family-scholarship
3944ef54-7cd7-4e39-93eb-8ea1db190505,Ruth Clare Yonkee District Scholarship,2026-04-15,https://bigfuture.collegeboard.org/scholarships/ruth-clare-yonkee-district-scholarship
3946e9bc-2d10-48d5-947a-3ab5b15aea91,Josh Peterson Scholarship,2026-04-06,https://bigfuture.collegeboard.org/scholarships/josh-peterson-scholarship
3951a12a-10a2-4786-a11f-5709660e9bd4,Tate Family Scholarship,2026-05-01,https://bigfuture.collegeboard.org/scholarships/tate-family-scholarship
395fc67c-8129-4201-a9ce-55dd954a2560,Cynthia Steury-Lattz Memorial Scholarship,2026-05-01,https://bigfuture.collegeboard.org/scholarships/cynthia-steury-lattz-memorial-scholarship
39790172-243e-4dfb-aafb-61941a3e618a,"Charles W. Frees, Jr. Scholarship",2026-04-13,https://scholarship-america-production.saiapply.org/organization/profile/create?applyToClientReturnUrl=https%3A%2F%2Fsai-frees.saiapply.org%2Fprogram%2Fsai-charleswfreesjr%2Finfo%3FcycleId%3D1CXoHiCS5QgNuyf2dDrFy3&clientOrganizationId=oteCrfiTg7o6TeU01-p5TjZI7cYiUNKJzf1-
39854d29-bbee-459f-90af-a114720bcb11,"John Ennen, Jr. Memorial Scholarship",2026-05-01,https://bigfuture.collegeboard.org/scholarships/john-ennen-jr-memorial-scholarship
399d2416-1717-4482-9a52-dcb39289b272,National Federation of the Blind of Colorado Scholarship,2026-04-15,https://www.nfbco.org/scholarships
39a9d911-a4b5-49df-9f1d-e28c723020c4,Dr. James Sorce Construction Management Scholarship,2026-04-15,https://bigfuture.collegeboard.org/scholarships/dr-james-sorce-construction-management-scholarship
39ca9e2c-f6b7-46d3-8482-ab37baa112ba,"Diabetes, Incorporated College Scholarship",2026-04-15,https://bigfuture.collegeboard.org/scholarships/diabetes-incorporated-college-scholarship
39d29ab5-28e9-4944-a725-5151aadf642d,Street Masters Scholarship,2026-04-15,https://bigfuture.collegeboard.org/scholarships/street-masters-scholarship
39f164f0-4230-4938-a21a-5f6936fb703e,Don Schmidt Scholarship,2026-05-02,https://www.scholarships.com/scholarships/don-schmidt-scholarship
3a02145b-812d-403c-8c5c-93a673b28793,Dairy Shrine Student Recognition Award for Seniors,2026-04-15,https://bigfuture.collegeboard.org/scholarships/dairy-shrine-student-recognition-award-for-seniors
3a132555-be5f-4c0c-9e7c-032d7f2e6f06,Purina Animal Nutrition Scholarship,2026-04-16,https://scholarship-america-production.saiapply.org/organization/profile/create?applyToClientReturnUrl=https%3A%2F%2Fsai-lol.saiapply.org%2Fprogram%2Fsai-purina%2Finfo%3FcycleId%3D1CYRG7zwyeCkBFqDy3d1NB&clientOrganizationId=fnBB52iy96Uu30KMsFOOq-hEsoBsKfvzRb3d
3a3d6718-d6f4-4e98-ad7a-0d62a7e427ca,Jim Hutson Scholarship,2026-04-23,https://bold.org/scholarships/jim-hutson-scholarship
3a6f4275-350c-4cb8-adce-1a54422e3274,Billings Section SPE College Scholarship,2026-04-22,https://bigfuture.collegeboard.org/scholarships/billings-section-spe-college-scholarship
3a81e13b-06c2-4f12-9587-6ac8d9318ed9,Elmer and Bonnie Gilbert Scholarship,2026-05-01,https://bigfuture.collegeboard.org/scholarships/elmer-and-bonnie-gilbert-scholarship
3a95a6c6-2cf2-462e-abe9-7dce332f43c0,"Undergraduate Research Grants, 2022, Psi Chi, US",2022-10-15,https://www.psichi.org/page/undergradresinfo
3a9e4469-7ea0-44d0-9397-a47cd10c3269,Ronald and Betty Thomas Educational Scholarship,2026-05-03,https://bold.org/scholarships/ronald-and-betty-thomas-educational-scholarship
3ab26814-7381-4b19-9094-2d0386b1f5d5,Buddy Daye Scholarship,2026-04-30,https://cfns.ca/buddydayescholarshipfund
3ab8e406-f269-40e7-b6dd-7ba7338eacd6,The Vera Dowden Baldwin Scholarship,2026-04-15,https://bigfuture.collegeboard.org/scholarships/the-vera-dowden-baldwin-scholarship
3ac0320c-1679-4c94-aed5-d28dd16fa49d,Richard R. Yohnka Fine Arts Scholarship,2026-05-01,https://bigfuture.collegeboard.org/scholarships/richard-r-yohnka-fine-arts-scholarship
3ac45c67-85db-42c8-92d7-8f7dd2c135bf,Tuolumne Medical Auxiliary/Connie Leonard Nursing Scholarship,2026-04-15,https://bigfuture.collegeboard.org/scholarships/tuolumne-medical-auxiliaryconnie-leonard-nursing-scholarship
3ade1c23-12fa-46a5-a448-b31d5069c553,Bay Area Minority Law Student Scholarship,2026-05-02,https://www.scholarships.com/scholarships/bay-area-minority-law-student-scholarship
3ae21dbd-4bdd-4af0-9e4e-6977425822ac,The North Alabama Dietetic Association Scholarship,2026-04-15,https://bigfuture.collegeboard.org/scholarships/the-north-alabama-dietetic-association-scholarship
3ae9db68-84e7-4bf1-a96a-46fdda279f20,Jack L. Stephens Graduate Scholarship,2026-05-04,https://bigfuture.collegeboard.org/scholarships/jack-l-stephens-graduate-scholarship
3aea2196-9bf2-4432-a04d-6b16ccb9a10e,Centuri Scholarship,2026-05-01,https://bigfuture.collegeboard.org/scholarships/centuri-scholarship
3af909ed-17af-4ec3-a836-68a5df758880,Washington Thoroughbred Foundation Scholarship Deadline 2026 USA,2026-05-01,https://bigfuture.collegeboard.org/scholarships/washington-thoroughbred-foundation-scholarship
3b12b4c8-d9db-4581-aeaf-33ec27e42ff6,ABM Education Services Scholarship Guide 2026,2026-04-15,https://bigfuture.collegeboard.org/scholarships/abm-education-services-scholarship
3b39c707-98a3-4f1c-8c19-dfd4e661dba2,The Katie L. Fleet Memorial Scholarship,2026-04-15,https://bigfuture.collegeboard.org/scholarships/the-katie-l-fleet-memorial-scholarship
3b4908bf-3bf2-45f9-bcb3-94048debbe72,Community Council of Idaho Hispanic Student Scholarship,2026-04-15,https://bigfuture.collegeboard.org/scholarships/community-council-of-idaho-hispanic-student-scholarship
3b709d5e-ad75-410a-9e74-fe8b5978fbb0,Robert C. Hughes Memorial Scholarship,2026-04-15,https://bigfuture.collegeboard.org/scholarships/robert-c-hughes-memorial-scholarship
3b9bdc0f-cba2-4512-abdc-10f3a48207bc,Ira Rosenzwog Scholarship,2026-05-01,https://www.scholarships.com/scholarships/ira-rosenzwog-scholarship
3b9df446-36b9-4e03-8129-53d940e26928,Robert and Margaret Pulliam Scholarship,2026-04-15,https://bigfuture.collegeboard.org/scholarships/robert-and-margaret-pulliam-scholarship
3bb67362-4f84-4563-8111-d53363d38aa2,Iowa Sheep Industry Association Scholarship,2026-04-15,https://bigfuture.collegeboard.org/scholarships/iowa-sheep-industry-association-scholarship
3bbe20c4-0034-4e9a-a916-c4e780f0141b,American Institute of Steel Construction/Rocky Mountain Steel Construction Association Scholarship,2026-05-01,https://bigfuture.collegeboard.org/scholarships/american-institute-of-steel-constructionrocky-mountain-steel-construction-association-scholarship
3c2844e5-a0fe-4150-834e-b78f9d580dbc,PAGE Support Personnel Scholarship,2026-05-01,https://bigfuture.collegeboard.org/scholarships/page-support-personnel-scholarship
3c3eaf53-f317-434b-9e84-fea34a89af0b,Shasta County Cattlemen's Association Scholarship,2026-04-15,https://bigfuture.collegeboard.org/scholarships/shasta-county-cattlemens-association-scholarship
3c66fb35-3dcf-42b9-ad98-3a377c23b01f,LaMonica Family Scholarship,2026-05-01,https://bigfuture.collegeboard.org/scholarships/lamonica-family-scholarship
3c6a1c09-cd12-49b6-b98c-a256f8a643f9,All-Star College Scholarship Deadline 2026 USA,2026-05-01,https://bigfuture.collegeboard.org/scholarships/all-star-college-scholarship
3c6dab1e-fbc4-4a30-a33e-88d116eeca7a,Jeanne McPherson Stansell Memorial Scholarship,2026-04-15,https://bigfuture.collegeboard.org/scholarships/jeanne-mcpherson-stansell-memorial-scholarship
3c826b79-72a0-4625-bbc5-d87134d097f6,Beatrice McEwen Scholarship,2026-04-22,https://bigfuture.collegeboard.org/scholarships/beatrice-mcewen-scholarship
3c887757-d3ed-49b5-851e-ebf8bd922d4b,Ralph and Dotte Francis Memorial Scholarship,2026-04-15,https://bigfuture.collegeboard.org/scholarships/ralph-and-dotte-francis-memorial-scholarship
3ccacc2b-6d89-47b8-90a6-9015dbd9d063,Peppy Moldovan Memorial Award USA 2026 Apply,2026-04-24,https://www.scholarships.com/scholarships/peppy-moldovan-memorial-award
3cf54f84-c45b-4664-9888-a629b9941085,Schuette Family Foundation Scholarship,2026-04-08,https://bigfuture.collegeboard.org/scholarships/schuette-family-foundation-scholarship
3cfc6eed-0062-462e-9984-5bec9feceecb,West Virginia National Guard Scholarship Deadline 2026 USA,2026-05-01,https://bigfuture.collegeboard.org/scholarships/west-virginia-national-guard-educational-encouragement-scholarship
3d210024-ae29-438c-850e-dc3f37a39e1e,Biotechnology Scholarship for First Generation Scientists,2026-04-30,https://bigfuture.collegeboard.org/scholarships/biotechnology-scholarship-for-first-generation-scientists
3d2201a5-be40-49ae-94ea-ed579badb97d,Strength in Adversity Scholarship,2026-04-21,https://bold.org/scholarships/strength-in-adversity-scholarship
3d25d890-5d08-48ba-8991-5ee113ded9ab,Skip Thavenet Scholarship,2026-04-22,https://bigfuture.collegeboard.org/scholarships/skip-thavenet-scholarship
3d347806-79fa-412f-b2a6-87ae50645484,Certified Angus Beef/NJAA Scholarship,2026-05-01,https://bigfuture.collegeboard.org/scholarships/certified-angus-beefnjaa-scholarship
3d5fd3e1-fdad-45fd-8545-d1cda6eabcc9,TANF College Scholarship,2026-04-27,https://www.scholarships.com/scholarships/tanf-college-scholarship
3d69cff2-aaa3-4667-a5ef-5fb24780ecb1,John J. Swalec Jr. President's Achievement Scholarship,2026-05-04,https://waubonsee.academicworks.com/opportunities/1508
3d6aa23e-5288-42f0-986d-f5ab25989739,The Karanja-Kamiri Family Scholarship,2026-04-15,https://bigfuture.collegeboard.org/scholarships/the-karanja-kamiri-family-scholarship
3d771244-a91d-4d3a-a641-a6d32d3ffe62,Raymond M. Higa Memorial Scholarship,2026-04-17,https://bold.org/scholarships/raymond-m-higa-memorial-scholarship
3da39657-7e4b-4961-a2ce-f7cfa065d5a3,Laura B. Seder Memorial Scholarship,2026-04-22,https://bigfuture.collegeboard.org/scholarships/laura-b-seder-memorial-scholarship
3da6adfd-0802-4812-9dad-f5d3ff26a59e,SCAPHON Childhood Hematology Survivor Scholarship,2026-04-15,https://bigfuture.collegeboard.org/scholarships/scaphon-childhood-hematology-survivor-scholarship
3dac70ea-23e8-49f0-8567-55faf9bd3a76,"Legal Career Scholarship in Honor of Jettie Newkirk, Esq.",2026-04-24,https://bigfuture.collegeboard.org/scholarships/legal-career-scholarship-in-honor-of-jettie-newkirk-esq
3db7396a-abb2-4819-aefe-0f3d133d4c04,Elida Stephenson Memorial Endowed Scholarship,2026-05-01,https://www.fgc.edu/tuition-financial-aid/available-financial-aid/foundation-scholarships.html
3dda9b9f-20ea-41f8-8615-10e9ee24b371,Earl E. and Marie M. Smith Educational Memorial Fund,2026-04-23,https://scholarship-america-production.saiapply.org/organization/profile/create?applyToClientReturnUrl=https%3A%2F%2Fsai-pnc.saiapply.org%2Fprogram%2Fsai-emsmithscholarship%2Finfo%3FcycleId%3D1CYGJEBycgCfrMsTtcwPY1&clientOrganizationId=YlhFpubIDFhYt5WeRFBFUB0ekA0f7pawDkEy
3df574b0-76a0-493a-90b2-25419f83f372,Lula Faye Clegg Memorial Scholarship,2026-05-01,https://www.fftc.org/scholarships
3dfa6299-3e6a-49a0-b1c2-47bc957b21e4,President’s Leadership Fellows Program,2026-04-12,https://bigfuture.collegeboard.org/scholarships/presidents-leadership-fellows-program
3e2a3e97-6f15-40fc-98fc-dc03e665ecc3,Michigan Nurses Foundation Scholarships,2026-05-01,https://www.scholarships.com/scholarships/michigan-nurses-foundation-scholarships
3e2bb2a7-d635-4824-911d-7dca8577fa1e,Amirah and Punitha Jonadoss and Amel and Adil Tobaa Endowed Scholarship,2026-05-01,https://bigfuture.collegeboard.org/scholarships/amirah-and-punitha-jonadoss-and-amel-and-adil-tobaa-endowed-scholarship
3e36caf2-a94d-49f7-9754-a2cd1bffeb1a,Stanley and Ann Trusk Scholarship,2026-05-01,https://www.nova.edu/sbin/report/scholarships/schlr-srch-params.cgi?category=Institutional&level=Undergraduate
3e466f59-33f1-4a39-85a1-3cb54312eaf4,Jerry G Memorial STEM Scholarship,2026-05-01,https://bigfuture.collegeboard.org/scholarships/jerry-g-memorial-stem-scholarship
3e56c6c0-edb5-4743-8f5c-a092cb2e15b6,Maureen Bushman Scholarship for Education,2026-05-01,https://bigfuture.collegeboard.org/scholarships/maureen-bushman-scholarship-for-education
3e60cc4d-710b-48fe-a7f3-bae40254eddb,RILBMDA Memorial Scholarship,2026-05-01,https://bigfuture.collegeboard.org/scholarships/rilbmda-memorial-scholarship
3e6d1877-87ee-423d-98cc-cdcbb082e266,Freshman Engineering Scholarship Eligibility 2026 USA,2026-05-01,https://bigfuture.collegeboard.org/scholarships/freshman-engineering-scholarship
3e771846-c6f9-4934-bda4-1137920c94e2,"W.R. ""Peck"" Young Endowed Scholarship",2026-05-01,https://austincc.academicworks.com/opportunities/9719
3e89573e-9493-4f92-b58f-6896f50b9988,Janet Bodie Memorial Scholarship,2026-05-04,https://bigfuture.collegeboard.org/scholarships/janet-bodie-memorial-scholarship
3e9e8fb7-5cf7-4e17-9131-4bac17b8cb01,Lyle & Jean Burrichter and Sharon Burrichter-Votaw Memorial Nursing Scholarship,2026-05-04,https://bigfuture.collegeboard.org/scholarships/lyle--jean-burrichter-and-sharon-burrichter-votaw-memorial-nursing-scholarship
3ea9b4aa-8bbb-4e94-999a-575b35993b83,Illinois Engineering Initiative Scholarship,2026-04-24,https://www.scholarships.com/scholarships/illinois-engineering-initiative-scholarship
3ec75a53-ea74-4f4b-96d7-2ef687b57efa,Jefferson Foundation Bravo Grant,2026-04-15,https://bigfuture.collegeboard.org/scholarships/jefferson-foundation-bravo-grant
3ee055e3-bdb2-4694-bd7e-8d6164089b60,Mountainside Brighter Future College Scholarship,2026-05-01,https://bigfuture.collegeboard.org/scholarships/mountainside-brighter-future-college-scholarship
3f09aec0-099d-4ffa-aae9-b4df7ed8a722,Jack and Helen Benjamin Scholarship,2026-05-01,https://cfsjc.org/students-and-families/scholarships/jack-helen-benjamin-scholarship
3f131465-db47-45d1-bb61-445baf2c40fd,"Philadelphia, Pennsylvania Chapter Scholarship",2026-04-15,https://www.texastechalumni.org/s/1422/a22/interior.aspx?sid=1422&gid=1001&pgid=1384
3f3a710f-e147-4956-9ad1-178cfcf3de4a,Henry J. Opperman Scholarship,2026-04-10,https://bigfuture.collegeboard.org/scholarships/henry-j-opperman-scholarship
3f660717-2970-4f8a-bd32-a43c5f2ace4f,Middle Eastern Studies Scholarship,2026-04-29,https://umass.academicworks.com/opportunities
3f6c0656-3e34-425a-bf58-7e99c03cc91a,General Education Scholarship,2026-04-23,https://bigfuture.collegeboard.org/scholarships/general-education-scholarship
3f8b7066-c62d-4ad7-ae66-74592d25b2e0,Henry O. Peabody Scholarship Program Guide,2026-04-17,https://scholarship-america-production.saiapply.org/organization/profile/create?applyToClientReturnUrl=https%3A%2F%2Fsai-peabody.saiapply.org%2Fprogram%2Fsai-peabody%2Finfo%3FcycleId%3D1CXBqYYVUn9ib1gtZufCo3&clientOrganizationId=uikxpghqF1jwsi7oAvniCRg4TyD5XpyGaJPk
3f8d4648-e181-43b8-9c37-a24a9e610bbb,Don Lumadue Scholarship,2026-04-22,https://bigfuture.collegeboard.org/scholarships/don-lumadue-scholarship
3faca6d1-849d-4700-87df-cce6d8082d49,Dr. Syngman Rhee Scholarship Guide 2026,2026-04-30,https://www.scholarships.com/scholarships/dr-syngman-rhee-scholarship
3fd17834-0b91-4816-abac-55684faa33b2,Odenza Vacations  College Scholarship,2026-05-01,https://bigfuture.collegeboard.org/scholarships/odenza-vacations--college-scholarship
3fdf7030-a2b0-4fb6-b350-4bec6dc73725,AIANTA Tourism & Hospitality Scholarship,2026-04-24,https://www.scholarships.com/scholarships/aianta-tourism-and-hospitality-scholarship
40009ceb-a1ad-4ba1-a99a-c7935cba6410,Woman's Club of Aurora General Scholarship,2026-05-04,https://bigfuture.collegeboard.org/scholarships/womans-club-of-aurora-general-scholarship
400df746-6039-415f-8681-bee5b3ab30b0,Town and Gown Council Endowed Scholarship,2026-04-19,https://bigfuture.collegeboard.org/scholarships/town-and-gown-council-endowed-scholarship
401045a9-9e61-45d7-b1e5-847fab8b8583,Florida Gateway College EMS Scholarship,2026-05-01,https://www.fgc.edu/tuition-financial-aid/available-financial-aid/foundation-scholarships.html
401f3db6-4138-4493-81eb-97f37fd6fe18,Larry K. Stephenson Scholarship,2026-04-06,https://bigfuture.collegeboard.org/scholarships/larry-k-stephenson-scholarship
402dc608-d63d-445a-b912-da85e19c2201,Stasny-Siegmund Scholarship,2026-05-01,https://bigfuture.collegeboard.org/scholarships/stasny-siegmund-scholarship
40638479-2622-4cd1-ae19-00caef650d0c,Territory Scholarship,2026-04-15,https://bigfuture.collegeboard.org/scholarships/territory-scholarship
40a734c0-d19e-4da9-b6f5-5df30f46063e,Vern Johnson Scholarship,2026-05-01,https://bigfuture.collegeboard.org/scholarships/vern-johnson-scholarship
40b5cc2e-b441-4c8a-8a73-3a1311df1e67,Steve Parker Memorial Scholarship,2026-04-17,https://bigfuture.collegeboard.org/scholarships/steve-parker-memorial-scholarship
40c0cc9d-96af-48b9-a7c1-c954f7ed3c4b,P.J. & Nick Patel Endowed Scholarship,2026-05-01,https://www.fgc.edu/tuition-financial-aid/available-financial-aid/foundation-scholarships.html
40d15036-7a7f-4823-9918-5004726e41ec,Dr. Herbert Phillips/Lake City Rotary Club Scholarship,2026-05-01,https://www.fgc.edu/tuition-financial-aid/available-financial-aid/foundation-scholarships.html
40d16f3a-05b2-47ba-9d43-a34a26910693,W.B. (Dub) Rushing Scholarship in Math,2026-04-15,https://texastechalumni.academicworks.com/
40e680c1-8eb1-4c38-81fd-61fb11b16212,Quad County Urban League Scholarship,2026-05-04,https://bigfuture.collegeboard.org/scholarships/quad-county-urban-league-scholarship
41245abe-047a-478b-84d7-a4fa83480b3e,Friends of Richton Park Bill Fleming Scholarship,2026-04-25,https://www.scholarships.com/scholarships/friends-of-richton-park-bill-fleming-scholarship
412c135c-a6ae-4ec9-9ed1-c188662bf272,Henry and Lenore A. Klossen Memorial Endowed Scholarship,2026-04-15,https://www.clackamas.edu/admissions-financial-aid/financial-aid-scholarships/scholarships
413981a8-761f-459d-a544-dd3cc8267900,Psy. D. Multicultural Scholarship,2026-04-20,https://www.nova.edu/sbin/report/scholarships/schlr-srch-params.cgi?category=Institutional&level=Undergraduate
415036e3-6242-428e-b141-86f944ff7c5a,Mary Ann Thompson Memorial Science Scholarship,2026-05-04,https://bigfuture.collegeboard.org/scholarships/mary-ann-thompson-memorial-science-scholarship
41593de2-6bf0-40cb-8508-6fd157de07bd,Martha Barnes Scholarship for Young Women,2026-04-15,https://bigfuture.collegeboard.org/scholarships/martha-barnes-scholarship-for-young-women
415d7c95-163c-45bc-b085-9df240df4287,Jason Baker Memorial Endowed Scholarship,2026-04-15,https://www.clackamas.edu/admissions-financial-aid/financial-aid-scholarships/scholarships
416f9209-0e55-41d2-a732-03dcf8fe30cb,Cordogan Clark Architects Scholarship,2026-05-04,https://bigfuture.collegeboard.org/scholarships/cordogan-clark-architects-scholarship
4172507e-37c4-4fb2-91bd-7265cc8c6ba3,Peters Foundation Scholarship Eligibility and Deadline,2026-05-01,https://www.scholarships.com/scholarships/peters-foundation-scholarship
4180e52b-76e0-4b82-80ac-faad1d7fb918,KC R. Sandidge Photography Scholarship,2026-04-30,https://bold.org/scholarships/kc-r-sandidge-photography-scholarship
418ce780-1660-4ec0-bd98-07f941afdc2b,Marie Humphries Memorial Scholarship,2026-04-16,https://bold.org/scholarships/marie-humphries-memorial-scholarship
41c6d8ee-5c06-4e22-aa19-b29c9d87129d,Hand Up Endowed Scholarship,2026-05-01,https://bigfuture.collegeboard.org/scholarships/hand-up-endowed-scholarship
41d2f7bb-b83e-4e85-b8ca-32d8523256aa,"FUEL Scholarship: Eligibility, Deadline, Application",2026-05-01,https://www.scholarships.com/scholarships/fuel-scholarship
41e07180-1136-4019-8ec4-127e5c88b8f9,Maine Grocers & Food Producers Association Scholarship,2026-04-30,https://www.scholarships.com/scholarships/maine-grocers-and-food-producers-association-scholarship
41ff4d9a-f8a2-44b8-95e9-be58cfcc0cbd,Patricia M. Sullivan Scholarship,2026-04-15,https://bigfuture.collegeboard.org/scholarships/patricia-m-sullivan-scholarship
421a8ee8-841c-4c4a-a4ef-70c46c4daba2,The Sarah E. Sharbach Memorial Scholarship,2026-04-15,https://bigfuture.collegeboard.org/scholarships/the-sarah-e-sharbach-memorial-scholarship
421d4fc7-47b2-4360-a88b-29411b5b622e,Bernowski Scholarship Trust Fund,2026-04-23,https://scholarship-america-production.saiapply.org/organization/profile/create?applyToClientReturnUrl=https%3A%2F%2Fsai-pnc.saiapply.org%2Fprogram%2Fsai-bernowski%2Finfo%3FcycleId%3D1CYRNhZ8EqMJkLmcJasEio&clientOrganizationId=YlhFpubIDFhYt5WeRFBFUB0ekA0f7pawDkEy
42340ac6-59e0-40af-8fe7-b9b5a92fac59,Baby360 Nursing Scholarship USA 2026 Apply,2026-04-30,https://www.scholarships.com/scholarships/baby360-nursing-scholarship
424b4ea5-ad4f-4c6b-8106-1b461a7b6a78,Shida Family Endowed Scholarship,2026-05-01,https://bigfuture.collegeboard.org/scholarships/shida-family-endowed-scholarship
4267aa32-cdc9-4173-b92f-5d07514340b8,Margaret and Edward Sharpe Scholarship Guide,2026-04-15,https://bigfuture.collegeboard.org/scholarships/margaret-and-edward-sharpe-scholarship
426f6883-d473-4b2b-b7d3-22baebd1dd9e,Percy and Laura Conrad Memorial Scholarship,2026-04-15,https://bigfuture.collegeboard.org/scholarships/percy-and-laura-conrad-memorial-scholarship
4272393c-a5cc-4971-921e-796de8dc460b,James E. Meier Memorial Award,2026-05-04,https://bigfuture.collegeboard.org/scholarships/james-e-meier-memorial-award
428b2261-2484-4089-a485-8d477e60c87b,Sylvia Davis Stambaugh Memorial Scholarship,2026-05-01,https://www.fgc.edu/tuition-financial-aid/available-financial-aid/foundation-scholarships.html
428bff3c-2913-48bb-aae0-fbee020e94e6,"Ray Pellegrini ""Reach for the Stars"" Scholarship",2026-04-29,https://bigfuture.collegeboard.org/scholarships/ray-pellegrini-reach-for-the-stars-scholarship
42a09e70-960c-49ed-a52f-fc5da6c59ca4,NJAA Alumni and Friends Scholarship,2026-05-01,https://www.angus.org/foundation/apply-for-scholarships/njaa-scholarships
42b3014e-3a9e-449d-a16e-0756590d6864,Matthew Shepard Memorial Scholarship,2026-04-15,https://bigfuture.collegeboard.org/scholarships/matthew-shepard-memorial-scholarship
42b4a17c-a591-475d-bc2c-07f6cfc9be7b,Diagnostic Radiology Endowed Scholarship,2026-05-01,https://bigfuture.collegeboard.org/scholarships/diagnostic-radiology-endowed-scholarship
42be8918-20a0-4f20-b280-686fb5ddf05a,1000 Bold Points No-Essay Scholarship,2026-04-30,https://bold.org/scholarships/bold-org-1000-points-no-essay-scholarship
42c2fe70-2975-4b43-afc4-20ed29e83554,Martin Luther King Scholarship,2026-04-14,https://rifoundation.org/grants-scholarships/browse-scholarships
42ec4e05-a6f3-4583-b947-c6eaea5ff5fc,Larry W. Carter Scholarship,2026-05-01,https://www.desmoinesfoundation.org/your-giving/charitable-giving-funds/scholarship-funds/larry-w-carter-scholarship
42ed3264-02a1-4f1e-a16c-1a99d805a8e9,Washington State Business and Professional Women's Foundation Single Parent Scholarship,2026-05-01,https://bigfuture.collegeboard.org/scholarships/washington-state-business-and-professional-womens-foundation-single-parent-scholarship
43230303-c3a2-405a-8b6a-0344f731d4fc,IOE Centenary Doctoral Scholarships,2026-05-04,https://www.scholars4dev.com/24483/ioe-ish-centenary-doctoral-scholarships
43305931-28cb-45b7-9e57-ba51e994b8b2,Alaska Chapter SWANA Scholarship,2026-05-01,https://bigfuture.collegeboard.org/scholarships/alaska-chapter-swana-scholarship
4332506c-2805-4391-9d59-e0c2685c1411,Salute to Scholars Program for Military Veterans and Spouses,2026-05-01,http://www.jacksoninaction83.org/salute-to-scholars
43406ab6-ca26-40f3-a38d-85b11d18ef1a,Installed Building Products Building for Tomorrow Scholarship,2026-05-01,https://bigfuture.collegeboard.org/scholarships/installed-building-products-building-for-tomorrow-scholarship
4351aa02-0bdf-492c-98e0-7e2858d44dce,George P. Letz (Fitch) Scholarship,2026-04-22,https://bigfuture.collegeboard.org/scholarships/george-p-letz-fitch-scholarship
43538c04-9835-445c-a3a2-f49f8e7a231e,Gearheads Scholarship,2026-05-01,https://bigfuture.collegeboard.org/scholarships/gearheads-scholarship
43559d3b-e3d0-4dc4-8ecc-3bb2e352c5eb,Arthur E. and Margaret D. Gravatt Memorial Endowed Scholarship,2026-04-15,https://www.clackamas.edu/admissions-financial-aid/financial-aid-scholarships/scholarships
4357f059-0d09-4ff5-8742-d36c2f5d9a3c,Scott Richards Memorial Scholarship,2026-04-30,https://www.scholarships.com/scholarships/scott-richards-memorial-scholarship
436e5207-f6e3-4826-91c5-54bb4960aeb7,Illinois Health Improvement Association (IHIA) Healthcare Scholarship,2026-05-04,https://bigfuture.collegeboard.org/scholarships/illinois-health-improvement-association-ihia-healthcare-scholarship
4398bc3d-2a75-4dc4-a3df-7af29a55f351,OCF Joseph E. Weston Public Foundation Scholarship,2026-04-15,https://www.clackamas.edu/admissions-financial-aid/financial-aid-scholarships/scholarships
439bd2be-22a4-4332-a452-7b0c0bb76b1c,Wyoming Grand Lodge Scholarship Guide 2026,2026-05-01,https://bigfuture.collegeboard.org/scholarships/wyoming-grand-lodge-scholarship
43a1c46e-b2f1-4ac8-83b5-de79505d25ef,"Thomas M. Britt, Jr. Scholarship",2026-04-30,https://bigfuture.collegeboard.org/scholarships/thomas-m-britt-jr-scholarship
43a77962-0c05-4395-b905-cbf294fa11c5,Viola A. and Henry W. Turner Scholarship,2026-04-22,https://bigfuture.collegeboard.org/scholarships/viola-a-and-henry-w-turner-scholarship
43dcee6f-9d50-42d9-a872-4a1435936e4a,The Dimmick Family Scholarship,2026-04-15,https://bigfuture.collegeboard.org/scholarships/the-dimmick-family-scholarship
43dd3374-376a-4cbb-b1eb-f93de1901247,Anna Miller Saint Endowed Scholarship,2026-04-15,https://bigfuture.collegeboard.org/scholarships/anna-miller-saint-endowed-scholarship
43ea745f-d7ec-452a-9fe1-ce6a004fb9d1,Business Technology Association Scholarship Foundation Scholarship,2026-05-01,https://bigfuture.collegeboard.org/scholarships/business-technology-association-scholarship-foundation-scholarship
43fe7cf4-2650-43cf-be75-7fb2beac45f1,Fort Lauderdale Alumnae Panhellenic Scholarship,2026-04-30,https://www.cfbroward.org/receive/community-foundation-administered-scholarships
44005feb-f75b-4592-9453-719905201c21,Iowa Junior Angus Association Scholarship,2026-05-01,https://www.angus.org/foundation/apply-for-scholarships/njaa-scholarships
44011580-6670-4d11-8850-61fea33308af,Dr. John H. & Mildred Beggs Allied Health Endowed Scholarship,2026-05-01,https://www.fgc.edu/tuition-financial-aid/available-financial-aid/foundation-scholarships.html
4411b57a-71d7-4936-9565-1542a0c37124,Australia Awards Scholarships,2026-05-04,https://www.mastersportal.com/scholarships/3248/australia-awards-scholarships.html
44376c36-8fec-4ac7-8244-1f2837d3da03,Upakar Scholarship eligibility and deadline 2026 USA,2026-04-30,https://bigfuture.collegeboard.org/scholarships/upakar-scholarship
44390256-2e22-4ea8-a54d-d8a119358a0f,Walter S. Kapala Scholarship,2026-04-22,https://bigfuture.collegeboard.org/scholarships/walter-s-kapala-scholarship
443fa480-db91-4e27-8646-71859db1802b,Forcura Computing Scholarship,2026-04-15,https://bigfuture.collegeboard.org/scholarships/forcura-computing-scholarship
44443f45-d718-46d3-986b-ce8e6cb0424e,Donald E. Green Scholarship for Business and Public Service,2026-05-01,https://bigfuture.collegeboard.org/scholarships/donald-e-green-scholarship-for-business-and-public-service
4450c961-1c4d-40fd-b175-ffd60ec85f5e,OSA Memorial Scholarship,2026-04-15,https://bigfuture.collegeboard.org/scholarships/osa-memorial-scholarship
445f2bdb-c093-4105-b0f3-ebb3e5f34b73,Huntington Bank Scholarship,2026-04-29,https://bigfuture.collegeboard.org/scholarships/huntington-bank-scholarship
44692c45-e816-4b19-bc73-1348e9ab9fd2,VABA Aviation Scholarship,2026-05-01,https://www.scholarships.com/scholarships/vaba-aviation-scholarship
44835764-cc26-4b7c-96f4-a67e8ad19894,HAI Group Resident Scholarship Deadline 2026 USA,2026-04-30,https://bigfuture.collegeboard.org/scholarships/hai-group-resident-scholarship
449f908d-8f66-400d-a9fc-d22bc5ee18c5,Hal Leonard Collegiate Scholarship,2026-04-15,https://bigfuture.collegeboard.org/scholarships/hal-leonard-collegiate-scholarship
44a24c53-b54e-419e-8acd-05a1fa806e6b,The Vincent R. DeBenedictis Memorial Scholarship,2026-04-15,https://bigfuture.collegeboard.org/scholarships/the-vincent-r-debenedictis-memorial-scholarship
44ba0046-5bab-459e-8f8f-a61a632fc615,Dr. Paul Schreiber Endowed Scholarship,2026-05-01,https://austincc.academicworks.com/opportunities/9872
44cc59fa-9bcb-45e4-a8ee-abe8268f3c6f,Public Relations Scholarship USA 2026 Apply,2026-04-30,https://www.scholarships.com/scholarships/public-relations-scholarship
44d1f642-6600-4ea5-9f6c-885280e1f1d1,Anthony Muñoz Scholarship Fund,2026-04-24,https://www.scholarships.com/scholarships/anthony-mu%C3%B1oz-scholarship-fund
44da0c27-4cf3-4bc8-8ace-d2aaa319a4e3,Guada-Coma ICA Scholarship,2026-04-17,https://www.icatexas.com/forms-links
44e31b3c-b93b-4f4b-a147-c7bedb6d8988,Support Creativity Undergraduate Scholarship,2026-04-30,https://bigfuture.collegeboard.org/scholarships/support-creativity-undergraduate-scholarship
44e3bb8a-7f69-4a02-96fb-f2da6b4e2f63,Tang Scholarship eligibility and deadline 2026 USA,2026-04-30,https://bigfuture.collegeboard.org/scholarships/the-tang-scholarship
45201f28-1020-45ba-8eeb-5b668f74df0e,Thomas and Candace Doyle Scholarship,2026-04-15,https://bigfuture.collegeboard.org/scholarships/thomas-and-candace-doyle-scholarship
45286da2-f276-42a2-afe6-59912f084782,Amy E. Ray Memorial Scholarship,2026-04-17,https://www.fftc.org/scholarships
453d667e-c0b8-497c-b840-19eecaaf3108,Arizona Nursery Association Foundation Scholarship,2026-04-30,https://bigfuture.collegeboard.org/scholarships/arizona-nursery-association-foundation-scholarship
454e2076-edca-4635-bc4a-140a2b5967ca,Charles Shelton Foundation Scholarship,2026-04-15,https://bigfuture.collegeboard.org/scholarships/charles-shelton-foundation-scholarship
4556bd15-deae-4635-ba44-1bec4560c175,Rodney James Pimentel Memorial Scholarship,2026-04-30,https://bold.org/scholarships/rodney-james-pimentel-memorial-scholarship
4557219c-5eab-4370-988a-83576a0010a6,The Dr. A. Barbara and Albert J. Pilon Jr. Endowed Scholarship,2026-04-15,https://bigfuture.collegeboard.org/scholarships/the-dr-a-barbara-and-albert-j-pilon-jr-endowed-scholarship
45795e31-4847-405b-a5c1-14e4c601fce0,Clara Denise Hall Earle Aspiring Educator Memorial Scholarship,2026-05-03,https://bold.org/scholarships/clara-denise-hall-earle-aspiring-educator-memorial-scholarship
457e5077-7d96-4e61-a420-990ff48ac9d6,Terry Sorom Memorial Scholarship,2026-04-06,https://bigfuture.collegeboard.org/scholarships/terry-sorom-memorial-scholarship
45dbb8a2-1ab9-4249-a03a-bf237701217c,Maylea Brockington Beasley Love & Laughter Scholarship - Girl Scouts,2026-05-01,https://bigfuture.collegeboard.org/scholarships/maylea-brockington-beasley-love--laughter-scholarship---girl-scouts
462696a0-4919-40ea-ae5a-c2675040571c,Vermell Segars Murphy Memorial Scholarship,2026-04-30,https://bold.org/scholarships/vermell-segars-murphy-memorial-scholarship
462ff7f1-b05d-4ce3-968a-2e9fb6361b3e,Louisiana FFA American Legion Scholarship,2026-05-01,https://bigfuture.collegeboard.org/scholarships/louisiana-ffa-american-legion-scholarship
463c9770-9248-4e15-83e4-3b5f845d58c7,John Acksel Memorial Endowed Scholarship,2026-05-04,https://bigfuture.collegeboard.org/scholarships/john-acksel-memorial-endowed-scholarship
4657910b-d99e-43e6-b32f-d20bbb482471,George Kreider Memorial Scholarship,2026-05-01,https://bigfuture.collegeboard.org/scholarships/george-kreider-memorial-scholarship
465d0dda-5019-4046-9d74-733fcb7a5d77,Anne Mochon Internship Scholarship,2026-04-15,https://bigfuture.collegeboard.org/scholarships/anne-mochon-internship-scholarship
465defe0-f577-4825-9a8a-346496f71102,Texas American Legion Auxiliary Past President's Parley Scholarship,2026-05-01,https://bigfuture.collegeboard.org/scholarships/texas-american-legion-auxiliary-past-presidents-parley-scholarship
466f4e2f-f028-45ba-9886-2c363a7b3aa8,ScienceSaves High School Video Scholarship,2026-05-04,https://www.scholarships.com/scholarships/sciencesaves-high-school-video-scholarship
468e13cf-4a72-4dfa-8355-c3984a2d1dc0,The Joseph Cesare Memorial Scholarship,2026-04-30,https://www.scholarships.com/scholarships/the-joseph-cesare-memorial-scholarship
469de9b6-df22-42e2-b4c3-fa9c2463ca7a,The Kevin R. O'Brien Endowed Memorial Scholarship,2026-04-15,https://bigfuture.collegeboard.org/scholarships/the-kevin-r-obrien-endowed-memorial-scholarship
46bb8150-2922-4987-8afe-e6de5d6b1feb,Juan and Amelia Garcia Memorial Scholarship,2026-04-15,https://texastechalumni.academicworks.com/
46dbcf93-c969-42d8-aa3e-90db35fc04ca,Prosser Hallock Tekie Foundation Endowed Scholarship,2026-04-15,https://bigfuture.collegeboard.org/scholarships/prosser-hallock-tekie-foundation-endowed-scholarship
46e64cf6-f876-4a14-b6fa-fc1af5f083e4,Lewis V. Carpenter Scholarship Fund for Members' Children,2026-04-15,https://bigfuture.collegeboard.org/scholarships/lewis-v-carpenter-scholarship-fund-for-members-children
46e74421-37da-4c7a-99e3-cf0e7edafcf3,Karen Ann Shopis-Fox Memorial Scholarship,2026-04-17,https://bigfuture.collegeboard.org/scholarships/karen-ann-shopis-fox-memorial-scholarship
47198213-56aa-4a19-b6cc-ac05fd1ba1fb,Advanced Manufacturing Grant Scholarship,2026-04-15,https://bigfuture.collegeboard.org/scholarships/advanced-manufacturing-grant-scholarship
4720360e-87fc-4616-9e9b-4230b0593c53,"LIFE Association Scholarship: Eligibility, Deadline & Applicatio…",2026-05-01,https://www.scholarships.com/scholarships/life-association-scholarship
4722ba97-ba5d-43a2-a669-848bb0130d02,BioWorks IPM/Sustainable Practices Scholarship,2026-05-01,https://www.endowment.org/scholarships
4739a6e3-e20b-4b25-a3f5-ee6015e76809,Wesley Beck Memorial Scholarship,2026-05-02,https://bold.org/scholarships/wesley-beck-memorial-scholarship
473fd2f9-a0ac-4f53-b473-c0ed01a09c4b,Stella Kryiacopoulas Charitable Scholarship,2026-04-14,https://bigfuture.collegeboard.org/scholarships/stella-kryiacopoulas-charitable-scholarship
47445efb-aedc-4929-9a13-e8e1e518d44f,Marocchi Memorial Scholarship USA 2026 Apply,2026-04-26,https://www.scholarships.com/scholarships/marocchi-memorial-scholarship
47ae8a8a-7198-4253-8937-57efd4000bcc,Sarasota Succulent Society Scholarship,2026-04-10,https://bigfuture.collegeboard.org/scholarships/sarasota-succulent-society-scholarship
47bfc344-8270-4772-a861-c978bdf1ea8b,PMILIC  Collins Williams Memorial Scholarship,2026-04-30,https://bigfuture.collegeboard.org/scholarships/pmilic--collins-williams-memorial-scholarship
47c68d39-8bb7-4ec7-a648-d24a5f22a7e6,"RADM David M. Goebel, USN Leadership Award",2026-04-22,https://bigfuture.collegeboard.org/scholarships/radm-david-m-goebel-usn-leadership-award
47ce2c74-a606-49e2-b9f6-e002ab5ad032,Scholarship Program for WIFLE Members Only,2026-05-01,https://bigfuture.collegeboard.org/scholarships/scholarship-program-for-wifle-members-only
47e068a5-6b7d-4fff-9ae3-559242b2f328,Amy Bennett Musical Theatre Scholarship,2026-05-01,https://bigfuture.collegeboard.org/scholarships/amy-bennett-musical-theatre-scholarship
48369347-0831-4100-82c1-d7078795e0cd,Gladys Roddenberry Graduate Fellowships for Teaching Excellence,2026-04-15,https://bigfuture.collegeboard.org/scholarships/gladys-roddenberry-graduate-fellowships-for-teaching-excellence
48388656-a9b1-4428-bba7-69345ccb2b9d,The Manning Family Endowed Scholarship in Criminal Justice,2026-04-15,https://bigfuture.collegeboard.org/scholarships/the-manning-family-endowed-scholarship-in-criminal-justice
483fb26e-20ed-4f8c-b0ff-9643310b9953,"The Donald F. Cushing ’66, ’71 and Kathleen M. (Kane) Cushing ’65, ’71 Endowed Scholarship",2026-04-15,https://bigfuture.collegeboard.org/scholarships/the-donald-f-cushing-66-71-and-kathleen-m-kane-cushing-65-71-endowed-scholarship
4843498a-029e-4984-b78a-eee891c332de,Offutt Enlisted Spouses Club Spouse Scholarship,2026-04-08,https://bigfuture.collegeboard.org/scholarships/offutt-enlisted-spouses-club-spouse-scholarship
485d7dcf-d526-4964-abf4-906658e2e4b4,Sarro Family Scholarship,2026-04-14,https://bigfuture.collegeboard.org/scholarships/sarro-family-scholarship
48892e5b-bec1-4923-a9da-12a7f5fe3713,MKC Scholarship,2026-04-15,https://bigfuture.collegeboard.org/scholarships/mkc-scholarship
4890530e-2376-4fa6-9bb1-12b7ae3cb052,Colorado Women's Education Scholarship,2026-04-30,https://www.cwef.org/how-to-apply
48a2a4f4-5420-4255-998a-d4e49e42da6f,Stellar Scholarship,2026-04-15,https://bigfuture.collegeboard.org/scholarships/stellar-scholarship
48a9c0b7-3664-4a37-9c35-ef85688001f9,Jace Lillis Memorial Scholarship,2026-05-01,https://bigfuture.collegeboard.org/scholarships/jace-lillis-memorial-scholarship
48b70010-390c-4bf2-8c12-85cb5ffbe958,Pacific Northwest Conference Scholarship,2026-05-01,https://bigfuture.collegeboard.org/scholarships/pacific-northwest-conference-scholarship
48d9f915-74f8-4a9f-8e6a-79a765ff9175,NAWLA Scholarship,2026-05-01,https://bigfuture.collegeboard.org/scholarships/nawla-scholarship
48e19284-9e78-4140-95d7-73a4dc40985c,Catherine B. Junge Memorial Scholarship,2026-04-30,https://bigfuture.collegeboard.org/scholarships/catherine-b-junge-memorial-scholarship
48e39f0e-7f11-4798-ba9b-96e38fa259e9,Richard Wynkoop Memorial Endowed Scholarship,2026-04-17,https://www.ena.org/foundation/scholarships
4918d93d-8cb0-427a-a315-37c7d388b3ad,CVS Health Scholarship Eligibility & Deadline 2026 USA,2026-04-24,https://bigfuture.collegeboard.org/scholarships/cvs-health-scholarship
49215888-789f-4a7e-ad5a-417dc5afec03,Nursing Education Scholarship Program Deadline 2026 USA,2026-04-30,https://bigfuture.collegeboard.org/scholarships/nursing-education-scholarship-program
492c526d-747e-49ed-b284-39ff7b7f4b64,Joan Kelleher Martinuzzi Scholarship,2026-05-01,https://www.framingham.edu/admissions-aid/cost-aid/types-aid/scholarships
4939271d-e9ec-4582-b799-db7b03720c98,Florida Power & Light Robotics Scholarship Deadline 2026 USA,2026-05-04,https://scholarship-america-production.saiapply.org/organization/profile/create?applyToClientReturnUrl=https%3A%2F%2Fsai-nextera.saiapply.org%2Fprogram%2Fsai-nextera%2Finfo%3FcycleId%3D1CXqkkSh1RYzpD92gGpJ9S&clientOrganizationId=H4EltBbPx__66O-PCG77Huer9q3zsCdiZ8_b
493e5186-ca1b-47f7-b0b8-8ed68046066d,Alan H. Selig Scholarship,2026-05-01,https://bigfuture.collegeboard.org/scholarships/alan-h-selig-scholarship
49432db8-d33f-4cb2-9f5b-13e7bf76a732,In-Demand Challenge Match Career Track Scholarship,2026-04-30,https://www.floridaprepaidcollegefoundation.com/scholarships/in-demand
4954223b-4491-4584-bb7b-5b3ebdec8455,Ward Green Scholarship for the Arts & Sciences,2026-04-25,https://bold.org/scholarships/ward-green-scholarship-for-the-arts-and-sciences
4954cdac-b147-4feb-ad45-b923edf509a0,The Dorothy F. and C. Mary McLoughlin Endowed Scholarship,2026-04-15,https://bigfuture.collegeboard.org/scholarships/the-dorothy-f-and-c-mary-mcloughlin-endowed-scholarship
49598ec9-287a-45dd-817d-233086ca0992,Haiti Rising Love Wins Scholarship,2026-04-14,https://bold.org/scholarships/haiti-rising-christlike-scholarship
495f4ca4-75fe-4e38-aea1-d1c88554f918,"The Edwin S. ’51, M.Ed. ’54, and Margaret M. (Handfield) ’58, M.Ed. ’61, Titus Scholarship",2026-04-15,https://bigfuture.collegeboard.org/scholarships/the-edwin-s-51-med-54-and-margaret-m-handfield-58-med-61-titus-scholarship
4995a9ee-ba1b-4c81-a253-cf55da5e3e4b,Fletcher Family Scholarship,2026-04-22,https://bigfuture.collegeboard.org/scholarships/fletcher-family-scholarship
49d1db75-5fa8-4f06-afd1-6ae1e4296cec,Aurora Strong First Responders Scholarship,2026-05-04,https://bigfuture.collegeboard.org/scholarships/aurora-strong-first-responders-scholarship
49d81b7d-e78f-4424-9d82-964faabec5df,Moss Adams Foundation Scholarship,2026-04-30,https://bigfuture.collegeboard.org/scholarships/moss-adams-foundation-scholarship
49e0e4fc-99a3-4591-8f2b-90bd7bdb8bc1,Manteca Sunrise Kiwanis Scholarship,2026-04-17,https://bigfuture.collegeboard.org/scholarships/manteca-sunrise-kiwanis-scholarship
49ea8464-1759-4dd6-b50a-e0fb858f6ece,Alan and Karen Murray Endowed Scholarship,2026-04-15,https://bigfuture.collegeboard.org/scholarships/alan-and-karen-murray-endowed-scholarship
49fc3bf9-912b-44ad-89d4-771911fa2644,Technology Divisional Scholarship,2026-05-01,https://bigfuture.collegeboard.org/scholarships/technology-divisional-scholarship
4a0d83bc-69c2-448e-9e49-ee8bccc99e37,Marietta Sand Corporation Scholarship,2026-04-15,https://bigfuture.collegeboard.org/scholarships/marietta-sand-corporation-scholarship
4a21a32e-68f5-4370-9307-a6ca02dc38fe,Les Dames d'Escoffier Colorado Chapter Scholarship,2026-05-01,https://www.scholarships.com/scholarships/les-dames-descoffier-colorado-chapter-scholarship
4a37dded-9cfa-4457-9144-a49effa37896,Carol Goldstein Memorial Scholarship,2026-04-29,https://bigfuture.collegeboard.org/scholarships/carol-goldstein-memorial-scholarship
4a3ae53e-b209-4b73-8792-1e6ea5aefc6c,Ron Cornell Scholarship,2026-04-30,https://bigfuture.collegeboard.org/scholarships/ron-cornell-scholarship
4a49ee1c-0071-4f26-8bfd-959ed08f7192,Jack and Joan Rountree Endowed Scholarship,2026-05-01,https://www.fgc.edu/tuition-financial-aid/available-financial-aid/foundation-scholarships.html
4a5a0c13-742d-415a-a030-164fcad7c5cb,Cynthia Frame Memorial Scholarship,2026-04-16,https://bigfuture.collegeboard.org/scholarships/cynthia-frame-memorial-scholarship
4a820cfb-b28e-4a33-baf1-cceabe031ade,Robert M. Sohol Endowed Scholarship,2026-05-04,https://bigfuture.collegeboard.org/scholarships/robert-m-sohol-endowed-scholarship
4aa67449-f41e-473d-adb9-956ac7d31b25,Greater Austin Hispanic Chamber of Commerce Endowed Scholarship,2026-05-01,https://austincc.academicworks.com/opportunities/10025
4aa89a73-c4d2-44f5-a9c1-8b19e26b54d5,Frankee Hellinger Graduate Scholarship,2026-05-04,https://bigfuture.collegeboard.org/scholarships/frankee-hellinger-graduate-scholarship
4ab27c51-b0c5-4def-9635-186b8d4ce662,Charles E. & Frances M. Osterman Memorial Scholarship,2026-05-01,https://www.fgc.edu/tuition-financial-aid/available-financial-aid/foundation-scholarships.html
4acaef89-cb93-4dd7-9ef3-0ee6f1fe5064,Gene C McCombs Memorial Scholarship,2026-04-14,https://bold.org/scholarships/gene-c-mccombs-memorial-scholarship
4ad893e3-d8bc-4895-a369-685b85d08eee,Delmar Foundation Scholarships,2026-04-30,https://www.scholarships.com/scholarships/delmar-foundation-scholarships
4ae43b47-1a6d-4f04-a6f0-557e5f8fd8ab,Griffin Scholarship,2026-04-15,https://bigfuture.collegeboard.org/scholarships/griffin-scholarship
4b18b6b0-181e-48db-90ba-6728c3bffc1d,The FAB Scholars Scholarship,2026-04-27,https://www.scholarships.com/scholarships/the-fab-scholars-scholarship
4b2b7843-64de-4b9d-ba19-7ac120024647,Joseph and Joan Andrade Memorial Scholarship,2026-04-14,https://bristolcc.academicworks.com/
4b45cd3a-cc22-4efa-aaea-67bfa046b2ae,New England Fastener Distributors Association Scholarship,2026-05-01,https://www.nefda.com/scholarship-criteria
4b52dde8-262c-45f8-a20e-8051538c1dbd,New Omni Bank Scholarship Program,2026-04-20,https://bigfuture.collegeboard.org/scholarships/new-omni-bank-scholarship-program
4b5592b1-ad97-4acf-a5b9-23299b9d7fe3,International Student Scholarship Eligibility 2026 USA,2026-05-01,https://bigfuture.collegeboard.org/scholarships/international-student-scholarship
4b571bbe-93b8-4752-8ddb-3ac227a5cdec,National Greenhouse Manufacturers Association Scholarship,2026-05-01,https://www.endowment.org/scholarships
4b6d1eed-8a2f-4db3-8a38-c3f7af695c03,The Class of 1962 Memorial Scholarship,2026-04-15,https://bigfuture.collegeboard.org/scholarships/the-class-of-1962-memorial-scholarship
4b76dd0d-1930-4f87-bebd-be47ea7e175a,AICPA Diverse Student Scholarship Deadline 2026 USA,2026-04-30,https://bigfuture.collegeboard.org/scholarships/pcps-george-willie-ethnically-diverse-student-scholarship-and-internship
4b88e717-9aab-4676-893e-b653029da663,Angela Svendsen Memorial Scholarship,2026-05-01,https://www.cfsww.org/how-we-grant/scholarships/high-school-seniors
4b8e9619-e893-48f9-8823-aa8095c4ccdf,Walter and Joe Lewis Memorial High Point Scholarship,2026-04-15,https://bigfuture.collegeboard.org/scholarships/walter-and-joe-lewis-memorial-high-point-scholarship
4bb1a7ea-020c-4a61-a3ab-d768700cbc84,The Greatrex Scholarship Program,2026-04-06,https://scholarship-america-production.saiapply.org/organization/profile/create?applyToClientReturnUrl=https%3A%2F%2Fsai-gilmar.saiapply.org%2Fprogram%2Fsai-greatrex%2Finfo%3FcycleId%3D1CXqVjiTUAXsdpidCdBcxt&clientOrganizationId=m0y3zw9o_-PVt6P497aFP7LN_sckPJ0ixnLN
4bd2e948-e005-44be-b4ff-e380c69e1b90,Northeast Founders' Scholarshp,2026-04-15,https://tccd.academicworks.com/opportunities/4817
4bd951f4-6a9f-4378-927e-79bd8f7c1d43,TRIO Student Support Services Presidential Scholarship,2026-04-14,https://bigfuture.collegeboard.org/scholarships/trio-student-support-services-presidential-scholarship
4bf7b789-e523-4767-948d-ba75806afe75,Spark the Change Scholarship,2026-04-24,https://bold.org/scholarships/spark-the-change-scholarship
4c0aeb8b-b20b-4755-9c0e-8711105304c0,Kenneth Preskenis Scholarship,2026-05-01,https://www.framingham.edu/admissions-aid/cost-aid/types-aid/scholarships
4c0bf6d6-1dc8-40ce-a1d7-5bab5ce0ac0d,Schwallie Family Scholarship,2026-05-01,https://bigfuture.collegeboard.org/scholarships/schwallie-family-scholarship
4c0e486e-c015-4d5d-8f71-d774e2bbbe96,The Dr. Joshua Unuigboje Aisiku Scholarship,2026-04-15,https://bigfuture.collegeboard.org/scholarships/the-dr-joshua-unuigboje-aisiku-scholarship
4c123b6f-048e-487a-b27f-5ea824a521cc,Bulow Bowman Scholarship,2026-05-01,https://www.fftc.org/scholarships
4c2bafd7-44d1-46e6-a2db-403cd71a5737,CollegeXpress No-Essay Scholarship,2026-04-30,https://bold.org/scholarships/collegexpress-no-essay-scholarship
4c526b74-4516-4fb0-89cb-d048dbf98fe1,Jan Boyd Blackwell Leading with Integrity  Scholarship,2026-04-29,https://bigfuture.collegeboard.org/scholarships/jan-boyd-blackwell-leading-with-integrity--scholarship
4c5e5ddc-5675-46b0-b58e-995c64fd56bf,ASCE GB Mann Branch Scholarship,2026-05-01,https://www.scholarships.com/scholarships/asce-gb-mann-branch-scholarship
4c82ef31-c55e-4f16-8338-32d0bd375e3f,Seaboard Royal Scholars Scholarship,2026-04-30,https://bigfuture.collegeboard.org/scholarships/seaboard-royal-scholars-scholarship
4c9a23cf-564f-44eb-a838-2891e5ca071f,Washington CPA Foundation Associate Scholarship,2026-04-14,https://bigfuture.collegeboard.org/scholarships/washington-cpa-foundation-associate-scholarship
4ca2a38c-4e22-4807-91e6-61dafebb3d85,Jennie V. and Marie Cook Scholarship,2026-05-01,https://bigfuture.collegeboard.org/scholarships/jennie-v-and-marie-cook-scholarship
4cb19863-00f1-4c7a-9721-431b21fec970,Eddy M Skolfield Scholarship,2026-04-15,https://bigfuture.collegeboard.org/scholarships/eddy-m-skolfield-scholarship
4cbaa03f-4875-49c1-88ae-e613f85c591c,Anita M. Goldner Scholarship,2026-05-01,https://www.framingham.edu/admissions-aid/cost-aid/types-aid/scholarships
4cbf3d7c-7f55-492e-9c47-9074004e8950,Vestcor Companies Scholarship,2026-04-15,https://www.unf.edu/coggin/scholarships/catalog.html
4cc1e7fc-83d4-43eb-9fd4-81894070687c,Susan W. Freestone Education Scholarship,2026-04-15,https://bigfuture.collegeboard.org/scholarships/susan-w-freestone-education-scholarship
4cc2d708-32a7-46f6-89a9-b847d3ccd824,Commonwealth Credit Union Scholarship,2026-05-01,https://bigfuture.collegeboard.org/scholarships/commonwealth-credit-union-scholarship
4cc80088-9d3d-4b35-a834-eb7e15d3bec9,Kiwanis Club of Monterey Scholarship,2026-04-15,https://bigfuture.collegeboard.org/scholarships/kiwanis-club-of-monterey-scholarship
4cc8c193-e241-4017-99c0-95e3c3fe08a1,Alice L. Haltom Educational Fund,2026-05-01,https://www.scholarships.com/scholarships/alice-l-haltom-educational-fund
4ccc5ee9-02ce-4368-b8ef-398d5cb7fddb,Phillip G. Macht Memorial Scholarship,2026-04-08,https://bigfuture.collegeboard.org/scholarships/phillip-g-macht-memorial-scholarship
4cdf9019-a135-4d96-866b-a7a7164e8e6c,Geraldine Harrington Memorial Endowed Scholarship,2026-04-15,https://www.clackamas.edu/admissions-financial-aid/financial-aid-scholarships/scholarships
4ce2770c-6c0b-4368-a21e-911cc698e91c,Bena Dial Scholarship,2026-04-30,https://bigfuture.collegeboard.org/scholarships/bena-dial-scholarship
4ce59b5f-6558-4ff4-bf42-dd8971ea6c99,Thompson Family Scholarship,2026-04-04,https://bigfuture.collegeboard.org/scholarships/thompson-family-scholarship
4cf87269-be88-4101-a2ac-4b8e294e0b20,District 9 AHEPA/Daughters of Penelope Undergraduate Scholarship,2026-04-15,https://bigfuture.collegeboard.org/scholarships/district-9-ahepadaughters-of-penelope-undergraduate-scholarship
4d05e1f5-d323-40ce-badc-62f30baf950c,The Bartelson Family STEM Scholarship,2026-04-15,https://bigfuture.collegeboard.org/scholarships/the-bartelson-family-stem-scholarship
4d087abf-60e4-416b-9fa9-7745a262ad75,Richard A. Franco Memorial Scholarship,2026-04-15,https://bigfuture.collegeboard.org/scholarships/richard-a-franco-memorial-scholarship
4d0e4b45-bf5b-4499-839e-808a071acc3c,Central California Asian Pacific Women Scholarship,2026-04-30,https://www.scholarships.com/scholarships/central-california-asian-pacific-women-scholarship
4d224600-d9ad-4283-a1f7-cd832b809cf8,Online Education No Essay Scholarship,2026-04-30,https://bold.org/scholarships/tuition-covered-scholarship
4d23633a-0cf8-40e0-96b4-bac4b59e95a8,Pittsburgh Penguins Foundation Scholarship Guide,2026-05-01,https://www.scholarships.com/scholarships/pittsburgh-penguins-foundation-scholarship
4d35bfe5-2339-4c06-acb9-52a1d1ad8719,Philip J. Saviano Memorial Scholarship,2026-04-26,https://bold.org/scholarships/philip-j-saviano-memorial-scholarship
4d44c22c-969a-4546-bfce-ce9ad014470e,JFS Orlando Kobrin Family Scholarship Guide 2026,2026-04-30,https://www.scholarships.com/scholarships/jfs-orlando-kobrin-family-scholarship
4d4d6273-d979-4b34-88a2-490755b23032,Stetson-Shahroody Scholarship,2026-04-30,https://bigfuture.collegeboard.org/scholarships/stetson-shahroody-scholarship
4d59813a-6eff-4518-9363-c2ba9e5dd79d,Ernest W. and Elizabeth K. Cone Scholarship,2026-04-22,https://bigfuture.collegeboard.org/scholarships/ernest-w-and-elizabeth-k-cone-scholarship
4d6ae85b-5096-4e67-a010-a7ef7fb86a80,Nancy Flanegan McManus Nursing Scholarship,2026-04-10,https://bigfuture.collegeboard.org/scholarships/nancy-flanegan-mcmanus-nursing-scholarship
4d6beee6-036d-4aaa-b846-ce710d1e150b,Irving and Anne R. Umansky Scholarship,2026-04-04,https://bigfuture.collegeboard.org/scholarships/irving-and-anne-r-umansky-scholarship
4d72ee91-9e40-42dc-89b1-f4d865312373,Tuolumne Co. Community Tennis Association Scholarship,2026-04-15,https://bigfuture.collegeboard.org/scholarships/tuolumne-co-community-tennis-association-scholarship
4d779ec7-e9a2-4042-9074-0d819bc83b9b,"Chicago, Illinois Chapter Scholarship",2026-04-15,https://www.texastechalumni.org/s/1422/a22/interior.aspx?sid=1422&gid=1001&pgid=1384
4d870902-d9c7-4878-ac7d-5852c825e00d,Dogs Offering Military Support (DOMS) Scholarship,2026-04-15,https://bigfuture.collegeboard.org/scholarships/dogs-offering-military-support-doms-scholarship
4d9a2c51-d780-46ce-a9dc-c13993b791bf,Raymond Argyle Carter Scholarship,2026-04-15,https://texastechalumni.academicworks.com/
4da12418-9cc6-411e-9f63-beb19a1396f8,Katie DeCubellis Victim Relief Scholarship,2026-04-29,https://bigfuture.collegeboard.org/scholarships/katie-decubellis-victim-relief-scholarship
4db0c9a0-9fef-469d-ba76-2870e79d8a08,Women in Foodservice Scholarship,2026-05-01,https://bigfuture.collegeboard.org/scholarships/women-in-foodservice-scholarship
4dbc4642-3ce4-4db5-9d22-ce1e4d51b6a3,Class of 1960 Memorial Scholarship,2026-04-15,https://bigfuture.collegeboard.org/scholarships/class-of-1960-memorial-scholarship
4dc95ccf-6679-4c60-9dc8-afa6a7d7be76,Arty Erle Sportsmanship Award,2026-04-15,https://bold.org/scholarships/arty-erle-sportsmanship-award
4dd3b63f-27d2-4d3c-a6db-cd94b2b8c4e4,Homer Latimer Memorial Scholarship,2026-04-15,https://bigfuture.collegeboard.org/scholarships/homer-latimer-memorial-scholarship
4dd97d49-a63a-44cf-9f5d-eb20acec293c,New Hampshire Road Agents Association Scholarship,2026-04-15,https://bigfuture.collegeboard.org/scholarships/new-hampshire-road-agents-association-scholarship
4dd9b56a-9101-4c0f-b249-95d4e07c1948,Les Best Dependents' College/Vocational Scholarship,2026-04-30,https://bigfuture.collegeboard.org/scholarships/les-best-dependents-collegevocational-scholarship
4ddc6791-cc8c-455e-971d-7bf2b069dc70,Kenneth G. Tanner Memorial Scholarship,2026-05-01,https://bold.org/scholarships/kenneth-g-tanner-memorial-scholarship
4df2468c-6cc3-4472-8a3d-d6b5f180b0dc,Charles H. and Ethel E. Wolfe Scholarship,2026-05-01,https://bigfuture.collegeboard.org/scholarships/charles-h-and-ethel-e-wolfe-scholarship
4e13ec6e-fb7f-4f0a-8980-6ba0dd516e26,Sturz Legacy Scholarship,2026-04-30,https://bold.org/scholarships/sturz-legacy-scholarship
4e38496f-d127-426a-bcc9-5ea7ac0b850e,Faculty and Staff Scholarship,2026-04-15,https://bigfuture.collegeboard.org/scholarships/faculty-and-staff-scholarship
4e3ba5e9-166c-4555-bdd5-cc60ea0b470e,Harvey Family Scholarship,2026-04-22,https://bigfuture.collegeboard.org/scholarships/harvey-family-scholarship
4e442be0-953b-4b01-8ee8-b277144a91a4,"ITServe Alliance — Ventois, Inc. Scholarship",2026-04-30,https://bigfuture.collegeboard.org/scholarships/itserve-alliance--ventois-inc-scholarship
4e4bea97-485e-4e99-8673-d240ee2f5e31,Alfred Sellers Memorial Scholarship,2026-04-20,https://www.nova.edu/sbin/report/scholarships/schlr-srch-params.cgi?category=Institutional&level=Graduate
4e5f7587-a795-4fe4-be80-f1d61d06d144,"Portsmouth Service League ""PSL"" Scholarship",2026-05-01,https://bigfuture.collegeboard.org/scholarships/portsmouth-service-league-psl-scholarship
4e9b5716-c465-4f3f-8804-27ef3598c427,Operation 11 Tyler Schaeffer Memorial Scholarship,2026-04-11,https://bold.org/scholarships/tyler-schaeffer-memorial-scholarship
4e9f5d58-ada2-4349-a117-2a816354283c,Joseph C. McKinney Scholarship,2026-04-16,https://bigfuture.collegeboard.org/scholarships/joseph-c-mckinney-scholarship
4eab7dd3-9d95-4dc5-bf4b-f1016c56b040,"Donald R. ""Don"" Kennedy Endowed Scholarship",2026-05-01,https://www.fgc.edu/tuition-financial-aid/available-financial-aid/foundation-scholarships.html
4eb05c2a-7467-41ba-a5bf-dc0c0d5454e5,Print and Graphics Scholarship Foundation,2026-05-01,https://www.scholarships.com/scholarships/print-and-graphics-scholarship-foundation
4eb70334-089f-4ee9-8229-ecad5e13573d,Royce and Donna Faulkner Family Endowed Scholarship,2026-05-01,https://austincc.academicworks.com/opportunities/9727
4ebbbe0d-f4b5-45b9-9a61-4bd07a3b8e0f,The Arlyn Stahl Berlin Endowed Scholarship,2026-04-15,https://bigfuture.collegeboard.org/scholarships/the-arlyn-stahl-berlin-endowed-scholarship
4ec0f94e-b0dc-49f0-a7bb-cf50d79cee15,AAUW - Tarrant County Branch Scholarship,2026-04-15,https://bigfuture.collegeboard.org/scholarships/aauw---tarrant-county-branch-scholarship
4ec9f4f5-f939-4385-9e3f-a22b612a63ec,Elsie Smeltz Memorial Scholarship,2026-04-10,https://bigfuture.collegeboard.org/scholarships/elsie-smeltz-memorial-scholarship
4ee40056-753b-4c43-869b-81d473f65857,Kentucky Federation of Business and Professional Women Foundation Scholarship,2026-04-30,https://www.bpw-ky.org/foundation
4ef76bf6-526f-4697-b02f-9abb430b63f2,The Rollin’ From The Heart Ian “Poods” Barry Scholarship,2026-04-20,https://bigfuture.collegeboard.org/scholarships/the-rollin-from-the-heart-ian-poods-barry-scholarship
4f0537f3-6cef-45dc-a14c-ae89b58d6865,WLK High School Senior Scholarship,2026-04-08,https://bigfuture.collegeboard.org/scholarships/wlk-high-school-senior-scholarship
4f0862b2-e7b8-44aa-b68e-06f4fdfc9fce,Holden William Bettis Memorial Scholarship,2026-04-18,https://bold.org/scholarships/holden-william-bettis-memorial-scholarship
4f1b5ea3-1585-4c82-9f89-69c4210c4582,PRSA Foundation Scholarships and Grants Guide,2026-04-30,https://www.scholarships.com/scholarships/prsa-foundation-scholarships-and-grants
4f1bcefc-d8fc-4953-82f5-b64b64370e0a,Blondheim SkillsUSA Scholarship,2026-04-15,https://bigfuture.collegeboard.org/scholarships/blondheim-skillsusa-scholarship
4f2a72c1-bea2-4e1d-af9f-56606fc9d51a,Greg Jones Scholarship,2026-04-30,https://bigfuture.collegeboard.org/scholarships/greg-jones-scholarship
4f31e0e2-52f3-4944-b3d0-ce4c01598178,Jimmy Cardenas Community Leader Scholarship,2026-04-28,https://bold.org/scholarships/jimmy-cardenas-community-leader-scholarship
4f3aa44f-6334-4eaa-9f36-84d3adbc2f6e,Bob Thompson Memorial Scholarship,2026-04-30,https://bold.org/scholarships/bob-thompson-memorial-scholarship
4f5054ed-24c7-4d99-9678-dccb28732c1c,Malcolm F. and Harriet B. Brown Scholarship Deadline 2026 USA,2026-04-22,https://bigfuture.collegeboard.org/scholarships/malcolm-f-and-harriet-b-brown-scholarship
4f593617-1461-4f8f-a496-64eb93e8da4c,"Bishop Henry L. Barnwell Dr. Martin Luther King, Jr. Scholarship",2026-05-01,https://bigfuture.collegeboard.org/scholarships/bishop-henry-l-barnwell-dr-martin-luther-king-jr-scholarship
4f5ae1ba-e544-41f6-a8f2-3e3cdbc8c519,Ted R. Allaire Memorial Endowed Scholarship,2026-04-15,https://www.unf.edu/coggin/scholarships/catalog.html
4f6487e6-8582-485c-aa0b-7f021464689c,Frances  V.C. Major Memorial Scholarship,2026-05-01,https://bigfuture.collegeboard.org/scholarships/frances--vc-major-memorial-scholarship
4f734c5b-6e52-471a-8066-e20bb65978c7,DePratti Meaningful Initiatives Scholarship,2026-04-22,https://bigfuture.collegeboard.org/scholarships/depratti-meaningful-initiatives-scholarship
4f782e82-b75a-4298-85f6-2abdda7b34c5,The Julia Bransby Knowlton Scholarship,2026-04-15,https://bigfuture.collegeboard.org/scholarships/the-julia-bransby-knowlton-scholarship
4f7c0768-d04c-44c6-b8b0-fb52db138a4c,Lawrence Alan Spiegel Remembrance Scholarship,2026-05-01,https://bigfuture.collegeboard.org/scholarships/lawrence-alan-spiegel-remembrance-scholarship
4f8b9080-03d3-4849-a6e0-24ee3e230a45,Santa Cruz Sunrise Rotary Club Youth Scholarship,2026-04-15,https://bigfuture.collegeboard.org/scholarships/santa-cruz-sunrise-rotary-club-youth-scholarship
4fc010c4-61eb-46ce-a075-75ed6fc0bd56,Lora Grace Duncan Memorial Endowed Scholarship,2026-05-01,https://www.fgc.edu/tuition-financial-aid/available-financial-aid/foundation-scholarships.html
4fc5292e-11eb-4f16-94ea-e8fd1a984878,"Denius/Schulman Music Business, Performance & Technology Endowed Scholarship",2026-05-01,https://austincc.academicworks.com/opportunities/10222
4fd46400-73a2-467e-a5d6-cc35aa9a9dde,Reagan Bradshaw Endowed Scholarship,2026-05-01,https://austincc.academicworks.com/opportunities/9882
50034f5a-ed13-47af-9065-f039eaab107c,Dr. Lynn Russell Memorial AEHC Scholarship,2026-04-15,https://bigfuture.collegeboard.org/scholarships/dr-lynn-russell-memorial-aehc-scholarship
50047218-d64a-4444-95e6-22070577c13f,Caelen Peterson Memorial Scholarship,2026-04-26,https://bold.org/scholarships/caelen-peterson-memorial-scholarship
50075a70-4aa5-4149-a937-fb76030bf8ce,Secondary Teacher Coursework Scholarship Deadline 2026 USA,2026-05-01,https://bigfuture.collegeboard.org/scholarships/prospective-7-12-secondary-teacher-course-work-scholarship
50172788-6ef4-49c5-8d40-5e9652e0d090,Greater Cincinnati Vietnam Veterans of America Chapter 10 Scholarship,2026-04-17,https://bigfuture.collegeboard.org/scholarships/greater-cincinnati-vietnam-veterans-of-america-chapter-10-scholarship
5055ad47-93cb-4b18-85be-ac8f4ccbe2f7,Admiral Grace Murray Hopper Memorial Scholarship,2026-05-01,https://bigfuture.collegeboard.org/scholarships/admiral-grace-murray-hopper-memorial-scholarship
5068bb6d-cf9f-4d96-8aa8-4413e9b06b26,ABE/GED Award - In Memory of Carl Posten,2026-04-15,https://bigfuture.collegeboard.org/scholarships/abeged-award---in-memory-of-carl-posten
50911869-3b32-4f54-961f-52b38dd7445a,"CSL Behring, L.L.C. Scholarship",2026-05-01,https://bigfuture.collegeboard.org/scholarships/csl-behring-llc-scholarship
5095808d-cb1d-4884-915c-172a323c01bc,Hendel Family Scholarship,2026-04-22,https://bigfuture.collegeboard.org/scholarships/hendel-family-scholarship
50973934-bf10-4cd6-892d-e8d61282ee58,Hundred Club Law Enforcement/ Paramedic Scholarship,2026-05-01,https://bigfuture.collegeboard.org/scholarships/hundred-club-law-enforcement-paramedic-scholarship
50af98fd-b6f2-4adc-86ff-d729b9a431a5,Si Se Puede Scholarship,2026-05-01,https://bigfuture.collegeboard.org/scholarships/si-se-puede-scholarship
50d91e1c-d2a2-41d6-99b7-d10088442f2b,USTA Foundation Professional Tennis Management Scholarship,2026-04-17,https://bigfuture.collegeboard.org/scholarships/usta-foundation-professional-tennis-management-scholarship
50e8397a-73d1-4a5a-b013-f225b0dc1138,American Florists' Exchange Scholarship,2026-05-01,https://www.endowment.org/scholarships
5117ff76-68fa-474f-a973-5836d7f09b1d,The Center for the Advancement of Engineering,2026-04-15,https://bigfuture.collegeboard.org/scholarships/the-center-for-the-advancement-of-engineering
5119de1e-dfc3-43ff-8618-2311b25cacbf,Wisconsin Badger Chapter SWANA Scholarship,2026-05-01,https://www.swana-wi.org/awards-scholarships
51235336-0d3f-4c6a-92ef-9b0c65546971,Bobina Renee Jackson Begley Memorial Scholarship,2026-04-15,https://bigfuture.collegeboard.org/scholarships/bobina-renee-jackson-begley-memorial-scholarship
5128812f-c396-410e-8d4b-56416db63b5b,ABA Member Scholarship,2026-04-30,https://bigfuture.collegeboard.org/scholarships/aba-member-scholarship
51367ea5-a678-4685-86d8-34d517f38738,American Society for Industrial Security-San Francisco Bay Area Chapter Scholarship,2026-04-15,https://bigfuture.collegeboard.org/scholarships/american-society-for-industrial-security-san-francisco-bay-area-chapter-scholarship
514d6a5b-3423-4c38-a972-296693a66aeb,St. David's Neal Kocurek ACC Endowed Scholarship,2026-05-01,https://bigfuture.collegeboard.org/scholarships/st-davids-neal-kocurek-acc-endowed-scholarship
5151d415-41fc-403f-99f7-dba789eea16e,Carl and Marilyn Keller Scholarship,2026-04-15,https://bigfuture.collegeboard.org/scholarships/carl-and-marilyn-keller-scholarship
5165dd05-ee6d-4b25-afa9-9ed9c4acabe6,A. L. Ellis Endowed Scholarship,2026-04-14,https://bigfuture.collegeboard.org/scholarships/a-l-ellis-endowed-scholarship
518a2790-f38c-43b7-94cc-e04aa6e9818c,Doreen and Ed Keating Scholarship,2026-05-04,https://bigfuture.collegeboard.org/scholarships/doreen-and-ed-keating-scholarship
51abd6b1-d6ac-4e61-a6fe-032c9b4d9552,Les Best Spouse's College Scholarship,2026-04-30,https://bigfuture.collegeboard.org/scholarships/les-best-spouses-college-scholarship
51afeec1-3b6e-4b8d-b2fe-0ad0dbdbe97e,Christian Helping Hand Scholarship for Nursing Students,2026-04-15,https://bigfuture.collegeboard.org/scholarships/christian-helping-hand-scholarship-for-nursing-students
51d78dc5-56ea-4791-ad71-39cc481f3a32,Speedway Auto Parts Automotive Recycling Program Scholarship,2026-05-04,https://bigfuture.collegeboard.org/scholarships/speedway-auto-parts-automotive-recycling-program-scholarship
51debc4b-b3f1-4dee-861a-3ced35242ef2,Burns Recovered College/Trade School Scholarship Guide,2026-05-01,https://bigfuture.collegeboard.org/scholarships/burns-recovered-collegetrade-school-scholarship
51ee0162-8a74-4b4e-aeb1-c3549d84ab29,Gunvor Lund Scholarship,2026-04-22,https://bigfuture.collegeboard.org/scholarships/gunvor-lund-scholarship
51fa6c93-c75e-4905-b411-cd9735359368,Hundred Club of Broward County Endowed Scholarship,2026-04-05,https://bigfuture.collegeboard.org/scholarships/hundred-club-of-broward-county-endowed-scholarship
52000591-30f3-46a8-be95-399c3a2acd44,CMAA Undergraduate & Graduate Scholarship,2026-04-30,https://www.scholarships.com/scholarships/cmaa-undergraduate-and-graduate-scholarship
520afa32-94b3-49e3-9d4b-c8e29e57360d,William Hunter Sharpe Memorial Award,2026-05-04,https://www.mastersportal.com/scholarships/4172/william-hunter-sharpe-memorial-award.html
52118af1-8e94-491b-b495-f51f396f6708,Montana Association of Conservation Districts Scholarship,2026-04-17,https://bigfuture.collegeboard.org/scholarships/montana-association-of-conservation-districts-scholarship
5213a181-022f-4645-bf7b-dc0123be9128,Kevin David Special Education Scholarship for Montgomery County Public Schools,2026-05-03,https://bold.org/scholarships/kevin-david-special-education-scholarship-for-montgomery-county-public-schools
523b204a-8759-4d60-8b76-fb860c0a1796,Rhode Island Association of Former Legislators Scholarship,2026-04-13,https://bigfuture.collegeboard.org/scholarships/rhode-island-association-of-former-legislators-scholarship
52422c43-dc75-4970-a57a-971ac834145e,Tony Cullen Memorial Scholarship,2026-04-15,https://bigfuture.collegeboard.org/scholarships/tony-cullen-memorial-scholarship
5246e21b-29be-45bf-bf55-c84549085adb,"Donald ""Doc"" Lumpkins Memorial Scholarship",2026-04-08,https://bigfuture.collegeboard.org/scholarships/donald-doc-lumpkins-memorial-scholarship
52549993-6508-4876-9791-6d1257d509c8,Holly Hallinean Memorial Scholarship,2026-04-25,https://bold.org/scholarships/holly-hallinean-memorial-scholarship
525e1865-40c3-49a0-9b5b-e8b7fc4e48ba,Josef D. Collins Memorial Scholarship,2026-05-01,https://bigfuture.collegeboard.org/scholarships/josef-d-collins-memorial-scholarship
525f5ef8-00d8-4f62-8b75-bef4405c9b0e,Michael Vergauwen Scholarship,2026-05-01,https://bigfuture.collegeboard.org/scholarships/michael-vergauwen-scholarship
526a1fd7-933b-4880-af13-4121b90f1e47,Native Heritage Scholarship,2026-04-21,https://bold.org/scholarships/native-heritage-scholarship
526d09aa-1ae2-419c-8fdf-29d77f6ee64e,Roger Rook Memorial Endowed Scholarship,2026-04-15,https://bigfuture.collegeboard.org/scholarships/roger-rook-memorial-endowed-scholarship
527b110e-0a7a-4f54-a3e9-b686090dd9bf,Women on Par Scholarship,2026-04-15,https://bigfuture.collegeboard.org/scholarships/women-on-par-scholarship
528136ec-d71e-48a1-868c-80973181d89b,Lyndsey Scott Coding+ Scholarship,2026-04-30,https://bold.org/scholarships/lyndsey-scott-coding-plus-scholarship
528c556a-f9f9-4ebb-9c41-9432ed80752a,Jack Cassinetto Memorial Art Scholarship,2026-04-15,https://bigfuture.collegeboard.org/scholarships/jack-cassinetto-memorial-art-scholarship
528f3692-b22e-4eda-8365-aed86f821e39,Harriet Hinton Bretz Endowed Scholarship,2026-04-15,https://www.clackamas.edu/admissions-financial-aid/financial-aid-scholarships/scholarships
52de00dd-c5e3-49c8-91aa-e01bcbf0b23a,Sabrina Carpenter Superfan Scholarship,2026-04-30,https://bold.org/scholarships/sabrina-carpenter-superfan-scholarship
52e56877-f230-46fb-ac5d-48f61b384e86,The South High School Class of 1957 Scholarship,2026-04-15,https://bigfuture.collegeboard.org/scholarships/the-south-high-school-class-of-1957-scholarship
52e5c5b4-c69a-4c42-82f0-39852c44150e,Thomas J. Sweeney Scholarship,2026-05-01,https://bigfuture.collegeboard.org/scholarships/thomas-j-sweeney-scholarship
52f466dd-52a4-4836-aec5-b7abf4357830,David & Velda Tremain Endowed Engineering Scholarship,2026-05-04,https://bigfuture.collegeboard.org/scholarships/david--velda-tremain-endowed-engineering-scholarship
52f58806-58c5-4782-a974-428148b78cc0,Southern California Garden Club Scholarship,2026-04-08,https://bigfuture.collegeboard.org/scholarships/southern-california-garden-club-scholarship
52fd7dcd-67d1-49de-b2f7-9a2d33ed19d9,Prairie Minuteman Scholarship,2026-05-01,https://bigfuture.collegeboard.org/scholarships/prairie-minuteman-scholarship
530685e0-9c8e-48c4-97d6-7fd88576fb67,Youth Scholarship,2026-04-06,https://bigfuture.collegeboard.org/scholarships/youth-scholarship
530eb01d-93dd-453e-a9df-e62ac3be8f66,Larry & Virginia Reed Twain Harte Rotary Scholarship,2026-04-15,https://bigfuture.collegeboard.org/scholarships/larry--virginia-reed-twain-harte-rotary-scholarship
53130ae9-9f38-4558-94be-e14f63739bd2,North Carolina State USBC Youth Scholarship,2026-04-15,https://www.ncbowls.com/scholarships
5335119f-4acb-4432-b179-fdfefa1aae5d,Helen Baker Horticulture Endowed Scholarship,2026-04-15,https://bigfuture.collegeboard.org/scholarships/helen-baker-horticulture-endowed-scholarship
53451252-887f-4934-bc8a-d88a2e37dd49,"Clifford H. ""Ted"" Rees, Jr. Scholarship Foundation SkillsUSA",2026-04-30,https://bigfuture.collegeboard.org/scholarships/clifford-h-ted-rees-jr-scholarship-foundation-skillsusa
534b7cd9-021a-4dde-874c-8d482c9307f2,Billings Section SPE High School Scholarship,2026-04-22,https://bigfuture.collegeboard.org/scholarships/billings-section-spe-high-school-scholarship
535d8eb0-ad80-407b-b74b-f9fa4ef6d541,Hemingway Look-Alike Society Scholarship,2026-04-13,https://bigfuture.collegeboard.org/scholarships/hemingway-look-alike-society-scholarship
5361481c-b1ba-428b-a4c7-6669dec9754c,Veteran Scholarship for Educators,2026-04-15,https://bigfuture.collegeboard.org/scholarships/veteran-scholarship-for-educators
537d11ff-cefb-4259-a9a6-19add9c32a3a,Robert B. McMillen Foundation Art Scholarship Deadline 2026 USA,2026-05-01,https://bigfuture.collegeboard.org/scholarships/robert-b-mcmillen-foundation-art-scholarship
538a28e9-47b4-4a58-81c1-51a1783111da,Logistics and Global Supply Chain Management Endowed Scholarship,2026-05-01,https://austincc.academicworks.com/opportunities/10169
53a92172-0df0-4fec-86fe-b8e200e6985c,The Elizabeth W. Carver Memorial Scholarship,2026-04-15,https://bigfuture.collegeboard.org/scholarships/the-elizabeth-w-carver-memorial-scholarship
53b87b51-826a-40f8-b7e8-da41c00174f2,The Emerald Peace Scholarship,2026-04-20,https://bigfuture.collegeboard.org/scholarships/the-emerald-peace-scholarship
53c63897-d20d-4f43-9094-9d768abfcad7,Florida Energy Workforce Consortium (FEWC),2026-04-10,https://bigfuture.collegeboard.org/scholarships/florida-energy-workforce-consortium-fewc
541aff8c-19d2-481c-90d7-53d5fb61f50d,"Dr. Rick Fischer, APR Changing Lives Scholarship",2026-05-01,https://bigfuture.collegeboard.org/scholarships/dr-rick-fischer-apr-changing-lives-scholarship
543dd2e0-c969-4401-9409-e2bc673f56f9,Kankakee Community College President's Scholarship,2026-05-01,https://bigfuture.collegeboard.org/scholarships/kankakee-community-college-presidents-scholarship
543f5891-4e24-4425-aedb-4d76ac8c9f8d,Jean B. Chapman International Student Scholarship,2026-05-01,https://bigfuture.collegeboard.org/scholarships/jean-b-chapman-international-student-scholarship
5442fc9a-331c-4790-b935-b25c2383c5ea,The Francis J. Mullin Memorial Scholarship,2026-04-15,https://bigfuture.collegeboard.org/scholarships/the-francis-j-mullin-memorial-scholarship
54628ef8-85bc-4ff9-b2a1-2b9eaaeb8d42,Sunshine Legall Scholarship,2026-04-23,https://bold.org/scholarships/sunshine-legall-scholarship
546467a0-c63a-4e17-a2ef-b7288c3bea96,Wells Fargo Endowed Scholarship,2026-04-15,https://www.unf.edu/udae/awards/endowments.html
54681a51-49bc-4cc7-a8b0-46a108983191,Dennis Wayne Roediger Memorial Scholarship,2026-04-15,https://bigfuture.collegeboard.org/scholarships/dennis-wayne-roediger-memorial-scholarship
546e8d10-0f24-4f58-a123-dd819134b4dd,FMC Ice Sports Skaters Scholarship,2026-05-01,https://www.scholarships.com/scholarships/fmc-ice-sports-skaters-scholarship
547b3177-ebb4-42e5-868a-4520c44585f9,Doc Curtice Memorial Scholarship,2026-04-15,https://bigfuture.collegeboard.org/scholarships/doc-curtice-memorial-scholarship
54820e13-5a3c-43bc-be92-aa231a453c80,Pat and Charles Fullerton Foundation Scholarship,2026-04-29,https://www.pcfullertonfoundation.org/APPLICATION-PROCESS.html
5498e75f-0607-4147-ac27-0d150080fc0a,Max and Emmy Dreyfuss Jewish Undergraduate Scholarship,2026-05-01,https://bigfuture.collegeboard.org/scholarships/max-and-emmy-dreyfuss-jewish-undergraduate-scholarship
549f43d9-b7da-4c9b-b561-808ab8a13039,"The Jacob, Laeh '42 and Gail Aframe '68 Scholarship",2026-04-15,https://bigfuture.collegeboard.org/scholarships/the-jacob-laeh-42-and-gail-aframe-68-scholarship
54c32778-7e26-4a10-b6dc-abe96942d759,Gustavo Ortiz Memorial Scholarship,2026-04-15,https://bold.org/scholarships/gustavo-ortiz-memorial-scholarship
54cd1505-d52f-4979-928e-2b72139859c1,Marcie Locken Memorial Scholarship,2026-04-30,https://bigfuture.collegeboard.org/scholarships/marcie-locken-memorial-scholarship
54daabf2-7f51-43e4-82d9-7e489be29ab7,The Robert and M. Madeleine Goodney Scholarship in Memory of Shawn Robert and Luke William McDavitt,2026-04-15,https://bigfuture.collegeboard.org/scholarships/the-robert-and-m-madeleine-goodney-scholarship-in-memory-of-shawn-robert-and-luke-william-mcdavitt
54dffaae-b786-495e-9699-80c7c52f030d,Walter J. Clore Scholarship,2026-04-08,https://bigfuture.collegeboard.org/scholarships/walter-j-clore-scholarship
54e30e29-5394-40c0-97ca-ecda128eb722,Virginia and Harold Lash Scholarship,2026-04-14,https://bristolcc.academicworks.com/
54e75ea8-532c-4618-98b5-d9cb469e46e5,Lifelong Learning Institute Founders Scholarship,2026-05-04,https://bigfuture.collegeboard.org/scholarships/lifelong-learning-institute-founders-scholarship
54e76d8c-f7f6-4eac-9701-14a9c1163239,Tim West Memorial Scholarship,2026-04-22,https://bigfuture.collegeboard.org/scholarships/tim-west-memorial-scholarship
54e7cdde-cc47-4d58-bd1a-c777aa9b2276,Jesse Finch Gnehm Alumni Endowed Scholarship,2026-04-15,https://www.clackamas.edu/admissions-financial-aid/financial-aid-scholarships/scholarships
54efeb53-82b7-40b2-bf93-5e1c0d4c5b03,Positive Athlete Scholarship,2026-04-15,https://bigfuture.collegeboard.org/scholarships/positive-athlete-scholarship
54fc05c4-a495-459c-8a45-179d55eecd98,PAGE Undergraduate Scholarship,2026-05-01,https://bigfuture.collegeboard.org/scholarships/page-undergraduate-scholarship
5504e219-ac74-4b70-a6d4-d0ceaa025963,New Jersey Section American Society of Civil Engineers Scholarship,2026-04-29,https://bigfuture.collegeboard.org/scholarships/new-jersey-section-american-society-of-civil-engineers-scholarship
5516c0e2-5435-403f-89bc-072bfc32fdb6,The Benjamin Matan Memorial Scholarship,2026-04-15,https://bigfuture.collegeboard.org/scholarships/the-benjamin-matan-memorial-scholarship
5518389f-906e-4098-9ff8-86eeda0ff2af,"The George F. Stowe ’62, MA ’64, Scholarship",2026-04-15,https://bigfuture.collegeboard.org/scholarships/the-george-f-stowe-62-ma-64-scholarship
55191575-90d6-48a8-9116-bdea2085d439,Bedard Family Scholarship for Business Entrepreneurs,2026-04-15,https://bigfuture.collegeboard.org/scholarships/bedard-family-scholarship-for-business-entrepreneurs
55311925-746b-46fe-862c-c7ad2da2c46d,Rose & Albert Miniaci Endowed Scholarship,2026-04-20,https://www.nova.edu/sbin/report/scholarships/schlr-srch-params.cgi?category=Institutional&level=Graduate
5551ed02-f6df-4d4f-9860-4154b03467e7,Dreams Scholarship for High School Students,2026-05-01,https://bigfuture.collegeboard.org/scholarships/dreams-scholarship-for-high-school-students
557ebbe7-243a-4279-b468-8aa53f66671e,Cynthia Bowling O'Connell Endowed Scholarship,2026-05-01,https://www.fgc.edu/tuition-financial-aid/available-financial-aid/foundation-scholarships.html
5583a85b-5f08-47f3-8c8d-3cee93712e17,Tom Gallagher Endowed Scholarship,2026-05-01,https://austincc.academicworks.com/opportunities/9756
558ba8bc-72a0-4087-8337-3d040d74afbd,"The Wilbert H. ""Bub"" Valiquette Scholarship",2026-04-15,https://bigfuture.collegeboard.org/scholarships/the-wilbert-h-bub-valiquette-scholarship
55923feb-9c77-4231-8115-537bb76fe946,AINTA Scholarship,2026-04-24,https://bigfuture.collegeboard.org/scholarships/ainta-scholarship
55b8b506-830c-4c14-80d9-e09465937d11,Houston Livestock Show and Rodeo FFA Scholarship,2026-04-17,https://www.texasffa.org/ffa-scholarships
55c3a76e-e9ef-4514-8a0f-45fa646c8f22,Cuidado Casero Foundation Nursing Scholarship,2026-04-30,https://www.scholarships.com/scholarships/cuidado-casero-foundation-nursing-scholarship
55da130a-2886-4673-b782-8b418f807552,Scholarship America Essential Visionaries Fund,2026-04-15,https://scholarship-america-production.saiapply.org/organization/profile/create?applyToClientReturnUrl=https%3A%2F%2Fsai-evision.saiapply.org%2Fprogram%2Fsai-essentialvisionaries%2Finfo%3FcycleId%3D1CXMJShM9uHfvci29WZHud&clientOrganizationId=L6QnbCiSdLfWWgVjrtDzS2j1Z5MM3NwIacTt
55e7d018-4ee2-40e0-bce4-ae1784fde825,Musical Merit Foundation of Greater San Diego Scholarship,2026-04-30,https://www.musicalmerit.org/audition-regulations
55f91d00-9db4-414a-bba9-e552dacdf707,William G. Anderson DO Scholarship Deadline 2026 USA,2026-04-30,https://bigfuture.collegeboard.org/scholarships/william-g-anderson-do-minority-scholarship
562a5cec-ae3b-41f1-82ca-54e01e8447c6,John Lepping Memorial Scholarship,2026-05-01,https://bigfuture.collegeboard.org/scholarships/john-lepping-memorial-scholarship
562e2b56-13c0-4814-9ff6-3ec985e7feda,For the One Scholarship,2026-04-18,https://bold.org/scholarships/for-the-one-scholarship
562e4825-32ab-4f29-8e5a-d6ae82a290a6,FFGC College Scholarship,2026-05-01,https://bigfuture.collegeboard.org/scholarships/ffgc-college-scholarship
5632a69b-236e-40c6-9c3c-caa8f59f6b5f,Hurricane Hope And Healing Scholarship,2026-04-14,https://bigfuture.collegeboard.org/scholarships/hurricane-hope-and-healing-scholarship
563b212d-8f6c-4113-946f-8c084765c509,NSTA Local Impact Scholarship USA 2026 Apply,2026-05-01,https://www.scholarships.com/scholarships/nsta-local-impact-scholarship
5658cd1c-e692-49d3-9700-4c331ea7fd60,GAPWS Scholarship,2026-04-15,https://bigfuture.collegeboard.org/scholarships/gapws-scholarship
5664bf74-7679-437c-ad70-81ee02672dc9,Dr. Harold Kerzner Scholarship Deadline 2026 USA,2026-05-01,https://bigfuture.collegeboard.org/scholarships/dr-harold-kerzner-scholarship
5668cd7d-aadd-4263-a7e8-921c81d327d0,Lane Family Fund for Hispanic Studies in Psychology Scholarship,2026-04-20,https://www.nova.edu/sbin/report/scholarships/schlr-srch-params.cgi?category=Institutional&level=Graduate
5679fafd-2f5b-489b-8522-6420a0d3b5c6,Beyond Scholars Program Deadline & Eligibility USA 2026 Scholars…,2026-04-15,https://bigfuture.collegeboard.org/scholarships/beyond-scholars-program
569a2740-7dc3-47cd-a4c7-b11d24cef969,James Bridenbaugh Memorial Scholarship,2026-05-01,https://www.endowment.org/scholarships
569c561d-bd29-47d8-a5c2-bcc101661831,Asian American Endowed Scholarship,2026-05-01,https://austincc.academicworks.com/opportunities/10017
569d7a4a-a59b-4a57-9289-beb6e8e640dd,M&T Bank Scholarship,2026-04-15,https://bigfuture.collegeboard.org/scholarships/mt-bank-scholarship
56cb0e49-6ab8-4c2c-8ed7-44674f4fcf70,Penny Remsen Design and Technology Theater Internship Scholarship,2026-04-15,https://umass.academicworks.com/opportunities
56cbf604-5090-4100-9239-bc79a70d63b1,Thomas M. Madison Endowed Scholarship sponsored by Merrill Lynch,2026-05-01,https://austincc.academicworks.com/opportunities/9968
56d0c5d9-3c74-494e-ac03-c5608488fb16,TCCP Women in Tech Scholarship Guide,2026-05-01,https://www.scholarships.com/scholarships/tccp-women-in-tech-scholarship
56df518c-ead6-4680-afcb-bf8d2042d83c,Mandy Wagner Foundation Scholarship,2026-05-01,https://www.mandywagnerfoundation.org/apply-now
56e2ac45-67ff-45dd-9b6e-ca90c83f7632,American Electrical Contracting Scholarship,2026-04-15,https://bigfuture.collegeboard.org/scholarships/american-electrical-contracting-scholarship
56e6aa39-9143-40fe-8fde-5599d009e803,Women Leading Kentucky Scholarship,2026-04-08,https://bigfuture.collegeboard.org/scholarships/women-leading-kentucky-scholarship
56f9b560-d6d4-403d-b5ae-e993db9fc6f5,Wyoming Wheat Growers/Wheat Commission Scholarship,2026-05-01,https://www.wyomingwheat.com/scholarship.aspx
57259084-3d2c-4953-96cc-4adf3027ef5a,Rotary Club of Austin-Southwest / Roger Beasley Mazda Automotive Scholarship,2026-05-01,https://bigfuture.collegeboard.org/scholarships/rotary-club-of-austin-southwest--roger-beasley-mazda-automotive-scholarship
57382990-ce05-4149-8a75-c9273df9d3c5,Marie E. Von Ohlen Memorial Endowed Scholarship,2026-05-04,https://bigfuture.collegeboard.org/scholarships/marie-e-von-ohlen-memorial-endowed-scholarship
5738600e-37f0-48f4-ac08-d1433c07b3b8,Graduate Student Business Scholarship,2026-04-30,https://cflblackmba.org/our-programs
575d2e75-4c53-423a-92d7-7d79482ad574,VyStar Computing Scholarship,2026-04-15,https://bigfuture.collegeboard.org/scholarships/vystar-computing-scholarship
5764a678-4a0f-4218-9d30-e8661bc6b21f,NWAG Georgia Scholarship USA 2026 Apply,2026-04-30,https://www.scholarships.com/scholarships/nwag-georgia-scholarship
5765fe58-49cb-44d7-93be-3442b341d6e2,Heart of D91 Go On Award USA 2026 Apply,2026-04-29,https://www.scholarships.com/scholarships/heart-of-d91-go-on-award
5768e723-81a5-4f30-a354-f9980253ecb7,Lauren Eldridge Memorial Scholarship,2026-04-30,https://bigfuture.collegeboard.org/scholarships/lauren-eldridge-memorial-scholarship
5781587b-7fc5-4008-bbe3-43edaaf70ffa,Brian J Boley Memorial Scholarship,2026-05-03,https://bold.org/scholarships/brian-j-boley-memorial-scholarship
57d2cec0-cfb5-431f-8c0c-78b13c939f97,Arabian Horse Association Region 4 Youth Scholarship,2026-05-01,https://bigfuture.collegeboard.org/scholarships/arabian-horse-association-region-4-youth-scholarship
57d9b00e-10de-45de-8e6d-a9bbd0e5126e,Better ATX Scholarship,2026-05-01,https://bigfuture.collegeboard.org/scholarships/better-atx-scholarship
57e468c6-6350-4b73-b838-6b566bace213,George N. Dorshimer Scholarship for Engineers,2026-04-24,https://bigfuture.collegeboard.org/scholarships/george-n-dorshimer-scholarship-for-engineers
57e9e4ab-d1cd-4624-b1fa-b9e8b488c312,MCA Scholarship,2026-04-15,https://bigfuture.collegeboard.org/scholarships/mca-scholarship
57ee74d4-5b94-4bf7-923b-32c2360196ca,Hanif Michael Martin Scholarship Award,2026-04-13,https://bold.org/scholarships/hanif-michael-martin-scholarship-award
57fbd27d-94d0-4bfe-9e0f-d6bbc8962bd7,Mario Lomeli Scholarship,2026-05-01,http://cetoweb.org/ceta/mario-lomeli-scholarship
583327c5-e4ba-4947-b180-cfc09772ab2f,Worcester Rotary Club Scholarship,2026-04-15,https://bigfuture.collegeboard.org/scholarships/worcester-rotary-club-scholarship
585684f2-ac60-43e1-91bd-229d686a274c,Martha and Ralph Egeland Endowed Scholarship,2026-05-04,https://bigfuture.collegeboard.org/scholarships/martha-and-ralph-egeland-endowed-scholarship
585c69b3-4bdd-4938-972e-e013b79c4deb,Boone Baker Endowed Scholarship,2026-05-01,https://austincc.academicworks.com/opportunities/9804
5890fcb1-a570-4d06-9285-7b62f7f7f597,Helen Zimmerman Memorial Scholarship,2026-05-01,https://www.nmef.net/programs.html
589efe53-5d11-4421-8eca-44fc25841631,Catholic Colleges No-Essay Scholarship,2026-04-30,https://bold.org/scholarships/catholic-colleges-no-essay-scholarship
58add6f1-fa22-4a27-89a1-a811d0b3717e,Delta Sigma Theta Mary Murphy Scholarship,2026-04-30,https://www.scholarships.com/scholarships/delta-sigma-theta-mary-murphy-scholarship
58b0e708-bba0-49ab-9ed9-4451adca1c79,Patricia Martin Memorial Scholarship,2026-05-01,https://bigfuture.collegeboard.org/scholarships/patricia-martin-memorial-scholarship
58c30d0d-47cd-4392-b799-cdde9671799d,CRA All-Access Scholarship,2026-04-27,https://www.scholarships.com/scholarships/cra-all-access-scholarship
58c8bfb4-f9cc-46b6-80dc-9ef3bba376a9,Douglas Arthur Vest Endowed Scholarship,2026-05-04,https://bigfuture.collegeboard.org/scholarships/douglas-arthur-vest-endowed-scholarship
58d4df90-2112-4bf4-ae4b-d38023d00f72,Mike and Flo Novovesky Scholarship,2026-05-01,https://bigfuture.collegeboard.org/scholarships/mike-and-flo-novovesky-scholarship
58e67c6f-1b36-4818-981c-5915b9f0b5e1,Bob R. McGuire Memorial Scholarship,2026-04-24,https://bigfuture.collegeboard.org/scholarships/bob-r-mcguire-memorial-scholarship
591d24cb-ae8b-4a8b-acf4-cfabaef534f4,OBA College Scholarship,2026-04-15,https://bigfuture.collegeboard.org/scholarships/oba-college-scholarship
59535f5c-03bb-4b2f-85eb-4809327a2cc5,Rotary Club of Austin-Southwest / Ishtel Heat and Air HVAC Scholarship,2026-05-01,https://bigfuture.collegeboard.org/scholarships/rotary-club-of-austin-southwest--ishtel-heat-and-air-hvac-scholarship
5953dfb5-db73-4fea-a086-98868f374c5e,"$2,000 No Essay Scholarship by Sallie",2026-04-30,https://www.scholarships.com/scholarships/2000-no-essay-scholarship-by-sallie
595e1b82-fb99-4222-8eb9-67a2fa79369b,Scott Family Endowed Scholarship,2026-05-01,https://www.fgc.edu/tuition-financial-aid/available-financial-aid/foundation-scholarships.html
59623b95-865f-49fe-9772-ebf8640dda66,Robert and Marguerite Matz Scholarship,2026-05-01,https://bigfuture.collegeboard.org/scholarships/robert-and-marguerite-matz-scholarship
5980799e-b16d-4c69-b2cc-528a7a9bafe8,South Dakota Automobile Dealers Association Education Scholarship,2026-04-29,https://bigfuture.collegeboard.org/scholarships/south-dakota-automobile-dealers-association-education-scholarship
598ad567-a160-4cb2-add9-345e1ebdb818,Lucy Kasparian Aharonian Scholarship,2026-04-22,https://bigfuture.collegeboard.org/scholarships/lucy-kasparian-aharonian-scholarship
598d757e-2109-4841-9dc9-776432a21e90,Australia Awards Scholarships,2026-05-04,https://www.mastersportal.com/scholarships/14273/australia-awards-scholarships.html
59ab2bfb-9ecb-4c9c-8a69-5d6b1247a1f3,Thomas C. Hendrick Study Abroad Endowed Scholarship,2026-04-15,https://bigfuture.collegeboard.org/scholarships/thomas-c-hendrick-study-abroad-endowed-scholarship
59ca9f0e-2974-418a-ba94-9c9b339e6658,J. L. Lund Memorial Scholarship,2026-04-29,https://bold.org/scholarships/J-L-lund-memorial-scholarship
59d4e1de-3e1f-4218-9915-d77051774938,Ferriss Horticulture Scholarship,2026-05-01,https://www.endowment.org/scholarships
59d8e679-f6a8-4bfd-a135-a4b2bbf26305,Jacqueline Mandly Scholarship,2026-04-24,https://bigfuture.collegeboard.org/scholarships/jacqueline-mandly-scholarship
59f6fc46-d244-4ad7-8b47-e89bf5b7a612,Diane Heighton Alsup Endowed Memorial Scholarship,2026-04-14,https://bigfuture.collegeboard.org/scholarships/diane-heighton-alsup-endowed-memorial-scholarship
5a0bd7dd-9b05-4cc6-a54e-746bf1dfd05e,"Walsh Family Foundation Scholarship Honoring Brian, Christopher and David Walsh",2026-04-15,https://bold.org/scholarships/walsh-family-foundation-scholarship-honoring-brian-christopher-and-david-walsh
5a392e27-8a37-4d53-8c04-01960d664ac6,Dr. Thomas M. Hatfield Endowed Scholarship,2026-05-01,https://austincc.academicworks.com/opportunities/10185
5a82f522-a98d-49ad-8fc4-38f4efc92f25,Dr. Constance B. Jordan Scholarship,2026-05-01,https://www.framingham.edu/admissions-aid/cost-aid/types-aid/scholarships
5a85e477-5361-49e4-b930-9c474f821462,Joan Bowden Scholarship,2026-05-01,https://bigfuture.collegeboard.org/scholarships/joan-bowden-scholarship
5a9784f6-dcfb-4e91-819c-da0d8ba50e63,Waubonsee Community College Faculty Council Awards Endowed Scholarship,2026-05-04,https://bigfuture.collegeboard.org/scholarships/waubonsee-community-college-faculty-council-awards-endowed-scholarship
5a9ce1d1-0910-4748-9e1a-33b7bf9e959b,Team JAS Mechanical Engineering Scholarship,2026-04-15,https://bigfuture.collegeboard.org/scholarships/team-jas-mechanical-engineering-scholarship
5aa4b9cb-ee12-461f-b636-16f58e28c88f,Helen Dyar King Scholarship,2026-04-15,https://bigfuture.collegeboard.org/scholarships/helen-dyar-king-scholarship
5aabbf85-e26d-4612-a005-963861000e74,Tracey Davis Memorial Scholarship,2026-04-25,https://bold.org/scholarships/tracey-davis-memorial-scholarship
5aae9a92-2841-4c8e-9335-8ccd9cfb9042,Dr. Richard F. Logan Scholarship,2026-05-01,https://bigfuture.collegeboard.org/scholarships/dr-richard-f-logan-scholarship
5ab635a0-70b2-49cd-a6ae-c976be596abb,Frank O'Bannon Grant Scholarship Guide,2026-04-15,https://bigfuture.collegeboard.org/scholarships/frank-obannon-grant
5ac4359a-7617-4ef3-a6df-1085b49c1a2e,The Charles and Esther Golub Endowed Scholarship,2026-04-15,https://bigfuture.collegeboard.org/scholarships/the-charles-and-esther-golub-endowed-scholarship
5ac7f868-2ab1-4136-9a3f-000f5d630a2b,Sustainability Scholarship,2026-04-10,https://bigfuture.collegeboard.org/scholarships/sustainability-scholarship
5ad63ddf-d823-4c2b-95c5-0283c41b1b00,Nebraska High School Senior Scholarship,2026-04-30,https://www.scholarships.com/scholarships/nebraska-high-school-senior-scholarship
5b0f73d1-f19e-4496-bce5-b6fbe748b4f5,PMI Robert J. Yourzak Scholarship Award,2026-05-01,https://www.scholarships.com/scholarships/pmi-robert-j-yourzak-scholarship-award
5b29ad50-a92c-4a4e-8f71-3cb6932fd8c5,Shawn Carter Scholarship Foundation,2026-04-30,https://www.scholarships.com/scholarships/shawn-carter-scholarship-foundation
5b2b33bf-f1ea-42c5-88bc-3311147948b1,Alfred Street Baptist Church Foundation Scholarship,2026-04-15,https://bigfuture.collegeboard.org/scholarships/alfred-street-baptist-church-foundation-scholarship
5b2f715f-44a6-4169-910d-880ba1a85f7e,Shauna Gizelle Brown Endowed Scholarship Guide,2026-04-15,https://bigfuture.collegeboard.org/scholarships/shauna-gizelle-brown-endowed-scholarship
5b488d8b-834c-47fd-81d1-dab377866294,Skylar's Hope Scholarship,2026-04-21,https://bold.org/scholarships/skylars-hope-scholarship
5b521c48-9c02-4670-a0e0-d15d3c751435,Josie Rewald Memorial Community College Scholarship,2026-05-02,https://www.scholarships.com/scholarships/josie-rewald-memorial-community-college-scholarship
5b5b0c37-2df7-41a5-bc6d-e3e9c7cd0098,oxyGEN with AT&T National Scholarship,2026-04-30,https://www.scholarships.com/scholarships/oxygen-with-atandt-national-scholarship
5b6a871c-96e9-491b-b1d9-e6c53fac7b22,Joe Martin Family Scholarship,2026-04-15,https://bigfuture.collegeboard.org/scholarships/joe-martin-family-scholarship
5b6e5241-560b-4d42-a11f-0e0b16fc559c,District of Columbia Area Accounting and Financial Women's Alliance  Chapter Scholarship,2026-04-15,https://bigfuture.collegeboard.org/scholarships/district-of-columbia-area-accounting-and-financial-womens-alliance--chapter-scholarship
5b7429b8-8d9d-41f7-8a09-4adc2961e7f8,Rayonier Scholarship,2026-05-01,https://www.fgc.edu/tuition-financial-aid/available-financial-aid/foundation-scholarships.html
5b7ae595-9a78-47bd-af80-eb0d9d2d8594,Otis Chandler Memorial Scholarship,2026-04-30,https://bigfuture.collegeboard.org/scholarships/otis-chandler-memorial-scholarship
5b888ff6-3474-451c-ac6b-6be4cd52d131,Virginia Peninsula Post SAME Scholarship,2026-04-22,https://bigfuture.collegeboard.org/scholarships/virginia-peninsula-post-same-scholarship
5baaa637-00d5-4716-bb78-82c66fca57bc,Carolyn Bass Endowed Scholarship,2026-05-01,https://www.fgc.edu/tuition-financial-aid/available-financial-aid/foundation-scholarships.html
5bb59109-9132-4621-9d48-1306052e2297,Carl A. Scott Memorial Scholarship,2026-05-01,https://bigfuture.collegeboard.org/scholarships/carl-a-scott-memorial-scholarship
5bc48d49-450c-4860-bdc0-5b43f811fa28,The Guild Giving National Scholarship,2026-04-10,https://scholarship-america-production.saiapply.org/organization/profile/create?applyToClientReturnUrl=https%3A%2F%2Fsai-guild.saiapply.org%2Fprogram%2Fsai-guildgiving%2Finfo%3FcycleId%3D1CW5N2iqGgCqAh4HkCD4S5&clientOrganizationId=GNtWf_EjEVkpUt9WnwopT2UuCcAermLlUB5I
5bd55814-d421-419e-b670-dc7bf27d6b72,Gardella College Scholarship,2026-04-15,https://bigfuture.collegeboard.org/scholarships/gardella-college-scholarship
5be186f9-6e66-4cb6-915b-f7b9bfd10218,Rotary Club of Playa Venice Sunrise STEM Scholarship,2026-04-29,https://bigfuture.collegeboard.org/scholarships/rotary-club-of-playa-venice-sunrise-stem-scholarship
5beff41d-0494-4194-877e-0caee9f455c2,The Jessie E. Turner Class of 1911 Endowed Scholarship,2026-04-15,https://bigfuture.collegeboard.org/scholarships/the-jessie-e-turner-class-of-1911-endowed-scholarship
5bf62fff-d59c-44a0-9245-0641cc8930f4,PMI Phoenix Chapter Scholarship,2026-05-01,https://www.scholarships.com/scholarships/pmi-phoenix-chapter-scholarship
5c0dfb71-b3b7-4fb1-ac78-fbc542b48aa0,Supply Chain Scholarship Program,2026-04-30,https://www.scholarships.com/scholarships/supply-chain-scholarship-program
5c169488-bb6f-4364-8650-a20fe0296ebd,Morton A. Gibson Memorial Scholarship,2026-05-01,https://bigfuture.collegeboard.org/scholarships/morton-a-gibson-memorial-scholarship
5c1e48cd-a64d-4299-a459-d10ed51abcb9,Dance & Drama Freshman Scholarship,2026-05-01,https://bigfuture.collegeboard.org/scholarships/dance--drama-freshman-scholarship
5c482d82-174c-4b4d-a01c-4aa9f55b1bc4,Pindler Cares Scholarship Apply 2026 USA,2026-05-01,https://bigfuture.collegeboard.org/scholarships/pindler-cares-education-scholarship
5c5040c3-1b4e-4732-ab7b-fe96412b1061,Hanna Award for Girls in STEM,2026-04-12,https://bigfuture.collegeboard.org/scholarships/hanna-award-for-girls-in-stem
5c506306-ebda-4e27-bf79-2ff87c2b6e0c,Kassel Smit Make A Difference Scholarship,2026-05-01,https://bigfuture.collegeboard.org/scholarships/kassel-smit-make-a-difference-scholarship
5c6a9ad7-3e8e-4fee-85cc-2d8bc6f19c81,Lisa Higgins Hussman Scholarship Guide 2026,2026-05-01,https://bigfuture.collegeboard.org/scholarships/lisa-higgins-hussman-scholarship
5c781901-d22f-422f-aabf-13989146dd63,First Presbyterian Church/Donald R. Petry Memorial Scholarship,2026-05-01,https://www.fgc.edu/tuition-financial-aid/available-financial-aid/foundation-scholarships.html
5c7b356c-b3e3-466b-b30a-a569a8517c1b,Andrew Clarke Memorial Scholarship,2026-05-01,https://www.fgc.edu/tuition-financial-aid/available-financial-aid/foundation-scholarships.html
5c7db5a7-21a2-4c91-82d4-8d58b00f145b,O.B. Ross Endowed Scholarship sponsored by Merrill Lynch,2026-05-01,https://austincc.academicworks.com/opportunities/9998
5c8c5f00-8749-4998-aea4-8551d11828fd,The Doherty Family Scholarship,2026-04-15,https://bigfuture.collegeboard.org/scholarships/the-doherty-family-scholarship
5ca0c2d1-8518-4101-9405-58aa211a3a72,"The John ""Jack"" F. McLaughlin Jr, '62 M.Ed. Professor Emeritus Memorial Scholarship",2026-04-15,https://bigfuture.collegeboard.org/scholarships/the-john-jack-f-mclaughlin-jr-62-med-professor-emeritus-memorial-scholarship
5d03c4db-4173-4cad-a309-28a78ec5a3bc,College of Natural Sciences Undergraduate Student Success Scholarship,2026-04-15,https://bigfuture.collegeboard.org/scholarships/college-of-natural-sciences-undergraduate-student-success-scholarship
5d198196-6113-4cc3-80d4-8afad020d213,Woodlawn Farms Angus Scholarship,2026-05-01,https://www.angus.org/foundation/apply-for-scholarships/njaa-scholarships
5d1e2036-1164-44c4-947e-1f2bd42bb51b,Marilu Johnson Scholarship,2026-04-30,https://bigfuture.collegeboard.org/scholarships/marilu-johnson-scholarship
5d309607-19b0-4e0f-a0c9-ff3cb90efd79,Huebner Scholarship application guide USA 2026 Apply,2026-04-30,https://bigfuture.collegeboard.org/scholarships/huebner-scholarship---college-university
5d58e8ab-c66e-4f38-88af-986bcca3b2da,Montana Sheriffs and Peace Officers Association Scholarship,2026-04-15,https://bigfuture.collegeboard.org/scholarships/montana-sheriffs-and-peace-officers-association-scholarship
5d645bc2-5e2d-40d3-baf6-05891c05b148,J.D. Williams Scholarship,2026-04-16,https://bigfuture.collegeboard.org/scholarships/jd-williams-scholarship
5d801090-e25e-4e48-9d18-c692f2f86827,Asher Broughton Scholarship Eligibility & Deadline USA 2026,2026-04-22,https://bigfuture.collegeboard.org/scholarships/asher-broughton-scholarship
5d89600a-0c38-4c56-9625-7ba84bc04f84,Faye Bowling Warren Scholarship,2026-05-01,https://www.fgc.edu/tuition-financial-aid/available-financial-aid/foundation-scholarships.html
5d990503-fc4e-4f91-9528-c186924bcccb,Drs. Aileen and Walter Bumphus Endowed Scholarship,2026-05-01,https://austincc.academicworks.com/opportunities/9892
5dbb0f8c-691e-4d09-8d9c-ab092c5d9cf7,Zachariah Family Endowed Scholarship,2026-05-01,https://www.nova.edu/sbin/report/scholarships/schlr-srch-params.cgi?category=Institutional&level=Undergraduate
5dd8f472-4732-45d8-82be-234fcbde8fad,S. Marvin Griffin Scholarship,2026-05-01,https://bigfuture.collegeboard.org/scholarships/s-marvin-griffin-scholarship
5df13633-7b95-423b-b5f7-37d1fb5495e2,EPOC Environmental Scholarship Fund,2026-04-30,https://www.scholarships.com/scholarships/epoc-environmental-scholarship-fund
5df2c504-1996-4166-b26f-aad95c5e522c,Clayton M. Grey Scholarship,2026-04-22,https://bigfuture.collegeboard.org/scholarships/clayton-m-grey-scholarship
5df53aa3-3be1-4db7-b41f-9ed6a588d72a,Jerald Hoekstra Family Scholarship,2026-05-01,https://bigfuture.collegeboard.org/scholarships/jerald-hoekstra-family-scholarship
5e01d986-febb-4c92-a0d9-130adce23ce4,Dr. Judith J. Carrier Scholarship,2026-04-15,https://bigfuture.collegeboard.org/scholarships/dr-judith-j-carrier-scholarship
5e2db6d9-cc39-4aaf-bd2a-8f9f792c1475,Upakar Indian-American Scholarship Foundation,2026-04-30,https://www.scholarships.com/scholarships/upakar-indian-american-scholarship-foundation
5e3bcb92-cf84-433e-915f-c3016c38d99b,PAVE Student Aid Program Scholarship Guide,2026-04-23,https://bigfuture.collegeboard.org/scholarships/pave-student-aid-program
5e4deafd-9c87-4fe2-84eb-5ce12f17d8e1,Rationalists of East Tennessee Secular Scholarship,2026-05-01,https://bigfuture.collegeboard.org/scholarships/rationalists-of-east-tennessee-secular-scholarship
5e4f1bf8-a848-478f-a81f-c5067af4e5c9,Empowerment Scholarship,2026-04-12,https://bigfuture.collegeboard.org/scholarships/empowerment-scholarship
5e5d9e80-fcee-476b-9d55-fc3bd9829af7,Dr. Rodney Ackley Dentistry Scholarship,2026-04-10,https://bigfuture.collegeboard.org/scholarships/dr-rodney-ackley-dentistry-scholarship
5e7fc43d-e9e0-4d85-82ff-214e866d46a3,Rex C. Knapp Memorial Scholarship,2026-05-04,https://bigfuture.collegeboard.org/scholarships/rex-c-knapp-memorial-scholarship
5e906b37-79a6-40f1-b774-6582676da502,Mary N. Brooks Scholarship,2026-04-15,https://bigfuture.collegeboard.org/scholarships/mary-n-brooks-scholarship
5eac9557-aad2-4a43-b8f3-a9b242f2d082,Lovee L. and Hy W. Kliman Family Endowed Scholarship,2026-04-15,https://www.unf.edu/udae/awards/endowments.html
5eb097b9-0433-41fd-940b-ffa351d3fb19,TTAA Curt Langford Scholarship,2026-04-15,https://texastechalumni.academicworks.com/
5eb7e616-7916-44c5-903b-520cdc4a991c,Patterson Scholarship Program,2026-05-01,https://scholarship-america-production.saiapply.org/organization/profile/create?applyToClientReturnUrl=https%3A%2F%2Fsai-pattdei.saiapply.org%2Fprogram%2Fsai-patterson%2Finfo%3FcycleId%3D1CYE8wAkGyGw4PR63MosDx&clientOrganizationId=Dx5rd4aFAQ2xXtv52wmbY9-xucjKgL2a3gEP
5ec15143-33b0-42bc-8e59-54eaa0fb66b0,Parkinson Association of the Rockies Eric Wright Memorial Fund,2026-04-24,https://www.scholarships.com/scholarships/parkinson-association-of-the-rockies-eric-wright-memorial-fund
5ed6975f-93bf-4186-9d37-c8f8c9781357,Travis Companies Scholarship eligibility and deadline 2026 USA,2026-04-20,https://bigfuture.collegeboard.org/scholarships/travis-companies-scholarship
5edbc6cd-8f80-4caa-92c1-e30033bd5383,Umps Care All-Star College Scholarship,2026-05-01,https://www.scholarships.com/scholarships/umps-care-all-star-college-scholarship
5ee4140a-1bf4-45bd-9d3c-11ab6534d70b,Bradford-Sullivan Forest Landowners' Association Scholarship,2026-04-30,https://www.scholarships.com/scholarships/bradford-sullivan-forest-landowners-association-scholarship
5ee9625c-809f-443d-a732-194c78146ac6,AAUW Hilo Nursing Scholarships,2026-05-01,https://www.scholarships.com/scholarships/aauw-hilo-nursing-scholarships
5eeaec9c-942e-48c2-b169-4cc15b1a1f59,The SPORTS ALIVE Scholarship - In memory of E. Jay Tierney,2026-04-15,https://bigfuture.collegeboard.org/scholarships/the-sports-alive-scholarship---in-memory-of-e-jay-tierney
5ef3a7fc-f554-475e-8fcc-8f47902b60ce,Flora Marie Jenkins Memorial Disability Scholarship,2026-04-30,https://bigfuture.collegeboard.org/scholarships/flora-marie-jenkins-memorial-disability-scholarship
5f078b03-7cad-4bde-829c-fb1ba4ab3c80,Eric D. Tucker Scholarship,2026-04-30,https://bigfuture.collegeboard.org/scholarships/eric-d-tucker-scholarship
5f0cd11d-7b0c-4d5c-b424-8b9348de86b7,Lyle R. Scott Scholarship,2026-04-15,https://bigfuture.collegeboard.org/scholarships/lyle-r-scott-scholarship
5f205605-f663-4a46-bf08-3996e3dd6304,Preferred Bank Scholarship,2026-04-20,https://bigfuture.collegeboard.org/scholarships/preferred-bank-scholarship
5f3637f5-1998-4282-92a4-81b149aacc37,Jim McKay Memorial Scholarship Deadline 2026 USA,2026-04-24,https://bigfuture.collegeboard.org/scholarships/jim-mckay-memorial-scholarship
5f540c93-1830-4191-ad21-4b8ce5784a08,"Carmellina, RN, and Victor Borges, MD, Clinical Fellowship",2026-04-15,https://www.unf.edu/brooks/scholarships/full-list.html
5f7c25d3-0f7e-4cbf-8ce5-fc2e5a74f5dd,Fresno County 4-H Small Animal Scholarship,2026-04-16,https://bigfuture.collegeboard.org/scholarships/fresno-county-4-h-small-animal-scholarship
5f88c8c0-2aad-46f9-84d9-e72031d73fb5,The Ada Cheever Perry Memorial Scholarship,2026-04-15,https://bigfuture.collegeboard.org/scholarships/the-ada-cheever-perry-memorial-scholarship
5fd38581-3cca-4359-94e4-dbe4efeaf299,"Wichita, KS Chapter Scholarship",2026-04-15,https://www.texastechalumni.org/s/1422/a22/interior.aspx?sid=1422&gid=1001&pgid=1384
5fd434d9-9f7c-4567-be79-45aaf03f499d,HSC Scholars Program,2026-04-30,https://www.hispanicscholar.org/apply
5fe079ed-a7cc-4421-a214-68ce09274f7d,Dr. Johanna Hulls Huggans Endowed Scholarship,2026-05-01,https://austincc.academicworks.com/opportunities/9722
5fe17cab-65bd-400d-8a53-717578ba0c1b,Peter Hunt Fincher Scholarship,2026-05-01,https://www.fftc.org/scholarships
5ffb25b2-890f-44ef-b65c-a19c46a2baf7,Water Management Association of Ohio Scholarship,2026-04-15,https://bigfuture.collegeboard.org/scholarships/water-management-association-of-ohio-scholarship
60059fbd-440e-405a-9653-320fa1cb0ed8,Siaroff-Jacobson Family Scholarship,2026-05-01,https://bigfuture.collegeboard.org/scholarships/siaroff-jacobson-family-scholarship
600e6ab4-08cb-4185-b6fd-a60022fcbddf,Lex Hester Endowed Fellowship for Public Administration,2026-04-15,https://bigfuture.collegeboard.org/scholarships/lex-hester-endowed-fellowship-for-public-administration
60137f9b-3185-4778-b9b6-60c02a93d9d9,MacTarnahan Scholarship,2026-05-01,https://bigfuture.collegeboard.org/scholarships/mactarnahan-scholarship
6042858a-22d1-43ae-91f5-d169f8503030,Miley Cyrus Fan No-Essay Scholarship,2026-04-30,https://bold.org/scholarships/miley-cyrus-fan-no-essay-scholarship
6045df99-f8f0-4f92-b0d7-785fac2650fb,Federal Civilian Employee Scholarship,2026-04-15,https://bigfuture.collegeboard.org/scholarships/federal-civilian-employee-scholarship
604a8f4e-df44-432a-b46c-ceb71e999c65,Vocational Scholarship,2026-04-04,https://bigfuture.collegeboard.org/scholarships/vocational-scholarship
6051558a-3b32-45c9-b3a8-1813cc37b1e9,Harvest Endowed Scholarship,2026-05-01,https://austincc.academicworks.com/opportunities/9951
60537b64-1f55-4d65-8517-cb4de05aa6f2,Altrusa Club/Camilla C. Pickering Memorial Scholarship,2026-04-14,https://bristolcc.academicworks.com/
60585511-b128-43f2-a2db-3b9b8fad9e15,Drinking Water Continuing Education Scholarship,2026-04-15,https://bigfuture.collegeboard.org/scholarships/drinking-water-continuing-education-scholarship
60879f57-051e-46e4-af49-96e2894976ed,Larry Forbes Nursing Scholarship,2026-05-01,https://bigfuture.collegeboard.org/scholarships/larry-forbes-nursing-scholarship
608b99d7-af7d-4a70-8a89-42fd1e09047f,"Charles ""Chief"" Ferguson Scholarship",2026-05-01,https://bigfuture.collegeboard.org/scholarships/charles-chief-ferguson-scholarship
6090fb58-76e0-4d9d-8d25-fcd542f9776e,Ben F. Barnes Endowed Scholarship,2026-05-01,https://austincc.academicworks.com/opportunities/10186
60b0ab9b-1ee5-4545-ac2d-ab26b669d3b3,Sandy Lane Scholarship,2026-04-15,https://bigfuture.collegeboard.org/scholarships/sandy-lane-scholarship
60ca87cf-dad3-43e5-9083-a7036d9bae2a,Folded Flag Foundation Scholarship Guide,2026-05-01,https://www.scholarships.com/scholarships/folded-flag-foundation-scholarship
60d9d936-9ce9-43e8-ae3c-b9e00bd2faa3,Charles W. Buck Memorial Scholarship,2026-04-15,https://bigfuture.collegeboard.org/scholarships/charles-w-buck-memorial-scholarship
60e21341-c328-4ad0-a49c-c4b6e6a91411,New Hope Women of Today Scholarship,2026-05-01,https://www.scholarships.com/scholarships/new-hope-women-of-today-scholarship
60e5d089-e25a-44d0-b5e0-89ee7a3d8935,Jo Frances Hill Endowed Scholarship,2026-05-01,https://austincc.academicworks.com/opportunities/9845
60ed41fa-1e49-45be-a1bf-11c25f16a6c9,Waubonsee Community College Employee Single Parent Scholarship,2026-05-04,https://bigfuture.collegeboard.org/scholarships/waubonsee-community-college-employee-single-parent-scholarship
60ef62cb-6afe-4e80-a235-7e7dfd19a562,Forty and Eight Nursing Scholarship,2026-05-04,https://bigfuture.collegeboard.org/scholarships/forty-and-eight-nursing-scholarship
61095e72-33e7-4c35-b55a-1292f904faee,Fegan Family Nursing Scholarship,2026-05-01,https://bigfuture.collegeboard.org/scholarships/fegan-family-nursing-scholarship
610a6003-61fc-43e3-b9b9-2d96d9806349,Mary M. Tatge Scholarship,2026-05-01,https://bigfuture.collegeboard.org/scholarships/mary-m-tatge-scholarship
610d5ffd-5750-4e88-8862-a2fb01df4561,Reston Community Players Scholarships,2026-05-01,https://www.scholarships.com/scholarships/reston-community-players-scholarships
61258e9d-810c-45ac-a9f2-07756fae42f2,Frey Family GED Scholarship,2026-05-01,https://bigfuture.collegeboard.org/scholarships/frey-family-ged-scholarship
61294cf4-609e-41db-aeef-412e5b30ebc9,Colton Frahm Memorial Scholarship,2026-04-14,https://bold.org/scholarships/colton-frahm-memorial-scholarship
6152feb3-2608-4b3e-822b-291411ac780b,#RAREis Scholarship,2026-04-28,https://bigfuture.collegeboard.org/scholarships/rareis-scholarship
615b00c7-64a6-41d6-a846-ad2b1d49d5ef,Oregon Region Porsche Club of America Scholarship,2026-04-15,https://www.clackamas.edu/admissions-financial-aid/financial-aid-scholarships/scholarships
615f69da-c553-425d-99a9-d9c8ce901f3a,American Iris Society Region 14 Scholarship,2026-04-10,https://bigfuture.collegeboard.org/scholarships/american-iris-society-region-14-scholarship
616542fd-9c9c-4d87-a3fd-5e5df8407956,Dixie Education Foundation Endowed Scholarship,2026-05-01,https://www.fgc.edu/tuition-financial-aid/available-financial-aid/foundation-scholarships.html
616d8455-b186-4659-a252-6d90413c8e24,Grammy and Pappy Scholarship,2026-04-12,https://bold.org/scholarships/grammy-and-pappy-scholarship
61729846-cf7b-4afc-9dc1-a32d5b674499,Resilient Scholar Award,2026-04-21,https://bold.org/scholarships/resilient-scholar-award
617a45cc-3c61-4aa7-bda7-59218d2d3f65,Playmakers Nashville Scholarship,2026-04-10,https://bold.org/scholarships/playmakers-nashville-scholarship
61845a42-796b-4b7c-95d4-df20cb052d61,Episcopal Diocese of Long Island Scholarship Guide,2026-04-30,https://www.scholarships.com/scholarships/episcopal-diocese-of-long-island-scholarship
6188f8c6-6032-49b3-b465-13f99bd3dc94,FCPA High School Scholarship,2026-04-15,https://bigfuture.collegeboard.org/scholarships/fcpa-high-school-scholarship
61984695-3960-4eb0-9e79-16c589167b6d,Mark D. Schwarck Memorial Scholarship,2026-04-14,https://bold.org/scholarships/mark-d-schwarck-memorial-scholarship
61a1d80f-03b4-4d3f-bca9-307bdb972470,Dr. Thomas L. Spray Scholarship presented by ACE,2026-05-01,https://www.scholarships.com/scholarships/dr-thomas-l-spray-scholarship-presented-by-ace
61a84a1c-cefa-4f4f-9749-4390084a4857,Robert & Helen Nanzer Memorial Endowed Scholarship,2026-05-04,https://bigfuture.collegeboard.org/scholarships/robert--helen-nanzer-memorial-endowed-scholarship
61b4f365-5305-43a7-ba5b-1b0417089477,STEM Scholarships,2026-04-30,https://bigfuture.collegeboard.org/scholarships/stem-scholarships
61e36f6d-050a-4a19-aedb-fe934ba312ba,Academic Scholarship for Engineering Students,2026-04-15,https://bigfuture.collegeboard.org/scholarships/academic-scholarship
61e75704-dca9-4bf1-bb92-0d283a8c09df,Harriet Bloomfield Memorial Scholarship,2026-05-01,https://naswnj.socialworkers.org/Membership/Student-Center
61e7c53a-2569-4003-adaf-d115500b9753,The Main Street America Group Endowed Urban Education Scholarship,2026-04-15,https://www.unf.edu/coehs/scholarships/list/main-street-america.html
61ec7f04-ab8c-4270-9690-cf2333535efe,PlaceWorks Scholarship Program,2026-04-06,https://bigfuture.collegeboard.org/scholarships/placeworks-scholarship-program
61f919a1-2c04-4856-bd37-2f74bcd3e25e,Jump Start Scholarship Program,2026-04-10,https://bigfuture.collegeboard.org/scholarships/jump-start-scholarship-program
621a29b8-5a74-44c9-8418-1a129e09eba2,"Accurate Color & Compounding, Inc. Endowed Scholarship",2026-05-04,https://bigfuture.collegeboard.org/scholarships/accurate-color--compounding-inc-endowed-scholarship
6250c6f0-f4b5-4111-a09e-4c6740f879eb,Muleshoe Chapter Scholarship,2026-04-15,https://www.texastechalumni.org/s/1422/a22/interior.aspx?sid=1422&gid=1001&pgid=1384
625f7bd4-4048-48a4-ab7a-443fa7a07419,Post Malone Fan No-Essay Scholarship,2026-04-30,https://bold.org/scholarships/post-malone-fan-no-essay-scholarship
626339bf-a009-4647-a19c-6ca0925dbe5a,Thomas J. Ellis Jr Scholarship deadline 2026 USA,2026-04-22,https://bigfuture.collegeboard.org/scholarships/thomas-j-ellis-jr-class-of-1933--scholarship
6275e8f7-c623-4419-adf4-6e78ce0e18d6,Kankakee River Valley Exchange Club Scholarship,2026-05-01,https://bigfuture.collegeboard.org/scholarships/kankakee-river-valley-exchange-club-scholarship
6285ac10-de62-41dd-ac84-44563f45d985,St. John Community Re-entry and Restoration Scholarship,2026-05-01,https://austincc.academicworks.com/opportunities/9884
628c9d8f-7057-4bcf-9f92-7b1e659813ff,Anthony Todd Holcomb Memorial Scholarship,2026-05-01,https://chipola.academicworks.com/
628ce305-ec45-4d0b-ab56-e5e0b8f0f07e,Kentucky Higher Education Assistance Authority Teacher Scholarship,2026-05-01,https://bigfuture.collegeboard.org/scholarships/kentucky-higher-education-assistance-authority-teacher-scholarship
629f2825-8071-48cd-b5fe-2c26d1e7b4f4,John B. Anderson Scholarship,2026-04-15,https://texastechalumni.academicworks.com/
62af9af1-074e-4081-a3b2-81855b8e6c3d,Patricia M. Paul Memorial Scholarship,2026-05-01,https://bigfuture.collegeboard.org/scholarships/patricia-m-paul-memorial-scholarship
62b41f79-03a4-4b9a-92d0-3c53b60779fb,W.E. Garets Scholarship in Journalism,2026-04-15,https://texastechalumni.academicworks.com/
62c1a6a9-b675-4ab5-b14c-a6bb3a6a20c0,Long Beach Rotary High School Seniors Scholarship,2026-04-30,https://www.scholarships.com/scholarships/long-beach-rotary-high-school-seniors-scholarship
62cb6e55-769d-459f-b481-48e53b7ff891,Dr. Elmer W. Salenius Scholarship,2026-05-01,https://www.framingham.edu/admissions-aid/cost-aid/types-aid/scholarships
630f9a62-0d75-4ce2-8fe0-3cdcc905068b,ESA Foundation Esports Scholarship,2026-04-30,https://www.theesa.com/foundation/scholarships
6310a830-e3d3-4b2c-9ff4-c58550664e3c,Lester  W. Miller Scholarship,2026-04-30,https://bigfuture.collegeboard.org/scholarships/lester--w-miller-scholarship
631ca867-35ed-4092-9bda-361b29acc56a,Thomas Frizzell Scholarship,2026-04-14,https://bigfuture.collegeboard.org/scholarships/thomas-frizzell-scholarship
6321c4c2-8ea7-4435-917d-f99c794f9cbb,Maine Art Education Association Annual High School Scholarship,2026-05-01,https://bigfuture.collegeboard.org/scholarships/maine-art-education-association-annual-high-school-scholarship
6331a5d6-9944-4533-8a14-e9c433fd8798,Richard A. Herbert Memorial Undergraduate Scholarship,2026-05-01,https://bigfuture.collegeboard.org/scholarships/richard-a-herbert-memorial-undergraduate-scholarship
633faefe-7051-4953-8dff-0f114b70d0b2,Charles and Jean Rigg Scholarship,2026-04-15,https://bigfuture.collegeboard.org/scholarships/charles-and-jean-rigg-scholarship
634b191c-e56d-4be4-8dfe-7022c23e1ff1,OneGoal Scholarship,2026-05-01,https://bigfuture.collegeboard.org/scholarships/onegoal-scholarship
636afee6-8bc2-45b5-92ae-d87bd19d99db,Physical Therapist Assistant Scholarship,2026-04-15,https://tccd.academicworks.com/opportunities/4937
6383e000-7bc4-4100-9678-56db73a6f330,GBC International Bank Scholarship,2026-04-20,https://bigfuture.collegeboard.org/scholarships/gbc-international-bank-scholarship
6391282b-ccc7-46d1-9192-c51987152828,Dr. Gail E. Cosgrove Scholarship,2026-05-01,https://www.framingham.edu/admissions-aid/cost-aid/types-aid/scholarships
6394fa77-b653-45b3-a068-d3e580435952,Texas FFA Proficiency Scholarship,2026-05-01,https://bigfuture.collegeboard.org/scholarships/texas-ffa-proficiency-scholarship
63997d53-6463-4169-98bb-ea4d18903222,Alfred G. and Imogen M. Moss Scholarship,2026-04-22,https://bigfuture.collegeboard.org/scholarships/alfred-g-and-imogen-m-moss-scholarship
639f840f-453d-4282-8215-c822a70501c2,New Era Scholarship,2026-04-15,https://bigfuture.collegeboard.org/scholarships/new-era-scholarship
63a22e86-7976-486e-9e9b-2934533d356b,Rotary Club of Austin-Southwest/ David Capshaw Health Science Scholarship,2026-05-01,https://bigfuture.collegeboard.org/scholarships/rotary-club-of-austin-southwest-david-capshaw-health-science-scholarship
63a42ea8-e8c6-4eb3-a050-5a2ecab62982,Illinois Graphic Communications Scholarship,2026-05-01,https://www.glga.info/illinois-graphic-communications-scholarship-program
63b64574-7938-4b26-a23c-c67d221ef2bd,Miriam and David Rush Presidential Scholarship,2026-05-01,https://www.nova.edu/sbin/report/scholarships/schlr-srch-params.cgi?category=Institutional&level=Graduate
63cc2b46-f613-4421-8aff-853f9aee8e79,"KDMF ""Nobody's Glory - Everybody's Gain"" Scholarship",2026-04-29,https://bigfuture.collegeboard.org/scholarships/kdmf-nobodys-glory---everybodys-gain-scholarship
63d43cfb-71c0-433e-a4e1-f44ae4a2a387,Oak Grove Garden Club Scholarship,2026-04-15,https://www.clackamas.edu/admissions-financial-aid/financial-aid-scholarships/scholarships
6405c96e-1632-4b6a-b828-ee7dfc332a6e,Dr. Tujuana Hunter Memorial Scholarship,2026-04-19,https://bold.org/scholarships/dr-tujuana-hunter-memorial-scholarship-program
64190c74-9f37-4a98-a471-11983396e7ec,Operation Second Chance Scholarship Guide,2026-05-01,https://www.scholarships.com/scholarships/operation-second-chance-scholarship
643eeb22-8436-4af8-98f7-3ea806ddb633,J. Frank Schmidt Scholarship,2026-04-15,https://www.clackamas.edu/admissions-financial-aid/financial-aid-scholarships/scholarships
64595f45-1b47-4fdd-8fb3-5d04897b42b6,Paulos Family Endowed Scholarship,2026-04-15,https://tccd.academicworks.com/opportunities/4769
6476f133-06be-4063-9aca-d701a8cad9dd,Harry C. Bates U.S. Scholarship Program,2026-04-15,https://bigfuture.collegeboard.org/scholarships/harry-c-bates-us-scholarship-program
64848315-e114-461f-ac9a-468275e7d1df,Anne Tippett Memorial Endowed Scholarship,2026-04-15,https://bigfuture.collegeboard.org/scholarships/anne-tippett-memorial-endowed-scholarship
64912003-06cc-4253-8898-74352e07b085,Kids' Chance of Wisconsin Scholarship,2026-05-01,https://bigfuture.collegeboard.org/scholarships/kids-chance-of-wisconsin-scholarship
64ae2ab0-4652-4fbe-8b0a-8ab14091fcd2,The Corcoran Family Foundation Scholarship for Study Abroad,2026-04-15,https://worcester.academicworks.com/?page=1
64bb18f5-31a7-4fd0-a7f5-99195708902a,NAWIC Chapter 96 Scholarship Eligibility and Deadline,2026-05-01,https://www.scholarships.com/scholarships/nawic-chapter-96-scholarship
64bc0f2b-2014-41a4-9e29-3f6ee8c30d42,Midland States Bank Scholarship,2026-05-04,https://bigfuture.collegeboard.org/scholarships/midland-states-bank-scholarship
64f04334-6dfc-4693-942c-70e867fc3e9a,Renaissance Scholars HBCU Program-Spring,2026-05-01,https://bigfuture.collegeboard.org/scholarships/renaissance-scholars-hbcu-program-spring
65086404-e08c-4c52-8125-9c76db275c09,Patricia C. Norman Scholarship eligibility 2026 USA,2026-04-22,https://bigfuture.collegeboard.org/scholarships/patricia-c-norman-scholarship
6512c5b2-ff79-4d16-9790-f66a9e3dea13,Judge David Phillips Endowed Scholarship,2026-05-01,https://austincc.academicworks.com/opportunities/9923
65166196-f1a7-4d3a-91a1-8a084e7dcdd2,Aserina Hill Memorial Scholarship,2026-04-16,https://bold.org/scholarships/aserina-hill-memorial-scholarship
653e19db-d2a1-42f0-9a8c-8200b452310f,Exceptional Youth Scholarship eligibility 2026 USA,2026-04-15,https://bigfuture.collegeboard.org/scholarships/exceptional-youth-scholarship
653f02e1-2541-4b4a-b76f-863ae3330c0a,Dr. Oscar Bekoff and Mrs. Beatrice Bekoff Endowed Scholarship,2026-04-20,https://www.nova.edu/sbin/report/scholarships/schlr-srch-params.cgi?category=Institutional&level=Graduate
65537c7f-4df6-4fea-8bf9-16333cf9f861,Heart of Service Scholarship – In Memory of Officer Katelyn Tully,2026-04-15,https://bold.org/scholarships/heart-of-service-scholarship-in-memory-of-officer-katelyn-tully
65547453-0d39-48d3-baee-c3ca42aea3a4,Cameron Impact Scholarship,2026-05-01,https://www.bryancameroneducationfoundation.org/scholarship
6558f940-1403-425c-b770-cdab0cf3e8b0,Colorado Chapter NHF Academic Scholarship,2026-05-01,https://bigfuture.collegeboard.org/scholarships/colorado-chapter-nhf-academic-scholarship
656bc627-835e-47ae-8ee0-4ef75a4e57a0,"John Ostrom Enders, II Scholarship",2026-04-22,https://bigfuture.collegeboard.org/scholarships/john-ostrom-enders-ii-scholarship
6571e620-2cd3-441e-8739-e849b2a18be0,Ellen Hippeli Memorial Scholarship,2026-05-01,https://bigfuture.collegeboard.org/scholarships/ellen-hippeli-memorial-scholarship
6573253b-3a9a-44df-bb8d-1220d727baaa,LeBovidge Undergraduate Research Award,2026-04-15,https://umass.academicworks.com/opportunities
6579eaee-aed6-4dc2-b7dc-4ae3135f7fcd,Stonington 350th Anniversary Scholarship,2026-04-22,https://bigfuture.collegeboard.org/scholarships/stonington-350th-anniversary-scholarship
65b526a6-d50a-4b99-840e-c99b56438193,Elizabeth B. Moore Memorial Scholarship,2026-04-17,https://www.ena.org/foundation/scholarships
65eaf20f-eef3-44f8-868d-8aa548fc1e96,OASBO Promising Futures Scholarship,2026-04-29,https://oasbo.com/page/promisingfutures
6606aff2-8ae6-420c-9b4f-34735d0f18db,WCU Sustainability and Badge of Honor Scholarships,2026-04-30,https://www.scholarships.com/scholarships/wcu-sustainability-and-badge-of-honor-scholarships
66294026-027d-4448-8139-112be6f1d072,Take Note! Antonia Brancia Scholarship,2026-04-22,https://bigfuture.collegeboard.org/scholarships/take-note-antonia-brancia-scholarship
6644c4f5-4ff7-4cee-81ec-677d6a8f1513,Next Gen Scholarship application deadline 2026 USA,2026-04-27,https://scholarship-america-production.saiapply.org/organization/profile/create?applyToClientReturnUrl=https%3A%2F%2Fsai-nextgen.saiapply.org%2Fprogram%2Fsai-next-gen%2Finfo%3FcycleId%3D1CYuiEGvaSWM5c2QiToh24&clientOrganizationId=z-YO54tlHORWxxabmDw7L7Qi9iUx7vcvwCvY
6645155c-568b-43f9-b991-5e33e5e07c55,Foundation Antonio Amaral Scholarship,2026-04-17,https://www.foundationantonioamaral.org/scholarships
664d7023-d4b6-44fd-8b7e-32c3831ca787,Paige Kawelo Barber Memorial Scholarship,2026-04-17,https://bigfuture.collegeboard.org/scholarships/paige-kawelo-barber-memorial-scholarship
664d9587-c374-4b21-b387-33a9254b40db,Tom Kuster Memorial Scholarship,2026-04-15,https://bigfuture.collegeboard.org/scholarships/tom-kuster-memorial-scholarship
66736e92-a898-49bb-af9b-e4e46443d341,Synod of the Trinity Presbyterian Scholarship Fund,2026-04-30,https://www.scholarships.com/scholarships/synod-of-the-trinity-presbyterian-scholarship-fund
66931e67-3124-4936-ba07-06430df20fc3,Jack G. Shaheen Mass Communications Scholarship,2026-04-10,https://bigfuture.collegeboard.org/scholarships/jack-g-shaheen-mass-communications-scholarship
66c5da19-353b-4373-957b-8387b065b66d,Wisconsin Section AWWA University Scholarship,2026-04-22,https://bigfuture.collegeboard.org/scholarships/wisconsin-section-awwa-university-scholarship
66d0dafb-3476-4723-924f-17683810d25b,Loyal Christian Benefit Association Postsecondary School Scholarship,2026-05-01,https://bigfuture.collegeboard.org/scholarships/loyal-christian-benefit-association-postsecondary-school-scholarship
67059012-614f-4a2c-8d53-c5120be91560,"ScholarshipOwl $50,000 No-Essay Scholarship",2026-04-30,https://tracking.scholarshipowl.com/aff_c?offer_id=247&aff_id=1820&url_id=240&source=sponsored_scholarship&aff_sub={{user_id}}
670651dc-6ea6-4c89-9509-6e5661c7f0b0,Detroit Chapter of ASHRAE's Joseph B. Olivieri Scholarship,2026-04-27,https://www.scholarships.com/scholarships/detroit-chapter-of-ashraes-joseph-b-olivieri-scholarship
671431d3-cef8-42e5-9a5a-76cce4ed02b7,"Hess, Jargowsky, Newman, Stoker Memorial Scholarship",2026-04-10,https://bigfuture.collegeboard.org/scholarships/hess-jargowsky-newman-stoker-memorial-scholarship
672f3f22-4527-4d27-9639-d2361ba2b55c,Z Zurich Foundation Scholarship 2026,2026-05-04,https://apply.oneyoungworld.com/scholarship/form/z-zurich-foundation-2026-externa
6730bbc7-3f25-40e1-a8bb-002fbf8648c2,"American Heating and Refrigeration Institute Clifford H. ""Ted"" Rees Memorial Scholarship",2026-04-15,https://bigfuture.collegeboard.org/scholarships/american-heating-and-refrigeration-institute-clifford-h-ted-rees-memorial-scholarship
673f0cd9-3919-4658-8742-9f69d7fc3d29,Kansas Nursing Service Scholarship Deadline 2026 USA,2026-05-01,https://bigfuture.collegeboard.org/scholarships/kansas-nursing-service-scholarship
67736e75-7010-4c8e-bfea-88028d3d8bc7,AFCEA ROTC Scholarships USA 2026 Apply,2026-05-01,https://www.scholarships.com/scholarships/afcea-rotc-scholarships
677448a5-01c3-43f1-802d-4bc9e56489df,Dennis and Georgia Hess Scholarship,2026-05-01,https://bigfuture.collegeboard.org/scholarships/dennis-and-georgia-hess-scholarship
67753d30-a881-4427-b8ae-9ab3c8c4d3b9,Rotary Club of Playa Venice Sunrise Technology and Media Scholarship,2026-04-29,https://bigfuture.collegeboard.org/scholarships/rotary-club-of-playa-venice-sunrise-technology-and-media-scholarship
67796489-1d7d-49d3-9083-74a9dbe14658,NHAB Student Broadcaster Scholarship,2026-04-15,https://bigfuture.collegeboard.org/scholarships/nhab-student-broadcaster-scholarship
678f8528-f5f4-4feb-9982-08ae622f6002,Jody Stowers Scholarship USA 2026 Apply,2026-05-02,https://www.scholarships.com/scholarships/jody-stowers-scholarship
6791cc43-8581-418e-b958-aca780913e5e,Price Scholarship for HACA Students and Families,2026-05-01,https://www.hacacares.org/assistance/scholarships
679fc3d1-ad04-424c-92d5-7159ca1ddfa5,NACOPRW -Miami Scholarship,2026-04-30,https://bigfuture.collegeboard.org/scholarships/nacoprw--miami-scholarship
67a8e20b-4588-47cb-bc69-67eb8f3812b9,Scholarship for Students Enrolled in a Transportation Cluster Course in Texas,2026-05-01,https://bigfuture.collegeboard.org/scholarships/scholarship-for-students-enrolled-in-a-transportation-cluster-course-in-texas
67c8b4e6-9807-487c-9be9-3c5df52cc0c1,Hope Through Learning Award,2026-04-30,https://www.scholarships.com/scholarships/hope-through-learning-award
67ca46a8-7769-458d-98a1-4f76f04432f7,Blue Wolf/Suwannee Lumber Company Endowed Scholarship,2026-05-01,https://www.fgc.edu/tuition-financial-aid/available-financial-aid/foundation-scholarships.html
67d44021-e6d3-4c30-aa76-e44bc0808f86,Greg Bourgeois Memorial Scholarship,2026-05-01,https://austincc.academicworks.com/opportunities/9759
67e4d2c8-c77f-424c-9afc-1d605d30ca07,Kathryn F. Furcolo Award,2026-04-17,https://bigfuture.collegeboard.org/scholarships/kathryn-f-furcolo-award
67ee9806-9c95-4522-b937-b8cfd6a23220,TTAA Leonard Bryans General Scholarship,2026-04-15,https://bigfuture.collegeboard.org/scholarships/ttaa-leonard-bryans-general-scholarship
67fda8ac-2f84-45ef-bcbe-9d6582cdee9e,Carlo Burns Memorial Scholarship,2026-04-11,https://bold.org/scholarships/carlo-burns-memorial-scholarship
680faea0-fac4-4f8c-bfd5-dfea571c1104,Larry D. Edwards Scholarship,2026-05-01,https://ncnla.com/page/Scholarships
681c2a3c-64a8-4478-9628-b51377b3106e,AISC/Southern Association of Steel Fabricators Scholarship,2026-05-01,https://bigfuture.collegeboard.org/scholarships/aiscsouthern-association-of-steel-fabricators-scholarship
682e9c97-9c8c-4145-97ac-845168186cd8,Nellie Stone Johnson Scholarship,2026-05-01,https://bigfuture.collegeboard.org/scholarships/nellie-stone-johnson-scholarship
6860dcb5-5f7d-4534-af46-b05ef59d481e,Paula Loring Simon Scholarship,2026-05-01,https://bigfuture.collegeboard.org/scholarships/paula-loring-simon-scholarship
68651b62-bd7e-46f8-97cd-1f732d859132,"CDL Scholarship (Aldous, Community Foundation of NE FL & Inland)",2026-05-01,https://www.fgc.edu/tuition-financial-aid/available-financial-aid/foundation-scholarships.html
6871a481-e148-4e86-a3f4-ce445c07c777,Bold.org No-Essay Community Scholarship,2026-04-30,https://bold.org/scholarships/bold-org-no-essay-community-scholarship
6896cea7-229f-4adf-a6ad-8fa52daff3ff,Oregon Nurses Foundation Equity Scholarship,2026-05-01,https://bigfuture.collegeboard.org/scholarships/oregon-nurses-foundation-equity-scholarship
68b8a6d9-90cc-4d46-ae1a-f0704a2c5311,Jacob and Rita Van Namen Marketing Scholarship,2026-05-01,https://www.endowment.org/scholarships
68c8ecc4-f395-452d-b03d-6c34b5a46cdb,"James E. Horton, Jr. Angus Scholarship",2026-05-01,https://www.angus.org/foundation/apply-for-scholarships/njaa-scholarships
68ce4288-96f3-4c6e-91f0-b29e83517e6f,Environmental Stewardship Award,2026-04-24,https://bold.org/scholarships/environmental-stewardship-award
68d5bfef-cdce-46c9-923e-cc18f14f65a3,Pacific Northwest Gold Star Scholarship,2026-04-16,https://bigfuture.collegeboard.org/scholarships/pacific-northwest-gold-star-scholarship
68db8a90-5f78-43f3-a41d-5b635ed3f7c6,Chemp Engineering Scholarship,2026-04-15,https://bigfuture.collegeboard.org/scholarships/chemp-engineering-scholarship
68e52123-57b3-4752-9c86-80423072ad4a,Richard D. & Joan C. Hogan Memorial Scholarship,2026-04-08,https://bigfuture.collegeboard.org/scholarships/richard-d--joan-c-hogan-memorial-scholarship
68e657d6-2c30-4846-9d5b-9335855b9e82,Charlotte Motter Scholarship,2026-05-01,http://cetoweb.org/ceta/charlotte-motter-scholarship
68e9709e-ad18-49b0-b3b8-f907054e63cb,Alpha Nu Omega Chapter Scholarship,2026-04-24,https://bigfuture.collegeboard.org/scholarships/alpha-nu-omega-chapter-scholarship
68f32ffc-4a8c-4938-b17c-cf91edf73cac,EMS Founders Scholarship,2026-04-30,https://bold.org/scholarships/EMS-founders-scholarship
68f4cc27-4cbd-4d22-8fba-1d3a8f05ec62,Barbara Thayer Brown Scholarship,2026-05-01,https://www.framingham.edu/admissions-aid/cost-aid/types-aid/scholarships
6910fd60-f558-4af5-af05-d02f85ea54a5,Aurora Elks Lodge 705 Endowed Scholarship,2026-05-04,https://bigfuture.collegeboard.org/scholarships/aurora-elks-lodge-705-endowed-scholarship
691617aa-8132-4d6c-bd0e-4e9adb58e83f,Berkowitz and Potamkin Family Scholarship,2026-05-01,https://www.nova.edu/sbin/report/scholarships/schlr-srch-params.cgi?category=Institutional&level=Undergraduate
69186b82-d5eb-4697-b8ee-71cbf7822149,Edith Wheaton Smith Scholarship,2026-04-22,https://bigfuture.collegeboard.org/scholarships/edith-wheaton-smith-scholarship
69202c08-40db-413e-b004-4b4116cb0a4b,Coco Gauff Tennis Scholarship Deadline 2026 USA,2026-05-01,https://bigfuture.collegeboard.org/scholarships/coco-gauff-tennis-scholarship
692aef8d-2122-4ead-a555-56950a1ea27d,HVAC Technology Scholarship,2026-04-15,https://tccd.academicworks.com/opportunities/61277
69430119-a36d-4402-b909-d772fed47557,VC-CWA Scholarship,2026-04-04,https://bigfuture.collegeboard.org/scholarships/vc-cwa-scholarship
6944eaec-07cd-43ad-a07d-ac9eaf0334fc,American Indian Science and Engineering Society Scholarships,2026-04-30,https://www.scholarships.com/scholarships/american-indian-science-and-engineering-society-scholarships
698d78ca-1df6-4f2d-967b-2b6bf7c3b7ad,Earl Maxwell Endowed Scholarship,2026-05-01,https://austincc.academicworks.com/opportunities/10223
6994adf0-8175-4942-8ebd-1e7a7dbce0a9,Also-Known-As Adoptee Excellence Scholarship,2026-05-02,https://www.scholarships.com/scholarships/also-known-as-adoptee-excellence-scholarship
699609c6-8786-4df6-8a85-e6732db0c700,AMVETS Children/ Grandchildren Scholarship,2026-04-30,https://bigfuture.collegeboard.org/scholarships/amvets-children-grandchildren-scholarship
6996d6cd-4f3b-49a9-9c4b-30f7cad19c30,Weaver Family Foundation Business Ethics Endowed Scholarship,2026-04-15,https://www.unf.edu/udae/awards/endowments.html
69a4a6c7-8094-4a1f-8225-5340f98bd520,The McGinn Family Endowed Scholarship,2026-04-15,https://bigfuture.collegeboard.org/scholarships/the-mcginn-family-endowed-scholarship
69be6bed-9ae8-4912-bcd2-6f60279f4267,HELP NE FL E Week Scholarship,2026-04-15,https://bigfuture.collegeboard.org/scholarships/help-ne-fl-e-week-scholarship
69c73033-a03c-4493-a692-a6f4992b8308,Brenda Baker Legacy Scholarship,2026-04-10,https://bold.org/scholarships/brenda-baker-legacy-scholarship
69cdb658-5bc9-4ca2-812a-2c97628b802f,AISES Burlington Northern Santa Fe (BNSF) Foundation Scholarship,2026-04-30,https://www.scholarships.com/scholarships/aises-burlington-northern-santa-fe-bnsf-foundation-scholarship
6a178d93-7451-4088-8cb3-eb44810ba877,Veterans United Foundation Scholarships,2026-04-30,https://www.scholarships.com/scholarships/veterans-united-foundation-scholarships
6a211752-ab40-4e78-9c65-ab2fda102b64,Richard L. Davis/Barbara B. Watson National Scholarship,2026-05-01,https://bigfuture.collegeboard.org/scholarships/richard-l-davisbarbara-b-watson-national-scholarship
6a48e219-576e-41d1-9f45-ec529697bee1,S.O.P.H.I.E Scholarship,2026-04-30,https://bold.org/scholarships/sophie-scholarship
6a4ba487-b395-46ab-9f70-d88c13dde64b,Kenneth G. Weckel Scholarship,2026-04-17,https://bigfuture.collegeboard.org/scholarships/kenneth-g-weckel-scholarship
6a555547-d0c0-4cca-8414-c0f07afbd93f,Texas Agricultural Education Scholarship,2026-04-17,https://bigfuture.collegeboard.org/scholarships/texas-agricultural-education-scholarship
6a5e8e30-d8b7-47f4-bc02-af624d2b57a6,Charlie and Merrily Caldwell Scholarship,2026-04-17,https://www.fftc.org/scholarships
6a9d3b9d-7963-429a-a2a4-7e07e12d0fc5,Charles E. and Frances M. Osterman Scholarship,2026-04-15,https://umass.academicworks.com/opportunities
6aafc2fc-dd88-4aac-b603-c49b182e6a67,Nneka Z Umunna American Dream Scholarship,2026-04-15,https://www.unf.edu/coas/scholarships/nneka-z-umunna-american-dream.html
6ac2e567-6f9d-469c-8b70-5db9e057df51,Andrew Schultze Memorial Scholarship,2026-05-02,https://bold.org/scholarships/andrew-schultze-memorial-scholarship
6ad9b838-82f9-4b71-bbc6-173e9184f962,Florida Sunshine Chapter SWANA Scholarship,2026-05-01,https://bigfuture.collegeboard.org/scholarships/florida-sunshine-chapter-swana-scholarship
6ae9d028-7348-4368-ae19-f099f048c068,"Lawrence ""Bud"" Schipper Memorial Scholarship",2026-05-01,https://bigfuture.collegeboard.org/scholarships/lawrence-bud-schipper-memorial-scholarship
6af08bcd-150a-426b-ba9f-9c238d381957,William Sanders Scholarship,2026-05-01,https://bigfuture.collegeboard.org/scholarships/william-sanders-scholarship
6aff5d30-bb63-4170-a83b-7a95cbaf2947,Jon H. Poteat Scholarship,2026-05-01,https://bigfuture.collegeboard.org/scholarships/jon-h-poteat-scholarship
6b0bfa72-984c-49b1-96e5-dbe7bff1f20d,Altrusa International of Tampa Wilma B. Hogan Foundation Scholarship,2026-04-14,https://bigfuture.collegeboard.org/scholarships/altrusa-international-of-tampa-wilma-b-hogan-foundation-scholarship
6b0dcaec-7ca7-4111-b6e0-6b734610ec74,500 Bold Points No-Essay Scholarship,2026-04-30,https://bold.org/scholarships/bold-org-500-points-no-essay-scholarship
6b0e6050-8385-4bd1-9cda-dcf3f9b66431,Dick Streissguth Memorial Cadet Scholarship,2026-04-15,https://bigfuture.collegeboard.org/scholarships/dick-streissguth-memorial-cadet-scholarship
6b1a623d-3932-48ca-b5bd-5456dc194ce0,Cabela’s Stars Scholarship,2026-04-15,https://bigfuture.collegeboard.org/scholarships/cabelas-stars-scholarship
6b210b1c-4149-4d1d-abf2-df74647b00c3,Stan and Darlene Sorenson Scholarship,2026-04-15,https://www.cfsww.org/apply-for-scholarships
6b26b439-ca16-4d17-800d-2579bdef28cf,Pennsylvania School Public Relations Association Scholarship,2026-04-22,https://bigfuture.collegeboard.org/scholarships/pennsylvania-school-public-relations-association-scholarship
6b366319-5454-4947-a8c2-9f6a9f414a9b,Hispanic Scholarship Consortium Scholarship Program,2026-04-30,https://www.scholarships.com/scholarships/hispanic-scholarship-consortium-scholarship-program
6b37671a-0b59-45da-8f64-633466571f33,Catholic United Financial Post-High School Tuition Scholarship,2026-04-30,https://bigfuture.collegeboard.org/scholarships/catholic-united-financial-post-high-school-tuition-scholarship
6b455370-0338-4aaf-a1aa-a210a340342c,The Mary W. Smith Scholarship,2026-04-15,https://bigfuture.collegeboard.org/scholarships/the-mary-w-smith-scholarship
6b55ac32-4a82-4346-a895-3eee9686c8f1,National Association of Emergency Medical Technicians Scholarship,2026-04-30,https://bigfuture.collegeboard.org/scholarships/national-association-of-emergency-medical-technicians-scholarship
6b592928-4c73-4bb2-bef4-03281a7c5698,Eddison Hermond Memorial Scholarship,2026-04-15,https://bigfuture.collegeboard.org/scholarships/eddison-hermond-memorial-scholarship
6b6aa7e1-8e92-43b7-b66a-6edaf342af09,Three Rivers Quail Unlimited Scholarship,2026-05-01,https://www.fgc.edu/tuition-financial-aid/available-financial-aid/foundation-scholarships.html
6b76ff5b-3595-4e66-a87f-1798eea4a1f6,Central Coast Greenhouse Growers Association  Scholarship,2026-04-28,http://ccgga.com/how-to-apply
6b805fe0-abc6-4b0b-bacb-fe275233c271,The Lucy Chand Nursing Scholarship,2026-04-15,https://bigfuture.collegeboard.org/scholarships/the-lucy-chand-nursing-scholarship
6b9e8605-1653-4c8c-b50a-7f06a39b27ca,Bates Container Hardy Sanders Family Scholarship,2026-04-15,https://bigfuture.collegeboard.org/scholarships/bates-container-hardy-sanders-family-scholarship
6ba9d233-d528-4dca-b6db-9acdff074773,San Diego County Deputy Sheriffs' Association Member Dependent Scholarship,2026-04-08,https://bigfuture.collegeboard.org/scholarships/san-diego-county-deputy-sheriffs-association-member-dependent-scholarship
6bbb2784-4f07-486b-8049-6d7b618e878a,Stonewall Scholarship,2026-04-14,https://bigfuture.collegeboard.org/scholarships/stonewall-scholarship
6bf4639f-78ab-4825-98ed-97ab1a8286f1,Dick Andrews Memorial Endowed Scholarship,2026-04-15,https://www.clackamas.edu/admissions-financial-aid/financial-aid-scholarships/scholarships
6c00e387-c231-422c-825d-9bad0c223090,Marvelous Marvin Hagler Memorial Scholarship,2026-04-14,https://massasoit.awardspring.com/Home/Scholarships
6c1b0590-241e-4f24-9aa0-1a62a7b649f2,William R. Blow Sr. Scholarship,2026-04-30,https://www.scholarships.com/scholarships/william-r-blow-sr-scholarship
6c2d87d5-523e-4cba-84d2-bc84943fee5e,Military Intelligence Corps Association Scholarship,2026-05-01,https://www.mica-national.org/category/press-release
6c304709-bc8d-4f79-be0a-566baddea2b1,Marc A. Wiesner Scholarship,2026-05-01,https://austincc.academicworks.com/opportunities/9824
6c53fb7c-0844-4725-a7c6-7ede01f94da5,James and Nan Farquhar Performing and Visual Arts Endowed Scholarship,2026-05-01,https://www.nova.edu/sbin/report/scholarships/schlr-srch-params.cgi?category=Institutional&level=Undergraduate
6c54246b-15da-438f-b0fc-89cbe814a01b,Catherine Ward Scholarship,2026-04-14,https://bigfuture.collegeboard.org/scholarships/catherine-ward-scholarship
6c6e8c50-f236-41c5-9320-7599cb194b55,The Class of 2016 Scholarship,2026-04-15,https://bigfuture.collegeboard.org/scholarships/the-class-of-2016-scholarship
6c8154cb-18e5-41de-a326-6ae27de67c36,Kappa Scholarship Endowment Fund Guide,2026-04-30,https://www.scholarships.com/scholarships/kappa-scholarship-endowment-fund
6c87815e-3c44-4b25-ac1a-c6489c56878c,Joseph King McMahon Petroleum Engineering Scholarship,2026-05-01,https://bigfuture.collegeboard.org/scholarships/joseph-king-mcmahon-petroleum-engineering-scholarship
6c89f760-1e7f-41e0-b5fb-06ec6c8fe9ee,Larry Marquardt Memorial Scholarship,2026-04-17,https://bigfuture.collegeboard.org/scholarships/larry-marquardt-memorial-scholarship
6c905936-a815-4948-8e29-d9507eeeeaf8,Edwin and Patricia Taylor Scholarship of the Pickaway County Community Foundation,2026-04-10,https://bigfuture.collegeboard.org/scholarships/edwin-and-patricia-taylor-scholarship-of-the-pickaway-county-community-foundation
6c9c9fdc-fec3-4b9b-8dd0-bb1c7140e0a0,R. Guy Carter Liberal Arts Scholarship,2026-04-15,https://texastechalumni.academicworks.com/
6ca05365-6f26-48b2-a7d5-bf026d8eb187,Harry A. Riedinger Memorial Scholarship,2026-04-15,https://bigfuture.collegeboard.org/scholarships/harry-a-riedinger-memorial-scholarship
6ca98827-e520-4afc-801f-b173b0f8f64b,Chuck Brieschke Memorial Scholarship,2026-05-04,https://bigfuture.collegeboard.org/scholarships/chuck-brieschke-memorial-scholarship
6cb3f9f1-f414-407c-8239-c6eb4fee0793,Tracey G. Liberi Drinking Water Careers Memorial Scholarship,2026-04-15,https://bigfuture.collegeboard.org/scholarships/tracey-g-liberi-drinking-water-careers-memorial-scholarship
6cb4f8d0-1a87-48b9-9fa9-6d6ef081c9e2,National STEM Excellence Scholarship Program,2026-04-08,https://bigfuture.collegeboard.org/scholarships/national-stem-excellence-scholarship-program
6cca82cf-38e9-4800-be03-61cf93ac9c5f,Vince Genovese Scholarship,2026-04-15,https://tccd.academicworks.com/opportunities/5097
6cec55d6-87a3-44e0-86c2-25baebda1a41,Stony Creek Chamber of Commerce Scholarship,2026-04-20,https://bold.org/scholarships/stony-creek-chamber-of-commerce-scholarship
6cf651e8-1c95-4f57-844e-03ad189c269c,"Robert L. Howard, Jr. Scholarship",2026-04-22,https://bigfuture.collegeboard.org/scholarships/robert-l-howard-jr-scholarship
6d3116ab-bb08-480a-a96d-6cf197b5d193,The Dr. Richard E. and Dolores J. Greene International Human Rights Scholarship,2026-04-15,https://bigfuture.collegeboard.org/scholarships/the-dr-richard-e-and-dolores-j-greene-international-human-rights-scholarship
6d3463b1-a289-44bb-a55d-afefdfcb23dc,SpawGlass Endowed Scholarship,2026-05-01,https://bigfuture.collegeboard.org/scholarships/spawglass-endowed-scholarship
6d44abf6-3dff-45ec-a8ba-faad53d00ac3,Mary Anne Grimmell Memorial Scholarship,2026-05-01,https://bigfuture.collegeboard.org/scholarships/mary-anne-grimmell-memorial-scholarship
6d607d1d-f93f-43f7-b4e9-9aa7692ffc6d,Yarmouth Area Community Scholarship,2026-05-01,https://bigfuture.collegeboard.org/scholarships/yarmouth-area-community-scholarship
6d7626b6-3590-4bc7-85e8-c1c7c55a3c45,Rob Mercurio Memorial Scholarship,2026-04-15,https://umass.academicworks.com/opportunities
6d8eb38b-9b95-47f0-a93f-baa22186690e,John Greeno Memorial Scholarship,2026-04-15,https://bigfuture.collegeboard.org/scholarships/john-greeno-memorial-scholarship
6da0c104-7532-41ba-beb8-3cc8ec3d2b6a,Oak Crest Woman's Club Nursing Scholarship,2026-04-15,https://tccd.academicworks.com/opportunities/4846
6da48193-90f4-4788-9ba0-154d0f39d824,Abe and Ruth Steirn Endowment Scholarship,2026-05-01,https://www.nova.edu/sbin/report/scholarships/schlr-srch-params.cgi?category=Institutional&level=Undergraduate
6da6ecc9-1832-4c2c-b3cc-cc7f20ba2290,Drug Abuse Education Scholarship,2026-05-01,http://www.camarenafoundation.org/scholarships
6dadb69f-40a7-4f01-a1b8-1f2843f6d2d8,North Mecklenburg Teachers' Memorial Scholarship,2026-05-01,https://www.fftc.org/scholarships
6dd5342d-e68b-4d42-9141-1f98ea9b3054,GSLBAA Educational Foundation Scholarship,2026-04-30,https://gslbaaef.mailchimpsites.com/opportunities
6de516e2-ba32-4f1e-83b7-50a6f8ad4e25,Bohannon Family Foundation Scholarship,2026-04-15,https://bigfuture.collegeboard.org/scholarships/bohannon-family-foundation-scholarship
6de87b43-117d-4249-ba17-1a96c14fa374,Job's Daughters Supreme Guardian Council Scholarship,2026-04-30,https://bigfuture.collegeboard.org/scholarships/jobs-daughters-supreme-guardian-council-scholarship
6de8b7b4-6708-4da3-ad7c-83a835273264,The Dan Gavini Memorial Scholarship,2026-04-15,https://bigfuture.collegeboard.org/scholarships/the-dan-gavini-memorial-scholarship
6de97ef1-7d70-4f76-bd54-bf913509e535,"The Edwin E. and Janet L. Bryant Foundation, Inc. Scholarship Program",2026-04-15,https://scholarship-america-production.saiapply.org/organization/profile/create?applyToClientReturnUrl=https%3A%2F%2Fsai-bryant.saiapply.org%2Fprogram%2Fsai-bryantfoundation%2Finfo%3FcycleId%3D1CWDD7Xk2mLFaqZFZniwSJ&clientOrganizationId=8HJWcCpAFZvLte1ODC_BfdOB1IurN8vWkFFW
6ded5cff-1956-4658-9b66-09e131c2234b,Betty J. Davis Scholarship,2026-04-15,https://bigfuture.collegeboard.org/scholarships/betty-j-davis-scholarship
6e0ac432-99f8-4221-b8a7-349f436e9973,Salisbury Rotary Scholarship,2026-05-01,https://www.fftc.org/scholarships
6e12ff48-6cb3-4323-bb7f-7c1efe8b3e37,Engineering Pathways Scholarship Deadline 2026 USA,2026-05-01,https://bigfuture.collegeboard.org/scholarships/motorola-solutions-foundation-engineering-pathways-scholarship
6e1620ad-6c27-4470-9d1b-5f1370c70fbc,The Cara E. Murtagh Memorial Scholarship,2026-05-01,https://bigfuture.collegeboard.org/scholarships/the-cara-e-murtagh-memorial-scholarship
6e1e02f5-6ba6-4e6b-9aa0-063ac8338ec0,CFHLA Employee and Family Member Scholarship,2026-04-24,https://www.cfhla.org/family-member-scholarships
6e3dd5f1-f1cf-44bc-9387-a1f859a33dda,Vernon Chapter Scholarship,2026-04-15,https://www.texastechalumni.org/s/1422/a22/interior.aspx?sid=1422&gid=1001&pgid=1384
6e5f0ea8-2b2f-4443-a0ac-5d42895c8a0a,John Hanson Scholarship Deadline 2026 USA,2026-04-22,https://bigfuture.collegeboard.org/scholarships/john-hanson-scholarship
6e64e697-cb5c-41b2-9edd-198f770c326c,Arkansas Tourism and Hospitality Education Foundation Scholarship,2026-05-01,https://bigfuture.collegeboard.org/scholarships/arkansas-tourism-and-hospitality-education-foundation-scholarship
6e6501df-3cd5-4832-97ca-122ad2d0f795,William and Evelyn Mehlman Scholarship,2026-04-22,https://bigfuture.collegeboard.org/scholarships/william-and-evelyn-mehlman-scholarship
6e846fdb-c1c8-49fd-9618-c27149bbb53c,"Caryn Nesbitt, M.D. Scholarship",2026-04-22,https://bigfuture.collegeboard.org/scholarships/caryn-nesbitt-md-scholarship
6e858709-bcd3-4932-a6eb-4c43ac2355fc,Jamey Aebersold Endowed Scholarship,2026-04-15,https://bigfuture.collegeboard.org/scholarships/jamey-aebersold-endowed-scholarship
6e878465-a137-47ae-92b2-98a670b53906,Penelope (Penny) Cameron Endowed Scholarship,2026-05-04,https://bigfuture.collegeboard.org/scholarships/penelope-penny-cameron-endowed-scholarship
6e8c526e-31d4-4934-b686-34323857707e,Nielsen Rewards No-Essay Scholarship,2026-04-30,https://bold.org/scholarships/nielsen-scholarship
6e8e51c3-eca1-4f5d-9bae-38b3c719f5f8,CCPA Native American Scholarship,2026-04-24,https://www.scholarships.com/scholarships/ccpa-native-american-scholarship
6e945a76-ca83-4158-86bb-eb561aaf416a,Dr. Bill and Mary Marzano Endowed Scholarship,2026-05-04,https://bigfuture.collegeboard.org/scholarships/dr-bill-and-mary-marzano-endowed-scholarship
6ef98bc6-556e-4838-a896-be28e30c830d,Josephine Moses Memorial Scholarship,2026-05-01,https://www.fgc.edu/tuition-financial-aid/available-financial-aid/foundation-scholarships.html
6f175356-da1b-44b5-ad27-d06153678472,BetterHelp Graduate Scholarship,2026-05-01,https://bigfuture.collegeboard.org/scholarships/betterhelp-graduate-scholarship
6f21d399-986e-453c-90a8-30a0cb828c0c,"John F. O'Brien, Jr. Scholarship",2026-04-22,https://bigfuture.collegeboard.org/scholarships/john-f-obrien-jr-scholarship
6f230747-3f79-467e-9c7d-06bd569d8b76,Dr. Erik France Memorial Scholarship,2026-04-15,https://bigfuture.collegeboard.org/scholarships/dr-erik-france-memorial-scholarship
6f266aa6-459a-4340-a9ce-caa424b9c96f,Dana Michael Poole Scholarship,2026-04-22,https://bigfuture.collegeboard.org/scholarships/dana-michael-poole-scholarship
6f2f1e92-061f-401c-b6db-d6145f9ad6d5,Assistance League of North Coast Scholarship Program,2026-05-01,https://bigfuture.collegeboard.org/scholarships/assistance-league-of-north-coast-scholarship-program
6f464006-a445-4e6a-88f4-4e54b4b174ff,Velarde-Brandt Northern New Mexico Cultural Preservation Scholarship in Memory of Jennifer Kristen Brandt,2026-04-14,https://bold.org/scholarships/velarde-brandt-northern-new-mexico-cultural-preservation-scholarship-in-memory-of-jennifer-kristen-brandt
6f7fa289-0490-45dd-adfc-2f28003bfb54,Maureen Tracy Venti Memorial Internship Scholarship,2026-04-15,https://umass.academicworks.com/opportunities
6f948c9f-28a9-4355-92b5-08cb12618921,Jack Hardwick Sportsman and Sportswoman of the Year Scholarship,2026-04-29,https://bigfuture.collegeboard.org/scholarships/jack-hardwick-sportsman-and-sportswoman-of-the-year-scholarship
6fa63a0e-f5fc-4907-9338-edef629718e5,Jeff Vassallo Memorial Scholarship,2026-04-15,https://bigfuture.collegeboard.org/scholarships/jeff-vassallo-memorial-scholarship
6fb2e2cd-9446-4d7a-a612-567163c5d582,FRESH Scholarship,2026-04-22,https://bigfuture.collegeboard.org/scholarships/fresh-scholarship
6fc3ce99-2214-447f-9972-04ba2fad7807,Wes & Ruth Wyllie Memorial Art Scholarship,2026-04-15,https://bigfuture.collegeboard.org/scholarships/wes--ruth-wyllie-memorial-art-scholarship
6fc8efe7-6b3f-4c52-93a4-374d2e059acb,Tuolumne County Farm Bureau Scholarship,2026-04-15,https://bigfuture.collegeboard.org/scholarships/tuolumne-county-farm-bureau-scholarship
6fdbe0c7-913e-4ef8-935c-f7a2e99ce77e,Texas Tech High Riders Founders Scholarship,2026-04-15,https://texastechalumni.academicworks.com/
6fe3ca81-386d-4d73-9d93-16b0134f4c0f,"Joseph Daniel Love, Jr. Respiratory Care Student Scholarship",2026-04-15,https://bigfuture.collegeboard.org/scholarships/joseph-daniel-love-jr-respiratory-care-student-scholarship
6fe919fc-4d4b-4047-9d46-a70a041afc13,Sam Krhovjak Memorial Scholarship,2026-04-15,https://tccd.academicworks.com/opportunities/5020
70088453-ad93-4c71-83ef-7fa67ab5b8d1,The Elizabeth Abrams Memorial Scholarship,2026-05-01,https://bigfuture.collegeboard.org/scholarships/the-elizabeth-abrams-memorial-scholarship
70245b95-6fdc-4745-b949-ceca0c971a63,Harold Bettinger Scholarship Deadline 2026 USA,2026-05-01,https://bigfuture.collegeboard.org/scholarships/harold-bettinger-scholarship
703a6cc8-5e00-4658-aae3-76cb1fc85144,Mildred Fite African American Scholarship,2026-05-01,https://www.fgc.edu/tuition-financial-aid/available-financial-aid/foundation-scholarships.html
703e3c38-666e-4b42-beca-666cd2b9601c,Marjorie Bowens-Wheatley Scholarship,2026-05-01,https://bigfuture.collegeboard.org/scholarships/marjorie-bowens-wheatley-scholarship
704297de-c54a-47fc-8e5b-28dc3b81ac09,Masters Alumni Scholarship,2026-04-20,https://www.nova.edu/sbin/report/scholarships/schlr-srch-params.cgi?category=Institutional&level=Graduate
705fca26-861e-4faf-bd0f-5238dac48f31,Owens Marmion Barke Clinical Mental Health Counseling Scholarship,2026-04-15,https://bigfuture.collegeboard.org/scholarships/owens-marmion-barke-clinical-mental-health-counseling-scholarship
70610324-cf90-4f33-a6d2-e01ecbd93a5c,Mike Wallace Memorial Scholarship Deadline 2026 USA,2026-04-24,https://bigfuture.collegeboard.org/scholarships/mike-wallace-memorial-scholarship
7068c12e-2bfa-4476-9887-b773715d72c7,BMO Capital Markets Lime Connect Equity Through Education Scholarship,2026-04-07,https://bigfuture.collegeboard.org/scholarships/bmo-capital-markets-lime-connect-equity-through-education-scholarship
706ef3a6-129b-4b7d-aa9b-a3d31e57d527,Sabrina Brown Scholarship,2026-04-15,https://bigfuture.collegeboard.org/scholarships/sabrina-brown-scholarship
7072a71c-3ec9-400b-ba1e-68858a706b53,Marjorie Morgan Brown Scholarship,2026-05-01,https://www.framingham.edu/admissions-aid/cost-aid/types-aid/scholarships
70763e6d-65be-444c-8ad7-00e7358505bb,Maltese Cross Foundation  Vella-Dankwerth Cultural Scholarship,2026-04-30,https://bigfuture.collegeboard.org/scholarships/maltese-cross-foundation--vella-dankwerth-cultural-scholarship
7077ffea-3889-476f-92c8-c3fbea464e24,Samsung Austin Semiconductor Scholars Scholarship,2026-05-01,https://bigfuture.collegeboard.org/scholarships/samsung-austin-semiconductor-scholars-scholarship
708a04fb-755a-4afc-99fa-6fbecef4f8f1,A+ Federal Credit Union Endowed Scholarship,2026-05-01,https://austincc.academicworks.com/opportunities/10214
708a05a3-046e-4873-9b02-069537c8e99a,Minnetta Fiene Memorial Scholarship,2026-05-01,https://bigfuture.collegeboard.org/scholarships/minnetta-fiene-memorial-scholarship
708d2ae0-fef4-469e-9792-80229de2e908,Herbert G. Koogle Scholarship,2026-05-01,https://www.nmef.net/programs.html
70936fda-bc2c-48b1-9a77-f87ff3176da9,Rover Scholarship,2026-05-01,https://bigfuture.collegeboard.org/scholarships/rover-scholarship
70965878-45ff-452e-899e-97bf5f6249a5,Round Rock Campus Endowed Scholarship,2026-05-01,https://austincc.academicworks.com/opportunities/9825
70c72346-c9ff-47a3-a80b-f21946ee3452,Paros-Digiquartz Scholarship,2026-04-15,https://bigfuture.collegeboard.org/scholarships/paros-digiquartz-scholarship
7113cf24-1b1a-4d58-91b0-e8f3882e4b2c,Oswego Chamber of Commerce Scholarship,2026-05-04,https://bigfuture.collegeboard.org/scholarships/oswego-chamber-of-commerce-scholarship
7128e52e-6d76-41dd-b7a6-77d1a6800cc2,The Class of 1969 Endowed Scholarship,2026-04-15,https://bigfuture.collegeboard.org/scholarships/the-class-of-1969-endowed-scholarship
713e07d3-6db0-464e-a606-9a7e3eea4795,SKECHERS Academic Excellence Scholarship,2026-04-15,https://bigfuture.collegeboard.org/scholarships/skechers-academic-excellence-scholarship
71432810-1a27-4a26-8047-321713a9f08e,JoAnn Jeter Memorial Diversity Scholarship,2026-04-24,https://bigfuture.collegeboard.org/scholarships/joann-jeter-memorial-diversity-scholarship
714af27b-cd1a-40d0-ab44-a3808c4c1ed1,North Carolina Electronic Security Association Youth Scholarship,2026-04-29,https://bigfuture.collegeboard.org/scholarships/north-carolina-electronic-security-association-youth-scholarship
71676701-448e-4467-a061-fa3a30df0a66,LeBlanc/Baker Scholarship for Change,2026-04-15,https://bigfuture.collegeboard.org/scholarships/leblancbaker-scholarship-for-change
7170e2ae-ff2d-4b94-b055-f977c7ca5cda,The James E. and Stasia A. Hammond Scholarship for Pre-Health Majors,2026-04-15,https://bigfuture.collegeboard.org/scholarships/the-james-e-and-stasia-a-hammond-scholarship-for-pre-health-majors
7179d19a-de82-48a3-8ac7-b3e91dcd559b,ENA Foundation Undergraduate State Challenge Scholarship,2026-04-17,https://www.ena.org/foundation/scholarships
717e40d1-39c7-4203-bd39-f2cc7e5e4b8f,Barbara G. Laurie Scholarship Program,2026-05-01,https://www.scholarships.com/scholarships/barbara-g-laurie-scholarship-program
717f6ee7-8c20-415e-857b-439d8ffeec34,National Society of Accountants Foundation Scholarship,2026-05-01,https://www.scholarships.com/scholarships/national-society-of-accountants-foundation-scholarship
7193fafc-b6d5-45fb-8def-6ad2d52d354a,SWE New Jersey Section Scholarship,2026-05-01,https://bigfuture.collegeboard.org/scholarships/swe-new-jersey-section-scholarship
71a2df1a-a8ec-4731-b550-978af2e888fb,Philadelphia Airport Scholarship,2026-04-24,https://bigfuture.collegeboard.org/scholarships/philadelphia-airport-scholarship
71a9e378-da23-48c3-bec5-69d003ec11d6,Illinois American Legion Auxiliary Past Presidents Parley Nurses Scholarship,2026-04-10,https://bigfuture.collegeboard.org/scholarships/illinois-american-legion-auxiliary-past-presidents-parley-nurses-scholarship
71d0f0cf-42bc-4c53-a978-8ab7361c9954,Thrive Multi-Year Scholarship Deadline 2026 USA,2026-05-02,https://bigfuture.collegeboard.org/scholarships/thrive-multi-year-scholarship
71d2c00c-c178-4404-a0aa-d0522a64d964,SixSurgery Scholarship,2026-04-15,https://torontosurgery.com/scholarship
71d3fd22-b8fb-46cd-9584-34ae78dafbb4,"AAUW Sacramento Scholarship: Eligibility, Deadline, Apply",2026-04-30,https://www.scholarships.com/scholarships/aauw-sacramento-scholarship
71d8aa33-bc55-4c16-a723-5817eebb96f0,Sarah Rhames Book Fund for Students Scholarship,2026-04-15,https://bigfuture.collegeboard.org/scholarships/sarah-rhames-book-fund-for-students-scholarship
71e360ab-220f-4582-990f-dccc4a591e79,Elaine Symons Baker Scholarship,2026-04-15,https://bigfuture.collegeboard.org/scholarships/elaine-symons-baker-scholarship
71eab67f-cc6d-4960-a61b-b57ae2269fb1,Doris Butler Sutton Scholarship,2026-05-01,https://www.framingham.edu/admissions-aid/cost-aid/types-aid/scholarships
71ffe936-4b12-49b6-a288-e1d11499a50d,Harvey Johnson Endowed Scholarship,2026-05-01,https://austincc.academicworks.com/opportunities/9991
72049d12-e3da-449f-bf10-fca374a6306a,DeEtta Wood Memorial Scholarship,2026-05-01,https://www.angus.org/foundation/apply-for-scholarships/njaa-scholarships
72072461-3f14-48aa-8cd6-2c6a5966fc19,Shaw and Jack Spiers Scholarship,2026-05-01,https://www.fftc.org/scholarships
72074591-5590-4376-b346-55dae20c1ba7,Appily No-Essay Scholarship,2026-04-30,https://bold.org/scholarships/appily-no-essay-scholarship
721342a1-2727-4a1c-9c91-74430cd96c65,First Federal Bank of Florida /Dr. Hugo Sotolongo Memorial Endowed Scholarship,2026-05-01,https://www.fgc.edu/tuition-financial-aid/available-financial-aid/foundation-scholarships.html
722d8cf8-dcb8-4ae7-b443-5969af2b6706,Calculated Genius STEMinist Scholarship,2026-05-01,https://www.scholarships.com/scholarships/calculated-genius-steminist-scholarship
726770db-6b8e-46c8-b706-14e0abe45958,Amber Lark Memorial Scholarship,2026-04-14,https://bold.org/scholarships/amber-lark-memorial-scholarship
726b698d-9ae2-441d-8e52-0752fb55b422,VSLD Scholarship,2026-04-30,https://bigfuture.collegeboard.org/scholarships/vsld-scholarship
7291e0a5-b3fd-4ea4-a114-da73c6fb99d1,Kathleen W. Cassie Endowed Nursing Scholarship,2026-05-04,https://bigfuture.collegeboard.org/scholarships/kathleen-w-cassie-endowed-nursing-scholarship
729fc8f8-6e8f-4659-a3da-991e2b72b5dc,Class of 1993 Leadership Scholarship,2026-05-01,https://www.framingham.edu/admissions-aid/cost-aid/types-aid/scholarships
72a8ab89-cfa7-4463-ae52-5823514a8edf,Indiana Athletic Trainers' Association Professional Education Scholarship,2026-05-01,https://bigfuture.collegeboard.org/scholarships/indiana-athletic-trainers-association-professional-education-scholarship
72b21cd2-cf94-4c45-9011-370cd3dab85c,James Moody Jazz Scholarship Eligibility 2026 USA,2026-04-30,https://bigfuture.collegeboard.org/scholarships/james-moody-jazz-scholarship-for-new-jersey
72b58c91-a859-4847-b101-9ba78376711e,Milner Broadcasting - WVLI/ WIVR/WFAV Scholarship,2026-05-01,https://bigfuture.collegeboard.org/scholarships/milner-broadcasting---wvli-wivrwfav-scholarship
72c33509-2da5-481a-98d7-90637f22bb54,Reynolds College Scholarship,2026-04-29,https://bigfuture.collegeboard.org/scholarships/reynolds-college-scholarship
72c68452-66ea-4bd4-ac27-3269d843986e,Arch G. and Mina Lamb Scholarship,2026-04-15,https://texastechalumni.academicworks.com/
72cf7592-25d8-41d4-88a0-0f52f6dba000,Veterinary Technology Scholarships,2026-04-30,https://www.scholarships.com/scholarships/veterinary-technology-scholarships
72d2e5c1-82e8-4834-be14-8f688c9cfc22,Goths Belong in STEM Scholarship,2026-04-22,https://bold.org/scholarships/goths-belong-in-STEM-scholarship
72fdee52-e2c4-4c4b-8377-f69fece71e80,Legacy Funds of HNU Scholarship Guide 2026,2026-05-01,https://www.scholarships.com/scholarships/legacy-funds-of-hnu-scholarship
7300847c-3bf7-4427-b1cc-58859bbed8bc,Association of Information Technology Professionals (AITP) Scholarship,2026-04-15,https://bigfuture.collegeboard.org/scholarships/association-of-information-technology-professionals-aitp-scholarship
7331d19e-421b-4203-b29f-f8fa0953c8aa,AAUW Aurora Colorado Branch Scholarships,2026-04-30,https://www.scholarships.com/scholarships/aauw-aurora-colorado-branch-scholarships
733883da-1974-411c-a4d0-4a6a72eb063b,Education Instruction Department Scholarship,2026-05-01,https://bigfuture.collegeboard.org/scholarships/education-instruction-department-scholarship
735d0ce9-9c10-4bd4-b716-0707459c7694,Blue Ribbon Sale of Champions Foundation Scholarship,2026-04-17,https://bigfuture.collegeboard.org/scholarships/blue-ribbon-sale-of-champions-foundation-scholarship
736437eb-7a2c-438c-bdf8-60d100bccb08,Dairy Shrine Mike Lancaster Sophomore Merit Scholarship,2026-04-15,https://bigfuture.collegeboard.org/scholarships/dairy-shrine-mike-lancaster-sophomore-merit-scholarship
736bd596-2d45-43c2-9e4f-de9f27cc91b2,Philip D. Pippin Memorial Scholarship,2026-05-01,https://chipola.academicworks.com/
736f5b4e-2dd7-4383-b999-6d0a275fd4f4,The Deirdre Olson O'Connor Scholarship,2026-04-15,https://bigfuture.collegeboard.org/scholarships/the-deirdre-olson-oconnor-scholarship
738666e3-7a68-4846-aa0f-979520a82e15,Robert C. and Lillian DuSoe Scholarship,2026-05-01,https://bigfuture.collegeboard.org/scholarships/robert-c-and-lillian-dusoe-scholarship
738bf264-c9e2-481b-adaf-f67802f81f5e,The India Society Scholarship,2026-04-15,https://bigfuture.collegeboard.org/scholarships/the-india-society-scholarship
73a8e483-f4c6-4b66-b77e-76c9e575e896,Jordon Connor Memorial Scholarship,2026-04-05,https://bigfuture.collegeboard.org/scholarships/jordon-connor-memorial-scholarship
73c57cd1-0bd4-459e-ab67-1877ac860002,S.E.T. Educational Scholarship Apply 2026 USA,2026-05-01,https://bigfuture.collegeboard.org/scholarships/set-educational-scholarship
73c706a1-7eb0-4e0e-be3a-c0540134b12d,George Crapps Memorial Scholarship,2026-05-01,https://www.fgc.edu/tuition-financial-aid/available-financial-aid/foundation-scholarships.html
73c93b08-7af5-44ad-bca0-356c7ce654f1,The Icik and Rose Plevinsky Memorial Scholarship,2026-04-15,https://bigfuture.collegeboard.org/scholarships/the-icik-and-rose-plevinsky-memorial-scholarship
73d092cb-3247-4c0a-ad63-0dc4bff7ee13,Dennis Sawdo Memorial Technical College Scholarship,2026-04-08,https://bigfuture.collegeboard.org/scholarships/dennis-sawdo-memorial-technical-college-scholarship
73d712e4-ae8c-4dc9-b922-68e950a10aa2,Playmakers Continuing Education Scholarship,2026-04-10,https://bold.org/scholarships/playmakers-continuing-education-scholarship
73dd7518-1abe-4bea-9024-d78e3f4e4958,PLS Foundation Scholarships USA 2026 Apply,2026-04-30,https://www.scholarships.com/scholarships/pls-foundation-scholarships
73fc28cf-372c-478c-ab9f-4ee57ea1558a,National Guard of Georgia Scholarship for Vocational or Business Schools,2026-04-15,https://bigfuture.collegeboard.org/scholarships/national-guard-of-georgia-scholarship-for-vocational-or-business-schools
740038b2-b9a6-4319-a18a-a285c0b5ecf4,Lulu Fairbanks Memorial Scholarship,2026-05-01,https://bigfuture.collegeboard.org/scholarships/lulu-fairbanks-memorial-scholarship
7407869e-87d2-492c-98c7-7dea989b5128,"Mr. Paul H. Haberle, Founder, HFR Precision Machining Scholarship",2026-05-04,https://bigfuture.collegeboard.org/scholarships/mr-paul-h-haberle-founder-hfr-precision-machining-scholarship
7414a2d9-62d5-426d-bae0-45c89396d6a9,Path to Prosperity Scholarship,2026-04-30,https://www.floridaprepaidcollegefoundation.com/scholarships/path-to-prosperity
742fdd18-d599-4441-8ff4-eeac0113e7f2,Denes I. Bardos Award USA 2026 Apply,2026-05-01,https://www.scholarships.com/scholarships/denes-i-bardos-award
7432292f-4a76-4be4-8920-aaaf283b1c6f,Whiting-Turner Contracting Company Scholarship,2026-04-15,https://bigfuture.collegeboard.org/scholarships/whiting-turner-contracting-company-scholarship
7438ef50-129a-40ab-a6f0-a6d4486feb75,Cox Enterprises Scholarship,2026-05-01,https://bigfuture.collegeboard.org/scholarships/cox-enterprises-scholarship
74444f0a-a950-4fea-85b1-b628ed56379f,Frank E. Bolden Scholarship,2026-04-30,https://bigfuture.collegeboard.org/scholarships/frank-e-bolden-scholarship
7465da00-7a1c-4456-a82b-e2520f8c6c7c,Mildred Fite Memorial Nursing Scholarship,2026-05-01,https://www.fgc.edu/tuition-financial-aid/available-financial-aid/foundation-scholarships.html
746c6f64-bd43-4dc5-a356-71a600605170,Women in Technology Scholarship Deadline 2026 USA,2026-04-24,https://bigfuture.collegeboard.org/scholarships/women-in-technology-scholarship
746d242f-fca2-4b4c-8c6b-9df4b20c4f02,John and Carrie Adams Scholarship,2026-04-15,https://bigfuture.collegeboard.org/scholarships/john-and-carrie-adams-scholarship
74751e6f-2d80-4a38-bdaa-a751c09ddc9f,International Scholarship for Medical and Dental Mission Work,2026-04-30,https://bold.org/scholarships/international-scholarship-for-medical-and-dental-mission-work
749c5335-39c8-4fde-96e0-32bc1c9d34aa,Lorraine Thomas Endowed Scholarship,2026-04-20,https://www.nova.edu/sbin/report/scholarships/schlr-srch-params.cgi?category=Institutional&level=Graduate
74a88540-fbfd-48a5-8946-6b7401e095e9,Kansas Military Service Scholarship,2026-05-01,https://www.scholarships.com/scholarships/kansas-military-service-scholarship
74c03fbf-eec1-4d52-8dd1-79ea2f414b7c,Kyle Henry Burns Memorial Scholarship (Thespian Scholarship),2026-04-10,https://bigfuture.collegeboard.org/scholarships/kyle-henry-burns-memorial-scholarship-thespian-scholarship
74d0a70c-16fb-41f9-84be-c5b9ff311d99,Banking Industry Scholarship,2026-05-04,https://bigfuture.collegeboard.org/scholarships/banking-industry-scholarship
74fa68b6-4f34-46a8-becc-2ea7b5ba150b,Burns Lodge Legacy Scholarship,2026-04-30,https://cfns.ca/burnslodgelegacyscholarshipfund
750af8c8-9c2f-4250-9f4b-335253fb586e,Ashland Hercules Water Technologies Sciences Scholarship - Biology,2026-04-15,https://www.unf.edu/coas/scholarships/ashland-hercules-water-technologies-biology.html
752322ad-e959-4734-8c88-2c9bceba70a0,PHCC of Massachusetts Auxiliary Scholarship,2026-05-01,https://bigfuture.collegeboard.org/scholarships/phcc-of-massachusetts-auxiliary-scholarship
753070b4-4ad8-4a9b-818c-9de897b89f0b,Halifax Health Education to Employment Scholarship - Spring,2026-04-24,https://www.daytonastate.edu/scholarships/index.html
75375539-c49c-430c-b516-4101eae3b070,Pre-Law Scholarship,2026-04-15,https://www.unf.edu/coas/scholarships/pre-law.html
753d93f1-b40f-426e-a7c2-5b5e9ac5c8ad,Arlene S. Hawks Fine Arts Scholarship,2026-05-04,https://bigfuture.collegeboard.org/scholarships/arlene-s-hawks-fine-arts-scholarship
75443de3-0015-4b8e-b39c-aeb9a02a2dc5,Spingarn Alumni Association Scholarship Program,2026-04-30,https://www.scholarships.com/scholarships/spingarn-alumni-association-scholarship-program
75592492-4cc9-4c5c-a27f-f8bd2a9ac04a,"C.J. ""Red"" Davidson Memorial Scholarship",2026-04-17,https://bigfuture.collegeboard.org/scholarships/cj-red-davidson-memorial-scholarship
755e76c1-f49e-4b0e-976b-d76b30343882,Dexter/USBC All-American Team Scholarship,2026-04-30,https://bigfuture.collegeboard.org/scholarships/dexterusbc-all-american-team-scholarship
755f48c3-a40e-46a3-a071-dd0ad77055da,Bags of Love Foundation Scholarship,2026-04-30,https://www.scholarships.com/scholarships/bags-of-love-foundation-scholarship
75622101-0500-45ba-bc47-59b926658a3f,The Wander Fund Scholarship,2026-05-03,https://bold.org/scholarships/wander-fund-scholarship
7573adfd-2144-4a95-9f81-09b5d57c0605,Colonel Aaron Burgstein Memorial Scholarship,2026-04-30,https://bigfuture.collegeboard.org/scholarships/colonel-aaron-burgstein-memorial-scholarship
757fd2c2-43c3-4854-b98e-ef2d74bfb6dd,BJC Scholars Fund application deadline 2026 Scholarship USA,2026-04-15,https://bigfuture.collegeboard.org/scholarships/bjc-scholars-fund
758b20cd-2a1b-4d58-97b0-de611936d278,Susan Joy Smith Memorial Endowed Scholarship,2026-04-15,https://www.unf.edu/brooks/scholarships/full-list.html
758de815-ba64-49a0-8cfb-9b1d80655bcb,Career and Technical School Scholarship,2026-05-01,https://edfoundationsrq.org/scholarships
759096a2-2c5d-45c0-bc83-bcfa07d5e053,Dr. Johnnie Ruth Clarke Scholarship,2026-04-17,https://www.spcollege.edu/financial-aid/types-of-financial-aid/scholarships/institutional-scholarships/johnnie-ruth-clarke-scholarship
759caf97-2cc9-4d0e-b4a7-524e4bdbfce8,Waubonsee Community College Foundation Directors Scholarship,2026-05-04,https://bigfuture.collegeboard.org/scholarships/waubonsee-community-college-foundation-directors-scholarship
75acabd4-6f4a-4ed6-9ca7-e6227ed7ab33,Richard J. Feltes Family Endowed Scholarship,2026-05-04,https://bigfuture.collegeboard.org/scholarships/richard-j-feltes-family-endowed-scholarship
75b265f5-4515-4dc6-bc04-89f1b80acdcf,JAXPORT Scholarship,2026-04-15,https://www.unf.edu/coggin/scholarships/catalog.html
75b365a5-ff6f-4a68-98aa-340d7e404abe,Americal Scholarship Program,2026-04-30,https://bigfuture.collegeboard.org/scholarships/americal-scholarship-program
75c3ce9e-e2c3-4076-8054-0a22425511f3,Evan James Vaillancourt Memorial Scholarship,2026-05-01,https://bold.org/scholarships/evan-james-vaillancourt-memorial-scholarship
75ce377e-693f-4300-9c1f-b70731f84d20,Dallas Athletic Club Scholarship Deadline 2026 USA,2026-05-01,https://bigfuture.collegeboard.org/scholarships/dallas-athletic-club-scholarship
75d606c1-576e-47a9-aa88-9a387df60be8,Beverly A. Harper Scholarship,2026-04-24,https://bigfuture.collegeboard.org/scholarships/beverly-a-harper-scholarship
75fd2d51-062e-4b93-bb4b-9332559400e8,J.B. Hodges Memorial Scholarship,2026-05-01,https://www.fgc.edu/tuition-financial-aid/available-financial-aid/foundation-scholarships.html
7609e488-c40e-4abb-a343-a3958beeedfa,The Columbians College Scholarship Guide,2026-05-01,https://www.scholarships.com/scholarships/the-columbians-college-scholarship
761a2304-6fc6-45cc-9365-0acea547527d,DW Simpson Actuarial Science Scholarship,2026-04-30,https://bigfuture.collegeboard.org/scholarships/dw-simpson-actuarial-science-scholarship
7622e048-8b7d-455b-b8ab-c03ef294a466,Campus Recreation Service Award in Honor of Alicia A. Crew,2026-04-18,https://fsu.academicworks.com/opportunities
76236298-6042-4500-88bd-8a87583b143f,Arthur M. Doyle Scholarship,2026-05-01,https://www.framingham.edu/admissions-aid/cost-aid/types-aid/scholarships
7632467f-8315-4d87-bdf0-6112e6099145,Frances Wertz Memorial Scholarship for Education,2026-05-01,https://bigfuture.collegeboard.org/scholarships/frances-wertz-memorial-scholarship-for-education
76428d52-9748-4b57-992c-d26c7141ab35,NRG HBCU Excellence Scholarship Deadline 2026 USA,2026-05-01,https://bigfuture.collegeboard.org/scholarships/nrg-hbcu-excellence-in-education-scholarship-program
76758ac4-220f-4d33-b56e-e6f2bf2bc6cb,Tommy Cowan Endowed Scholarship,2026-05-01,https://austincc.academicworks.com/opportunities/9913
7692a420-0b92-4e68-a75e-c284106285e4,Lucille Norris Williams Nursing Scholarship,2026-04-15,https://bigfuture.collegeboard.org/scholarships/lucille-norris-williams-nursing-scholarship
7697e008-bf43-4673-a534-36e51c20f899,Judith A. Quinn Detroit Member Chapter AIST Scholarship,2026-04-30,https://bigfuture.collegeboard.org/scholarships/judith-a-quinn-detroit-member-chapter-aist-scholarship
769eebfc-3344-402d-9604-57a75b2c32f7,Weld County Livestock Association Scholarship,2026-04-15,https://bigfuture.collegeboard.org/scholarships/weld-county-livestock-association-scholarship
76aa6504-deea-494f-86ec-b7e10b61be6d,"Alpha Kappa Alpha Sorority, Inc. - Zeta Tau Chapter Retention Scholarship",2026-04-15,https://bigfuture.collegeboard.org/scholarships/alpha-kappa-alpha-sorority-inc---zeta-tau-chapter-retention-scholarship
76b46c96-6372-49a9-b1dd-d5bdf10cba19,Senator Daniel K. Inouye Memorial Scholarship,2026-04-30,https://bigfuture.collegeboard.org/scholarships/senator-daniel-k-inouye-memorial-scholarship
76e28586-bcd5-463e-bf3f-e57d1cbf971f,"James ""J.O."" Starn Scholarship",2026-04-15,https://bigfuture.collegeboard.org/scholarships/james-jo-starn-scholarship
76e695d0-497e-411c-92c2-520e8d5ae93a,Support for Maine Students Scholarship,2026-04-30,https://www.scholarships.com/scholarships/support-for-maine-students-scholarship
76e71584-612b-4cc8-b749-5b3ae4a18e7c,Color Me Green Run Scholarship,2026-04-16,https://bigfuture.collegeboard.org/scholarships/color-me-green-run-scholarship
772f0001-cee6-4209-9124-b54d22ace8b2,NIKE HBCU Scholarship Eligibility 2026 USA,2026-05-01,https://bigfuture.collegeboard.org/scholarships/nike-hbcu-scholarship
772ff7a1-83a9-48e2-8833-751638965a92,Toledo Early College Alumni Association Scholarship,2026-04-18,https://bold.org/scholarships/toledo-early-college-alumni-association-scholarship
775961e2-002c-4d96-8433-e6f12005b06b,Inspire CIO Scholarship,2026-04-15,https://bigfuture.collegeboard.org/scholarships/inspire-cio-scholarship
775a4f8d-acf9-47c1-9a8f-1338ba95a898,Phi Kappa Tau Foundation Scholarships,2026-05-01,https://www.scholarships.com/scholarships/phi-kappa-tau-foundation-scholarships
777503ec-1804-4e6e-b2fb-bebe01d9582e,Peter Matthews Scholarship: Eligibility & Deadline,2026-04-22,https://bigfuture.collegeboard.org/scholarships/peter-matthews-scholarship
77784006-061a-4875-99e7-31dca411fd8b,Dempsey Family Endowed Scholarship,2026-05-04,https://bigfuture.collegeboard.org/scholarships/dempsey-family-endowed-scholarship
777b173b-44d6-4785-8fa7-47458ea1ad11,Arthur J. Gallagher Risk Management Services Scholarship,2026-04-29,https://bigfuture.collegeboard.org/scholarships/arthur-j-gallagher-risk-management-services-scholarship
7791cd74-d249-4d5a-83ab-c20dc5cf0531,Martha C. Gooding Nursing Scholarship,2026-05-01,https://austincc.academicworks.com/opportunities/9837
779e74cd-84a5-4176-9eb8-f17f9dac3e65,Al and Jeannine Roy Elementary Education Scholarship,2026-04-14,https://bristolcc.academicworks.com/
77a85584-0534-41bd-82f7-4eeb5908078d,"The Stephen J. Bostic '77, M.Ed. '86 and Dianne M. (Fournier) Bostic '79 Scholarship",2026-04-15,https://bigfuture.collegeboard.org/scholarships/the-stephen-j-bostic-77-med-86-and-dianne-m-fournier-bostic-79-scholarship
77e500bb-3681-4635-b5ae-a85c4dd4aeca,Deshera Mack Scholarship,2026-04-12,https://bigfuture.collegeboard.org/scholarships/deshera-mack-scholarship
77f11a19-2393-4d1c-a15d-4bafe3821375,Noah B. Hearn Scholarship,2026-04-15,https://bigfuture.collegeboard.org/scholarships/noah-b-hearn-scholarship
77f234a3-4f14-4c23-a7ac-5624a45ac25f,Mot & Malcolm Little Scholarship in Transfer Programs,2026-04-15,https://bigfuture.collegeboard.org/scholarships/mot--malcolm-little-scholarship-in-transfer-programs
77f59244-0ddc-449b-9618-48bd1d6d69ae,Greystar Scholarship,2026-05-01,https://bigfuture.collegeboard.org/scholarships/greystar-scholarship
780f64b6-a671-4750-a371-7c65ccd3cb9a,Native Daughters of the Golden West Scholarship,2026-04-15,https://bigfuture.collegeboard.org/scholarships/native-daughters-of-the-golden-west-scholarship
78146041-5a80-4484-bf28-650615eed4c9,Dairy Shrine Merton Sowerby Junior Merit Scholarship,2026-04-15,https://bigfuture.collegeboard.org/scholarships/dairy-shrine-merton-sowerby-junior-merit-scholarship
7817127d-c347-4269-954e-3aa0141a174f,Rocky Mountain Farmers Union Scholarship Deadline 2026 USA,2026-04-29,https://bigfuture.collegeboard.org/scholarships/rocky-mountain-farmers-union-scholarship
7820408f-5d08-477d-aea1-716472c354d2,Jeannine Schroeder Women in Public Service Memorial Scholarship,2026-04-26,https://bold.org/scholarships/jeannine-schroeder-women-in-public-service-memorial-scholarship
782fb239-fabc-4602-ab4c-ec179a147def,John and Melanie Frieburg ESL Scholarship,2026-05-01,https://bigfuture.collegeboard.org/scholarships/john-and-melanie-frieburg-esl-scholarship
783224fa-00d2-4a94-8ace-b385c31c52df,Harold Clem Memorial Scholarship,2026-05-01,https://bigfuture.collegeboard.org/scholarships/harold-clem-memorial-scholarship
785b3804-ab0f-4ae2-ba04-11ee3eaaadec,Gandhi Memorial Society Endowed Scholarship,2026-04-15,https://www.unf.edu/asa/scholarships/undergraduate/gandhi-memorial-endowed-scholarship.html
78ac5909-893f-4e35-8d89-8aae3de9ee7d,Jack Sprankling Scholarship,2026-04-15,https://bigfuture.collegeboard.org/scholarships/jack-sprankling-scholarship
78b69c6e-cae2-4e95-89ab-01aef6d47b3a,New Jersey Electronic Security Association Youth Scholarship,2026-04-29,https://bigfuture.collegeboard.org/scholarships/new-jersey-electronic-security-association-youth-scholarship
78b9ce6e-5b62-4aba-b2e2-5110b01a4d60,Barbara A. Fetzer Business Scholarship,2026-05-04,https://bigfuture.collegeboard.org/scholarships/barbara-a-fetzer-business-scholarship
78fb3d11-0610-4e7a-a842-c89a5ec74433,Don James Memorial Scholarship,2026-05-01,https://bigfuture.collegeboard.org/scholarships/don-james-memorial-scholarship
79104857-ad37-42ff-af80-199ff9c6bd8e,Santa Maria Chapter California Women for Agriculture  Scholarship,2026-04-15,https://bigfuture.collegeboard.org/scholarships/santa-maria-chapter-california-women-for-agriculture--scholarship
7947b713-9f10-48a4-a90a-654f98034bab,COMTO Philadelphia General High School Scholarship,2026-04-24,https://bigfuture.collegeboard.org/scholarships/comto-philadelphia-general-high-school-scholarship
79667dea-c396-42f2-a7af-18a7c9c62c2c,EPG Memorial Scholarship,2026-04-30,https://bigfuture.collegeboard.org/scholarships/epg-memorial-scholarship
79693388-1ec4-4f87-b67e-ae2ac4f0dc90,Norma Olsen Memorial Scholarship,2026-04-10,https://bigfuture.collegeboard.org/scholarships/norma-olsen-memorial-scholarship
79723b34-0f9d-4e5e-83bd-a443a437fdbb,Illinois Restaurant Association Educational Foundation Scholarship,2026-05-01,https://www.scholarships.com/scholarships/illinois-restaurant-association-educational-foundation-scholarship
798a81d5-9937-4ea5-ba93-22d558cb5e9c,Peg Reeves Scholarship,2026-05-01,https://bigfuture.collegeboard.org/scholarships/peg-reeves-scholarship
79a200ff-7c8f-4ca9-8cc3-3feceaef03a9,O'Brien-Vrba Scholarship,2026-04-08,https://bigfuture.collegeboard.org/scholarships/obrien-vrba-scholarship
79c599c8-f1ce-4f37-a3b2-07f601231d85,Melvin and Sally Mooty Scholarship,2026-04-30,https://bigfuture.collegeboard.org/scholarships/melvin-and-sally-mooty-scholarship
79c5be03-0f05-4762-9cbb-0769258c8593,Landry/French Construction Scholarship,2026-04-30,https://bigfuture.collegeboard.org/scholarships/landryfrench-construction-scholarship
79d292f6-3fca-4c10-9ec5-6f2cd3d0d5e8,John Rucker Family Angus Scholarship,2026-05-01,https://www.angus.org/foundation/apply-for-scholarships/njaa-scholarships
79e57c79-8ff7-4bcd-8093-69f61fa7b2c4,Pete and Ellen Bensley Memorial Scholarship,2026-04-20,https://www.fftc.org/scholarships
79e6bd09-c06e-4507-a487-2e2fbb169d17,Mema and Papa Scholarship,2026-04-12,https://bold.org/scholarships/mema-and-papa-scholarship
79e766d0-1b0b-4d76-827b-13a7c66d76ff,The Lieutenant Colonel Michael L. James Leadership and Service Endowed Scholarship,2026-05-01,https://msstate.academicworks.com/
79fd9f08-f399-4d17-b531-45eedd668c7a,Kansas Angus Association Scholarship Guide,2026-05-01,https://www.angus.org/foundation/apply-for-scholarships/njaa-scholarships
7a122a3b-7ee7-4dd5-92fa-c578609544f4,American Battle Monuments Foundation Past is Prologue Essay Contest,2026-05-03,https://www.scholarships.com/scholarships/american-battle-monuments-foundation-past-is-prologue-essay-contest
7a437db1-e286-4a58-9a36-8a12fe44cbd6,Velda Tremain Endowed Nursing Scholarship,2026-05-04,https://bigfuture.collegeboard.org/scholarships/velda-tremain-endowed-nursing-scholarship
7a4761ae-4dcf-4eb6-bee6-cceaf57d5973,Marianna Optimist Club Scholarship,2026-05-01,https://chipola.academicworks.com/
7a4a9d83-2792-4a92-8162-ac3e1bfdb4b0,Rainbow Girls Foundation of New Mexico Scholarship,2026-04-15,https://bigfuture.collegeboard.org/scholarships/rainbow-girls-foundation-of-new-mexico-scholarship
7a4b0a80-7fe7-43da-a22d-f48417232580,Latin-American Baptist Seminary Scholarship,2026-04-15,https://bigfuture.collegeboard.org/scholarships/latin-american-baptist-seminary-scholarship
7a58c6ac-2a51-423f-b07d-17c6dfc67ec1,New York State Chapter Scholarship,2026-05-01,https://bigfuture.collegeboard.org/scholarships/new-york-state-chapter-scholarship
7aa6a363-eb04-4b71-ade9-efd5b5e5644a,The Criswell Davis Scholarship,2026-05-01,https://www.scholarships.com/scholarships/the-criswell-davis-scholarship
7abfa180-4045-4041-af71-a79ac56ab82e,Roscoe L. Richardson Memorial Scholarship,2026-05-01,https://www.angus.org/foundation/apply-for-scholarships/njaa-scholarships
7ad8a808-ca50-49a0-95f0-aef8f4b3c3eb,Patricia H. Foster Graduate Nurse Endowed Research Fellowship,2026-04-15,https://www.unf.edu/brooks/scholarships/full-list.html
7ae04deb-96a6-41b7-aa2d-19a236eaec35,"Elkins Constructors, Inc. Endowed Scholarship",2026-04-15,https://bigfuture.collegeboard.org/scholarships/elkins-constructors-inc-endowed-scholarship
7b026954-fd39-4410-aed6-a3b218302cd0,The Megan S. Daley Scholarship,2026-04-15,https://bigfuture.collegeboard.org/scholarships/the-megan-s-daley-scholarship
7b128c1e-5154-42b7-aa6c-e23d3c4b2b25,Asparagus Club Scholarship,2026-04-30,https://www.nationalgrocers.org/foundation/nga-foundation-scholarships
7b1897d4-d137-4732-9a34-47561e93091f,Koshland Young Leader Awards Scholarship,2026-04-08,https://bigfuture.collegeboard.org/scholarships/koshland-young-leader-awards-scholarship
7b27e60c-a49e-48c4-931b-fb1b91ba15ca,Friends of Moraine Hills State Park Scholarship in Environmental Studies,2026-04-30,https://www.scholarships.com/scholarships/friends-of-moraine-hills-state-park-scholarship-in-environmental-studies
7b4dae86-62f4-485a-9d20-7b1c7679489a,Third Marine Division Association Memorial Scholarship,2026-05-01,https://www.caltrap.org/3rd_MarDivAssoc/MSF.asp
7b73abea-529b-4ac0-9da4-5c58dd7aa12e,Jennie Evans/Tuolumne Co. Assoc.of Realtors Memorial Scholarship,2026-04-15,https://bigfuture.collegeboard.org/scholarships/jennie-evanstuolumne-co-assocof-realtors-memorial-scholarship
7b98994e-21df-4cd6-8070-dc6bb3833a3e,Waubonsee Community College Lions Club Scholarship,2026-05-04,https://bigfuture.collegeboard.org/scholarships/waubonsee-community-college-lions-club-scholarship
7bddbbbf-f805-492b-b30d-ba00f4baed60,Waubonsee Business Program Scholarship,2026-05-04,https://bigfuture.collegeboard.org/scholarships/waubonsee-business-program-scholarship
7be2d58d-d1d8-4b21-9d88-b5e7159e3f90,Century Scholars at Kankakee Community College,2026-05-01,https://bigfuture.collegeboard.org/scholarships/century-scholars
7be6ab26-f89e-4d5c-b8e1-55360b93475d,Sewing Seeds: Lena B. Davis Memorial Scholarship,2026-04-12,https://bold.org/scholarships/sewing-seeds-lena-b-davis-memorial-scholarship
7c1acc06-6665-42c6-8fd2-19d3dc2dee4a,First Generation Challenge Match Scholarship,2026-04-30,https://www.floridaprepaidcollegefoundation.com/scholarships/first-generation-match-scholarship
7c1dc98c-e89a-4dd2-9a9d-75bfd2fa64da,InfuCare Rx Scholarships,2026-04-30,https://www.scholarships.com/scholarships/infucare-rx-scholarships
7c293f8d-4289-4fff-88a0-ced73a8a8d0d,ESA Foundation Computer and Video Game Arts and Sciences Scholarship,2026-04-30,https://www.theesa.com/foundation/scholarships
7c3b4922-be91-4030-a1b1-0c5e24c3f8d1,Jeff Hayden Memorial Scholarship,2026-05-01,https://www.fgc.edu/tuition-financial-aid/available-financial-aid/foundation-scholarships.html
7c3f48de-82cc-4ca2-aaaa-ac35df4ea2a6,Wm. Wrigley Jr. Company Foundation Endowed Scholarship,2026-05-04,https://bigfuture.collegeboard.org/scholarships/wm-wrigley-jr-company-foundation-endowed-scholarship
7c4fb306-d1f2-4fca-80ac-27c072a81526,Dick French Memorial Scholarship,2026-04-24,https://bigfuture.collegeboard.org/scholarships/dick-french-memorial-scholarship
7c711d33-6f70-4c18-91c3-cb0433d89d9e,The Christopher Blair Erickson Memorial Scholarship,2026-04-15,https://bigfuture.collegeboard.org/scholarships/the-christopher-blair-erickson-memorial-scholarship
7c73cd50-f845-4055-9856-bffad15a0532,Texas Builders Foundation General Scholarship,2026-04-29,https://www.texasbuildersfoundation.org/scholarships-grants
7c98c5b3-de6d-4dcb-b406-047a06c9f5b6,Diversity Scholarship for Entry-Level Athletic Training Students,2026-05-01,https://bigfuture.collegeboard.org/scholarships/diversity-scholarship-for-entry-level-athletic-training-students
7ca5138c-7857-4239-8f29-389b733b38e8,Thomas B. Crowley Sr. Memorial Annual Scholarship,2026-04-15,https://www.unf.edu/coggin/scholarships/catalog.html
7cbbe171-a4a0-4532-a375-4da306ba3f81,The Shirley Albert Endowed Scholarship,2026-04-15,https://bigfuture.collegeboard.org/scholarships/the-shirley-albert-endowed-scholarship
7cc50df0-b118-4242-9d60-4a71acf35331,Irving Flaumenbaum Memorial Scholarship,2026-04-15,https://bigfuture.collegeboard.org/scholarships/irving-flaumenbaum-memorial-scholarship
7cfa6508-ee98-46db-9a91-9b3c65540a8b,RPW Political Studies Scholarship,2026-04-30,https://www.scholarships.com/scholarships/rpw-political-studies-scholarship
7d0f4cc4-e5cc-48cf-9a27-5160130f6c54,Alumni Association Endowment-Evelyn R. Willson Scholarship,2026-04-15,https://bigfuture.collegeboard.org/scholarships/alumni-association-endowment-evelyn-r-willson-scholarship
7d1c0c72-9b54-4cbf-9ee7-11a19142a20f,DSF Scholarship,2026-05-01,https://denverscholarship.org/eligibility
7d226cbd-02e4-4da8-9e00-4068d21d413e,Nunes Family Scholarship,2026-04-22,https://bigfuture.collegeboard.org/scholarships/nunes-family-scholarship
7d261c79-a468-4a69-ab0f-062b95587613,Beaumont Scholarship,2026-04-22,https://bigfuture.collegeboard.org/scholarships/beaumont-scholarship
7d27024d-4628-4906-9f11-3b82373dc821,A. D. Marshall Memorial Scholarship,2026-04-15,https://bigfuture.collegeboard.org/scholarships/a-d-marshall-memorial-scholarship
7d2eda68-9bef-4c27-bfdc-f217382fd59f,Kiwanis Club of San Carlos Arts Scholarship,2026-04-17,https://bigfuture.collegeboard.org/scholarships/kiwanis-club-of-san-carlos-arts-scholarship
7d2f6c86-96f4-4932-86a8-4aa16395fe77,Ruth Marguerite Allen Memorial Endowed Scholarship - Uniforms,2026-04-15,https://www.clackamas.edu/admissions-financial-aid/financial-aid-scholarships/scholarships
7d45bec3-6dd3-49c8-8fa5-64eb4f367f6c,Massport Memorial & Diversity STEM Scholarships,2026-05-01,https://www.scholarships.com/scholarships/massport-memorial-and-diversity-stem-scholarships
7d467a2e-e6e5-4652-80c4-17735fd57aae,The Corrine Bostic Memorial Endowed Scholarship,2026-04-15,https://bigfuture.collegeboard.org/scholarships/the-corrine-bostic-memorial-endowed-scholarship
7d4adb6d-08cf-433a-ab3e-4c70ed77fbf4,Kids' Chance of Massachusetts Scholarship,2026-04-14,https://bigfuture.collegeboard.org/scholarships/kids-chance-of-massachusetts-scholarship
7d53f96b-fbed-4bc0-9337-5f00a78cc5f7,Drs. Lou Ann and William F. Lasher Scholarship (in honor of Dr. Suanne Roueche),2026-05-01,https://bigfuture.collegeboard.org/scholarships/drs-lou-ann-and-william-f-lasher-scholarship-in-honor-of-dr-suanne-roueche
7d5cc191-15ed-4162-91f5-12ac254c4d2f,The Eleanor T. Depenbrock '37 Education Scholarship,2026-04-15,https://bigfuture.collegeboard.org/scholarships/the-eleanor-t-depenbrock-37-education-scholarship
7d71c0be-9a4e-45f7-8173-daa11a34a104,The Currahee Scholarship,2026-04-30,https://bigfuture.collegeboard.org/scholarships/the-currahee-scholarship
7d76a426-197a-43cf-b8ec-8724ce07ec65,Wyandotte Nation Scholarship Eligibility 2026 USA,2026-05-01,https://bigfuture.collegeboard.org/scholarships/undergraduate-scholarship-wyandotte-nation-of-oklahoma
7d9afa4e-d276-4c8f-9de6-9c5731ada294,VIA Manufacturing & Technology Endowed Scholarship,2026-05-04,https://bigfuture.collegeboard.org/scholarships/via-manufacturing--technology-endowed-scholarship
7dae948a-f93d-4cf1-b914-ebd9517015cf,Vince Dooley Scholarship,2026-04-24,https://www.scholarships.com/scholarships/vince-dooley-scholarship
7daf497c-5e9f-4b1b-b782-fc026fd10a7b,Marshall E. McCullough College Freshman Scholarship,2026-04-15,https://bigfuture.collegeboard.org/scholarships/marshall-e-mccullough-college-freshman-scholarship
7db05400-d764-48b2-9b69-960b088a1870,The Samantha Jill Cote Memorial Nursing Scholarship,2026-04-15,https://bigfuture.collegeboard.org/scholarships/the-samantha-jill-cote-memorial-nursing-scholarship
7dc41f28-5f05-4ff6-914c-7aed9e8669c4,The Sharen Cutting Shipley Scholarship,2026-04-15,https://bigfuture.collegeboard.org/scholarships/the-sharen-cutting-shipley-scholarship
7ddbe3d4-7f35-4829-838d-a1e9f47cc95e,Mot & Malcolm Little Scholarship for Career Programs,2026-04-15,https://bigfuture.collegeboard.org/scholarships/mot--malcolm-little-scholarship-for-career-programs
7dddcc7f-af51-439c-ac17-a9dbdaf7c545,Leo T. Doherty/Maureen O’Sullivan Memorial Scholarship - Academic,2026-04-30,https://bigfuture.collegeboard.org/scholarships/leo-t-dohertymaureen-osullivan-memorial-scholarship---academic
7de1666f-ed47-4fa5-a0a5-a6321720f41d,John Wayne Memorial Scholarship,2026-04-15,https://bigfuture.collegeboard.org/scholarships/john-wayne-memorial-scholarship
7de498c4-1c55-4d81-985d-4eb56ca5d00e,Rosemary Clayton Memorial Scholarship,2026-04-15,https://bigfuture.collegeboard.org/scholarships/rosemary-clayton-memorial-scholarship
7de5e1e0-507a-4dd7-9e96-80c9a0c16e23,Donald Runnicles Musical Arts Scholarship Competition,2026-05-04,https://bigfuture.collegeboard.org/scholarships/donald-runnicles-musical-arts-scholarship-competition
7ded9468-0b78-4989-9448-5bb306790933,Ford Blue Oval Scholarship deadline 2026 USA,2026-04-24,https://bigfuture.collegeboard.org/scholarships/ford-blue-oval-scholarship
7def43d7-79c2-4432-9f5a-f3184f7be0ea,Dennis Comai Scholarship,2026-04-15,https://bigfuture.collegeboard.org/scholarships/dennis-comai-scholarship
7e2f5060-3ae5-4a5d-9ee4-93a3464870a8,HomeStar Title Company Business and Information Technology Scholarship,2026-05-01,https://bigfuture.collegeboard.org/scholarships/homestar-title-company-business-and-information-technology-scholarship
7e2f81e8-eb12-4403-84f3-234b9c0eb9c1,Lt. Col. Romeo and Josephine Bass Ferretti Scholarship,2026-04-30,https://bigfuture.collegeboard.org/scholarships/lt-col-romeo-and-josephine-bass-ferretti-scholarship
7e31ed15-31cc-4762-9c80-9dd9daa25a74,John Fischetti Scholarship USA 2026 Apply,2026-04-24,https://www.scholarships.com/scholarships/john-fischetti-scholarship
7e3fa9c5-228a-405e-a807-fa3780465fd6,"Vocational (Bettinger, Holden & Perry) Scholarship",2026-05-01,https://www.endowment.org/scholarships
7e5d4536-fcd8-4855-97d8-f3ce1a7c13f7,Fred Farwell Family Memorial Scholarship,2026-04-15,https://umass.academicworks.com/opportunities
7e60e31b-310c-4593-a70d-335549e7c935,Reddish Family Scholarship,2026-05-01,https://bigfuture.collegeboard.org/scholarships/reddish-family-scholarship
7e63f316-47ac-408d-8f8b-0949ffc78bd0,Blair Park Rivers Endowed Nursing Scholarship,2026-04-15,https://bigfuture.collegeboard.org/scholarships/blair-park-rivers-endowed-nursing-scholarship
7e834aad-fc2b-470b-9761-470ea2073831,Chris Marshall Memorial Scholarship,2026-04-15,https://bigfuture.collegeboard.org/scholarships/chris-marshall-memorial-scholarship
7e843aa4-fe8c-4c79-9385-11baac11f356,MACAC Maggie Miller Scholarship,2026-05-01,https://bigfuture.collegeboard.org/scholarships/macac-maggie-miller-scholarship
7e91ecd6-9c30-4d32-b28a-06887105bcf7,SMDSC Gilman Montgomery French Scholarship,2026-05-01,https://www.scholarships.com/scholarships/smdsc-gilman-montgomery-french-scholarship
7eaa3371-5a89-4fbe-afe6-91b0064d4f09,Tampa Pride Scholarship Eligibility and Deadline,2026-04-30,https://bigfuture.collegeboard.org/scholarships/tampa-pride-scholarship
7eaaca74-3e28-4511-8e2e-10645fb6b42b,R. Stephen Ross Scholarship,2026-05-01,https://www.fftc.org/scholarships
7eadfbe7-d864-4e2c-86cd-e47277a0de1d,The Eileen and William Mullin Memorial Scholarship,2026-04-15,https://bigfuture.collegeboard.org/scholarships/the-eileen-and-william-mullin-memorial-scholarship
7ebaf7bc-4927-416d-9078-da58d26472c6,Scott & Christina Yang Foundation Scholarship,2026-04-20,https://bigfuture.collegeboard.org/scholarships/scott--christina-yang-foundation-scholarship
7ec54a39-3991-4d33-a685-7f27fc6dbe73,French Toast Shine Award Scholarship Program,2026-04-07,https://scholarshipamerica.org/scholarship/frenchtoast
7f1c98e0-67d9-4268-a9b4-e01c50dbe183,John Geremia Memorial Industrial Trades Scholarship,2026-04-12,https://bold.org/scholarships/john-geremia-memorial-industrial-trades-scholarship
7f204567-919c-4d93-a0dc-ac88e5e94149,Military Commanders Scholarship Fund,2026-05-01,https://www.scholarships.com/scholarships/military-commanders-scholarship-fund
7f2ffb8a-92ab-41ee-9775-699eb81408dc,Ben Clough Endowed Scholarship,2026-05-01,https://austincc.academicworks.com/opportunities/9874
7f4d0214-dac6-4110-a752-e8751f7c9018,The Edward Jones Scholarship,2026-04-15,https://bigfuture.collegeboard.org/scholarships/the-edward-jones-scholarship
7f6daee9-5533-46c5-92e4-bb3fa7182794,Tucson Chapter Scholarship,2026-04-15,https://www.texastechalumni.org/s/1422/a22/interior.aspx?sid=1422&gid=1001&pgid=1384
7f75addf-8780-4eb6-ad9b-472ed53caed3,Rotary Club of Batavia Roland Treiber Memorial Scholarship,2026-05-04,https://bigfuture.collegeboard.org/scholarships/rotary-club-of-batavia-roland-treiber-memorial-scholarship
7f7c5a70-62b5-42c6-a0e9-facc20960e80,Saigh Foundation Bravo Grant,2026-04-15,https://bigfuture.collegeboard.org/scholarships/saigh-foundation-bravo-grant
7f7d3053-0a05-483b-8d8a-164768758fe4,Lubbock Chapter of Black Ex-Students Scholarship,2026-04-15,https://texastechalumni.academicworks.com/
7f7fa694-5a97-4c39-ac74-087f9a2e04b7,"Elonzo ""Lonnie"" Hill Mentorship Scholarship",2026-04-30,https://bigfuture.collegeboard.org/scholarships/elonzo-lonnie-hill-mentorship-scholarship
7f891b74-d462-4a10-b02a-c106be47aa58,Andrew Budraitis Foundation Lehigh Valley Scholarships,2026-04-30,https://www.scholarships.com/scholarships/andrew-budraitis-foundation-lehigh-valley-scholarships
7f8f884c-1de1-4cb8-bbf0-608c7f9d4003,Patrick W Guerrette Memorial Scholarship Guide,2026-05-01,https://www.scholarships.com/scholarships/patrick-w-guerrette-memorial-scholarship
7f94a470-7440-4c4b-8ff3-ea17cf9db26c,AGL Over the Rainbow Scholarship,2026-05-01,https://www.scholarships.com/scholarships/agl-over-the-rainbow-scholarship
7fa1aeed-6971-4aa5-924e-29a75eacb2bd,Kurt Walter Van Doren Memorial Scholarship,2026-04-15,https://www.clackamas.edu/admissions-financial-aid/financial-aid-scholarships/scholarships
7fc11718-9c14-40cf-801c-593bf59a8443,The William Murphy Scholarship,2026-04-15,https://bigfuture.collegeboard.org/scholarships/the-william-murphy-scholarship
7fc5d589-0e9b-4908-8c52-3c9a0951aff0,Sam Cichello Memorial Scholarship,2026-04-23,https://bigfuture.collegeboard.org/scholarships/sam-cichello-memorial-scholarship
7fc91ab1-c3ec-4c96-8789-c9bf31304c4c,CCAPW General Scholarship,2026-04-05,https://bigfuture.collegeboard.org/scholarships/ccapw-general-scholarship
7fcc732b-46c1-40d5-a351-34cf9f0f5622,Klussendorf/McKown Scholarship,2026-04-15,https://bigfuture.collegeboard.org/scholarships/klussendorfmckown-scholarship
7ff57256-60c5-4b6c-8fb4-4495915d5fa1,The James P. McSherry '53 Endowed Scholarship,2026-04-15,https://bigfuture.collegeboard.org/scholarships/the-james-p-mcsherry-53-endowed-scholarship
7ffb51d9-90af-4946-9639-7538eb960009,Strom Thurmond Scholarship for Continuing Students,2026-04-15,https://bigfuture.collegeboard.org/scholarships/strom-thurmond-scholarship-for-continuing-students
800ff0c7-fcf5-4cad-aec1-ef2584fda46e,Human Services Faculty Scholarship,2026-05-04,https://bigfuture.collegeboard.org/scholarships/human-services-faculty-scholarship
801f390b-ec73-4cfd-b3aa-55e98a66eb80,Mark Larscheidt Memorial Scholarship,2026-05-01,https://bigfuture.collegeboard.org/scholarships/mark-larscheidt-memorial-scholarship
801ff8e1-6ac1-415b-bb61-3b56b85e6811,Texas Tech Alumni Association Legacy Scholarship,2026-04-15,https://texastechalumni.academicworks.com/
80279ccf-60f9-4e16-8884-9cad5cc5b288,The Olive I. (Lutz) Borgatti Endowed Scholarship,2026-04-15,https://bigfuture.collegeboard.org/scholarships/the-olive-i-lutz-borgatti-endowed-scholarship
8033f7b4-6247-40f1-8371-3d9137438996,USS Kitty Hawk (CV/CVA-63) Veteran's Association Scholarship,2026-04-15,https://bigfuture.collegeboard.org/scholarships/uss-kitty-hawk-cvcva-63-veterans-association-scholarship
8038613d-3622-4beb-9d08-0289606f1096,Jerry Cahill You Cannot Fail  Distinction Scholarship,2026-04-29,https://bigfuture.collegeboard.org/scholarships/jerry-cahill-you-cannot-fail--distinction-scholarship
803e26c6-ab16-442c-b2d8-a0abf471c645,Wilt Chamberlain Memorial Fund Scholarship,2026-04-22,https://bigfuture.collegeboard.org/scholarships/wilt-chamberlain-memorial-fund-scholarship
8044a126-d2f7-4eb8-b676-eb553b269c5b,RF-SMART and Morales Family Scholarship,2026-04-15,https://bigfuture.collegeboard.org/scholarships/rf-smart-and-morales-family-scholarship
80485303-d033-44ce-bb66-ef99908c4a5d,Sierra Quilt Guild Scholarship,2026-04-15,https://bigfuture.collegeboard.org/scholarships/sierra-quilt-guild-scholarship
80624944-4f76-40ba-a046-208be6dd6a20,Education Scholarship for Wisconsin Sickle Cell Patients,2026-04-17,https://scholarship-america-production.saiapply.org/organization/profile/create?applyToClientReturnUrl=https%3A%2F%2Fsai-wscp.saiapply.org%2Fprogram%2Fsai-sicklecellwi%2Finfo%3FcycleId%3D1CYGHFTm6aMugB2sRaVJ6j&clientOrganizationId=JCRreNgg28CokANv0Iti1fIiDauB_5hJ0Kbx
8093b2f7-8e4b-4ff0-8d8d-46fa9fd11315,People of Praise Scholarship,2026-04-15,https://www.cfsww.org/how-we-grant/scholarships/high-school-seniors
80ad4373-ed07-4d63-8d28-9eae6507954b,Ernest F. Hollings Scholarship for Continuing Students,2026-04-15,https://bigfuture.collegeboard.org/scholarships/ernest-f-hollings-scholarship-for-continuing-students
80b50c91-c99d-4186-ba4a-fe67b91f6055,Dr. Linda Arlene and Elizabeth Marie Howe Memorial Scholarship,2026-04-15,https://bigfuture.collegeboard.org/scholarships/dr-linda-arlene-and-elizabeth-marie-howe-memorial-scholarship
80bde4bc-f7de-4af8-8993-6ae9d2397fa6,The Class of 1964 Endowed Scholarship,2026-04-15,https://bigfuture.collegeboard.org/scholarships/the-class-of-1964-endowed-scholarship
80e1f258-b32f-4677-b0bc-c2adc6bc1d6d,ACC Alumni Network Scholarship,2026-05-01,https://austincc.academicworks.com/opportunities/9936
80edf4ba-2744-4ee1-8b73-ab39005d136c,Chairman's Hospitality Management Scholarship,2026-05-01,https://bigfuture.collegeboard.org/scholarships/chairmans-hospitality-management-scholarship
80eeebfd-756e-4932-a920-255c3a03524b,Civilian Marksmanship Program Scholarship,2026-04-04,https://bigfuture.collegeboard.org/scholarships/civilian-marksmanship-program-scholarship
80f382b3-3194-4b1c-ae42-6140e83f0120,Memo I'm Still Here Epilepsy Scholarship,2026-04-30,https://www.scholarships.com/scholarships/memo-im-still-here-epilepsy-scholarship
810d47df-506d-4fd9-b344-809877b22824,National Grid STEM Scholarship,2026-04-15,https://bigfuture.collegeboard.org/scholarships/national-grid-stem-scholarship
811e1f58-51af-4cc3-bac7-ad15546aa88d,GCSFNE Scholarship,2026-04-15,https://bigfuture.collegeboard.org/scholarships/gcsfne-scholarship
81237091-2b58-4eab-8697-ca7daa5bc992,VFW Auxiliary 4864 Edward W. Penno Scholarship,2026-04-10,https://bigfuture.collegeboard.org/scholarships/vfw-auxiliary-4864-edward-w-penno-scholarship
812b37d0-5eaa-4a6c-bbcd-63b64b50a040,Wineries of Santa Clara Valley Viticulture Scholarship,2026-04-15,https://bigfuture.collegeboard.org/scholarships/wineries-of-santa-clara-valley-viticulture-scholarship
812ca28f-78e0-458e-b99d-c9585543bc96,Team See Possibilities Scholarship Guide,2026-04-30,https://www.scholarships.com/scholarships/team-see-possibilities-scholarship
81340971-6bc5-40d3-9a4c-d250dfc037d8,Southeastern Grocers Scholarship,2026-04-15,https://bigfuture.collegeboard.org/scholarships/southeastern-grocers-scholarship
813e4bd4-95e0-441b-8295-c2a7a3c0e856,KCC Faculty Association Scholarship,2026-05-01,https://bigfuture.collegeboard.org/scholarships/kcc-faculty-association-scholarship
813fc882-75fd-4d01-bf90-9a383c8c6d6f,GCSANC Legacy Scholarship,2026-05-01,https://www.gcsanc.com/scholarships
814c1094-6300-49d1-89a2-4d293c040498,Burke Brown Scholarship,2026-04-21,https://bold.org/scholarships/burke-brown-scholarship
81510b8f-436c-4492-a3af-b8a6a2fa9c92,The Susan R. (Marsh) Hall Scholarship,2026-04-15,https://bigfuture.collegeboard.org/scholarships/the-susan-r-marsh-hall-scholarship
815de551-249e-4b17-a1f4-263103962459,Reverend Malone Smith Jr. Endowed Scholarship,2026-05-01,https://www.fftc.org/scholarships
818c60e8-4ff0-4127-871c-69a36e43c25a,Washington Cattle Feeders Association Scholarship,2026-04-15,https://bigfuture.collegeboard.org/scholarships/washington-cattle-feeders-association-scholarship
81a06bde-e20b-4553-9304-966ad6f86e56,Edythe and Harold McNulty Scholarship,2026-04-22,https://bigfuture.collegeboard.org/scholarships/edythe-and-harold-mcnulty-scholarship
81b1b9f7-599c-4033-b8fd-81f739676c3e,ASFPM Foundation Collegiate Student Paper Competition Program,2026-04-10,https://bigfuture.collegeboard.org/scholarships/asfpm-foundation-collegiate-student-paper-competition-program
81b865cc-5ef6-4993-9d32-3cc6d400dbcb,Mike & Sharon Erickson Fire Science/Paramedic Scholarship,2026-05-04,https://bigfuture.collegeboard.org/scholarships/mike--sharon-erickson-fire-scienceparamedic-scholarship
81c07c24-1c8e-4b58-b66f-bc318b785db4,IHLAEF Scholarship,2026-05-01,https://www.illinoishotels.org/overview.html
81c6aca4-21c0-4ff6-a759-347cccaf82df,Paul M. Wiles Scholarship,2026-04-30,https://www.wsfoundation.org/scholarships
81c7f7d1-0abb-4ad9-8e6c-c056d67e5301,Presidential Memorial Leadership Award Deadline 2026 USA Scholar…,2026-04-30,https://bigfuture.collegeboard.org/scholarships/presidential-memorial-leadership-award
81e89856-1cf8-4125-869c-ad06c49340e6,Hester Richardson Powell Memorial Service Scholarship,2026-04-10,https://bold.org/scholarships/hester-richardson-powell-memorial-service-scholarship
81e95e7a-bf4f-423f-8266-a259ffccf0e0,Reid R Sacco General Scholarship,2026-04-15,https://bigfuture.collegeboard.org/scholarships/reid-r-sacco-general-scholarship
822ace4d-c01d-4f1f-99d2-7d600a9abd92,Sean Flynn Memorial Scholarship,2026-04-30,https://bold.org/scholarships/sean-flynn-memorial-scholarship
82301dba-9bc9-4bd0-8a70-a55f19153d86,North Aurora Lions Club Scholarship,2026-05-04,https://bigfuture.collegeboard.org/scholarships/north-aurora-lions-club-scholarship
82520dd4-5a55-482e-87ec-e57bc76bcb6f,The Ric Buxton Memorial Scholarship,2026-04-15,https://bigfuture.collegeboard.org/scholarships/the-ric-buxton-memorial-scholarship
826ce9f9-cb68-4768-a219-efe3ee19b71a,Raymond Meyer Memorial Flight Scholarship,2026-05-01,https://www.oregonpilot.org/scholarship-criteria
8281d93b-2353-4211-8352-69f9166de0f3,The Rollin’ From The Heart Zane Timpson Art Scholarship,2026-04-20,https://bigfuture.collegeboard.org/scholarships/the-rollin-from-the-heart-zane-timpson-art-scholarship
829bb441-683a-40f6-9256-bdba314995e3,SAPA Annual Scholarship,2026-05-01,https://bigfuture.collegeboard.org/scholarships/sapa-annual-scholarship
82c73c2a-e3db-421b-88d7-aa2fa320c01b,FSU Alumni Ambassadors Scholarship,2026-04-17,https://bigfuture.collegeboard.org/scholarships/fsu-alumni-ambassadors-scholarship
82d60f64-6250-46aa-acfb-d68cac98b1be,Dr. Doretha Pressey Academic Scholarship,2026-04-12,https://bigfuture.collegeboard.org/scholarships/dr-doretha-pressey-academic-scholarship
82d9e7e8-0daf-4d75-a0c3-dfc1c6dddcbb,Georgia Electronic Life Safety & Systems Association Scholarship,2026-04-29,https://bigfuture.collegeboard.org/scholarships/georgia-electronic-life-safety--systems-association-scholarship
82f5e352-b4eb-4671-92a9-a8e358029a11,San Joaquin Valley Section SPE Scholarship,2026-04-15,https://bigfuture.collegeboard.org/scholarships/san-joaquin-valley-section-spe-scholarship
82fe112a-4529-413c-912f-9462864696a9,West Florida ASN Nursing Pathways Scholarship,2026-04-15,https://bigfuture.collegeboard.org/scholarships/west-florida-asn-nursing-pathways-scholarship
8300074b-9319-45ba-82da-87790defb2ee,Michigan Nutrition and Dietetics Institute Scholarship,2026-04-22,https://bigfuture.collegeboard.org/scholarships/michigan-nutrition-and-dietetics-institute-scholarship
8326dbfe-6dfe-401f-99b1-a11298e5ecb0,"Irvin Robinson, M.D. Endowed Allied Health Professions Scholarship",2026-04-15,https://bigfuture.collegeboard.org/scholarships/irvin-robinson-md-endowed-allied-health-professions-scholarship
8336b97e-fdcd-41a3-9d8c-17e222e2a712,Department of History Summer Internship Scholarship,2026-04-15,https://umass.academicworks.com/opportunities
834743b4-5bb4-47c0-8c0d-32b72cb849ec,Charles R. Hawker Memorial Scholarship,2026-05-01,https://bigfuture.collegeboard.org/scholarships/charles-r-hawker-memorial-scholarship
834cf90b-64ce-43be-b525-3832c993813a,GCSAA Legacy Awards,2026-04-15,https://bigfuture.collegeboard.org/scholarships/gcsaa-legacy-awards
837c1f2f-1720-43e5-88ba-ae65f0074a44,Caroline Pohl Staley/Taylor Brooke Payne Endowed Scholarship,2026-04-15,https://bigfuture.collegeboard.org/scholarships/caroline-pohl-staleytaylor-brooke-payne-endowed-scholarship
838697ae-aaf3-49ed-9445-0e87a517d2e9,Madison G. and Janet L. Scholl Endowed Scholarship,2026-05-01,https://austincc.academicworks.com/opportunities/9827
83b1932a-e1ad-43aa-9e9f-6c422e5122bb,Sunflowers of Hope Scholarship,2026-04-30,https://bold.org/scholarships/sunflowers-of-hope-scholarship
83c73d33-7021-4471-8f8e-4ff05750b3d3,Betty Bogue Ramsey Salter Physical Therapy Endowed Graduate Fellowship,2026-04-15,https://www.unf.edu/brooks/scholarships/full-list.html
83cb54ce-fb14-49b5-b74d-50f3e9f1ea21,Ford Addison Weeks Memorial Nursing Scholarship,2026-04-15,https://bigfuture.collegeboard.org/scholarships/ford-addison-weeks-memorial-nursing-scholarship
83d15fbb-06cd-4bd3-ad83-5092d8e824ff,Raney Family Fast 56 Scholarship,2026-04-11,https://bigfuture.collegeboard.org/scholarships/raney-family-fast-56-scholarship
83d41d46-629c-400c-a7b1-72e2cf187fb8,Independent Order of Odd Fellows Scholarship,2026-04-17,https://bigfuture.collegeboard.org/scholarships/independent-order-of-odd-fellows-scholarship
83da6823-761f-4cae-8616-5bcc1eba8220,USS ST. LOUIS (LCS 19) Scholarship,2026-04-15,https://bigfuture.collegeboard.org/scholarships/uss-st-louis-lcs-19-scholarship
83e36bee-6379-4356-96c2-1b7004837967,Rotary Club of Oswego Scholarship,2026-05-04,https://bigfuture.collegeboard.org/scholarships/rotary-club-of-oswego-scholarship
83ecfdc3-cec3-4ba4-a9c3-cbdaf3e1f6dd,Solomon H. and Audrey L. Jones Scholarship in Accounting,2026-04-15,https://www.unf.edu/coggin/scholarships/catalog.html
840eba78-7e8a-42b6-83eb-5e89b676f9f1,Christopher Charles Owan Memorial Scholarship,2026-04-29,https://bold.org/scholarships/christopher-charles-owan-memorial-scholarship
8410aa0a-d9ba-4580-bdf5-a96d74bb3352,Christopher M. Rizzo Memorial Scholarship,2026-04-15,https://www.clackamas.edu/admissions-financial-aid/financial-aid-scholarships/scholarships
841a43a8-3aac-4e69-bd32-f9b0e25e2de1,"Stockton Chapter of The Links, Incorporated General Scholarship",2026-04-05,https://bigfuture.collegeboard.org/scholarships/stockton-chapter-of-the-links-incorporated-general-scholarship
841c5cef-fe64-469c-8363-0247f28ded5f,Tina McCloskey Memorial Scholarship,2026-04-15,https://tccd.academicworks.com/opportunities/4783
8420486f-66e1-46d2-9b9b-0144d5790375,Jim Sanders Media and Leadership Scholarship,2026-04-15,https://bigfuture.collegeboard.org/scholarships/jim-sanders-media-and-leadership-scholarship
844d3f1e-4a1d-429a-8865-6785cf10d603,Florida Gateway College Chapter of AFC Endowed Scholarship,2026-05-01,https://www.fgc.edu/tuition-financial-aid/available-financial-aid/foundation-scholarships.html
84507b1d-535e-4021-9b4a-aefff8bb9164,SIM Portland Chapter Scholarship,2026-04-15,https://bigfuture.collegeboard.org/scholarships/sim-portland-chapter-scholarship
845104e4-ba2e-43fc-ae52-d7820cd0e90c,RLS Productions Scholarship,2026-04-06,https://bigfuture.collegeboard.org/scholarships/rls-productions-scholarship
845fdfec-e528-4d6b-ae69-b210a7292a48,Cheniere HBCU Scholarship eligibility and deadline 2026 USA,2026-05-01,https://bigfuture.collegeboard.org/scholarships/cheniere-hbcu-scholarship-program
84664f4a-5e4f-4773-a80f-0359885ba731,Gerald Bergquist Scholarship for Kelso High School,2026-04-15,https://bigfuture.collegeboard.org/scholarships/gerald-bergquist-scholarship-for-kelso-high-school
84712e52-b9a8-4a60-b837-1ef1f6f7e47b,Brandy Bonney Memorial Scholarship,2026-05-01,https://www.bhcc.edu/scholarships
8471c7d5-695c-4f05-937f-aa3b95507d91,Greater Than Gatsby Annual Scholarship,2026-05-01,https://www.scholarships.com/scholarships/greater-than-gatsby-annual-scholarship
84b41818-d804-420e-a297-d6019f23e541,Spectrum of Opportunity Scholarship,2026-04-30,https://www.scholarships.com/scholarships/spectrum-of-opportunity-scholarship
84b58ee4-96dd-4053-85cd-9c98746264ec,Carswell Retired Officers' Wives Club Scholarship,2026-04-15,https://bigfuture.collegeboard.org/scholarships/carswell-retired-officers-wives-club-scholarship
84bc10f8-4016-4eec-8ecd-52097f445ddd,Tony Steinhart Cadet Scholarship,2026-04-29,https://bigfuture.collegeboard.org/scholarships/tony-steinhart-cadet-scholarship
8509dac0-0ae4-4eb5-bfec-b046e3223bad,Marchi/Muthig Endowed Allied Dental Education Program Scholarship,2026-04-15,https://bigfuture.collegeboard.org/scholarships/marchimuthig-endowed-allied-dental-education-program-scholarship
85327b40-9b2c-41ad-a38b-8e02ed19ecff,ONF-Smith Education Scholarship Deadline 2026 USA,2026-05-01,https://bigfuture.collegeboard.org/scholarships/onf-smith-education-scholarship
853daea4-dd3b-4a31-ad6c-d44c8a7596ac,San Diego County Farm Bureau Scholarship,2026-04-15,https://bigfuture.collegeboard.org/scholarships/san-diego-county-farm-bureau-scholarship
855d3773-77b0-4724-ba55-3e10cdd29682,Vermont Retail and Grocers Association Scholarship,2026-04-22,https://www.vtrga.org/vrga-scholarship-program
856a8fc4-2d7b-4970-9a78-dd6786cfdd94,Charles Blodgett Memorial Scholarship,2026-04-08,https://bigfuture.collegeboard.org/scholarships/charles-blodgett-memorial-scholarship
856ac41d-ea74-4d75-9b0d-2d9075d2ee31,The Prochnow Foundation Scholarship,2026-04-30,https://www.scholarships.com/scholarships/the-prochnow-foundation-scholarship
858b309c-add2-421c-8b9d-d0b661533f6e,"The Joanne (Doherty) Kerr, Class of 1961 Memorial Scholarship",2026-04-15,https://bigfuture.collegeboard.org/scholarships/the-joanne-doherty-kerr-class-of-1961-memorial-scholarship
85b6cc0c-bb62-4d3e-8ff2-0b44da8779c5,Mandy Stoll Scholar-Athlete Scholarship,2026-04-10,https://bigfuture.collegeboard.org/scholarships/mandy-stoll-scholar-athlete-scholarship
85ba486f-49c5-4d86-bf7f-d7037000030d,"Skin, Bones, Hearts & Private Parts Scholarship for Nurse Practitioners, Physician Assistants, and Registered Nurse Students",2026-04-20,https://bold.org/scholarships/skin-bones-hearts-and-private-parts-scholarship
85c19f77-1e8b-4dfc-879e-1ced0339a113,Mason Hackworth Theatre Scholarship,2026-04-25,https://bigfuture.collegeboard.org/scholarships/mason-hackworth-theatre-scholarship
85c59383-d1d6-4f19-8fbb-2bc8c4867d9c,Ashland Hercules Water Technologies Sciences Scholarship - Chemistry,2026-04-15,https://www.unf.edu/coas/scholarships/ashland-hercules-water-technologies-chemistry.html
85e2db89-4a80-4767-8f3d-6910da8fc5c2,Cultural Emergency Response Programme 2021,2021-12-31,https://princeclausfund.org/save-heritage-now
85f0052c-ee72-4caf-9d7b-c9c992e2648b,Alpha Chapter Controlling Corp. of the Delta Theta Sigma Fraternity Scholarship,2026-04-30,https://bigfuture.collegeboard.org/scholarships/alpha-chapter-controlling-corp-of-the-delta-theta-sigma-fraternity-scholarship
86316925-0cb3-4c7c-a5f1-5eb9d701b3c9,Tampa Bay Buccaneers She is Football Scholarship,2026-04-20,https://scholarshipamerica.org/scholarship/buccaneerssheisfootball
86335bc3-43ac-460c-b51c-9183261584cf,Finn-Thorton Scholarship,2026-05-01,https://bigfuture.collegeboard.org/scholarships/finn-thorton-scholarship
86499516-1bc1-4c54-a26f-abc8e9f2b7e0,Nathan Fletcher Walker Memorial Scholarship,2026-04-15,https://bigfuture.collegeboard.org/scholarships/nathan-fletcher-walker-memorial-scholarship
8661bfb7-9005-475b-9237-3733d1774a02,Well-Wisher's Scholarship,2026-05-01,https://austincc.academicworks.com/opportunities/9808
86624dab-38c6-4f49-8426-a73f47326834,Margaret Fenwick Hinchcliffe Scholarship,2026-05-01,https://www.framingham.edu/admissions-aid/cost-aid/types-aid/scholarships
8665e533-ed7f-4ce1-a32c-6590f2748ac8,Anthony G. Czech Memorial Scholarship,2026-04-08,https://bigfuture.collegeboard.org/scholarships/anthony-g-czech-memorial-scholarship
866ef2c6-e03a-4ae8-a275-b8c9fefac9c1,MLF Domestic Students Scholarship Guide 2026,2026-04-30,https://www.scholarships.com/scholarships/mlf-domestic-students-scholarship
86856c15-a4f6-4339-bc7b-76110bb7689c,Fellows Foundation Scholarship,2026-05-01,https://www.scholarships.com/scholarships/fellows-foundation-scholarship
86a3d785-ac5e-446d-ae83-ba89ed63ccb7,Ruben Elijah Reiser Johnson Memorial Scholarship,2026-04-22,https://bigfuture.collegeboard.org/scholarships/ruben-elijah-reiser-johnson-memorial-scholarship
86bd0764-62a4-45d3-a0e9-36210192f448,Military Order of the Purple Heart Service Foundation Scholarship,2026-05-01,https://austincc.academicworks.com/opportunities/5983
86c2d1e7-3c59-42fa-ba17-c15dca4adb89,AHORA Scholarship for Texas Hispanic STEM Seniors,2026-04-30,https://bigfuture.collegeboard.org/scholarships/ahora-applied-hispanic-opportunity-and-recognition-award-scholarship
86dccedd-8908-4727-b5f5-080893df4bf4,Dan Echols Memorial Scholarship,2026-04-15,https://bigfuture.collegeboard.org/scholarships/dan-echols-memorial-scholarship
86ff7def-ad95-49bc-babf-fe488858beea,FPEI Scholarship,2026-04-17,https://bigfuture.collegeboard.org/scholarships/fpei-scholarship
8726c3c8-e482-4b1e-9e91-57a17f53b605,Joshua Fickett Memorial Scholarship,2026-04-15,https://bigfuture.collegeboard.org/scholarships/joshua-fickett-memorial-scholarship
8728f7bd-d8b5-477c-ba0b-9fa928305cde,Frances and Earl Perry Memorial Veterans Scholarship,2026-04-30,https://bigfuture.collegeboard.org/scholarships/frances-and-earl-perry-memorial-veterans-scholarship
87491e48-f93d-4a85-9c3e-c903cc243270,Drs. Robert H. and C. Jayne Wilcox Otter Chemistry Endowed Scholarship,2026-05-01,https://bigfuture.collegeboard.org/scholarships/drs-robert-h-and-c-jayne-wilcox-otter-chemistry-endowed-scholarship
874b6e03-9ff4-4e41-9b19-94b72fa2c0e4,Edith M. Harris Scholarship,2026-04-22,https://bigfuture.collegeboard.org/scholarships/edith-m-harris-scholarship
876178ec-574f-46e9-8996-d0468dc1dfc8,Stanley E. Anderson Scholarship,2026-04-15,https://texastechalumni.academicworks.com/
876504f3-fd7f-4ce8-bc97-0679b2a4134c,Horch Roofing Trade School Scholarship,2026-05-01,https://bigfuture.collegeboard.org/scholarships/horch-roofing-trade-school-scholarship
87a1115c-e9e4-46e6-8fb6-3dfcc4e86b81,Koerner Family Scholarship,2026-05-01,https://bigfuture.collegeboard.org/scholarships/koerner-family-scholarship
87b8006a-b8a3-46cf-be42-b4d7bb990a67,Atiba Jefferson Scholarship Deadline 2026 USA,2026-04-20,https://bigfuture.collegeboard.org/scholarships/the-atiba-jefferson-photography--film-scholarship
87cbdaf4-e6d9-4699-90b4-43ddcd47e038,Enlisted Association of the National Guard of Georgia Scholarship,2026-04-15,https://bigfuture.collegeboard.org/scholarships/enlisted-association-of-the-national-guard-of-georgia-scholarship
87e45e14-c2a2-4bc6-a40f-37a1a503778b,Merle Hinkle Memorial Scholarship,2026-04-30,https://www.scholarships.com/scholarships/merle-hinkle-memorial-scholarship
87e6a4c7-5b30-401d-bd56-58f98ee2f331,Lillian S. Smith Foundation Endowed Scholarship,2026-04-15,https://bigfuture.collegeboard.org/scholarships/lillian-s-smith-foundation-endowed-scholarship
87ee1cf4-61b7-4ec1-9fe3-7aefe12e6efa,Associated Subcontractors of MA Trade School Scholarship,2026-05-01,https://www.scholarships.com/scholarships/associated-subcontractors-of-ma-trade-school-scholarship
880b4179-a6a8-446b-b069-0913d625d47e,Midas of Naperville Scholarship,2026-05-04,https://bigfuture.collegeboard.org/scholarships/midas-of-naperville-scholarship
88190f4c-70de-4c59-be79-a92efde60572,Kentucky School Plant Management Association Student Scholarship,2026-04-15,https://bigfuture.collegeboard.org/scholarships/kentucky-school-plant-management-association-student-scholarship
883acb62-a92a-4320-b3c0-5135629d5d7e,John Joseph Brandlin Memorial Scholarship Guide,2026-05-01,https://www.scholarships.com/scholarships/john-joseph-brandlin-memorial-scholarship
8845d1dc-6159-49dd-aafb-75e9d41a4ca1,Western States National Junior Angus Show Scholarship,2026-05-01,https://www.angus.org/foundation/apply-for-scholarships/njaa-scholarships
88528c75-90eb-414b-b0a4-64494d4aad17,Arleen M and James W Chow Endowed Scholarship at San Francisco State University 2026,2026-05-04,https://sfsu.academicworks.com/opportunities/18600
885b28e9-0327-4a62-8182-54093cd26c31,Partner Colorado Foundation Scholarships Guide,2026-04-30,https://www.scholarships.com/scholarships/partner-colorado-foundation-scholarships
8899d90c-8c8d-46b0-b12c-c77f7bb03773,Petrone Family Endowed Scholarship,2026-04-15,https://www.clackamas.edu/admissions-financial-aid/financial-aid-scholarships/scholarships
88ace7e4-f3e8-4d8d-ad96-52ca6e877015,"New York, NY Chapter Scholarship",2026-04-15,https://www.texastechalumni.org/s/1422/a22/interior.aspx?sid=1422&gid=1001&pgid=1384
88b9918e-18a6-4180-8359-357eeaaa184c,Brenda Lee Quinnell Rising Leadership Scholarship,2026-05-01,https://www.swana-wi.org/awards-scholarships
88c192db-d288-408d-a99a-6c052fab13b7,APF Community Scholarship Program,2026-04-30,https://scholarshipamerica.org/scholarship/apfcommunity
88db9e7a-2b22-4798-a464-20ca452a788f,NLBHA Josie Torralba Romero Scholarship Fund,2026-04-30,https://www.scholarships.com/scholarships/nlbha-josie-torralba-romero-scholarship-fund
88e047a1-a5c4-49ee-9a02-bdd889c8fb4d,John M. Leatherbury Memorial Scholarship,2026-05-04,https://bigfuture.collegeboard.org/scholarships/john-m-leatherbury-memorial-scholarship
88f14dfc-07c8-4d8f-82f7-feba6c43537e,Ross Jones Memorial Scholarship,2026-04-15,https://bigfuture.collegeboard.org/scholarships/ross-jones-memorial-scholarship
88fce4cf-3927-4fa0-9ffd-9aca7c4104b6,"""I Have A Dream"" Scholarship in Honor of Mary and Dick Granger",2026-04-15,https://bigfuture.collegeboard.org/scholarships/i-have-a-dream-scholarship-in-honor-of-mary-and-dick-granger
8913bfb0-20ca-49c1-834f-5fce7c8e9b32,Epilepsy Scholarship Program,2026-04-24,https://bigfuture.collegeboard.org/scholarships/epilepsy-scholarship-program
891a16dd-5a40-48eb-bf57-2edfb3019e4c,Paul Woods Scholarship In History,2026-04-15,https://texastechalumni.academicworks.com/
89264a39-e2d0-437a-887b-ca0376e475e4,SFC Curtis Mancini Memorial Scholarship,2026-05-01,https://bigfuture.collegeboard.org/scholarships/sfc-curtis-mancini-memorial-scholarship
893d2866-2c72-48d0-b7b3-ca66d5a45570,Van Eaton Scholarship,2026-04-06,https://bigfuture.collegeboard.org/scholarships/van-eaton-scholarship
893e59a5-6c80-45f0-96fb-d0458159cc54,Laurel Hester Memorial Scholarship,2026-04-15,https://bigfuture.collegeboard.org/scholarships/laurel-hester-memorial-scholarship
89400f9e-6c49-4557-803f-b573484b51a8,Drs. Byron and Kay McClenney Endowed Scholarship,2026-05-01,https://austincc.academicworks.com/opportunities/10225
89499164-cd0c-47eb-bb8a-2c19dc83c6fb,Killingly HS Class of 1970 Alumni Scholarship,2026-04-22,https://bigfuture.collegeboard.org/scholarships/killingly-hs-class-of-1970-alumni-scholarship
8963ba56-485b-414f-a590-27bdee2a3a59,High School Art Exhibit Scholarship,2026-05-01,https://bigfuture.collegeboard.org/scholarships/high-school-art-exhibit-scholarship
89678c29-e339-47c8-9124-0e162d24e35c,Choggiung Limited Career/Work Enhancement Scholarship,2026-04-24,https://bigfuture.collegeboard.org/scholarships/choggiung-limited-careerwork-enhancement-scholarship
896c366b-e260-49c6-93fe-6d2896501a85,Regional Airline Association Scholarship Guide,2026-04-30,https://www.scholarships.com/scholarships/regional-airline-association-scholarship
8977a5df-bf4e-4525-9102-6e75cfa95c10,Cabane & Voiture #1352 40 and 8 Scholarship,2026-05-01,https://www.fgc.edu/tuition-financial-aid/available-financial-aid/foundation-scholarships.html
897c518c-2ec5-4036-838b-13d6c86a07a8,Adrian and Elva LeBlanc Scholarship,2026-04-15,https://bigfuture.collegeboard.org/scholarships/adrian-and-elva-leblanc-scholarship
898f85c3-4ce1-47a3-94f7-b0aed1b6f9a8,Al Taylor Memorial Scholarship deadline 2026 USA,2026-05-01,https://bigfuture.collegeboard.org/scholarships/al-taylor-memorial-scholarship
899d18bd-139f-43b7-9751-a1b82088fb21,Three Brothers Scholarship,2026-05-04,https://bigfuture.collegeboard.org/scholarships/three-brothers-scholarship
89a03a78-2f84-4786-837a-aa57acf1cd01,SC State Fair Scholarship,2026-04-15,https://bigfuture.collegeboard.org/scholarships/sc-state-fair-scholarship
89c3a873-6910-41d7-b3c4-3f6f4579bb8f,Dance & Drama Scholarship,2026-05-01,https://bigfuture.collegeboard.org/scholarships/dance--drama-scholarship
89d5c967-47f6-4f28-a6c1-e23f84dbe24f,Arete Alumni Scholarship,2026-04-11,https://bigfuture.collegeboard.org/scholarships/arete-alumni-scholarship
89df50c7-2dcc-4ce9-914c-78cdb932d646,Jewish Nonprofit Employee Student Scholarship 2026 USA Apply,2026-04-30,https://bigfuture.collegeboard.org/scholarships/jewish-nonprofit-employee--student-scholarship
89e22869-cc31-4677-9dc4-761c0878f5d9,Rose and Abraham Lubchansky Scholarship,2026-04-22,https://bigfuture.collegeboard.org/scholarships/rose-and-abraham-lubchansky-scholarship
89ea9f13-2241-4696-ba43-101b95c38ec0,Carus Dental Scholarship,2026-05-01,https://austincc.academicworks.com/opportunities/10115
89fbbc8f-10ac-42cd-bbd2-9827d2fa10ff,Evar Erickson Memorial Endowed Scholarship,2026-05-04,https://bigfuture.collegeboard.org/scholarships/evar-erickson-memorial-endowed-scholarship
8a0b489b-f433-46d0-b878-a5a6e93ad7e5,Michigan Youth Livestock Scholarship Fund Guide,2026-05-01,https://www.scholarships.com/scholarships/michigan-youth-livestock-scholarship-fund
8a20b6b2-a6cc-45de-bd67-87819f12064d,Worth Hill Scholarship,2026-05-04,https://bigfuture.collegeboard.org/scholarships/worth-hill-scholarship
8a2661d9-2d7b-4b00-a5de-a2137c73f173,Unboxing Your Life Video Scholarship,2026-04-30,https://www.scholarships.com/scholarships/unboxing-your-life-video-scholarship
8a4a0361-8c2b-4446-abc4-023d9665d4e0,Kao Kalia Yang Scholarship Deadline 2026 USA,2026-04-20,https://bigfuture.collegeboard.org/scholarships/kao-kalia-yang-scholarship
8a684f01-1f43-488f-9118-4ba026910895,Study.com Nursing Scholarship for Military and Veterans,2026-05-01,https://bigfuture.collegeboard.org/scholarships/studycom-nursing-scholarship-for-military-and-veterans
8a71b1e8-d00c-4a64-b5b4-67f3473ed709,The Kincheloe Family Scholarship,2026-04-08,https://bigfuture.collegeboard.org/scholarships/the-kincheloe-family-scholarship
8a9984c0-ac38-45dd-a893-67c030094913,Burr Betts Memorial Scholarship,2026-05-01,https://bigfuture.collegeboard.org/scholarships/burr-betts-memorial-scholarship
8a9b2151-a8a0-492b-a62d-96732a09e3b8,Lake City Garden Club Endowed Scholarship,2026-05-01,https://www.fgc.edu/tuition-financial-aid/available-financial-aid/foundation-scholarships.html
8aa264a2-7397-4ff8-932e-1b74742fd357,McDonald's Black & Positively Golden Scholarship Apply USA 2026,2026-04-24,https://bigfuture.collegeboard.org/scholarships/tmcf--mcdonalds-black--positively-golden-scholarship
8aa58f86-8131-4135-8f7c-bdfd29e30bdd,Rotary Club of Playa Venice Sunrise Leadership Scholarship,2026-04-29,https://bigfuture.collegeboard.org/scholarships/rotary-club-of-playa-venice-sunrise-leadership-scholarship
8aa5c8f7-ba86-4844-b75b-62f56f0fd9be,WellSky Scholarship,2026-05-01,https://bigfuture.collegeboard.org/scholarships/wellsky-scholarship
8b25aa0c-1177-48cd-bc8f-ff47f1eec632,Letitia B. Carter Scholarship,2026-04-15,https://bigfuture.collegeboard.org/scholarships/letitia-b-carter-scholarship
8b2f7cd3-6fe7-4831-a667-ecd7024ad741,Larry Scranton Memorial Endowed Scholarship,2026-05-04,https://bigfuture.collegeboard.org/scholarships/larry-scranton-memorial-endowed-scholarship
8b3fe274-5be7-48e4-89d7-fe70c02a1647,Tuneski / Sheflott Scholarship,2026-04-22,https://bigfuture.collegeboard.org/scholarships/tuneski--sheflott-scholarship
8b435a8e-8c09-4283-9872-40fdd96863c7,Elizabeth Head Global MBA Fellowship,2026-04-15,https://bigfuture.collegeboard.org/scholarships/elizabeth-head-global-mba-fellowship
8b445f8f-d931-446c-a515-6776c5ea20b9,The Olivia Rochelle Spencer Memorial Scholarship,2026-04-15,https://bigfuture.collegeboard.org/scholarships/the-olivia-rochelle-spencer-memorial-scholarship
8b59706c-b7d4-4f27-8684-5269be9b6b96,Dorothy Jean Coates Scholarship,2026-04-15,https://bigfuture.collegeboard.org/scholarships/dorothy-jean-coates-scholarship
8b5ddbd7-4b03-4673-91f7-b7fd319770f0,Garden Club of Crystal River Scholarship,2026-04-15,https://bigfuture.collegeboard.org/scholarships/garden-club-of-crystal-river-scholarship
8b65a486-4ba5-4e8f-801f-93e78ef153d3,Tardus Beach Volleyball Scholarship,2026-04-14,https://bold.org/scholarships/tardus-beach-volleyball-scholarship
8b84b78c-1ab1-41ff-a4b0-773100b80cd7,EJS Foundation Minority Scholarship,2026-04-30,https://bold.org/scholarships/ejs-foundation-minority-scholarship
8ba827e3-271a-41a2-9db7-bcf4712165c5,Georgia Future Champions Scholarship,2026-05-01,https://bigfuture.collegeboard.org/scholarships/georgia-future-champions-scholarship
8bb4535c-0e8c-4223-933e-5c4ad650e089,Arlin Diaz Memorial Scholarship,2026-04-14,https://bold.org/scholarships/arlin-diaz-memorial-scholarship
8bc6089d-9bdb-4327-b5f7-8915ae69caaf,Piston Fund Scholarship,2026-04-12,https://bigfuture.collegeboard.org/scholarships/piston-fund-scholarship
8bcadf11-9cdb-4102-b295-1947f6485280,The Elizabeth R. (Fitzgerald) McCright Scholarship,2026-04-15,https://bigfuture.collegeboard.org/scholarships/the-elizabeth-r-fitzgerald-mccright-scholarship
8bd02bc9-172e-4a69-a8a8-cbd789c84a3b,Ava's Grace Scholarship,2026-04-15,https://bigfuture.collegeboard.org/scholarships/avas-grace-scholarship
8beb864c-68a0-4dce-a051-f427d5f88183,Glenn and Clyde Lindstrom Kansas Livestock Foundation Scholarship,2026-04-17,https://bigfuture.collegeboard.org/scholarships/glenn-and-clyde-lindstrom-kansas-livestock-foundation-scholarship
8bedbdce-5935-4718-b066-9e66da26b3af,Dr. Philip M. Dooher Scholarship,2026-05-01,https://www.framingham.edu/admissions-aid/cost-aid/types-aid/scholarships
8bf44d33-7a02-4f1e-a8fa-4e30dabb9a41,Virtual Business Scholarship,2026-04-10,https://bigfuture.collegeboard.org/scholarships/virtual-business-scholarship
8bff944d-048c-4569-b77f-0c74bc16611d,Miller Electric Company Annual Scholarship,2026-04-15,https://bigfuture.collegeboard.org/scholarships/miller-electric-company-annual-scholarship
8c39b5e3-8779-4254-941a-7b705366869b,Remote DBA Scholarship,2026-05-01,https://bigfuture.collegeboard.org/scholarships/remote-dba-scholarship
8c433d03-71ce-41c1-911a-a2eed42e5ee8,Susanna and Lucy DeLaurentis Memorial Scholarship,2026-04-17,https://bigfuture.collegeboard.org/scholarships/susanna-and-lucy-delaurentis-memorial-scholarship
8cc08342-5ec7-48e4-9edc-2706f3b0a590,Maine Chiefs of Police Memorial Scholarship,2026-04-10,https://bigfuture.collegeboard.org/scholarships/maine-chiefs-of-police-memorial-scholarship
8cc394b2-d9a5-4421-9a17-c09c7d53cdbd,Ed and Wilma Minix/Black Witch Farm Angus Youth Scholarship,2026-05-01,https://www.angus.org/foundation/apply-for-scholarships/njaa-scholarships
8cc8c032-139f-4dde-9d15-86392d28a540,CASE Scholarship,2026-05-01,https://bigfuture.collegeboard.org/scholarships/case-scholarship
8cd3e8d7-9324-4599-8b00-824ab35a6632,George Atkins Memorial Scholarship,2026-05-01,https://chipola.academicworks.com/
8ced91f2-05b4-49bd-848e-d75c942151e4,Pinewoods Scholarship for Ambitious Students,2026-05-01,https://www.scholarships.com/scholarships/pinewoods-scholarship-for-ambitious-students
8cf2ce79-8653-4eba-9920-0a52a847ca20,Southeast Chapter NATAS Scholarship,2026-04-24,https://www.southeastemmy.com/scholarships
8cf96736-bf76-49cd-8a61-ddd6c39d1808,Thirumalai Chellam Endowed Scholarship,2026-05-01,https://austincc.academicworks.com/opportunities/10009
8cff1d11-a549-4093-9fdb-525d0354a7d5,The Cynthia J. (Swenson) Blair Memorial Scholarship,2026-04-15,https://bigfuture.collegeboard.org/scholarships/the-cynthia-j-swenson-blair-memorial-scholarship
8cffd606-062f-4a66-adf2-f31f87fd5520,Edward E. Cannon Memorial Scholarship,2026-04-30,https://www.scholarships.com/scholarships/edward-e-cannon-memorial-scholarship
8d09f35e-0eb9-4185-82da-b260a456a28f,Jennifer Rosalino Teaching in Special Education Scholarship,2026-04-10,https://bigfuture.collegeboard.org/scholarships/jennifer-rosalino-teaching-in-special-education-scholarship
8d374dad-a384-42e0-93ea-8266a9516fd2,Owen Wingate Memorial Music Scholarship,2026-05-01,https://www.fgc.edu/tuition-financial-aid/available-financial-aid/foundation-scholarships.html
8d74062f-0a04-4eb1-8315-e2142d0e409f,Ted and Cuba Webb Scholarship,2026-04-15,https://tccd.academicworks.com/opportunities/4857
8d79042f-8fce-41e9-931e-f9f74ad519a5,Brian J. O'Hara Memorial Scholarship,2026-05-01,https://bold.org/scholarships/brian-j-ohara-memorial-scholarship
8d7c0e87-343b-4c5a-b077-7ed04c35da8b,National Guard Association of Washington Scholarship,2026-05-01,https://www.ngaw.org/scholarships-2
8d834f68-ea42-4aa4-b44c-59175d6cf16a,Ennis Pellum CPAs MAcc Scholarship,2026-04-15,https://www.unf.edu/coggin/scholarships/catalog.html
8d85ce97-c174-4de7-a4b9-d9188a19b269,Image Group Scholarship,2026-05-01,https://bigfuture.collegeboard.org/scholarships/image-group-scholarship
8d89c2fb-6689-403a-9d29-0287b3a84a0e,Playmakers Nashville x Nashville Predators Undergraduate Scholarship,2026-04-10,https://bold.org/scholarships/playmakers-nashville-nashville-predators-undergraduate-scholarship
8d8e2eeb-5437-4492-8f7f-d70fcb542d2e,Luise Bronner Scholarship for CNS,2026-04-15,https://umass.academicworks.com/opportunities
8d9e7fe4-3e5a-470d-928b-a80fc6f0dc2c,Montana Angus Youth Scholarship,2026-05-01,https://bigfuture.collegeboard.org/scholarships/montana-angus-youth-scholarship
8da8e282-316e-4218-82e3-aee490e0d31c,Debi Prasad Sodhani Foundation Scholarships,2026-04-30,https://bigfuture.collegeboard.org/scholarships/debi-prasad-sodhani-foundation-scholarships
8db80979-62d7-4664-834d-f590c9f59d84,Everett and Marilyn Dalton Memorial Scholarship,2026-04-06,https://bigfuture.collegeboard.org/scholarships/everett-and-marilyn-dalton-memorial-scholarship
8dbe343a-bb1c-45b4-a019-9e42528b8e77,Oncology Practice Alliance Scholarship,2026-05-01,https://bigfuture.collegeboard.org/scholarships/oncology-practice-alliance-scholarship
8dc06754-950c-470e-ac9b-2c28582939ec,The Skullcandy Scholarship for Engineers,2026-04-20,https://bigfuture.collegeboard.org/scholarships/the-skullcandy-scholarship-for-engineers
8dc321c0-9c69-485e-9ce6-bedd0fb7019a,David and Sherry Dresback Scholarship,2026-04-22,https://bigfuture.collegeboard.org/scholarships/david-and-sherry-dresback-scholarship
8de588cb-af84-48fc-85f8-3d41f97d82b7,Massachusetts Retail Lumber Dealers Association Scholarship,2026-04-30,https://bigfuture.collegeboard.org/scholarships/massachusetts-retail-lumber-dealers-association-scholarship
8deea343-8ab4-4098-b166-5b8aba868e3a,Ball Horticultural Company Scholarship,2026-05-01,https://endowment.org/scholarships
8dfb0722-7f93-4002-a178-2f498b7534dd,Dr. Stephen B. Kinslow Endowed Scholarship,2026-05-01,https://austincc.academicworks.com/opportunities/10124
8e04a4a8-33ce-4ffb-bc61-b4ae6bf3f6db,Tom Olen Memorial Fund Scholarship Guide,2026-05-01,https://www.scholarships.com/scholarships/tom-olen-memorial-fund-scholarship
8e0da006-cb41-45f6-af7d-08b690c6d208,Schultz/Schwantj Memorial Scholarship,2026-05-01,https://www.fgc.edu/tuition-financial-aid/available-financial-aid/foundation-scholarships.html
8e1bf86c-0d73-44d4-9beb-83bee082021b,CSF Fiesta Queen Scholarship and Pageant Guide,2026-04-26,https://www.scholarships.com/scholarships/csf-fiesta-queen-scholarship-and-pageant
8e22aaa1-3612-4a51-aed4-b9fd184eb7ab,Wallace McCormick Endowed Scholarship,2026-05-01,https://www.fgc.edu/tuition-financial-aid/available-financial-aid/foundation-scholarships.html
8e25ab2a-0fa1-4c02-99cd-57ad005fedc5,Dr. Muriel K. Heimer Scholarship,2026-05-01,https://www.fgc.edu/tuition-financial-aid/available-financial-aid/foundation-scholarships.html
8e26c999-dd0c-467e-9468-b7473d5e5f9a,Ralph D. Levine Scholarship,2026-04-15,https://bigfuture.collegeboard.org/scholarships/ralph-d-levine-scholarship
8e2ef419-a0d1-4b8d-883e-3cf0c337f363,Louisiana High School Coaches Association Scholarship,2026-04-08,https://bigfuture.collegeboard.org/scholarships/louisiana-high-school-coaches-association-scholarship
8e492aab-653b-4219-ac20-9acafaea0480,Shodeen Family Foundation Scholarship,2026-05-04,https://bigfuture.collegeboard.org/scholarships/shodeen-family-foundation-scholarship
8e5e06d2-324a-407b-84e7-df8f4ee63fc8,John Charles Geekie Memorial Scholarship,2026-05-01,https://indstate.academicworks.com/opportunities/110814
8e633853-640e-4f67-acaa-8de057d44752,William L. Keltz Engineering Scholarship,2026-04-14,https://bold.org/scholarships/william-l-keltz-engineering-scholarship
8e698c6b-8f67-425c-9dbf-60363655d051,National Aviation Explorer Scholarship Deadline 2026 USA,2026-04-30,https://bigfuture.collegeboard.org/scholarships/national-aviation-explorer-scholarship
8e7988c1-bed0-4b25-bdc4-579d030daabf,"JWV MI Charles Kaye Z""L Scholarship",2026-04-30,https://www.scholarships.com/scholarships/jwv-mi-charles-kaye-zl-scholarship
8e965c9e-73bf-49ec-9215-e0e77afaa7de,Stephen H. Manson Scholarship,2026-04-15,https://bigfuture.collegeboard.org/scholarships/stephen-h-manson-scholarship
8e99a2db-30cc-48c1-adc0-1ef71589fd7c,Cary Woman’s Club Mature Woman’s Scholarship,2026-05-01,https://www.scholarships.com/scholarships/cary-womans-club-mature-womans-scholarship
8ea8b8fd-e13a-42dc-8f76-aff51724b9ac,Kansas City Associated Equipment Distributors Scholarship,2026-04-29,https://bigfuture.collegeboard.org/scholarships/kansas-city-associated-equipment-distributors-scholarship
8eaf223c-84ab-4994-8192-39dbfd4924b8,Minds in Motion Scholar-Athlete Scholarship,2026-04-22,https://bigfuture.collegeboard.org/scholarships/minds-in-motion-scholar-athlete-scholarship
8eb4a0c4-9fd0-4d19-b98b-59fde61df8ef,Marilyn & Jay Sarles Scholarship,2026-04-30,https://bigfuture.collegeboard.org/scholarships/marilyn--jay-sarles-scholarship
8eb7acda-fe11-49ef-8068-f437e6e66f94,Georgia Chapter of the International Transplant Nurses Society Scholarship,2026-05-01,https://bigfuture.collegeboard.org/scholarships/georgia-chapter-of-the-international-transplant-nurses-society-scholarship
8ecf2122-472e-414e-9ca4-7828b875b93f,Dr. Kyle Brown Scholarship,2026-05-01,https://www.fgc.edu/tuition-financial-aid/available-financial-aid/foundation-scholarships.html
8ed6c973-e896-4dde-819e-064c422482e3,Maine State Grant Program Scholarship Guide,2026-05-01,https://bigfuture.collegeboard.org/scholarships/maine-state-grant-program
8ee38ce8-6e1d-4620-90f3-b7b23d7d79da,Michael G. Keller Memorial Scholarship,2026-04-11,https://bigfuture.collegeboard.org/scholarships/michael-g-keller-memorial-scholarship
8eeb6fe3-9063-40be-b92c-ce9aac2c6e03,The Art of Peace Endowed Scholarship,2026-05-01,https://www.nova.edu/sbin/report/scholarships/schlr-srch-params.cgi?category=Institutional&level=Graduate
8efba346-6e25-44c1-bfd4-64b8819225c5,Dr. Carolyn Robertson Scholarship,2026-04-15,https://bigfuture.collegeboard.org/scholarships/dr-carolyn-robertson-scholarship
8f07fec5-1262-4bbf-bca9-85762fa0af5b,"John E. Boyle, Jr. Memorial Scholarship",2026-04-22,https://bigfuture.collegeboard.org/scholarships/john-e-boyle-jr-memorial-scholarship
8f0b3b56-7eee-4caa-bde4-b7a97ef9a652,Carleton A. Friday Scholarship,2026-04-17,https://bigfuture.collegeboard.org/scholarships/carleton-a-friday-scholarship
8f232278-7743-4af1-914a-0d5d36ffc33b,Ruth A. Shultz Scholarship,2026-05-01,https://cea.org/cef
8f31408d-b463-421b-b3a6-9a3787715e35,PHF History Scholarship USA 2026 Apply,2026-05-02,https://www.scholarships.com/scholarships/phf-history-scholarship
8f3d4228-d237-4df0-8d54-f39367891d2f,"Thomas A. Brady, MD Comeback Scholarship",2026-04-15,https://bigfuture.collegeboard.org/scholarships/thomas-a-brady-md-comeback-scholarship
8f5727e4-1ad8-4ffe-ade6-5115c391243e,Charles E. Boyd Sr. Scholarship,2026-04-15,https://bigfuture.collegeboard.org/scholarships/charles-e-boyd-sr-scholarship
8f67a20e-8db7-4c62-bdb7-292a3772cb93,RF-SMART Family Scholarship,2026-04-15,https://bigfuture.collegeboard.org/scholarships/rf-smart-family-scholarship
8f840bcc-917d-44f2-8bda-3c2b4fee28e2,Arnold W. and and Janet L. Avery  Scholarship,2026-04-22,https://bigfuture.collegeboard.org/scholarships/arnold-w-and-and-janet-l-avery--scholarship
8f8e2cca-554c-414a-a1cc-a3edfb02e235,Reverend Addie L. Wyatt Junior College Scholarship,2026-04-30,https://bigfuture.collegeboard.org/scholarships/reverend-addie-l-wyatt-junior-college-scholarship
8f98fc6a-9ba1-448b-8d85-b9a643009d1e,Kentucky Nursing Incentive Scholarship Fund,2026-05-01,https://www.scholarships.com/scholarships/kentucky-nursing-incentive-scholarship-fund
8fa10120-95c4-425f-9304-7a0382fcdb73,Virgil C. and Vera B. Summer Scholars,2026-04-15,https://bigfuture.collegeboard.org/scholarships/virgil-c-and-vera-b-summer-scholars
8fbf3918-5d15-43f6-bd77-f6f5b176ca24,Dr. Sibyl Brownlee Scholarship,2026-04-15,https://bigfuture.collegeboard.org/scholarships/dr-sibyl-brownlee-scholarship
8fddb53c-f402-4251-aa4a-9b8b8785386d,Phil Grubermann Memorial Scholarship,2026-05-01,https://bigfuture.collegeboard.org/scholarships/phil-grubermann-memorial-scholarship
8fde312d-9f0c-408c-a508-bb7ba135014e,Joe and Agnete Yaver Memorial Scholarship,2026-04-15,https://bigfuture.collegeboard.org/scholarships/joe-and-agnete-yaver-memorial-scholarship
8fe76e88-188d-4eb2-8b20-d97723b26af2,Women of Impact Education Scholarship,2026-05-02,https://bold.org/scholarships/women-of-impact-education-scholarship
9016261f-0c6e-4bdf-9a1d-029ee804b2dd,David Birenbaum Scholarship,2026-04-21,https://www.aab.org/aab/Scholarship_Program.asp
901ba96a-4c74-49f3-bad7-1c59c76b3f44,J. Culver and Elizabeth Hill Scholarship,2026-04-15,https://texastechalumni.academicworks.com/
90396473-ba58-44f1-a2c8-c30d47e19a7d,Edward Jones Investment Endowed Scholarship,2026-05-01,https://www.fgc.edu/tuition-financial-aid/available-financial-aid/foundation-scholarships.html
903da792-7f66-46a1-aa78-da7afc9700d2,Mega Bank Scholarship,2026-04-20,https://bigfuture.collegeboard.org/scholarships/mega-bank-scholarship
9045baf2-9e5b-4980-b208-677e66798053,Michael Calkins Memorial Scholarship,2026-05-01,https://bigfuture.collegeboard.org/scholarships/michael-calkins-memorial-scholarship
90463baf-880d-4fd8-b5a4-6af3dc9062e5,Adult Career Scholars eligibility guide USA 2026 Scholarship,2026-05-01,https://bigfuture.collegeboard.org/scholarships/adult-career-scholars
90483be6-7027-4180-a5f2-3c63e5f7d097,The Charles Hammond Hanover Scholarship Program and The Charles Hammond Springfield Scholarship Program,2026-04-07,https://scholarship-america-production.saiapply.org/organization/profile/create?applyToClientReturnUrl=https%3A%2F%2Fsai-gilmar.saiapply.org%2Fprogram%2Fsai-bostonf%2Finfo%3FcycleId%3D1CYRK8zXBxMrdagtVp8aUK&clientOrganizationId=m0y3zw9o_-PVt6P497aFP7LN_sckPJ0ixnLN
9049020c-d38a-40ba-b0cf-6c88c647584b,Aurora Lions Club Scholarship,2026-05-04,https://bigfuture.collegeboard.org/scholarships/aurora-lions-club-scholarship
9049b98e-6574-4edd-863e-06f9b810e6c3,Rittmanic-Bailey Scholarship deadline 2026 USA,2026-05-01,https://bigfuture.collegeboard.org/scholarships/rittmanic-bailey-scholarship
904b6487-84d2-4a39-825b-213812026719,Aronos William and Doris Morris Scholarship,2026-04-15,https://bigfuture.collegeboard.org/scholarships/aronos-william-and-doris-morris-scholarship
90606c5e-8727-485b-8827-75c24637ed6d,Lilann T. Buffett Gilbert Memorial Scholarship,2026-04-14,https://bigfuture.collegeboard.org/scholarships/lilann-t-buffett-gilbert-memorial-scholarship
907ab4d1-8686-4356-84f9-10cfe3dc6353,Gaines-Jones Scholarship,2026-04-20,https://www.gaines-jones.org/apply
90800650-3cdf-4ce6-aa82-59274693b42b,Builders League of South Jersey Scholarship Foundation,2026-04-24,https://www.scholarships.com/scholarships/builders-league-of-south-jersey-scholarship-foundation
908724b9-c0e6-4eba-ab20-0d7b99255706,HACEMOS Scholarship,2026-05-04,https://bigfuture.collegeboard.org/scholarships/hacemos-scholarship
9091f0f5-ad3e-42eb-bff9-56c642b5197b,"William ""Bill"" McKee Legacy Music Award",2026-04-30,https://bold.org/scholarships/william-bill-mckee-legacy-music-award
90b9effb-f984-43e7-93e9-fadb490ce941,"Jeffrey Grove, DO, LGBTQ+ Pride Scholarship Deadline 2026 USA",2026-04-30,https://bigfuture.collegeboard.org/scholarships/jeffrey-grove-do-lgbtq-pride-scholarship
90d16d90-898b-4b74-96a6-3b5d3dc36130,PMI Tulsa Chapter Scholarship USA 2026 Apply,2026-05-01,https://www.scholarships.com/scholarships/pmi-tulsa-chapter-scholarship
90e2d9c9-ecd9-4551-a3fa-e4ef20823bf1,Betty F. Oliver Memorial Scholarship,2026-04-15,https://bigfuture.collegeboard.org/scholarships/betty-f-oliver-memorial-scholarship
90fc4ed1-d2d3-4755-be02-0e20eaa48894,The Shawn Carter Scholarship,2026-04-30,https://shawncartersf.com/scholarship
910f59dc-4c62-4963-832f-0630b8e4e4e1,Daryl W. Bailey Memorial Scholarship,2026-05-01,https://www.fgc.edu/tuition-financial-aid/available-financial-aid/foundation-scholarships.html
913abc3d-7a85-4e33-a785-e136d62dde98,Pradeau Endowed Scholarship,2026-05-01,https://austincc.academicworks.com/opportunities/9890
9141b712-1115-4575-92cd-37f056c19e06,PAX Technology Scholarship,2026-04-15,https://bigfuture.collegeboard.org/scholarships/pax-technology-scholarship
9158eee3-b1a7-4f52-af7a-b3c4132f3432,Thomas M. and Eileen R. Culligan Award for Student Veterans,2026-04-30,https://fsu.academicworks.com/opportunities
919d69e8-b5e9-4204-8c81-374412c5e3df,Vallejo Soroptimist Scholarship,2026-04-15,https://bigfuture.collegeboard.org/scholarships/vallejo-soroptimist-scholarship
91ab3454-eefb-491f-b1bf-219470e8799f,Tina Schmoock Opportunity Scholarship,2026-04-12,https://bigfuture.collegeboard.org/scholarships/tina-schmoock-opportunity-scholarship
91ac1f24-c40e-4729-b185-308e223f7dcc,Kiyoko Tsuboi Taubkin Legacy Scholarship,2026-04-30,https://bigfuture.collegeboard.org/scholarships/kiyoko-tsuboi-taubkin-legacy-scholarship
91b22db8-9216-490a-9be0-2163e235e083,Rhode Island Latino Dollars Scholarship,2026-05-04,https://bigfuture.collegeboard.org/scholarships/rhode-island-latino-dollars-scholarship
91ba0d5f-b81f-4ded-88c7-cb773a7771e5,Boyd Vance Scholarship,2026-05-01,https://bigfuture.collegeboard.org/scholarships/boyd-vance-scholarship
91fcbc2b-27d1-45ec-9792-1e06287ed235,Spalding and Zirille Memorial Scholarship Guide,2026-05-01,https://cfsjc.org/students-and-families/scholarships/spalding-zirille-memorial-scholarship
9221681e-77ae-424b-9d20-fdbd3c90bd81,The Margaret M. Curran Endowed Scholarship for Business,2026-04-15,https://bigfuture.collegeboard.org/scholarships/the-margaret-m-curran-endowed-scholarship-for-business
9245178d-0bb5-4699-9e1f-b794e6715317,Worthington Scholarship,2026-04-15,https://bigfuture.collegeboard.org/scholarships/worthington-scholarship
9251c4cd-63fe-452f-b7ed-896df4e298a5,Dorothy Walker Dearon Scholarship,2026-04-30,https://bold.org/scholarships/dorothy-walker-dearon-scholarship
926fd24d-2588-4da7-abb0-dec625ba4105,Emma J. Price Scholarship,2026-04-15,https://bigfuture.collegeboard.org/scholarships/emma-j-price-scholarship
927c26be-692a-47f6-bde9-9207f64eac43,Marki Lemons Ryhal Education Advancement Scholarship,2026-04-24,https://www.scholarships.com/scholarships/marki-lemons-ryhal-education-advancement-scholarship
92c1a6d9-25b8-45da-a1aa-32685719f67a,Payton S. Osborn Memorial Scholarship,2026-04-14,https://bold.org/scholarships/payton-s-osborn-memorial-scholarship
92c89388-7b8d-438d-a3ff-8d9b9af6aafb,Dennis J. Smith Legacy Scholarship,2026-05-01,https://bigfuture.collegeboard.org/scholarships/dennis-j-smith-legacy-scholarship
92d4557f-cecc-4763-85e0-297e0841d116,Raymond and Carmella Azzarelli Memorial Nursing Scholarship,2026-05-01,https://foundation.kcc.edu/scholarships
92fa2c5c-786c-4061-be43-3da870ab8c0e,Samuel Lerner Scholarship,2026-05-01,https://www.fftc.org/scholarships
930ba7f6-fbde-4b13-bcbe-04f79f427454,Holly D. Haberle Memorial Endowed Scholarship,2026-05-04,https://bigfuture.collegeboard.org/scholarships/holly-d-haberle-memorial-endowed-scholarship
930e9870-aa2c-46a7-93c9-0920457c5d1c,Jason Pietsch Memorial Scholarship,2026-04-08,https://bigfuture.collegeboard.org/scholarships/jason-pietsch-memorial-scholarship
931374ad-41f7-4e3b-b016-3cbf782d7069,Esther and Lucie Harmon & Leta Sabin Trepal Scholarship,2026-04-22,https://bigfuture.collegeboard.org/scholarships/esther-and-lucie-harmon--leta-sabin-trepal-scholarship
932f3e36-ad8e-44d0-8531-209e098fa248,The Synchrony Scholarship,2026-04-15,https://bigfuture.collegeboard.org/scholarships/the-synchrony-scholarship
93391f97-ee09-43f1-b666-08562a67e8bb,Joseph and Ruby Schaff/Schaff Angus Ranch Scholarship,2026-05-01,https://www.angus.org/foundation/apply-for-scholarships/njaa-scholarships
934db4f9-f2e8-4148-959a-f936accaef1f,Virginia Mediation Network Andrew R. Pizzi Scholarship Link,2026-04-30,https://www.scholarships.com/scholarships/virginia-mediation-network-andrew-r-pizzi-scholarship-link
934e57a5-8998-4042-8afb-049015cb90cf,Wai'anae Hawaiian Civic Club Prince Jonah Kuhio Kalaniana'ole Scholarship,2026-04-17,https://bigfuture.collegeboard.org/scholarships/waianae-hawaiian-civic-club-prince-jonah-kuhio-kalanianaole-scholarship
936bd457-2ffa-4fef-91d4-f47bec79fe97,Judge Douglas Endowed Scholarship,2026-05-01,https://www.fgc.edu/tuition-financial-aid/available-financial-aid/foundation-scholarships.html
937b42ac-734c-4b15-bdd9-ab876ff7b567,Deaconess Foundation Nursing Scholarship Deadline 2026 USA,2026-04-15,https://bigfuture.collegeboard.org/scholarships/deaconess-foundation-nursing-scholarship
93a89254-b7cd-45e3-b7ca-1c6adbce6e23,Study.com Scholarship for Military Children,2026-05-01,https://bigfuture.collegeboard.org/scholarships/studycom-scholarship-for-military-children
93a89699-559f-40f1-97ea-21eb6fb6c3ca,Motherlode Interagency Training Officers Assoc. Bass Family Scholarship,2026-04-15,https://bigfuture.collegeboard.org/scholarships/motherlode-interagency-training-officers-assoc-bass-family-scholarship
93bd518f-33bc-4b40-82ca-d858a5963970,Akron Section SPE Scholarship,2026-04-17,https://bigfuture.collegeboard.org/scholarships/akron-section-spe-scholarship
93c21c3f-c8bc-4ad8-b2f1-ddac045095be,Orange County Centennial Scholarship Deadline 2026 USA,2026-05-01,https://bigfuture.collegeboard.org/scholarships/orange-county-centennial-scholarship
93d9749b-97d0-4898-959e-c316d940017d,Design-Build Institute of America (DBIA) & American Society of Highway Engineers (ASHE) Scholarship,2026-04-15,https://bigfuture.collegeboard.org/scholarships/design-build-institute-of-america-dbia--american-society-of-highway-engineers-ashe-scholarship
93fff468-4a29-4094-bd74-732334bd874b,Dr. Brooke Davis Memorial Pre-Veterinary Scholarship,2026-04-15,https://www.unf.edu/coas/scholarships/Dr-Brooke-Davis-Memorial-Pre-Veterinary-Scholarship.html
94014da3-0d4a-4c57-a65d-76ffd0f7ef8e,Sonora Elementary Memorial Scholarship,2026-04-15,https://bigfuture.collegeboard.org/scholarships/sonora-elementary-memorial-scholarship
9411f8ab-a6f3-4b2f-ac95-5b1df895c5ac,Mary Frances Mulcrone Endowed Scholarship in Interpreter Training,2026-05-04,https://bigfuture.collegeboard.org/scholarships/mary-frances-mulcrone-endowed-scholarship-in-interpreter-training
9418cc6c-ffb7-45ed-b856-91dd6c5a9858,Eunice M. Smith Scholarship,2026-05-01,https://www.ncnurses.org/foundation/scholarships
9429b36f-00f3-4315-b93b-0cc09be45a2d,Gerry Sikma Scholarship,2026-05-01,https://bigfuture.collegeboard.org/scholarships/gerry-sikma-scholarship
948008e8-966e-4e66-b00d-929a72e0b9da,"Weblinx, Inc. Scholarship",2026-05-04,https://bigfuture.collegeboard.org/scholarships/weblinx-inc-scholarship
948f7bc9-a255-4ac8-b60e-65c406568d2d,American Society of Highway Engineers (ASHE)  Scholarship,2026-04-15,https://bigfuture.collegeboard.org/scholarships/american-society-of-highway-engineers-ashe--scholarship
948fe1c1-f07f-4d57-99d7-a997cb197e6e,PMI Founders Scholarship,2026-05-01,https://bigfuture.collegeboard.org/scholarships/pmi-founders-scholarship
94a95342-2ee2-4b9e-862a-35c774935e22,Bill Waeltz Memorial Scholarship,2026-05-01,https://austincc.academicworks.com/opportunities/9907
94b5681c-ec52-41c5-bb5b-d63c183fb091,Association of Women Contractors Scholarship,2026-04-30,https://www.scholarships.com/scholarships/association-of-women-contractors-scholarship
94c744cc-8482-4cda-82b2-66d94321e59c,ROB Foundation Scholarship USA 2026 Apply,2026-04-30,https://www.scholarships.com/scholarships/rob-foundation-scholarship
94d325bf-cf28-4de2-8f88-a8d6804a8194,Blackwell – Walker Memorial Scholarship,2026-05-01,https://bigfuture.collegeboard.org/scholarships/blackwell--walker-memorial-scholarship
94d5756c-d920-4ece-992a-ccfc0ad8bd91,Jane Whinfrey Harris Scholarship,2026-05-04,https://bigfuture.collegeboard.org/scholarships/jane-whinfrey-harris-scholarship
95240489-0138-4d65-ad2d-1a7dc1719e45,Saint Patrick's Scholarship Fund Guide 2026,2026-05-01,https://www.scholarships.com/scholarships/saint-patricks-scholarship-fund
95422084-3655-4526-a7ea-c1cea6065cbc,Kristofer Robinson Scholarship,2026-05-01,https://www.cftexas.org/scholarships/apply-for-scholarships
9547110d-0fc4-4d64-8e8d-da1f45e50d34,Louisville AWAM Chapter A&P Scholarship,2026-04-30,https://www.awam.org/scholarships
95479c90-5115-41c5-b045-6d44b55fed9d,Mallory Smith Legacy Scholarship,2026-05-01,https://bigfuture.collegeboard.org/scholarships/mallory-smith-legacy-scholarship
95488919-a428-4263-8689-901153df8e9a,Lazzara Family Endowed Scholarship in Sculpture,2026-04-15,https://www.unf.edu/coas/scholarships/Lazzara-Family-Endowed-Scholarship-in-Sculpture.html
955ebd59-3f52-4ddd-bed8-b22485d910e6,Falio Leyba Scholarship,2026-04-15,https://bold.org/scholarships/falio-leyba-scholarship
956bb8dc-876a-4019-8266-e3b3abfd1caa,Dr. Vivian Pilant Scholarship for Dependents of Members,2026-04-29,https://www.schoolnutritionsc.com/Scholarships.aspx
95728c3b-cb18-4be9-adb1-359d684f1e0f,Elburn NAPA Automotive Program Scholarship,2026-05-04,https://bigfuture.collegeboard.org/scholarships/elburn-napa-automotive-program-scholarship
95802947-7aaf-4f46-b19d-10ff13662b74,"Knoxville, Tennessee Chapter Scholarship",2026-04-15,https://www.texastechalumni.org/s/1422/a22/interior.aspx?sid=1422&gid=1001&pgid=1384
95829a34-2a4c-4edf-8486-ce76010cbba3,Alan Fibish Memorial Endowed Scholarship,2026-04-15,https://bigfuture.collegeboard.org/scholarships/alan-fibish-memorial-endowed-scholarship
9582cf99-ea7c-42db-83f8-53ce1337bf85,SDTA Memorial Scholarship,2026-05-01,https://bigfuture.collegeboard.org/scholarships/sdta-memorial-scholarship
958ad1d3-3c55-4d6b-adf6-56f944324acb,Dynamic Edge Women in STEM Scholarship,2026-04-28,https://bold.org/scholarships/dynamic-edge-women-in-stem-scholarship
95bb967f-05a6-4940-8265-ae2cc7c6da58,Education Foundation of Gilchrist County High School Scholarship,2026-04-15,https://bigfuture.collegeboard.org/scholarships/education-foundation-of-gilchrist-county-high-school-scholarship
9611ca19-05c3-4969-96f1-02a07513922c,NAF Scholarship Program,2026-04-16,https://scholarship-america-production.saiapply.org/organization/profile/create?applyToClientReturnUrl=https%3A%2F%2Fsai-ntlacad.saiapply.org%2Fprogram%2Fsai-nafacademyscholarship%2Finfo%3FcycleId%3D1CXogYGs3P5xQwWfoY8Q8S&clientOrganizationId=VVwvEKaS9Bo7eXtj8xr_hiYIVLpcB7bHaPQy
9631a591-50c6-4d55-b437-566fee3756f4,SWIDA College Scholarship,2026-05-01,https://bigfuture.collegeboard.org/scholarships/swida-college-scholarship
96353ca3-16ba-46fc-a88c-b47debc89164,Houston Marathon Foundation Scholarship Guide,2026-04-26,https://www.scholarships.com/scholarships/houston-marathon-foundation-scholarship
96366844-8889-472e-abef-10143379e56c,Jeremieh C. Soroten Memorial Scholarship,2026-04-17,https://bold.org/scholarships/jeremieh-c-soroten-memorial-scholarship
96461ce7-cae0-4059-b26a-0a92ea1f262c,Dr. Pete Marinovich Memorial Scholarship,2026-04-15,https://bigfuture.collegeboard.org/scholarships/dr-pete-marinovich-memorial-scholarship
96730efb-9cdc-42da-b695-0d0d901e8195,Transfer Scholarship,2026-05-01,https://bigfuture.collegeboard.org/scholarships/transfer-scholarship
967ea5b5-5ef9-4ed1-a742-c4442bfffa8e,Virginia TSA Scholarship,2026-05-01,https://bigfuture.collegeboard.org/scholarships/virginia-tsa-scholarship
9686667d-f57c-4b71-ae00-45878a8a7b20,Dream On Scholarship,2026-04-06,https://bigfuture.collegeboard.org/scholarships/dream-on-scholarship
96a7a047-a7b4-4a2c-9836-251135a1faa0,Kankakee Kultivators Horticulture Scholarship,2026-05-01,https://bigfuture.collegeboard.org/scholarships/kankakee-kultivators-horticulture-scholarship
96acb57f-59ca-433a-8743-d3a188af6edc,Rotary Club of Playa Venice Sunrise Service Above Self Scholarship,2026-04-29,https://bigfuture.collegeboard.org/scholarships/rotary-club-of-playa-venice-sunrise-service-above-self-scholarship
96c85ea6-7836-4131-b340-aa3c61c0f82c,Douglas A. Patton Science Scholarship,2026-04-15,https://bigfuture.collegeboard.org/scholarships/douglas-a-patton-science-scholarship
96de7e99-2077-481a-95b4-e3298a19cd07,San Fernando Pacific Chapter AIAA Essay Scholarship Contest,2026-04-26,https://bigfuture.collegeboard.org/scholarships/san-fernando-pacific-chapter-aiaa-essay-scholarship-contest
97174fef-0d47-4952-89ad-98d9b114f87d,Michael Davis Memorial Scholarship,2026-05-01,https://www.fgc.edu/tuition-financial-aid/available-financial-aid/foundation-scholarships.html
9723d3d8-8755-429e-80c9-47794317157f,Jessica Mayhew Bristol Scholarship,2026-04-14,https://bristolcc.academicworks.com/
9755b11c-9fef-4cf6-a023-68599cc62e55,InnovateHER Engineering Scholarship,2026-04-21,https://bold.org/scholarships/innovateHER-engineering-scholarship
976e20fa-bda5-4012-9bf8-4a0234f80772,Baxter & Woodman Scholarship,2026-04-10,https://bigfuture.collegeboard.org/scholarships/baxter--woodman-scholarship
97786e94-07d2-4273-918f-5eb55312242e,Long Island Flower Growers Association-Bob Gunther Scholarship,2026-05-01,https://www.endowment.org/scholarships
977927f8-cf25-439d-92ad-27870a565550,Waubonsee Community College Automotive Technology Scholarship,2026-05-04,https://bigfuture.collegeboard.org/scholarships/waubonsee-community-college-automotive-technology-scholarship
978f4fb4-fdef-4d3c-97e5-06f1a3c94821,AISES Burlington Northern Santa Fe (BNSF) Foundation Scholarship,2026-04-30,https://bigfuture.collegeboard.org/scholarships/aises-burlington-northern-santa-fe-bnsf-foundation-scholarship
97b09bc2-4468-48af-8a84-565e3b598240,Athene Game Changer Scholarship Program,2026-04-07,https://scholarship-america-production.saiapply.org/organization/profile/create?applyToClientReturnUrl=https%3A%2F%2Fsai-athene.saiapply.org%2Fprogram%2Fsai-athenescholars%2Finfo%3FcycleId%3D1CVyWaHy1LUPiiQiLLzekR&clientOrganizationId=rsHzrbeEFN1oijUBuCvA7CmCplmq9sDCqu46
97bd6a45-c667-45e4-b977-882e1f266704,Horch Roofing Trade School Scholarship,2026-05-02,https://www.scholarships.com/scholarships/horch-roofing-trade-school-scholarship
97e13019-1b78-4c07-867f-7e888ded7573,Pennsylvania State Grant Program,2026-05-01,https://www.scholarships.com/scholarships/pennsylvania-state-grant-program
97e56d60-83ed-4cbe-90aa-bb53ba2b56c5,Dr. Karen C. Hutchison Scholarship,2026-05-01,https://bigfuture.collegeboard.org/scholarships/dr-karen-c-hutchison-scholarship
97eb62a0-f933-4241-a2e9-435a519aef6f,Cadets to Vets Future Leaders Scholarship,2026-04-11,https://bold.org/scholarships/cadets-to-vets-future-leaders-scholarship
97fb8753-857f-453d-8971-3f4fbf3826f8,Women in Leadership Scholarship of Brown and Caldwell,2026-05-01,https://bigfuture.collegeboard.org/scholarships/women-in-leadership-scholarship-of-brown-and-caldwell
97ff27ad-21d8-4339-ad39-45c7cc60ad23,Wisconsin amateur Hockey Association/ Wisconsin Hockey Hall of Fame Scholarship,2026-05-01,https://bigfuture.collegeboard.org/scholarships/wisconsin-amateur-hockey-association-wisconsin-hockey-hall-of-fame-scholarship
982a7915-ba0f-4638-a636-909aee6d5d5e,Pete Davis Memorial Scholarship,2026-04-15,https://texastechalumni.academicworks.com/
98316e2e-e16d-480f-a4d0-d2730dc536bb,Roy Nelson Memorial Scholarship in Engineering,2026-04-19,https://bold.org/scholarships/roy-nelson-memorial-scholarship-in-engineering
984963d4-d42f-4398-bbe5-ce40f71e3762,Allen Schwinkendorf Memorial Scholarship,2026-04-18,https://bold.org/scholarships/allen-schwinkendorf-memorial-scholarship
9864822c-3f39-4204-86b5-c5a9a87bc2cc,J. Jay Hostetler Scholarship,2026-04-29,https://bigfuture.collegeboard.org/scholarships/j-jay-hostetler-scholarship
987a31bc-36c0-4417-bf90-5bee8a251c71,KVPD Community Scholarship,2026-05-01,https://bigfuture.collegeboard.org/scholarships/kvpd-community-scholarship
988955d3-2a30-412f-946c-e6d94f26ff69,Rush-Copley President's Scholarship,2026-05-04,https://bigfuture.collegeboard.org/scholarships/rush-copley-presidents-scholarship
9889e37f-a2a8-4fa6-aa33-b59c6a6fb1fe,PAVE Student Aid  Scholarship,2026-04-23,https://bigfuture.collegeboard.org/scholarships/pave-student-aid--scholarship
988a2c86-4650-446b-8244-9a29a48bb76b,Cornelius and Mary Jane York Scholarship,2026-04-22,https://bigfuture.collegeboard.org/scholarships/cornelius-and-mary-jane-york-scholarship
988ac781-c3fc-4a2e-aa5b-8b82cf8138ae,Charles E. Carver Memorial Endowed Scholarship,2026-05-01,https://www.fgc.edu/tuition-financial-aid/available-financial-aid/foundation-scholarships.html
98e815ea-a2fb-44e8-976a-4a76bbc2131b,Izaak Walton League of America Minnesota Division Scholarship,2026-05-01,https://bigfuture.collegeboard.org/scholarships/izaak-walton-league-of-america-minnesota-division-scholarship
98ec998e-0338-4026-adbe-f7be723e9086,The Haskell Company Endowed Scholarship,2026-04-15,https://bigfuture.collegeboard.org/scholarships/the-haskell-company-endowed-scholarship
98f37a9d-bd58-49d3-ab2d-cb8777a49ec6,Florida Gateway College Firefighter Scholarship,2026-05-01,https://www.fgc.edu/tuition-financial-aid/available-financial-aid/foundation-scholarships.html
9910b0ee-a535-4cde-9e78-68259649e2c5,Heartland Bank Community Enhancement Award Scholarship,2026-05-04,https://bigfuture.collegeboard.org/scholarships/heartland-bank-community-enhancement-award-scholarship
993be4f7-15ad-429e-b94c-d9acc00bc1a6,William C. Johnson Distinguished Scholarship,2026-04-10,https://bigfuture.collegeboard.org/scholarships/william-c-johnson-distinguished-scholarship
995532f0-2a99-486f-9ac8-0cbd482bf52c,Charles Perry Partners Construction Scholarship,2026-04-15,https://bigfuture.collegeboard.org/scholarships/charles-perry-partners-construction-scholarship
996a3e92-f350-4a94-bb13-f92679444d57,SSAC Student Scholarship,2026-04-10,https://bigfuture.collegeboard.org/scholarships/ssac-student-scholarship
9988a271-04da-42a0-94cc-d8eee7228f27,Lavenna R. Moppins Gray Community Service Scholarship,2026-04-05,https://bigfuture.collegeboard.org/scholarships/lavenna-r-moppins-gray-community-service-scholarship
99aa4151-885a-4e34-8c75-dd5f8518c418,Southeast Texas/Beaumont Chapter Scholarship,2026-04-15,https://www.texastechalumni.org/s/1422/a22/interior.aspx?sid=1422&gid=1001&pgid=1384
99d6b0a1-680f-4397-9486-3bc97ee5bf43,National Flute Association First Generation in College Flute Scholarship,2026-05-01,https://bigfuture.collegeboard.org/scholarships/national-flute-association-first-generation-in-college-flute-scholarship
99e059e9-bc78-4441-a834-6394eda16d2c,A. Phillip Randolph Memorial Scholarship,2026-04-30,https://bigfuture.collegeboard.org/scholarships/a-phillip-randolph-memorial-scholarship
99ec860f-32c4-4310-be74-dd5d5a2a9680,Girl Scouts of Historic Georgia Gold Award Scholarship,2026-04-15,https://bigfuture.collegeboard.org/scholarships/girl-scouts-of-historic-georgia-gold-award-scholarship
9a0b4cb2-7d1d-4016-92e7-bb02e5a239cd,Liz Slobodian Public Relations Scholarship,2026-04-15,https://www.unf.edu/coas/scholarships/Liz-Slobodian-Public-Relations-Scholarship.html
9a1a0fc0-b0c2-4d8c-b21f-bf27bdb6139a,LMJ Scholarship,2026-04-24,https://bigfuture.collegeboard.org/scholarships/lmj-scholarship
9a1ee425-972e-4e7d-8132-f6a576446aab,James L. Hudgins Scholarship,2026-04-15,https://bigfuture.collegeboard.org/scholarships/james-l-hudgins-scholarship
9a475b28-e693-4283-a4a5-525900da12e2,Gigi and Louise Gartner Scholarship Deadline 2026 USA,2026-05-01,https://bigfuture.collegeboard.org/scholarships/gigi-and-louise-gartner-scholarship
9a4e8895-434b-40f6-a139-ac1da1090474,H.E. and Karla Bost Endowed Scholarship,2026-05-01,https://austincc.academicworks.com/opportunities/9750
9a594959-217e-477c-ba5b-71a55e11fdb5,Drs. Chuck & Robin Hall BSN Scholarship,2026-05-01,https://www.fgc.edu/tuition-financial-aid/available-financial-aid/foundation-scholarships.html
9a5f2dc3-0985-4f60-8ffa-68044e082859,Captain James Ahn Scholarship,2026-05-01,https://bigfuture.collegeboard.org/scholarships/captain-james-ahn-scholarship
9a67eb3f-0947-4f65-a420-8c1a01ee6d5f,Virginia Sheriff's Institute Scholarship,2026-05-01,https://vasheriffsinstitute.org/programs/scholarship/scholarship-policies
9a79cae2-e529-4d76-8497-5f334f7f42de,7X24 Exchange Rocky Mountain Chapter Scholarship,2026-04-24,https://www.scholarships.com/scholarships/7x24-exchange-rocky-mountain-chapter-scholarship
9a860035-fca2-4e8c-ae04-4548ad51fac2,AMAA Scholarship,2026-05-01,https://amaa.org/scholarshipprograms
9a920c36-80ca-401c-860c-4a799bf39dc5,IES Philadelphia Scholarship,2026-04-29,https://bigfuture.collegeboard.org/scholarships/ies-philadelphia-scholarship
9a9ced2c-e8bf-44fe-b704-3be49449044d,O'Neill Tabani Enrichment Scholarship,2026-04-15,https://bigfuture.collegeboard.org/scholarships/oneill-tabani-enrichment-scholarship
9a9e5163-8ea2-4d08-8d42-0083ba0fc207,Constantine and Jamie Kleronomos Endowed Scholarship,2026-05-04,https://bigfuture.collegeboard.org/scholarships/constantine-and-jamie-kleronomos-endowed-scholarship
9aab5032-7633-45c0-b0af-499c2560c447,Ukulele Festival Hawaii College Scholarship,2026-04-30,https://bigfuture.collegeboard.org/scholarships/ukulele-festival-hawaii-college-scholarship
9ac38948-2974-477f-bee9-79d2b09a32e6,Allegra Ford Thomas Scholarship,2026-04-17,https://bigfuture.collegeboard.org/scholarships/allegra-ford-thomas-scholarship
9aecc8f8-ef17-40f9-b607-1d668c2ef036,Missouri Scholarship & Loan Foundation's Access Extra Scholarship,2026-04-15,https://bigfuture.collegeboard.org/scholarships/missouri-scholarship--loan-foundations-access-extra-scholarship
9b128aa5-d340-42ea-b4ee-7d5bb4743fe2,ConvenientMD Student Scholarships,2026-04-30,https://www.scholarships.com/scholarships/convenientmd-student-scholarships
9b17f339-1490-4045-aa79-db6c2707432c,Earl and Mary Purdy Memorial Scholarship,2026-04-15,https://bigfuture.collegeboard.org/scholarships/earl-and-mary-purdy-memorial-scholarship
9b21c02f-b1f8-4a6b-903a-8ac02a6d1254,The Elizabeth and Stephen Wark Scholarship,2026-04-15,https://bigfuture.collegeboard.org/scholarships/the-elizabeth-and-stephen-wark-scholarship
9b4396ab-eaa3-428a-9ee6-c099401b942e,Elaine Chapin Fund Scholarship,2026-04-30,https://bigfuture.collegeboard.org/scholarships/elaine-chapin-fund-scholarship
9b5c1d6b-c551-411b-b06f-0e9c2d06d7f2,DTASC Scholarship,2026-05-01,http://cetoweb.org/dtasc/scholarship-form
9b99c46a-7b99-46bd-bd81-eeffe4313b9e,AAUW/LPD Local Scholarship,2026-05-01,https://bigfuture.collegeboard.org/scholarships/aauwlpd-local-scholarship
9bb63060-8626-4876-8bea-965f90abeae9,United States Geospatial Intelligence Foundation Scholarship,2026-05-01,https://usgif.org/usgif-scholarship-program
9bb70ee1-9509-4596-ac0c-7cf41a98ea30,"Ed ""Bootstraps"" Wheeler Endowed Scholarship",2026-05-01,https://www.fgc.edu/tuition-financial-aid/available-financial-aid/foundation-scholarships.html
9bc30770-092a-43c9-994c-e0b6a112be32,Class of 1954 Endowed Scholarship,2026-04-15,https://bigfuture.collegeboard.org/scholarships/class-of-1954-endowed-scholarship
9bd1aa43-e48e-4192-b1ee-5de7c5b3b203,Living Breath Foundation Scholarship,2026-05-01,https://bigfuture.collegeboard.org/scholarships/living-breath-foundation-scholarship
9bf4ce28-61a5-4727-9a12-f3bfca09c84a,Junior College/Trade School Scholarship,2026-05-04,https://bigfuture.collegeboard.org/scholarships/junior-collegetrade-school-scholarship
9bf91161-10a3-41d3-8a6e-0cc487249ba8,Computer Studies Endowed Scholarship,2026-05-01,https://austincc.academicworks.com/opportunities/10219
9bfc374d-f996-424a-b29f-8ecd97f6ab32,Mary King Sharpe Scholarship,2026-04-22,https://bigfuture.collegeboard.org/scholarships/mary-king-sharpe-scholarship
9c0b4777-06f7-4829-a941-d86c65bcddd4,CIF Spirit of Sport Scholarship,2026-05-01,https://bigfuture.collegeboard.org/scholarships/cif-spirit-of-sport-scholarship
9c1598b6-d61b-4d66-886b-d3f5b842da3f,CSJR Postgraduate Student Bursary,2026-05-02,https://www.mastersportal.com/scholarships/9382/csjr-postgraduate-student-bursary.html
9c4b6305-62fc-4f37-ba59-fbb888f17ab9,Green Bay Packers Pro Shop Employee Scholarship,2026-04-08,https://bigfuture.collegeboard.org/scholarships/green-bay-packers-pro-shop-employee-scholarship
9c61be9d-b232-46d2-8538-09062cc8bd25,Bank of the Sierra Scholarship,2026-04-20,https://bigfuture.collegeboard.org/scholarships/bank-of-the-sierra-scholarship
9c69f588-2848-490c-8e33-bf379a78873a,HACEMOS Scholarship,2026-05-04,https://app.scholarships360.org/?status=student
9c7506e8-22c3-491e-b059-ebb42fb50913,Western Region Certified Crop Advisers Scholarship,2026-05-01,https://bigfuture.collegeboard.org/scholarships/western-region-certified-crop-advisers-scholarship
9c7b4a36-0121-467f-9313-e00aa5403057,Cleveland Dodge Scholarship,2026-05-01,https://bigfuture.collegeboard.org/scholarships/cleveland-dodge-scholarship
9c816a6c-83e0-4d02-be1c-96bb0e725105,Class of 1958 Scholarship,2026-04-15,https://bigfuture.collegeboard.org/scholarships/class-of-1958-scholarship
9c88407f-5b5b-41b4-9b1f-f4daaecc371f,The Helen G. Shaughnessy Endowed Scholarship,2026-04-15,https://bigfuture.collegeboard.org/scholarships/the-helen-g-shaughnessy-endowed-scholarship
9c995a96-6f9e-4b87-8986-69b4bdc87acf,Sean Duzant Scholarship,2026-04-22,https://bigfuture.collegeboard.org/scholarships/sean-duzant-scholarship
9c9d177e-0802-4619-8c7e-f9f100f0e6a0,Catalyst Creators: Scholarship for Children's Picture Book Manuscripts Featuring Underrepresented Voices,2026-04-13,https://bold.org/scholarships/catalyst-creators-scholarship-for-childrens-picture-book-manuscripts
9cad7a32-865d-45fa-930c-5fbbe82be403,College or Technical/Trade School Scholarship,2026-05-01,https://www.foldedflagfoundation.org/how-to-apply
9cc1c554-6f52-408a-939c-63468e612769,Harold D. Drummond Scholarship in Elementary Education,2026-04-29,https://bigfuture.collegeboard.org/scholarships/harold-d-drummond-scholarship-in-elementary-education
9ccb5a36-f168-44fe-9c9b-756b2c59e80e,Paul B. Vann Memorial Nursing Scholarship,2026-04-15,https://bigfuture.collegeboard.org/scholarships/paul-b-vann-memorial-nursing-scholarship
9ccf1cf8-d2a1-436a-abe3-081635ebb672,William Emberton Scholarship,2026-04-22,https://bigfuture.collegeboard.org/scholarships/william-emberton-scholarship
9cd3f3a0-d6c9-43a7-9ae7-b580e8a3a04b,Jerry Jaffe Memorial Scholarship,2026-05-01,https://bigfuture.collegeboard.org/scholarships/jerry-jaffe-memorial-scholarship
9cfda61a-8e01-4001-af3b-9a0b49966751,Emma Brigham Endowed Scholarship,2026-05-04,https://bigfuture.collegeboard.org/scholarships/emma-brigham-endowed-scholarship
9d1ef75f-44f3-40ab-b89b-ab1b8bc18473,Coca-Cola Foundation HBCU Scholarship Deadline 2026 USA,2026-04-24,https://bigfuture.collegeboard.org/scholarships/coca-cola-foundation-first-generation-hbcu-scholarship
9d5002eb-d531-4626-b290-feee9762b18f,"Ennis, Pellum & Associates Scholarship",2026-04-15,https://www.unf.edu/coggin/scholarships/catalog.html
9d5db8a8-7cb3-4008-b507-775ffb689631,SLL Scholarship,2026-04-27,https://bold.org/scholarships/SLL-scholarship
9d63721d-8085-4871-8cbc-fcb18781b38c,The Charlotte and Ben Klein Endowed Scholarship for the Performing Arts,2026-04-15,https://bigfuture.collegeboard.org/scholarships/the-charlotte-and-ben-klein-endowed-scholarship-for-the-performing-arts
9d6755b3-6932-4bf1-b4c4-625fffa2f657,Dr. Isadore Hendel Scholarship,2026-04-22,https://bigfuture.collegeboard.org/scholarships/dr-isadore-hendel-scholarship
9d6c09c3-b1ed-4a7f-b405-a2b8feee5616,Drs. Robin & Chuck Hall Women's Leadership Scholarship,2026-05-01,https://www.fgc.edu/tuition-financial-aid/available-financial-aid/foundation-scholarships.html
9d7503b9-f65e-4d75-901d-07dd8b025c4a,Robert D. Weitz Student Psychology Award,2026-04-20,https://www.nova.edu/sbin/report/scholarships/schlr-srch-params.cgi?category=Institutional&level=Graduate
9d78945b-a9fc-4d79-9ed2-2540ba863472,Minnesota Farmers Union Scholarship,2026-04-15,https://bigfuture.collegeboard.org/scholarships/minnesota-farmers-union-scholarship
9d886b5a-20ae-4f52-b630-147f8b004b12,Alumni Family Scholarship,2026-04-12,https://bigfuture.collegeboard.org/scholarships/alumni-family-scholarship
9d9ac271-512e-4835-9dc9-9fb37821a009,Dr. June Jacoby Memorial Scholarship,2026-04-15,https://bigfuture.collegeboard.org/scholarships/dr-june-jacoby-memorial-scholarship
9da4d8bf-f495-44dc-b112-0c3da9f5673d,Visual Arts Faculty Award,2026-04-14,https://bigfuture.collegeboard.org/scholarships/visual-arts-faculty-award
9da5c487-7b49-4856-ad5f-a213619bc2d3,The John and Loretta (White) Jensen Endowed Scholarship,2026-04-15,https://bigfuture.collegeboard.org/scholarships/the-john-and-loretta-white-jensen-endowed-scholarship
9daf0775-1229-46a0-861a-135c8107a2c5,The Rochelle & Ivan Meyer Scholarship for Cultural Diversity,2026-05-01,https://bigfuture.collegeboard.org/scholarships/the-rochelle--ivan-meyer-scholarship-for-cultural-diversity
9dc9390e-7146-443c-8d4d-196b3041179b,Millbury Federal Credit Union Scholarship,2026-04-15,https://bigfuture.collegeboard.org/scholarships/millbury-federal-credit-union-scholarship
9deaf2e0-93f2-4674-a435-5de536b72c11,Minority/BIPOC Students in STEM Scholarship,2026-04-25,https://bold.org/scholarships/minority-bipoc-students-in-stem-scholarship
9df7e7d4-8359-4aa5-bb9c-cb831ceab884,Texas Pioneer Foundation Endowed Scholarship,2026-05-01,https://austincc.academicworks.com/opportunities/10004
9dfb0e91-c188-4797-beb0-f9d80eae59ba,ScholarshipOwl No-Essay Scholarship,2026-04-30,https://bold.org/scholarships/scholarshipowl-no-essay-scholarship
9e7ea857-7bb6-400b-898b-68abd654e1cc,Iona Mae Reynolds Memorial Scholarship,2026-04-15,https://umass.academicworks.com/opportunities
9ea1c0e5-7835-4e00-b6b7-dc668f4917f8,LGR Foundation Scholarship,2026-05-01,https://bigfuture.collegeboard.org/scholarships/lgr-foundation-scholarship
9eb30f80-64eb-4b20-a488-24ddf783a567,Cornerstone Young Women's Learning Center Endowed Scholarship,2026-05-04,https://bigfuture.collegeboard.org/scholarships/cornerstone-young-womens-learning-center-endowed-scholarship
9eb3e649-c2ab-4ec8-9db0-a4f9c55bcf9d,Cavalier Scholarship for Academic Excellence,2026-05-01,https://bigfuture.collegeboard.org/scholarships/cavalier-scholarship-for-academic-excellence
9eecfe16-4c7b-4cd9-bab3-709ad7a92756,elAVate Scholarship,2026-05-01,https://bigfuture.collegeboard.org/scholarships/elavate-scholarship
9efd5470-e8a8-4c2f-8c56-21519d958986,New York School Transportation Education Scholarship,2026-05-01,https://www.nyapt.org/Awards
9f01ffaf-6bbc-4be2-9f4b-06f1f21b71c4,Dotty Lagesse Scholarship,2026-05-01,https://bigfuture.collegeboard.org/scholarships/dotty-lagesse-scholarship
9f27a5b5-32b4-4756-98cb-d5cefcd1e0b3,Birgit Hanssen First-In-Family Endowed Scholarship,2026-04-15,https://www.clackamas.edu/admissions-financial-aid/financial-aid-scholarships/scholarships
9f52e5ee-55d7-41f0-8cde-7d615921be36,Representative Wayne Hollingsworth Memorial Scholarship,2026-05-01,https://www.fgc.edu/tuition-financial-aid/available-financial-aid/foundation-scholarships.html
9f73606c-fd62-4ac6-9111-31e35c17276a,Rita Walker Memorial Scholarship,2026-05-01,https://www.fgc.edu/tuition-financial-aid/available-financial-aid/foundation-scholarships.html
9f7377e6-2ebf-452b-88c3-571f36901a9b,William Morehouse Scholarship,2026-04-15,https://bigfuture.collegeboard.org/scholarships/william-morehouse-scholarship
9f8a2ee9-b09e-4f89-bfd9-ca8998e14079,The Geraldine Condon Memorial Scholarship,2026-04-15,https://bigfuture.collegeboard.org/scholarships/the-geraldine-condon-memorial-scholarship
9f8dca20-d67b-42c8-b95e-715974ff8f46,ANTHC Scholarship eligibility and deadline 2026 USA,2026-05-01,https://bigfuture.collegeboard.org/scholarships/anthc-scholarship
9f92be95-561a-4104-8e1b-851193ae3f2c,Idaho Golf Course Superintendents Association Legacy Scholarship,2026-04-17,https://www.idahogcsa.org/scholarship-opportunities
9f948b4e-2e83-4489-a8da-05d9cb0ce9a1,Ward-Fuller Scholarship,2026-05-01,https://austincc.academicworks.com/opportunities/9757
9f98e8d4-cdf2-44a0-8d0e-d5fbf5462c29,Venita Thomas Scholarship,2026-05-01,https://bigfuture.collegeboard.org/scholarships/venita-thomas-scholarship
9fd0341f-65d7-482b-a929-1f27d812b9f3,General Scholarship - MTC Presidential Merit Scholarship,2026-04-15,https://bigfuture.collegeboard.org/scholarships/general-scholarship---mtc-presidential-merit-scholarship
9fd54671-c508-428b-b56a-61e17997eb08,"Henry, Rose and Lillian Prebble Scholarship",2026-04-06,https://bigfuture.collegeboard.org/scholarships/henry-rose-and-lillian-prebble-scholarship
9fd6ce22-1ab0-4bda-842f-4fb5e3458386,Rho Mu Omega Chapter General Scholarship,2026-04-13,https://bigfuture.collegeboard.org/scholarships/rho-mu-omega-chapter-general-scholarship
9fd80ba1-fa3c-4ff5-904f-898d59af50fa,Alphonso Levy Scholarship,2026-05-01,https://www.fgc.edu/tuition-financial-aid/available-financial-aid/foundation-scholarships.html
9fdc22f5-9bdd-471d-9ddb-45c29de24eb9,Ashland Hercules Water Technologies Sciences Scholarship - Physics,2026-04-15,https://www.unf.edu/coas/scholarships/ashland-hercules-water-technologies-physics.html
a005a361-94d6-42e1-a274-cac92cc0d05e,Charles Anderson Scholarship,2026-04-15,https://bigfuture.collegeboard.org/scholarships/charles-anderson-scholarship
a00bc9d1-990f-46e5-8654-8b27d0b7fc72,Charlie and Minta Clyde Career and Technical Education Scholarship,2026-04-15,https://bigfuture.collegeboard.org/scholarships/charlie-and-minta-clyde-career-and-technical-education-scholarship
a025ea69-d460-4aa7-8433-a6a6f8517e7f,The Dr. Elaine G. Tateronis Scholarship,2026-04-15,https://bigfuture.collegeboard.org/scholarships/the-dr-elaine-g-tateronis-scholarship
a0280184-c6bd-46d3-9b63-f04639c8fac9,Kyla Jo Burridge Memorial Scholarship for Brain Cancer Awareness and Support,2026-04-30,https://bold.org/scholarships/kyla-jo-burridge-memorial-scholarship-for-brain-cancer-awareness-and-support
a02dfe1f-b37d-44eb-9ca8-dc09fbb5aee5,Sares and Sons Endowed Scholarship/Fellowship,2026-04-15,https://www.unf.edu/udae/awards/endowments.html
a0410e45-abf1-4238-afd3-ca6141abac1f,Bill Gerber Memorial Scholarship,2026-04-15,https://bigfuture.collegeboard.org/scholarships/bill-gerber-memorial-scholarship
a0458332-7f58-4430-a008-0004afb6d404,Padua International Excellence Scholarship Programme,2026-05-02,https://www.scholars4dev.com/23000/padova-international-excellence-scholarship-programme
a0555741-5450-4314-903b-ad51e6982d45,"WIM Denver ""Leadership Lab"" Professional Development Scholarship",2026-04-19,https://bigfuture.collegeboard.org/scholarships/wim-denver-leadership-lab-professional-development-scholarship
a06065bb-8e6c-489e-ae18-afe80e7ceac5,Henry P. Kologe Memorial Scholarship,2026-04-15,https://bigfuture.collegeboard.org/scholarships/henry-p-kologe-memorial-scholarship
a0687e48-2888-4801-9346-75bffd184243,Allan Saxe Endowed Scholarship,2026-04-15,https://bigfuture.collegeboard.org/scholarships/allan-saxe-endowed-scholarship
a0735b0d-52ab-4cef-b783-94a3c56a2e62,"State Farm of Lake City - John W. Burns, lll Scholarship (SF Foundation MG)",2026-05-01,https://www.fgc.edu/tuition-financial-aid/available-financial-aid/foundation-scholarships.html
a091ef44-5c8c-4c7d-b914-ff08e2c5f40c,Robert Worth Family Horticulture Scholarship,2026-05-01,https://bigfuture.collegeboard.org/scholarships/robert-worth-family-horticulture-scholarship
a0a484c2-e9b8-4dd5-9530-502cf82dcdb2,SWR Foundation Student Scholarship,2026-04-30,https://bigfuture.collegeboard.org/scholarships/swr-foundation-student-scholarship
a0b7f734-2446-462c-bf66-1e61951ae7ef,"R.W. ""Bob"" Holden Scholarship",2026-04-29,https://bigfuture.collegeboard.org/scholarships/rw-bob-holden-scholarship
a0cd7d4e-f1da-44bd-8a06-9d3c4dea63b9,Tony Yount Memorial Scholarship,2026-04-12,https://bigfuture.collegeboard.org/scholarships/tony-yount-memorial-scholarship
a0f6f37b-c410-48bf-8be1-ec4b2e8ee044,The Aileen D. Kelly Memorial Scholarship,2026-04-15,https://bigfuture.collegeboard.org/scholarships/the-aileen-d-kelly-memorial-scholarship
a12071da-2981-43df-9a5e-090583050c04,Betty Gray Early Childhood Scholarship,2026-04-15,https://www.clackamas.edu/admissions-financial-aid/financial-aid-scholarships/scholarships
a13f5d10-f2d0-472f-a47c-cb088d5eac7e,Lake City Medical Center Endowed Scholarship,2026-05-01,https://www.fgc.edu/tuition-financial-aid/available-financial-aid/foundation-scholarships.html
a160628a-8535-4bfd-a7c6-f74f928de127,England-Thims & Miller Scholarship,2026-04-15,https://bigfuture.collegeboard.org/scholarships/england-thims--miller-scholarship
a175fd50-2173-4b5a-9a0c-e13d3e531bf9,FCRV Scholarship,2026-04-15,https://bigfuture.collegeboard.org/scholarships/fcrv-scholarship
a18c3521-d6a4-4fe5-b1f1-03336e242410,Texas Health Resources Paramedic Student Scholarship,2026-04-15,https://tccd.academicworks.com/opportunities/4789
a194e1e5-eb9d-4704-b744-41055f634847,Action for Excellence Scholarship,2026-05-01,https://www.fgc.edu/tuition-financial-aid/available-financial-aid/foundation-scholarships.html
a1a6144e-60d1-4d25-b7e2-bbb1df34a685,Ryan T. Herich Memorial Scholarship,2026-05-01,https://bold.org/scholarships/ryan-t-herich-memorial-scholarship
a1c0928a-a693-4d7e-9c16-406ba5af9e7e,Marion Persons Memorial Scholarship,2026-05-01,https://www.fgc.edu/tuition-financial-aid/available-financial-aid/foundation-scholarships.html
a1f3a8d7-5321-4afb-aedc-f745f80ff2a9,Drs. Chuck & Robin Hall Leadership Scholarship,2026-05-01,https://www.fgc.edu/tuition-financial-aid/available-financial-aid/foundation-scholarships.html
a2442f21-8b8d-4189-9f25-c1459ffcae48,Bay Area Chapter Women of AT&T Scholarship,2026-05-01,https://bigfuture.collegeboard.org/scholarships/bay-area-chapter-women-of-att-scholarship
a244eb1f-4e84-453a-aba8-82aa21e5fdf5,Steven R. Smith Memorial Scholarship,2026-04-30,https://www.scholarships.com/scholarships/steven-r-smith-memorial-scholarship
a2579dfb-52f4-47f9-b15a-b963b24b479d,R.L. Paschal High School Class of 1956 Scholarship,2026-04-15,https://tccd.academicworks.com/opportunities/4943
a259fa89-7372-434b-a7e4-13268e0c1af3,Golden Gate Marin Artists Art Scholarship,2026-04-17,https://bigfuture.collegeboard.org/scholarships/golden-gate-marin-artists-art-scholarship
a26299b3-1e9e-4596-b541-a7fd48d20799,Alan R. Epstein 'Reach for the Stars' Scholarship,2026-04-24,https://bigfuture.collegeboard.org/scholarships/alan-r-epstein-reach-for-the-stars-scholarship
a276a6c1-c8bc-40b8-8b17-0669226fb8a0,Ali Safai Memorial Scholarship,2026-04-30,https://bold.org/scholarships/ali-safai-memorial-scholarship
a281ab3e-67fd-4725-be53-a121b535468f,SVEC Achievement Scholarship,2026-04-30,https://www.scholarships.com/scholarships/svec-achievement-scholarship
a28c1a67-a749-488d-abf4-5c4baaad120f,AAUW Re-Entry Women Scholarship,2026-05-01,https://www.scholarships.com/scholarships/aauw-re-entry-women-scholarship
a2a38d2f-16d1-4830-842f-89cc38107b88,Gene Jenkins Memorial Scholarship,2026-05-01,https://www.fgc.edu/tuition-financial-aid/available-financial-aid/foundation-scholarships.html
a2a5ad3d-77d8-4f0c-a8a8-13b97688aac4,Sklar ICA Scholarship,2026-04-15,https://www.icatexas.com/forms-links
a2a7cf14-a8d2-48c3-9143-436cf873a5f0,LC Music Scholarships USA 2026 Apply,2026-05-04,https://www.scholarships.com/scholarships/lc-music-scholarships
a2b511ab-ef13-4200-9e4f-8348500f5b67,Kevin W. Brown Memorial Scholarship Guide,2026-04-22,https://bigfuture.collegeboard.org/scholarships/kevin-w-brown-memorial-scholarship
a2e0ad4d-63b3-46e4-ab74-3fcd9453a985,Northwest Danish Association Scholarship,2026-05-01,https://www.northwestdanish.org/scholarships
a2e801f5-2068-4820-9b6b-cb3f15b6c226,Rhythm Dance Company Scholarship,2026-04-15,https://bigfuture.collegeboard.org/scholarships/rhythm-dance-company-scholarship
a30caffc-7e63-4a11-9fbf-a9f7088864b3,Lieba’s Legacy Scholarship,2026-04-25,https://bold.org/scholarships/liebas-legacy-scholarship
a321e838-9d2d-4b6c-af60-d9f12741189b,CollegeXpress Spring into Cash Scholarship,2026-04-30,https://www.scholarships.com/scholarships/collegexpress-spring-into-cash-scholarship
a3296f2b-b1f1-41d8-9284-826ee39ec0e5,Delphine Rutkowski Memorial Scholarship,2026-04-22,https://bigfuture.collegeboard.org/scholarships/delphine-rutkowski-memorial-scholarship
a34d7678-67b2-4891-a205-bfab5d42e91f,Fire Auxiliary Scholarship Program,2026-05-04,https://www.scholarships.com/scholarships/fire-auxiliary-scholarship-program
a35640aa-eeb1-4db6-bf58-4eaa031c9de1,James B. McKillip Scholarship for Physical Therapy,2026-04-30,https://bold.org/scholarships/james-b-mckillip-scholarship-for-physical-therapy
a35a53d0-cc16-4557-9f86-a0aaa15101ac,Michael D. Harding Memorial Scholarship,2026-04-15,https://bigfuture.collegeboard.org/scholarships/michael-d-harding-memorial-scholarship
a377f1e1-6e26-4d5a-9f85-4636b570dcaa,Boyden High School Class of 1961 Women's Scholarship,2026-04-27,https://www.fftc.org/scholarships
a37a0608-bd85-4867-bc8b-539bf370e04e,"VADM Jon L. Boyes, Vice Admiral, USN (Ret.) Memorial Scholarship",2026-05-01,https://bigfuture.collegeboard.org/scholarships/vadm-jon-l-boyes-vice-admiral-usn-ret-memorial-scholarship
a391335a-cd57-46a2-96a0-c986185df4e3,UAIC Native American Scholarship Program Guide,2026-05-01,https://www.scholarships.com/scholarships/uaic-native-american-scholarship-program
a39d104e-d14d-41c6-bdc7-ea422f056974,BG STEM Scholars Program,2026-04-15,https://bigfuture.collegeboard.org/scholarships/bg-stem-scholars-program
a3b2e250-b23e-465b-8ff4-4c217ff6dcaf,Jake Salley Endowment Scholarship,2026-04-15,https://bigfuture.collegeboard.org/scholarships/jake-salley-endowment-scholarship
a3ce798b-644b-4263-8769-98e4a4c89b2c,James Van Vleck Scholarship,2026-04-15,https://www.unf.edu/coas/scholarships/james-van-vleck.html
a3dcfa41-49e7-47a9-963f-11d036323e63,District 9 AHEPA/Daughters of Penelope High School Scholarship,2026-04-15,https://bigfuture.collegeboard.org/scholarships/district-9-ahepadaughters-of-penelope-high-school-scholarship
a3e8fd8b-5868-46ad-a4b2-47498c8b059a,Bill Giles IV Memorial Scholarship,2026-05-01,https://www.fgc.edu/tuition-financial-aid/available-financial-aid/foundation-scholarships.html
a3efb6dc-e5f7-4754-a3e0-1e234057333b,PMI New York City Chapter Scholarship,2026-05-01,https://www.scholarships.com/scholarships/pmi-new-york-city-chapter-scholarship
a3f69bd5-48ce-4651-a2aa-0c1026033d87,Burton D. Morgan Foundation Scholarship,2026-05-01,https://www.nova.edu/sbin/report/scholarships/schlr-srch-params.cgi?category=Institutional&level=Undergraduate
a428feae-29e2-484a-9947-0cec9d88498b,Joseph J. Mallini Paralegal Program Support Scholarship,2026-04-15,https://bigfuture.collegeboard.org/scholarships/joseph-j-mallini-paralegal-program-support-scholarship
a42c6f9f-ddd8-45ec-ae6e-188872f30c63,Strom Thurmond Scholarship for New Students,2026-04-15,https://bigfuture.collegeboard.org/scholarships/strom-thurmond-scholarship-for-new-students
a4888ad7-796c-4ebe-bfb8-7675c637193f,Ben L. Fryrear Scholarship for Business Students,2026-04-15,https://bigfuture.collegeboard.org/scholarships/ben-l-fryrear-scholarship-for-business-students
a48b319c-fd8f-4432-9ac3-9f29635f3bf9,Shirley Bradway Serafin Scholarship,2026-04-22,https://bigfuture.collegeboard.org/scholarships/shirley-bradway-serafin-scholarship
a4bdfee9-f261-4ef1-88d1-f381214a866a,Polish University Club of Los Angeles Scholarship,2026-04-17,https://www.pucla.org/scholarship-information
a4c01469-eade-45c4-bdc2-1f5d39aa8010,Laird B. Anderson and Florence H. Ashby Graduate Scholarship,2026-04-30,https://fsu.academicworks.com/opportunities
a4c85023-0313-4da5-91e0-4f909ddd2469,Stephen J. Perez Memorial Scholarship,2026-04-04,https://bigfuture.collegeboard.org/scholarships/stephen-j-perez-memorial-scholarship
a4ceccb3-9564-4bff-bfa9-0669b3166f61,Chancellor Ray Ferrero Jr. Scholarship,2026-05-01,https://www.nova.edu/sbin/report/scholarships/schlr-srch-params.cgi?category=Institutional&level=Graduate
a4d35628-2538-4dd1-a459-372fda74992f,Mark Suren Melkonian Memorial Scholarship,2026-04-30,https://bold.org/scholarships/mark-suren-melkonian-memorial-scholarship
a4ea115b-7e8a-4dda-962e-544e89f7d845,Raymond and Carmella Azzarelli General Academic Memorial Scholarship,2026-05-01,https://bigfuture.collegeboard.org/scholarships/raymond-and-carmella-azzarelli-general-academic-memorial-scholarship
a54df238-dc74-4c86-9c97-8019ae77808b,VTCA Associate Trade and Technical Training Scholarship,2026-05-01,https://bigfuture.collegeboard.org/scholarships/vtca-associate-trade-and-technical-training-scholarship
a5509140-0f3d-4f8d-ae1d-c3e7347dc1e5,New Jersey New York First Generation Scholarship,2026-04-14,https://bold.org/scholarships/new-jersey-first-generation-scholarship
a550caf5-05ed-46cf-83bf-c0b997f43f2d,Grand Oaks Enterprises LLC Scholarship,2026-04-14,https://bold.org/scholarships/grand-oaks-enterprises-llc-scholarship
a55f0ab2-2268-44b0-b096-fadfc3e06703,Short-term Visiting Scholarship,2026-04-30,https://bigfuture.collegeboard.org/scholarships/short-term-visiting-scholarship
a5ad6f0d-9a47-46d6-8f78-0c9d8dc6fa49,Robert E. McNair Scholarship,2026-04-15,https://bigfuture.collegeboard.org/scholarships/robert-e-mcnair-scholarship
a5b2a50e-686e-48f2-9497-27e66f254d99,Garden State Silver Plate Scholarship,2026-05-01,https://bigfuture.collegeboard.org/scholarships/garden-state-silver-plate-scholarship
a5ba9008-698b-4621-bd5d-870af671d667,"Willcox Savage Scholarship Eligibility, Deadline & How to Apply",2026-05-01,https://hamptonroadscf.org/scholarships/graduate-medical-theological-scholarships/available-scholarships
a5bee050-2e9d-4ba3-9744-7e4fa7b806c2,Millie Milligan Endowed Scholarship,2026-04-15,https://www.unf.edu/brooks/scholarships/full-list.html
a5d59db9-4c1c-4f4a-9789-c2c230c64d50,AFCEA Student Member Scholarship,2026-05-01,https://bigfuture.collegeboard.org/scholarships/afcea-student-member-scholarship
a5e52d9a-d4ea-4efe-829b-a98f66a4eaf1,WGA's Mary Macey Scholarship,2026-04-30,https://www.nationalgrocers.org/foundation/nga-foundation-scholarships
a5ea6ce5-9fb5-430c-8eaa-77f59b2e4666,Peoples Bank Scholars Scholarship,2026-05-01,https://bigfuture.collegeboard.org/scholarships/peoples-bank-scholars-scholarship
a5f1068f-b103-4a3b-b3ef-aae05653c518,Virginia and Joe Tigue Scholarship,2026-04-15,https://tccd.academicworks.com/opportunities/5038
a61e5c7d-3ed0-4354-86c0-3eac4627772c,Wilson & Sophia Rivers Endowed Nursing Scholarship,2026-05-01,https://www.fgc.edu/tuition-financial-aid/available-financial-aid/foundation-scholarships.html
a627e40c-18a9-4f80-86bf-a554a4754713,The Jeremy D Stovall Perseverance Scholarship,2026-04-30,https://www.scholarships.com/scholarships/the-jeremy-d-stovall-perseverance-scholarship
a627e9ca-cba9-42db-a07c-4179d295e48c,Pennsylvania Burglar and Fire Alarm Association Youth Scholarship,2026-04-29,https://bigfuture.collegeboard.org/scholarships/pennsylvania-burglar-and-fire-alarm-association-youth-scholarship
a661d0e5-61e1-41e2-be3b-8706de406d87,Performing Arts Scholarship,2026-05-04,https://bigfuture.collegeboard.org/scholarships/performing-arts-scholarship-waubonsee-community-college
a6658c70-2dc5-4d8c-bd8a-f71c18e8e901,The Jose B. Tombs Scholarship,2026-05-01,https://www.framingham.edu/admissions-aid/cost-aid/types-aid/scholarships
a672ce7d-3fbd-4a52-9711-d66bdea297a1,"""Ryan"" Endowed Scholarship",2026-05-01,https://austincc.academicworks.com/opportunities/10265
a676365f-1b48-4f98-af56-1103959d1a9f,Urban Education Scholarship,2026-04-15,https://bigfuture.collegeboard.org/scholarships/urban-education-scholarship
a681b141-8bf3-4cbb-9f3a-021b3c23607f,Lari White Cannon Scholarship,2026-05-01,https://pinellaseducation.org/students
a684617c-d388-45cc-8572-e56c4b4fea91,Midway Industrial Equipment Scholarship,2026-05-04,https://bigfuture.collegeboard.org/scholarships/midway-industrial-equipment-scholarship
a685d238-cdef-4142-b715-cc63fc9082f7,Sharon E. Burrows Scholarship,2026-04-22,https://bigfuture.collegeboard.org/scholarships/sharon-e-burrows-scholarship
a6b41688-a641-42eb-a5d6-039c8426128d,PMI Silver Spring Chapter Scholarship,2026-05-01,https://www.scholarships.com/scholarships/pmi-silver-spring-chapter-scholarship
a6b9e308-ee4a-4f79-82a4-a9764a2854c2,Texas Jet/Charlie R. Hillard Endowed Scholarship,2026-04-15,https://tccd.academicworks.com/opportunities/4458
a6c9af18-e99d-4ae4-bd2e-3754eb338e79,Golf Course Superintendents Association of Central California Legacy Scholarship,2026-05-01,https://www.centralcaliforniagcsa.com/?page_id=2717
a6e16e45-df44-445a-b860-84c4bbac601b,Brock Lindberg Legacy Scholarship,2026-04-22,https://bigfuture.collegeboard.org/scholarships/brock-lindberg-legacy-scholarship
a6f9111c-33ed-4097-b94e-bdfb61808069,Doris Bell Memorial Scholarship,2026-04-15,https://bigfuture.collegeboard.org/scholarships/doris-bell-memorial-scholarship
a7095b94-6136-42cd-8b99-757e2586b8d1,Robert & Peggy Ware Endowed Scholarship / Fellowship,2026-04-15,https://www.unf.edu/coehs/scholarships/list/robert-and-peggy-ware.html
a71ff18f-3657-4dc4-b871-8486f3a70034,Carrington-Philbert Black / African American U.S. Undergraduate Scholarship,2026-05-01,https://www.scholarships.com/scholarships/carrington-philbert-black-african-american-u-s-undergraduate-scholarship
a720c1a1-0cd3-411e-978b-4c254c68667c,"Frederick B., Theodore R. & James H. Haddad Scholarship",2026-04-22,https://bigfuture.collegeboard.org/scholarships/frederick-b-theodore-r--james-h-haddad-scholarship
a7357095-542c-42c8-8ddf-c187542de158,Kathleen L. Small Teaching Scholarship,2026-05-01,https://bold.org/scholarships/kathleen-l-small-teaching-scholarship
a7367d69-22d0-46ea-9e97-e227781c9f13,Gigi and Louise Gartner Scholarship,2026-05-01,https://www.scholarships.com/scholarships/gigi-and-louise-gartner-scholarship
a74c281f-6134-43f0-9fe7-68782e56203d,Sage Michaela Lucas Timing is Everything Scholarship,2026-04-30,https://www.scholarships.com/scholarships/sage-michaela-lucas-timing-is-everything-scholarship
a75fbaf5-4a40-42a1-8dbf-33e5303a6f26,Lombardo-Van Bourgondien Scholarship,2026-04-12,https://bigfuture.collegeboard.org/scholarships/lombardo-van-bourgondien-scholarship
a762d9d4-fae4-44cb-9cff-b77b18cdb8f7,Washington State Opportunity Scholarship -Career and Technical Scholarship (Spring),2026-04-15,https://www.waopportunityscholarship.org/students/applicants/cts
a7730f52-71ed-4693-b23a-560e96b044ab,Edward  and Fuzzy Gipstein Scholarship,2026-04-22,https://bigfuture.collegeboard.org/scholarships/edward--and-fuzzy-gipstein-scholarship
a77e189f-a218-43e9-a2c7-94fe7b2282d0,PHCC of Texas Auxiliary Scholarship,2026-05-01,https://bigfuture.collegeboard.org/scholarships/phcc-of-texas-auxiliary-scholarship
a79128cb-e9d9-484c-8ec0-539e8100cfe9,Oregon Chafee Education and Training Grant Guide,2026-05-01,https://www.scholarships.com/scholarships/oregon-chafee-education-and-training-grant
a798128e-0850-420c-8736-d5b78bb8c1fb,Joseph S. Murphy Scholarship for Diversity in Labor,2026-04-15,https://bigfuture.collegeboard.org/scholarships/joseph-s-murphy-scholarship-for-diversity-in-labor
a79f860c-c8a2-4235-9357-a54ab4c6a2ad,The William and Lois Morrow Quarry Employee Scholarship,2026-04-15,https://bigfuture.collegeboard.org/scholarships/the-william-and-lois-morrow-quarry-employee-scholarship
a7ba15d6-9cde-45ce-8639-22e5cdd3b066,Robert B. Pease Scholarship,2026-04-30,https://bigfuture.collegeboard.org/scholarships/robert-b-pease-scholarship
a7bba5a2-8a52-42dc-a126-d2ec0c746f74,Nell Poplin Scholarship of First Baptist Church of Albemarle,2026-05-01,https://www.fftc.org/scholarships
a7d0bed8-4913-444c-803f-9584ab0a51d8,Sowing Season Scholarship,2026-04-18,https://bold.org/scholarships/sowing-season-scholarship
a81446dc-23f4-4e6a-b92c-8bd77b0d2b5b,Carl R. Safford and Dorothy Croft (UConn) Scholarship,2026-04-22,https://bigfuture.collegeboard.org/scholarships/carl-r-safford-and-dorothy-croft-uconn-scholarship
a8190492-638b-4bbd-8467-43dd41201b3c,Joe Crancio Memorial Scholarship,2026-04-15,https://bigfuture.collegeboard.org/scholarships/joe-crancio-memorial-scholarship
a81bbae0-59b3-4846-95bd-6202a0a0cd1d,Felburn Foundation Environmental Center Scholarship,2026-04-15,https://www.unf.edu/asa/scholarships/undergraduate/felburn-foundation-environmental-center.html
a82edec4-db8e-4300-8d80-7361e22cd712,El Corazón Scholarship,2026-05-04,https://bigfuture.collegeboard.org/scholarships/el-corazn-scholarship
a83300f7-7e85-4dde-a4e1-22e3a2e75b4c,Ramblers Scholarship for LGBTQI Student Athletes,2026-05-01,https://www.scholarships.com/scholarships/ramblers-scholarship-for-lgbtqi-student-athletes
a8471f87-b9da-4aca-a335-ec7eb7db8288,Veterans Scholarship,2026-05-01,https://austincc.academicworks.com/opportunities/6065
a86143a8-cc4e-40b8-8b9b-264734c4139c,Margaret Way Scholarship,2026-05-01,https://bigfuture.collegeboard.org/scholarships/margaret-way-scholarship
a863794a-eeea-4189-ac66-1d28ce36d1ba,Patricia K. Drake Scholarship,2026-04-22,https://bigfuture.collegeboard.org/scholarships/patricia-k-drake-scholarship
a863c015-debb-4c3d-8712-15186cd57bd9,Central Coast Greenhouse Growers Association Scholarship,2026-05-01,https://www.scholarships.com/scholarships/central-coast-greenhouse-growers-association-scholarship
a86be80c-64e5-4204-8e8d-2450cddbd80a,Kevin Jetton Service Scholarship,2026-05-01,http://www.edfoundation.org/kevinjettonscholarship.htm
a8773547-7366-4bfa-bf54-d5ad90153749,Edward A. Kelley Memorial Scholarship,2026-05-04,https://bigfuture.collegeboard.org/scholarships/edward-a-kelley-memorial-scholarship
a8799ccd-c07c-45f8-9665-a49a6d6fa166,Skyline Technologies Scholarship,2026-04-08,https://bigfuture.collegeboard.org/scholarships/skyline-technologies-scholarship
a883d7f9-d58c-4ad4-a284-ca7289ce72b1,Engineering and Technical Science Achievement Scholarship,2026-05-01,https://www.aoefoundation.org/scholarships.php
a8925a45-1f25-488f-bc55-b11cc55e6bda,Rick & Jackie Kummers Scholarship,2026-04-08,https://bigfuture.collegeboard.org/scholarships/rick--jackie-kummers-scholarship
a8bc090d-ec51-4492-a777-d888eb52883a,Foskey-VanDyck Scholarship,2026-05-01,https://bigfuture.collegeboard.org/scholarships/foskey-vandyck-scholarship
a8ee9a06-282f-4eee-b4a6-4b517a6618ac,Dr. Berta Arias Writing Scholarship,2026-04-10,https://bigfuture.collegeboard.org/scholarships/dr-berta-arias-writing-scholarship
a8f3054d-fed3-4a3f-b421-ff4ef1fb220a,Iannini Prize,2026-04-30,https://bold.org/scholarships/iannini-prize
a90bc7e5-1861-4555-b44a-48fc46e38a3f,The Allen and Ruth R. (Sadick) Rubin Endowed Scholarship to Honor Their Parents,2026-04-15,https://bigfuture.collegeboard.org/scholarships/the-allen-and-ruth-r-sadick-rubin-endowed-scholarship-to-honor-their-parents
a90e7f93-7229-4c4b-b44b-0efa87b4567b,Anne and Peter Costa Scholar Program,2026-04-15,https://bigfuture.collegeboard.org/scholarships/anne-and-peter-costa-scholar-program
a90f6901-32cf-4d14-9be5-98951e4ac072,ABC Maine Scholarship for Female Students,2026-04-30,https://bigfuture.collegeboard.org/scholarships/abc-maine-scholarship-for-female-students
a91933d2-277b-4113-801f-38e1372b5c2f,"Montford Point Marine Association Washington, DC 6 Chapter Schol…",2026-04-30,https://www.scholarships.com/scholarships/montford-point-marine-association-washington-dc-6-chapter-scholarship
a92052e5-d5f8-41e0-aa10-244a0249b540,Colin “Moon” Feltis Memorial Esports Scholarship,2026-04-13,https://scholarship-america-production.saiapply.org/organization/profile/create?applyToClientReturnUrl=https%3A%2F%2Fsai-moonmem.saiapply.org%2Fprogram%2Fsai-moon_memorial%2Finfo%3FcycleId%3D1CYECMmnhXGzuWqdxYBMCr&clientOrganizationId=ViNGqBD5-rLXS_uMomRqm6ww0RK-lMJF3own
a9412ab2-eb4e-4ae7-8548-53fc8c29c9e0,Leo T. Doherty/Maureen O’Sullivan Memorial Scholarship - Financial Need,2026-04-30,https://bigfuture.collegeboard.org/scholarships/leo-t-dohertymaureen-osullivan-memorial-scholarship---financial-need
a94e26dc-f29a-4957-b5be-b89616aade21,The Linda A. Harding ’85 Scholarship,2026-04-15,https://bigfuture.collegeboard.org/scholarships/the-linda-a-harding-85-scholarship
a95d5fa9-090b-4c76-ad4d-6e24629f416a,"Foot Locker Foundation, Inc-UNCF Scholarship",2026-04-23,https://bigfuture.collegeboard.org/scholarships/foot-locker-foundation-inc-uncf-scholarship
a95f79dc-86ac-4093-8ba1-a41f08e2efe5,Jose Montanez Memorial Scholarship,2026-04-15,https://bold.org/scholarships/jose-montanez-memorial-scholarship
a9643b64-d9d4-4259-b95d-201de997cbac,Fleet Reserve Association Scholarship,2026-04-15,https://bigfuture.collegeboard.org/scholarships/fleet-reserve-association-scholarship
a9806b8a-5839-4309-aed6-0874f5cc5cab,TTAA Dr. Bill & Peggy Dean Raiders for Life Scholarship,2026-04-15,https://texastechalumni.academicworks.com/
a98d676e-b531-4cf3-a4e7-701b7287801b,Nancy Houston RN Scholarship for Professional Nursing,2026-05-01,https://bigfuture.collegeboard.org/scholarships/nancy-houston-rn-scholarship-for-professional-nursing
a9a532d5-084c-4822-973f-13b174e4b102,Texas Tech Alumni Association First Generation Scholarship,2026-04-15,https://texastechalumni.academicworks.com/
a9b1a6f1-e1e5-4179-a561-0f62b01a9cb0,AWS Graduate Research Fellowships,2026-04-15,https://bigfuture.collegeboard.org/scholarships/aws-graduate-research-fellowships
a9ba6b86-f418-4eda-924c-46670825c181,Cass Mosson Leadership in Music Scholarship,2026-04-12,https://bold.org/scholarships/cass-mosson-leadership-in-music-scholarship
aa090845-91bb-4605-aa71-176201fa1281,Kappa Community Project Scholarship,2026-04-15,https://bigfuture.collegeboard.org/scholarships/kappa-community-project-scholarship
aa0e70e7-aefc-4697-b60a-407727549689,Paul N. Carpenter Memorial Athletic Scholarship,2026-04-22,https://bigfuture.collegeboard.org/scholarships/paul-n-carpenter-memorial-athletic-scholarship
aa2fad4e-8ba1-4a4a-be3e-1048563f293a,First Financial Bank Scholarship,2026-05-01,https://bigfuture.collegeboard.org/scholarships/first-financial-bank-scholarship
aa36db25-c5bb-431c-b84c-70f2bbe9c77b,Kappa Delta Pi President's Scholarship,2026-04-29,https://bigfuture.collegeboard.org/scholarships/kappa-delta-pi-presidents-scholarship
aa4aca69-7675-4287-9c45-31856bb4a13b,Beverly Oliva Vail Family Endowed SOL Scholarship,2026-04-14,https://giving.usf.edu/about/scholarships/scholarships-v2
aa4b4fee-285a-43f7-b132-985ea2c4b2dc,Pony of the Americas Club Scholarship,2026-04-15,https://bigfuture.collegeboard.org/scholarships/pony-of-the-americas-club-scholarship
aa5331f6-b045-4cde-a364-48e931e1272b,Students with Congenital Heart Defects Scholarship,2026-04-30,https://bold.org/scholarships/students-with-congenital-heart-defects-scholarship
aa8b0776-be29-4a07-9126-4e36b61a4dff,"Rivers’ Kids (Art, Clark, Blair & Grier) Scholarship",2026-04-15,https://bigfuture.collegeboard.org/scholarships/rivers-kids-art-clark-blair--grier-scholarship
aa8fdc4a-4812-4b75-8c40-f4af52ccab50,Dr. Charles L. McKinney Scholarship,2026-04-15,https://bigfuture.collegeboard.org/scholarships/dr-charles-l-mckinney-scholarship
aa948173-29df-4fab-b851-4ccd911ef7e1,Hereford Herdsman Scholarship Eligibility & Deadline,2026-04-15,https://bigfuture.collegeboard.org/scholarships/hereford-herdsman-scholarship
aa9cdd5d-d6d7-46fc-a1aa-67c4c95b57f0,David Foster Memorial Scholarship,2026-05-01,https://bold.org/scholarships/david-foster-memorial-scholarship
aaab0412-0ba9-469b-bf68-1e6f83237db8,National Junior Merit Scholarship Eligibility & Deadline,2026-04-15,https://bigfuture.collegeboard.org/scholarships/national-junior-merit-scholarship
aaaff201-f0e0-4a92-bfba-38b1d6a4c3a8,Royal Business Bank Scholarship,2026-04-20,https://bigfuture.collegeboard.org/scholarships/royal-business-bank-scholarship
aab3cefa-67ea-43de-8eff-e11fd40b5339,R.C. Foley Scholarship,2026-04-15,https://umass.academicworks.com/opportunities
aabc5923-5b37-4376-8bf4-d7d41071b6df,Harry Lister Scholarship,2026-04-30,https://bigfuture.collegeboard.org/scholarships/harry-lister-scholarship
aacf008f-b81e-4bf4-8fb1-bf34cd0a68a3,Colonel Kathleen Swacina Scholarship,2026-05-01,https://www.scholarships.com/scholarships/colonel-kathleen-swacina-scholarship
aae2df3a-2a63-49a5-b853-e28d25b75b7a,Gil Law Group Scholarship,2026-05-04,https://bigfuture.collegeboard.org/scholarships/gil-law-group-scholarship
aae42333-ed19-4c00-bde0-9a7dc4e892ba,Shaws Flat Scholarship,2026-04-15,https://bigfuture.collegeboard.org/scholarships/shaws-flat-scholarship
aaee3f47-aebb-48af-8e2f-6faf1b2d4b54,Shasta County CattleWomen's Association Scholarship,2026-04-15,https://bigfuture.collegeboard.org/scholarships/shasta-county-cattlewomens-association-scholarship
ab00df47-d608-49ee-9712-9964c2ab1ccd,Peierls Foundation Scholarship,2026-05-01,https://bigfuture.collegeboard.org/scholarships/peierls-foundation-scholarship
ab06bbe6-fc3a-4c21-a047-1f94a7b64b43,Joan Wolf Ort Scholarship,2026-05-01,https://bigfuture.collegeboard.org/scholarships/joan-wolf-ort-scholarship
ab0885cc-2af0-4557-8655-7bd2a01d4cc9,The Cohen-Larrivee Family Scholarship,2026-04-15,https://bigfuture.collegeboard.org/scholarships/the-cohen-larrivee-family-scholarship
ab1704ed-6042-41ce-8ab4-1c75f440d7e3,Krystle Campbell Scholarship,2026-04-30,https://bigfuture.collegeboard.org/scholarships/krystle-campbell-scholarship
ab1cd135-6155-402b-a36c-7a1ad9a731cf,BFS Automotive Support Scholarship,2026-04-15,https://bigfuture.collegeboard.org/scholarships/bfs-automotive-support-scholarship
ab2e0af1-a984-4370-b198-b6c4e46e5023,The Eugene and Carolyn Farraher Memorial Scholarship,2026-04-15,https://bigfuture.collegeboard.org/scholarships/the-eugene-and-carolyn-farraher-memorial-scholarship
ab346e18-52e1-4cb2-bc97-bc89a70c6f61,Jared Monroe Scholarship,2026-05-01,http://jaredmonroefoundation.org/scholarshipapplication
ab3b1d6b-9c64-42e1-9ef7-1e02b5a457f2,Buckeye SWANA Chapter Scholarship,2026-05-01,https://swanaohio.org/scholarships
ab4168f1-72f4-4971-a6bf-e38fe038bdfa,Assumption Life Scholarship Deadline 2026 USA,2026-04-30,https://bigfuture.collegeboard.org/scholarships/assumption-life-scholarship
ab4b0fdf-241a-4237-85b4-3968fdb36bd3,AFAS Merit Scholarship,2026-04-30,https://bigfuture.collegeboard.org/scholarships/afas-merit-scholarship
ab547860-c66b-4b37-9d44-78024a8073a9,DO3 Scholarship for Survivors of Life-Threatening Illnesses,2026-04-30,https://www.scholarships.com/scholarships/do3-scholarship-for-survivors-of-life-threatening-illnesses
ab557411-379f-48e4-8132-427c7f823937,Lane Nicholls Trueblood Memorial Scholarship,2026-04-10,https://bold.org/scholarships/lane-nicholls-trueblood-memorial-scholarship
ab56355d-0ba3-49e0-ac22-63658c77436b,New Hampshire ASCE High School Scholarship,2026-04-30,https://bigfuture.collegeboard.org/scholarships/new-hampshire-asce-high-school-scholarship
ab58ab6a-3718-45c2-b27e-23b6f636777a,AIA Silicon Valley William R. Hawley Scholarship,2026-04-24,https://www.scholarships.com/scholarships/aia-silicon-valley-william-r-hawley-scholarship
ab6b6493-53fa-4fb7-a6d1-1dfa900c8ecf,Francisco and Juanita Carreno Memorial Scholarship,2026-05-04,https://bigfuture.collegeboard.org/scholarships/francisco-and-juanita-carreno-memorial-scholarship
ab719710-1b01-4b8a-a804-6c1866822c7b,Dairy Shrine Maurice E. Core Scholarship,2026-04-15,https://bigfuture.collegeboard.org/scholarships/dairy-shrine-maurice-e-core-scholarship
ab7349e6-7081-4a23-afbd-18f68ff30af9,"Debra ""DeDe"" Harter Endowed Scholarship",2026-05-01,https://www.fgc.edu/tuition-financial-aid/available-financial-aid/foundation-scholarships.html
ab777aee-5ec6-4b5d-b5dc-7137eff16a31,Red Egg Marketing Scholarship USA 2026 Apply,2026-04-30,https://www.scholarships.com/scholarships/red-egg-marketing-scholarship
ab894293-f7de-4110-92a5-3087fe7aeccc,WIS-PAK Scholarship Program,2026-04-27,https://scholarship-america-production.saiapply.org/organization/profile/create?applyToClientReturnUrl=https%3A%2F%2Fsai-wispak.saiapply.org%2Fprogram%2Fsai-wis-pak%2Finfo%3FcycleId%3D1CYnA145oFCLveSrD759fH&clientOrganizationId=m3UbMqLgLg4092qObm7-BqgNILl1o1ZqMB-u
ab94d95f-0f29-4386-9e81-5f3ba0b5adc3,Class of 1966 Endowed Scholarship,2026-04-15,https://bigfuture.collegeboard.org/scholarships/class-of-1966-endowed-scholarship
ab962b8f-ee86-4e9a-af56-277f43c64dc0,Dr. Peggy Hale Croshaw Endowed Scholarship,2026-05-01,https://austincc.academicworks.com/opportunities/10106
aba4649f-882a-4917-9960-344a0dcbc9fd,AEA Scholarship Program,2026-04-17,https://bigfuture.collegeboard.org/scholarships/aea-scholarship-program
abab090e-8f48-4586-a52e-5a1911ccc507,The Dr. Janelle and Ray Ashley Endowed Scholarship,2026-04-15,https://bigfuture.collegeboard.org/scholarships/the-dr-janelle-and-ray-ashley-endowed-scholarship
abbc7cb9-594f-452b-aff2-f8e39b8ada5b,Becky Jo Adams Scholarship,2026-05-01,https://www.fgc.edu/tuition-financial-aid/available-financial-aid/foundation-scholarships.html
abc226f9-a58d-4533-8627-05b2b13a148f,WELSCO Stephen E. Harrison Scholarship,2026-05-01,https://bigfuture.collegeboard.org/scholarships/welsco-stephen-e-harrison-scholarship
abd6052c-da4e-450f-8414-166a16a67c25,Vera and John Brantan Memorial Scholarship,2026-05-01,https://bigfuture.collegeboard.org/scholarships/vera-and-john-brantan-memorial-scholarship
abdba9ab-5b52-4cc7-9e16-36329a3e1a18,Space Coast Chapter Women in Defense STEM Scholarship,2026-04-24,https://bigfuture.collegeboard.org/scholarships/space-coast-chapter-women-in-defense-stem-scholarship
ac1658f2-c159-41a9-9ef4-20757e5d90c7,Grace Kelly Scholarship application USA 2026 Apply,2026-04-30,https://bigfuture.collegeboard.org/scholarships/grace-kelly-scholarship
ac319510-a6b3-4841-b578-781c8e11a70c,Diana Atwood Johnson Scholarship Eligibility 2026 USA,2026-04-22,https://bigfuture.collegeboard.org/scholarships/diana-atwood-johnson-scholarship
ac3786af-3477-4c59-bc46-60e1496fce43,Gus and Marina Garcia Endowed Scholarship,2026-05-01,https://austincc.academicworks.com/opportunities/9940
ac3805ce-4310-45c5-a60b-d4f711ee76cc,June Nelson Scholarship Competition,2026-04-10,https://bigfuture.collegeboard.org/scholarships/june-nelson-scholarship-competition
ac4065d1-e828-4da5-b46d-bf2dfbd60a04,Shirley M. Knox Scholarship,2026-04-15,https://bigfuture.collegeboard.org/scholarships/shirley-m-knox-scholarship
ac4d0f89-4d80-4e59-8a39-8f837ec02924,Virginia Western Community College Educational Foundation Scholarship Programs,2026-05-01,https://bigfuture.collegeboard.org/scholarships/virginia-western-community-college-educational-foundation-scholarship-programs
ac688a30-3593-4bf8-b3a5-0acb0f1b5b22,Zeta Phi Beta Sorority Scholarship,2026-05-01,https://chipola.academicworks.com/
ac6a790a-35c1-43ea-ab06-55a7da7e9ca6,Teresa Mary Thors Scholarship,2026-04-15,https://bigfuture.collegeboard.org/scholarships/teresa-mary-thors-scholarship
aca68525-db38-4455-b1a4-43eeec2bf73e,Robert & Rosemary Murphy Scholarship,2026-04-30,https://bigfuture.collegeboard.org/scholarships/robert--rosemary-murphy-scholarship
acb2a021-7758-43ee-9406-56bf57828ec8,Dunkerley Family Dependent Scholarship,2026-05-01,https://bigfuture.collegeboard.org/scholarships/dunkerley-family-dependent-scholarship
accee893-eeac-4b79-bbd6-b46868a1f303,Montana Coaches Association Scholarship,2026-05-01,https://bigfuture.collegeboard.org/scholarships/montana-coaches-association-scholarship
acdb3b58-0027-48e3-bc08-d22f1d90495e,Bright Lights Scholarship,2026-05-01,https://bigfuture.collegeboard.org/scholarships/bright-lights-scholarship
ace6470a-b3f3-423a-b921-800eba8b71c6,Restivo Music Scholarship,2026-04-15,https://bigfuture.collegeboard.org/scholarships/restivo-music-scholarship
acfcab28-95cb-4051-b98c-3043a86e807e,The Estelle H. Blake ’60 Scholarship,2026-04-15,https://bigfuture.collegeboard.org/scholarships/the-estelle-h-blake-60-scholarship
ad07fbc4-0259-4c57-81f7-68fb06d571c4,"Huebner Scholarship: Eligibility, Deadline & Apply",2026-04-30,https://www.scholarships.com/scholarships/huebner-scholarship
ad2f8599-6ba3-4984-a40a-826aa84d4948,S. Russell Stearns Scholarship,2026-04-30,https://bigfuture.collegeboard.org/scholarships/s-russell-stearns-scholarship
ad5a4630-dd12-488a-b948-c7217628572a,SoFi Scholarship Giveaway,2026-04-30,https://www.scholarships.com/scholarships/sofi-scholarship-giveaway
ad5b7564-1350-49f7-b76d-05f56e0a3df3,Baldwin van der Bijl Computer Science Endowed Scholarship,2026-04-15,https://www.clackamas.edu/admissions-financial-aid/financial-aid-scholarships/scholarships
ad5e0ea7-fd27-4c2a-a6be-17fe3463434a,Wyoming Telecommunications Association Academic Scholarship,2026-04-15,https://bigfuture.collegeboard.org/scholarships/wyoming-telecommunications-association-academic-scholarship
ad6e19e0-0007-4c0f-85b9-df457cc4fece,Perricone-Hobbin-Hodge Scholarship,2026-04-15,https://bigfuture.collegeboard.org/scholarships/perricone-hobbin-hodge-scholarship
ad703366-21fe-40c2-b973-c7905b904dec,Don Bloxham Scholarship,2026-04-15,https://bigfuture.collegeboard.org/scholarships/don-bloxham-scholarship
ad78f569-5fc1-49f9-99d8-6899d61394ae,William P. Elrod Memorial Scholarship,2026-05-01,https://bigfuture.collegeboard.org/scholarships/william-p-elrod-memorial-scholarship
ad7f27fd-7bbd-4a76-b211-7e461f7e5c66,Altrusa International Club of Plymouth County Scholarship,2026-04-14,https://bigfuture.collegeboard.org/scholarships/altrusa-international-club-of-plymouth-county-scholarship
ad86fd65-c3f6-4f4a-94ba-677c48e4bb29,Virginia Jeanette Drummond Kissane Women in STEM Memorial Scholarship,2026-04-13,https://bold.org/scholarships/virginia-jeanette-drummond-kissane-women-in-stem-memorial-scholarship
ada4ade0-4cbd-4f24-85f3-615f68c61fd1,Elizabeth Milham Scholarship,2026-04-14,https://bristolcc.academicworks.com/
adab4af1-463a-4483-986f-6270bf967209,Visual Communication Endowed Scholarship,2026-05-01,https://austincc.academicworks.com/opportunities/10156
adb1f915-3eed-40a8-bbc3-7121ca054e30,Lanford Family Highway Worker Memorial Scholarship Program,2026-04-15,https://bigfuture.collegeboard.org/scholarships/lanford-family-highway-worker-memorial-scholarship-program
adc93ef7-9778-4251-9abe-1d5fdf7ab915,"Willa ""Sweet"" Johnson Memorial Scholarship",2026-05-04,https://bigfuture.collegeboard.org/scholarships/willa-sweet-johnson-memorial-scholarship
adeed972-0ba1-4497-a7f6-ea07bf5b7475,MTA Foundation Scholarship,2026-05-01,https://www.mntrucking.org/foundation
adf2035d-fe04-4bef-80a0-d26463a890e6,Katie Jackson Scholarship,2026-04-22,https://bigfuture.collegeboard.org/scholarships/katie-jackson-scholarship
adf4c394-e0ff-4be9-aef7-1c7af84964fd,Maine Manufacturers Career and Training Foundation Scholarship,2026-04-30,https://www.mainemfg.com/students
ae1cec22-0ab3-45e7-8a46-a7714b363ad7,City of Chicago's UNCF Workplace Campaign Scholarship,2026-04-20,https://bigfuture.collegeboard.org/scholarships/city-of-chicagos-uncf-workplace-campaign-scholarship
ae327f9a-62fd-468f-86b9-c1ef9a4037c2,Clarence and Della Murray Allied Health Scholarship,2026-04-06,https://bigfuture.collegeboard.org/scholarships/clarence-and-della-murray-allied-health-scholarship
ae3532d5-d12d-4ce9-9474-4fc882096147,Mr. and Mrs. Truett W. Flache Scholarship,2026-04-15,https://texastechalumni.academicworks.com/
ae40b9e6-5cdc-49d1-9fd6-83b2881d6ce9,Gayle Francis Dare to Dream Network Technology Scholarship,2026-04-15,https://bigfuture.collegeboard.org/scholarships/gayle-francis-dare-to-dream-network-technology-scholarship
ae458e8b-18c7-4994-aed2-78668df60bcc,Dreams Scholarship for College Students,2026-05-01,https://bigfuture.collegeboard.org/scholarships/dreams-scholarship-for-college-students
ae5e96c6-2993-481a-a559-b64e11347119,"""15 to Finish"" Scholarship",2026-05-01,https://bigfuture.collegeboard.org/scholarships/15-to-finish-scholarship
ae955128-a09f-42ca-9aa9-5bca7974fbc0,James O. Dale Vocational Scholarship,2026-04-15,https://bigfuture.collegeboard.org/scholarships/james-o-dale-vocational-scholarship
aead3082-f808-42a6-adad-704b3860fb0e,Jerry Stone Memorial Scholarship,2026-04-15,https://www.clackamas.edu/admissions-financial-aid/financial-aid-scholarships/scholarships
aebe3e89-7685-419f-a85f-39e6e674b966,Woodside Terrace AM Kiwanis Achievement Scholarship,2026-04-15,https://bigfuture.collegeboard.org/scholarships/woodside-terrace-am-kiwanis-achievement-scholarship
aee572b1-7a28-4f92-b8be-e4ba524a1415,Ernie Dennison Memorial Scholarship,2026-04-15,https://bigfuture.collegeboard.org/scholarships/ernie-dennison-memorial-scholarship
aef6055d-b10e-4696-b5c0-07d88c690f86,Gail Lynne Huber S.T.E.M. Scholarship,2026-05-01,https://bold.org/scholarships/gail-lynne-huber-STEM-scholarship
af01e037-2b0b-4ed4-b0cf-b836f6931578,Catalino Tapia Scholarship,2026-04-30,https://bigfuture.collegeboard.org/scholarships/catalino-tapia-scholarship
af03bb1f-428e-4ea4-a7bb-9c3ce08cbe32,The Dr. Eugene A. Sullivan Scholarship,2026-04-15,https://bigfuture.collegeboard.org/scholarships/the-dr-eugene-a-sullivan-scholarship
af0f3bb7-b0ee-4c2f-a616-334cad16642e,GCEF Scholarship,2026-04-30,https://www.akroncf.org/students
af1afa66-4858-4f48-bb0d-29bb67db54c9,Jack Rosen Scholarship,2026-04-29,https://bigfuture.collegeboard.org/scholarships/jack-rosen-scholarship
af1e2000-1b32-4883-97e8-382d4d125e5e,Albert Harris Scholarship,2026-04-22,https://scholarship-america-production.saiapply.org/organization/profile/create?applyToClientReturnUrl=https%3A%2F%2Fsai-pnc.saiapply.org%2Fprogram%2Fsai-harrisfund%2Finfo%3FcycleId%3D1CXYRiH9RgwaGC3oCgd4qz&clientOrganizationId=YlhFpubIDFhYt5WeRFBFUB0ekA0f7pawDkEy
af399f3a-e7e4-4661-827b-e8bc4cef09bc,NSHSRA Scholarship,2026-05-01,https://www.nevadastatehsra.net/2022/membership-information-forms/scholarships
af4f72a5-2538-4cc1-85de-4802601218b2,"The Dan Manning, Jr. Occupational Therapy Scholarship",2026-04-15,https://bigfuture.collegeboard.org/scholarships/the-dan-manning-jr-occupational-therapy-scholarship
af6fec6a-730b-41ac-a1ec-64c1d1e83da3,Elizabeth Voncile Mole Endowed Scholarship,2026-05-01,https://www.fgc.edu/tuition-financial-aid/available-financial-aid/foundation-scholarships.html
af70c608-58db-4819-b9fe-2407554d9018,Atkins Foundation Scholarship,2026-04-15,https://bigfuture.collegeboard.org/scholarships/atkins-foundation-scholarship
afa3af2b-8688-4240-a075-37f3f210209d,M.M. Mashburn Scholarship (Altha),2026-05-01,https://chipola.academicworks.com/
afaf05fb-8b0b-4550-9398-6293f4d12b63,"Staver Accident Injury Lawyers, P.C. Personal Injury Scholarship",2026-05-01,https://bigfuture.collegeboard.org/scholarships/staver-accident-injury-lawyers-pc-personal-injury-scholarship
afcff275-b68e-444a-be4f-5ff76ec29406,Elizabeth Raney Vincent Scholarship for Foreign Language,2026-04-12,https://bigfuture.collegeboard.org/scholarships/elizabeth-raney-vincent-scholarship-for-foreign-language
afd45dfd-d58a-44d6-bb5c-5fbbf41a5660,Gary Dirrim Endowed Scholarship,2026-04-15,https://www.clackamas.edu/admissions-financial-aid/financial-aid-scholarships/scholarships
b00dc9fa-1b80-406f-b196-5a9732d0b790,COMTO Chicago Founding Fathers Leadership Legacy Scholarship,2026-04-30,https://bigfuture.collegeboard.org/scholarships/comto-chicago-founding-fathers-leadership-legacy-scholarship
b012a74c-3538-4d14-9bdf-33ba2a9c24a3,Delores Pass Kesler Scholarship,2026-04-15,https://www.unf.edu/udae/awards/endowments.html
b01cccf5-ac4c-40ed-a49e-023770996b75,Health Sciences Scholarship in honor of Eileen Klein,2026-05-01,https://bigfuture.collegeboard.org/scholarships/health-sciences-scholarship-in-honor-of-eileen-klein
b0273484-fda7-42c0-b616-dd687604685a,The Class of 1965 Scholarship for First Year Students,2026-04-15,https://bigfuture.collegeboard.org/scholarships/the-class-of-1965-scholarship-for-first-year-students
b045152a-98ee-43d5-81de-af722b619bc5,Lee Brennan Memorial Scholarship Deadline 2026 USA,2026-04-17,https://bigfuture.collegeboard.org/scholarships/lee-brennan-memorial-scholarship
b0496997-426a-485b-b720-11daa8388a63,Mary Blackwell Barnes Memorial Scholarship,2026-05-01,https://bigfuture.collegeboard.org/scholarships/mary-blackwell-barnes-memorial-scholarship
b099be4e-840f-4dd6-a4a4-64b0887192f2,Don Culton Memorial Scholarship,2026-04-29,https://bigfuture.collegeboard.org/scholarships/don-culton-memorial-scholarship
b0b34873-581b-4c91-b5e4-a749f437dac5,SKECHERS Promising Leaders Scholarship,2026-04-15,https://bigfuture.collegeboard.org/scholarships/skechers-promising-leaders-scholarship
b0b6085f-e287-491a-a6a8-8b05a11570b4,James and Darcel Stewart Endowed Scholarship,2026-04-11,https://bigfuture.collegeboard.org/scholarships/james-and-darcel-stewart-endowed-scholarship
b0b7e2bc-1782-4f89-99a2-42b110028da2,The Robert Ivor O'Brien Memorial Scholarship,2026-04-15,https://bigfuture.collegeboard.org/scholarships/the-robert-ivor-obrien-memorial-scholarship
b0cd209b-b29f-4a5c-9c31-3fe9d16eeffc,Big Picture Scholarship,2026-04-29,https://bold.org/scholarships/Big-Picture-Scholarship
b0cf2cb1-a4cf-41db-b85b-a52d64bb779f,The Marilyn Miller Pula Memorial Scholarship,2026-04-15,https://bigfuture.collegeboard.org/scholarships/the-marilyn-miller-pula-memorial-scholarship
b0d35a4a-3b8a-4dae-bd0e-96c5dbbec9d1,Kara Lea Hillier Scholarship Award,2026-04-13,https://bold.org/scholarships/kara-lea-hillier-scholarship-award
b0d423e6-1acc-41e6-8c1c-20c07f801597,The Thomas Family Scholarship,2026-04-15,https://bigfuture.collegeboard.org/scholarships/the-thomas-family-scholarship
b0e071e3-852e-41c8-87fb-2ddb5674d635,Brooks College of Health Scholarship,2026-04-15,https://www.unf.edu/brooks/scholarships/full-list.html
b0e27977-9701-4704-948e-76c3d9d5c988,Dream Keeper Scholarship,2026-04-06,https://bigfuture.collegeboard.org/scholarships/dream-keeper-scholarship
b0ea6b87-fcb4-4673-ba1d-ce795a6c25e6,Gordon H. and Lynn Wilson Memorial Scholarship,2026-04-15,https://bigfuture.collegeboard.org/scholarships/gordon-h-and-lynn-wilson-memorial-scholarship
b1127dba-49b7-4a84-b258-a175a7ba5eff,Faye Uyeda Medical Scholarship,2026-05-01,https://bigfuture.collegeboard.org/scholarships/faye-uyeda-medical-scholarship
b12546b4-57c3-46c5-b8e6-02679400d9ba,Gaylord E. (Gary) Christle Scholarship,2026-05-01,https://bigfuture.collegeboard.org/scholarships/gaylord-e-gary-christle-scholarship
b13c0639-4249-41e3-9724-0f7d13ebcc8a,"The Sidney Buxton, Jr. and Peggy Ann Buxton ’78 Scholarship",2026-04-15,https://bigfuture.collegeboard.org/scholarships/the-sidney-buxton-jr-and-peggy-ann-buxton-78-scholarship
b146c8a1-863d-410f-b792-cac2095cc1a6,WCC Faculty Council Student Needs Awards Endowed Scholarship,2026-05-04,https://bigfuture.collegeboard.org/scholarships/wcc-faculty-council-student-needs-awards-endowed-scholarship
b14a4961-36b6-46b1-9058-8925f981e26e,Dorothy G. Smith Scholarship,2026-04-15,https://bigfuture.collegeboard.org/scholarships/dorothy-g-smith-scholarship
b14b1353-fc13-4bbb-904d-dfc936d82dcc,Camela Hilbert Immigrant Scholarship,2026-05-01,https://www.framingham.edu/admissions-aid/cost-aid/types-aid/scholarships
b1501622-61aa-4d00-a22f-b791c4df2e47,Make Your Mark Scholarship,2026-04-22,https://bigfuture.collegeboard.org/scholarships/make-your-mark-scholarship
b16b8c7d-4282-4a39-93e2-8ab0edc3248e,First National Bank Endowed Scholarship,2026-05-04,https://bigfuture.collegeboard.org/scholarships/first-national-bank-endowed-scholarship
b1737b71-1271-4d56-b0ed-c57c54595a19,Passion to Succeed Student Scholarship Guide,2026-04-30,https://www.scholarships.com/scholarships/passion-to-succeed-student-scholarship
b177355c-59fa-4ff1-b178-9cc77b290ace,FBLA Distinguished Business Leader Scholarship,2026-04-15,https://bigfuture.collegeboard.org/scholarships/fbla-distinguished-business-leader-scholarship
b182e8dc-176b-46fc-80ca-912f5089407b,Taylor Swift Fan Scholarship,2026-04-30,https://bold.org/scholarships/taylor-swift-fan-scholarship
b1a3a14d-0a5d-4ede-9d73-a017f1fe76f3,Howard & Carol De Groot Endowed Scholarship,2026-04-08,https://bigfuture.collegeboard.org/scholarships/howard--carol-de-groot-endowed-scholarship
b1afcd51-a865-415e-bf10-90cddd1f2aee,Hubert D. Harris Scholarship Eligibility and Deadline,2026-05-01,https://www.ndiagulfcoast.com/scholarship/hughharris_info.htm
b1cec611-39a2-47db-93c7-083185fdaa33,Japan Exchange and Teaching Program Alumni Association of Northern California Scholarship,2026-04-17,https://bigfuture.collegeboard.org/scholarships/japan-exchange-and-teaching-program-alumni-association-of-northern-california-scholarship
b1d0a020-9159-4e8c-8d15-c6148fc26612,Herbert Lehman Education Fund Scholarship Deadline 2026 USA,2026-05-01,https://bigfuture.collegeboard.org/scholarships/herbert-lehman-education-fund-scholarship-for-graduates
b1d8774e-eca5-4e06-bf81-ba10af6fbf10,International Essential Tremor Foundation Scholarship,2026-05-01,https://www.scholarships.com/scholarships/international-essential-tremor-foundation-scholarship
b1e27f30-e3cf-4ff5-8ac6-815e1df12363,Karl and Diane Wustrack Endowed Scholarship,2026-04-15,https://www.clackamas.edu/admissions-financial-aid/financial-aid-scholarships/scholarships
b1e30980-aeb3-429b-ba61-5feb461579c3,Los Angeles City Section Scholar-Athlete of the Year Scholarship,2026-04-08,https://bigfuture.collegeboard.org/scholarships/los-angeles-city-section-scholar-athlete-of-the-year-scholarship
b1e48575-9ecc-4b0c-bb6e-8541e0e9240b,TAMIU ROTC Leadership Values Scholarship,2026-04-25,https://bold.org/scholarships/TAMIU-ROTC-leadership-values-scholarship
b1fb502e-72ce-4944-9109-12579013c635,Lillian Campbell Medical Scholarship,2026-05-01,https://bigfuture.collegeboard.org/scholarships/lillian-campbell-medical-scholarship
b221f553-f9c1-4a93-9cde-4d04aff7c1b0,Cobb & Gonzales Construction Scholarship,2026-04-15,https://bigfuture.collegeboard.org/scholarships/cobb--gonzales-construction-scholarship
b2439e55-df7f-478c-afd5-4d4d0b95c247,Arizona Legion Auxiliary Past Presidents' Parley Scholarship Assistance in Health Care Occupations,2026-05-01,https://bigfuture.collegeboard.org/scholarships/arizona-legion-auxiliary-past-presidents-parley-scholarship-assistance-in-health-care-occupations
b24daf1a-04d8-482c-873d-68218e9a256a,JaSonte Allen Medsker Scholarship,2026-04-10,https://bigfuture.collegeboard.org/scholarships/jasonte-allen-medsker-scholarship
b24dec4c-c395-4d76-bbc8-cbb56a423d3e,Bruce Hage Memorial Scholarship,2026-05-01,https://www.fgc.edu/tuition-financial-aid/available-financial-aid/foundation-scholarships.html
b253d637-d5a8-49c2-9504-e2760c5c8afc,Calico Trailers Scholarship Program,2026-04-13,https://scholarship-america-production.saiapply.org/organization/profile/create?applyToClientReturnUrl=https%3A%2F%2Fsai-calico.saiapply.org%2Fprogram%2Fsai-calico%2Finfo%3FcycleId%3D1CYRCEfvnCorsuFpqhAjQw&clientOrganizationId=EhizY9FUfwKvDTseugrBkwfOhI7P4Dkua15R
b2775bed-a27c-457f-bdf3-007b23b6588b,Drs. Chuck & Robin Hall BS in Water Resource Management Scholarship,2026-05-01,https://www.fgc.edu/tuition-financial-aid/available-financial-aid/foundation-scholarships.html
b2975c44-b184-4f54-bb36-ae916826f889,Matthew Chew Memorial Scholarship,2026-04-22,https://bigfuture.collegeboard.org/scholarships/matthew-chew-memorial-scholarship
b2b67dc2-8799-4cd1-9f1c-0d3766162d3b,Mort Marks Scholarship,2026-05-01,https://bigfuture.collegeboard.org/scholarships/mort-marks-scholarship
b2bf52ca-e049-491a-b891-f93fc071201c,BayCoast Bank Scholarship,2026-04-14,https://bristolcc.academicworks.com/
b2c57f5b-db4b-4288-b7c0-5f230151d5e0,Donald and Betty Brownson Endowed Scholarship,2026-05-04,https://bigfuture.collegeboard.org/scholarships/donald-and-betty-brownson-endowed-scholarship
b2c7a4d3-32fa-43e9-8d3d-d13a96c1c96d,Mr. and Mrs. Charles Ged Science Scholarship,2026-04-15,https://bigfuture.collegeboard.org/scholarships/mr-and-mrs-charles-ged-science-scholarship
b2d21e32-cb37-4661-a0c3-487e659b626e,Hampton Roads Post Society of American Military Engineers Scholarship,2026-04-15,https://bigfuture.collegeboard.org/scholarships/hampton-roads-post-society-of-american-military-engineers-scholarship
b2d48a23-9144-4733-881a-95f525666ed8,Professional Aviation Maintenance Association Scholarship,2026-04-15,https://tccd.academicworks.com/opportunities/4924
b2dbe552-2c25-42c2-87be-fdbe2f76ba02,KCC Alumni Association Scholarship,2026-05-01,https://bigfuture.collegeboard.org/scholarships/kcc-alumni-association-scholarship
b2dd1b40-a2e9-4921-9907-76c9b2312c76,TACP Foundation Scholarship Program,2026-04-06,https://scholarship-america-production.saiapply.org/organization/profile/create?applyToClientReturnUrl=https%3A%2F%2Fsai-tacp.saiapply.org%2Fprogram%2Fsai-tacpa%2Finfo%3FcycleId%3D1CXfx945riAwHWn6U9GFJX&clientOrganizationId=sG9IX7UxKiZfViQCW1z_VV3ZtYPfSYamEG9a
b2e80735-4d8d-44e9-8b31-e15dd666d048,Vicki White PEO Memorial Scholarship,2026-04-15,https://bigfuture.collegeboard.org/scholarships/vicki-white-peo-memorial-scholarship
b2ea1203-8e28-475a-a58e-b4e74c7e2294,Claudia J. Wennmacher Memorial Scholarship,2026-05-04,https://bigfuture.collegeboard.org/scholarships/claudia-j-wennmacher-memorial-scholarship
b31926f0-df68-41a7-a3bf-907a850409c1,Baptist Health South Florida Student Ambassador Scholarship,2026-04-06,https://bigfuture.collegeboard.org/scholarships/baptist-health-south-florida-student-ambassador-scholarship
b32210f3-8d00-473a-bea8-8d0a81d0790f,Jim Baldridge Memorial Scholarship,2026-04-15,https://bigfuture.collegeboard.org/scholarships/jim-baldridge-memorial-scholarship
b338a73c-7607-400a-8788-78181c517e34,Cordell Parker Northeast Campus Speech Scholarship,2026-04-15,https://bigfuture.collegeboard.org/scholarships/cordell-parker-northeast-campus-speech-scholarship
b34f90e0-ca87-4cb8-9c87-fd642b46fe56,Dr. Alice M. Glover Scholarship,2026-05-01,https://www.framingham.edu/admissions-aid/cost-aid/types-aid/scholarships
b358cc0a-a4d5-44fd-aa07-124c10a5b3e2,PCMA Education Foundation Scholars Scholarship,2026-04-30,https://www.pcma.org/scholarships
b373bff3-def3-48f2-a61d-2805918c6852,O'Brate Foundation Scholarship,2026-05-01,https://bigfuture.collegeboard.org/scholarships/obrate-foundation-scholarship
b380fa99-618c-4f15-bcb3-af9c85987577,Shalyn and Al Clark Insurance and Financial Services Endowed Scholarship,2026-04-15,https://tccd.academicworks.com/opportunities/4745
b3916721-5c8b-462b-bf7c-7485059f031a,Alexander Kreiglowa Scholarship Deadline 2026 USA,2026-04-30,https://bigfuture.collegeboard.org/scholarships/alexander-kreiglowa-navy-and-marine-corps-dependents-education-foundation-scholarship
b39bbcad-9a74-4826-b4ad-4f213f085b5d,Judy and Jim Morton Manufacturing Technology Scholarship,2026-04-15,https://bigfuture.collegeboard.org/scholarships/judy-and-jim-morton-manufacturing-technology-scholarship
b3a34391-ccf9-4daf-bb14-e19c768f4f69,Central Illinois Green Club Agriculture/ Horticulture Scholarship,2026-05-01,https://bigfuture.collegeboard.org/scholarships/central-illinois-green-club-agriculture-horticulture-scholarship
b3b0ce5f-6e26-4d15-bb6a-fce592228fa9,Mary Leitner Endowment Scholarship,2026-04-15,https://bigfuture.collegeboard.org/scholarships/mary-leitner-endowment-scholarship
b3d9ccc5-01c8-4aeb-ac76-581ce45d6a22,CIO Council Scholarship,2026-04-15,https://bigfuture.collegeboard.org/scholarships/cio-council-scholarship
b3ed89ce-b002-4652-b468-5f4c70fbe8fb,Empire State District 6 Scholarship,2026-05-04,https://app.scholarships360.org/?status=student
b3eda98d-064f-4f32-9ee4-0ad6d40f672f,Sidney & Katherine Goodstein Scholarship,2026-05-01,https://www.framingham.edu/admissions-aid/cost-aid/types-aid/scholarships
b3f83ad9-3b64-4400-a435-fbeef4872dca,Jamie Bax Memorial Scholarship Eligibility & Deadline,2026-05-01,https://www.scholarships.com/scholarships/jamie-bax-memorial-scholarship
b3faf28e-32f0-470c-a054-b264d3ed74e3,Washington State Ambassador Scholarship,2026-04-10,https://bigfuture.collegeboard.org/scholarships/washington-state-ambassador-scholarship
b40fbaf9-6088-4dda-9f7f-f6e9e86fc3a6,Dorothy M. and Earl S. Hoffman Scholarship,2026-05-01,https://bigfuture.collegeboard.org/scholarships/dorothy-m-and-earl-s-hoffman-scholarship
b417b290-1c81-4165-868d-3167637425ff,"Gail Eberly ""Get the Vision"" Scholarship",2026-04-15,https://bigfuture.collegeboard.org/scholarships/gail-eberly-get-the-vision-scholarship
b42956c5-66ff-46c0-be58-30f113e93b65,McRaven Hahn Endowed Scholarship,2026-05-01,https://austincc.academicworks.com/opportunities/10263
b43543f9-0467-42aa-977f-5895c1b09724,Marie Winchester Scholarship,2026-04-10,https://bigfuture.collegeboard.org/scholarships/marie-winchester-scholarship
b44259c7-3730-46b3-b21b-f9f03672655a,UNCF STEM Scholars Program,2026-04-15,https://bigfuture.collegeboard.org/scholarships/uncf-stem-scholars-program
b462bde4-797d-4955-b448-6fa1f12e1b5e,St. Boniface Young Artist Showcase,2026-04-26,https://www.scholarships.com/scholarships/st-boniface-young-artist-showcase
b4839d20-2bf7-4a32-b31c-4f9fc80aea85,Peierls Foundation Scholarship 3rd Year,2026-05-01,https://bigfuture.collegeboard.org/scholarships/peierls-foundation-scholarship-3rd-year
b4857416-f3af-4ed4-821d-9c5f47ffb4d1,Charles W. Finkl Scholarship,2026-04-14,https://bigfuture.collegeboard.org/scholarships/charles-w-finkl-scholarship
b497d1e0-34ce-4a51-b0b3-8a32e5aa9548,Cascone Family Study Abroad Scholarship,2026-04-15,https://bigfuture.collegeboard.org/scholarships/cascone-family-study-abroad-scholarship
b4b3cd30-3620-4aae-945d-c63c05f20f1d,Dr. Sydell Perlmutter Gold Memorial Scholarship,2026-04-30,https://bigfuture.collegeboard.org/scholarships/dr-sydell-perlmutter-gold-memorial-scholarship
b4e8d6fb-2d82-43ec-8001-8519b211b0d6,The Robert L. Walker Memorial Scholarship,2026-04-15,https://bigfuture.collegeboard.org/scholarships/the-robert-l-walker-memorial-scholarship
b4feb04e-0f0c-4373-a715-92ee8cefdb72,Valerie Players Scholarship,2026-04-24,https://bigfuture.collegeboard.org/scholarships/valerie-players-scholarship
b501bcc0-769f-42a6-8a35-812a8def6692,Linda and Vincent McGrath Scholarship,2026-04-29,https://bigfuture.collegeboard.org/scholarships/linda-and-vincent-mcgrath-scholarship
b5098606-1e6d-4b1e-8719-76db79299711,Ameren All In Scholarship,2026-04-15,https://bigfuture.collegeboard.org/scholarships/ameren-all-in-scholarship
b51ed7ed-63e0-4886-88c9-4af997ea66f4,KCC Foundation Student Liaison Scholarship,2026-05-01,https://bigfuture.collegeboard.org/scholarships/kcc-foundation-student-liaison-scholarship
b526d244-c2fa-4f85-ba7c-4ab480a3cfca,KFM Making a Difference for Autism Scholarship,2026-04-23,https://bigfuture.collegeboard.org/scholarships/kfm-making-a-difference-for-autism-scholarship
b54a9799-f3a2-4ec7-98fa-61cdbc628dc6,FedEx HBCU Scholarship Eligibility & Deadline USA 2026,2026-04-24,https://bigfuture.collegeboard.org/scholarships/fedex-hbcu-scholarship
b56375fe-60a8-4974-8d09-73902ea5ea0a,William R. Reaugh Memorial Scholarship,2026-05-01,http://www.edfoundation.org/williamreaughscholarship.htm
b57be4cf-ea72-4571-8adc-7afd612b9ef5,Landscape Architecture Environmental Stewardship Scholarship for High School Seniors,2026-04-17,https://bigfuture.collegeboard.org/scholarships/landscape-architecture-environmental-stewardship-scholarship-for-high-school-seniors
b5816aea-4e6e-4379-9356-e56c9189aaf4,The Ruth (Hamley) and Francis Dyson Endowed Scholarship,2026-04-15,https://bigfuture.collegeboard.org/scholarships/the-ruth-hamley-and-francis-dyson-endowed-scholarship
b5845f75-70ce-4338-8046-1fadc027f9eb,Harbor Association of Industry and Commerce Scholarship,2026-05-01,https://bigfuture.collegeboard.org/scholarships/harbor-association-of-industry-and-commerce-scholarship
b5ad4b8c-e63e-4b11-8279-ce7b7f31a77a,Corrine P. Rogers Scholarship,2026-04-15,https://bigfuture.collegeboard.org/scholarships/corrine-p-rogers-scholarship
b5b18eed-6508-4b64-aeef-c0b6b2f09ef3,Emil Vaida Scholarship,2026-04-22,https://bigfuture.collegeboard.org/scholarships/emil-vaida-scholarship
b5b62628-39cb-40f1-89ea-940ba8d106ec,Bill Hayes Memorial Scholarship,2026-04-15,https://bigfuture.collegeboard.org/scholarships/bill-hayes-memorial-scholarship
b5c3f12a-62b2-4efa-9f57-875ce6fb14e2,Provost Award application deadline 2026 USA Scholarship,2026-05-01,https://bigfuture.collegeboard.org/scholarships/provost-award
b5c4db9a-e4e9-4439-b28e-261dc0be9e4c,Becki King Memorial Scholarship,2026-04-15,https://bigfuture.collegeboard.org/scholarships/becki-king-memorial-scholarship
b5c84900-2489-4c13-9d7e-c895e06969b3,Stephen Phillips Memorial Scholarship Deadline 2026 USA,2026-05-01,https://bigfuture.collegeboard.org/scholarships/stephen-phillips-memorial-scholarship
b5d65638-6566-41af-ab1b-c145353d200d,WMCCAI Scholarship Program,2026-04-30,https://www.scholarships.com/scholarships/wmccai-scholarship-program
b5d75cb3-8080-49ae-afc1-9586fc65f702,Dr. Thomas Soltz Scholarship,2026-04-22,https://bigfuture.collegeboard.org/scholarships/dr-thomas-soltz-scholarship
b60413e9-8682-438e-ae7b-9a7a36f3fb7a,Carr Family Scholarship,2026-04-15,https://bigfuture.collegeboard.org/scholarships/carr-family-scholarship
b62070c1-6d2d-4b14-8d07-8731364af71a,Tonsfeldt  Classical Music Scholarship,2026-04-15,https://bigfuture.collegeboard.org/scholarships/tonsfeldt--classical-music-scholarship
b62dc19c-6f0a-49c2-bfba-a4d9940e5bff,Snowdrop Foundation Scholarship,2026-04-30,https://www.snowdropfoundation.org/impact/scholarship-program
b68bd509-47c7-44d1-94fc-7f3442ebb158,Junior League of Detroit Community Scholarship,2026-05-01,https://www.scholarships.com/scholarships/junior-league-of-detroit-community-scholarship
b695bff8-2793-4609-aa0c-4472eceea93e,Paul Rogero Memorial Scholarship,2026-05-01,https://www.fgc.edu/tuition-financial-aid/available-financial-aid/foundation-scholarships.html
b6b76ad4-2c28-4e7f-b397-226a1867cdd7,Edna Fast Maguire Kappa Delta Sorority Scholarship,2026-05-01,https://cfncw.org/edna-fast-maguire-kappa-delta-sorority-scholarship
b6bb5ed5-03aa-4287-a6d0-a87757681f67,Loop13.org Scholarship,2026-05-01,https://bigfuture.collegeboard.org/scholarships/loop13org-scholarship
b6c2e448-fdd0-4597-8e8b-1d63653ca552,AHEPA Scholar-Athlete Scholarship,2026-04-15,https://ahepa.org/programs/athletics
b6c6777f-7aea-449b-8d9f-328bea85892f,Steven L. Smith and Kathryn A. Smith Entrepreneurship Scholarship,2026-05-01,https://bigfuture.collegeboard.org/scholarships/steven-l-smith-and-kathryn-a-smith-entrepreneurship-scholarship
b6cd6e3e-0fa0-42a5-80b6-9c34fabe739a,Rho Mu Omega Chapter STEM Scholarship,2026-04-13,https://bigfuture.collegeboard.org/scholarships/rho-mu-omega-chapter-stem-scholarship
b6df9583-bca5-4808-8045-a0f0dbca7f85,"Elizabeth Ann ""Libby"" Frist Memorial Scholarship",2026-04-22,https://blog.gramspromisefoundation.org/scholarships
b6ee16aa-6771-48c1-a520-5daa61880c80,Vermont Retail & Grocers Association Scholarship,2026-04-24,https://www.scholarships.com/scholarships/vermont-retail-and-grocers-association-scholarship
b6ee19df-f3be-4d08-b132-61d90f3c2263,Dr. Rufus Glasper Endowed Scholarship,2026-05-01,https://austincc.academicworks.com/opportunities/9733
b6f5d5f8-1efe-4d69-9f77-d564a43ef2f6,Founders' Award Scholarship deadline 2026 USA,2026-04-30,https://bigfuture.collegeboard.org/scholarships/founders-award-scholarship
b6f7a0c8-847d-4cd9-9100-54c45c128d79,WCADC Visual Arts Scholarship Guide 2026,2026-04-30,https://www.scholarships.com/scholarships/wcadc-visual-arts-scholarship
b6fee615-0bda-46cb-bba1-a8c5e40cc2ff,Roy G. Kearns Memorial Scholarship at Harper College,2026-05-01,https://bigfuture.collegeboard.org/scholarships/roy-g-kearns-memorial-scholarship
b6fef4c7-5018-401c-ba06-63e9132e6ace,Calflowers Scholarship,2026-05-01,https://www.scholarships.com/scholarships/calflowers-scholarship
b708d104-9853-4cc7-ab05-af8a3dca849b,Golden Ticket Scholarship Eligibility & Deadline USA 2026,2026-04-30,https://bigfuture.collegeboard.org/scholarships/golden-ticket-scholarship
b710f155-e233-447f-9e56-67073adfa0b6,Citrus County Gator Club Scholarship,2026-04-17,https://bigfuture.collegeboard.org/scholarships/citrus-county-gator-club-scholarship
b71a4a06-8f47-4d8b-9793-e5a1f5bc02b7,Eric Evans Scholarship,2026-04-22,https://bigfuture.collegeboard.org/scholarships/eric-evans-scholarship
b71ad3bc-b5c8-4f1d-9581-fa3ad667d8d4,Susan B. Lyman Scholarship,2026-05-01,https://www.framingham.edu/admissions-aid/cost-aid/types-aid/scholarships
b71d056b-da9e-400e-8d41-552edd479175,The Paul and Barbara Davis Scholarship,2026-04-15,https://bigfuture.collegeboard.org/scholarships/the-paul-and-barbara-davis-scholarship
b71d40be-a41f-4d67-bd2b-2c4aca29845f,Della Fleetwood-Sherrod Humanitarian Scholarship,2026-04-24,https://bold.org/scholarships/della-fleetwood-sherrod-humanitarian-scholarship
b729188e-e192-493a-ab8c-0aad7a0e4868,Marcia Rabideau Career In Teaching Scholarship,2026-05-01,https://bigfuture.collegeboard.org/scholarships/marcia-rabideau-career-in-teaching-scholarship
b7372af4-2400-46d6-8be8-d4ea17acca18,Lawrence and Carol Brecker Scholarship,2026-05-01,https://www.azfoundation.org/scholarship-seekers/scholarships/lawrence-and-carol-brecker-scholarship
b737fb9c-f05c-4e73-9904-fa242ee0e915,Honor Garden Scholarship,2026-04-17,https://bigfuture.collegeboard.org/scholarships/honor-garden-scholarship
b7520ca5-887c-4c19-b2eb-c9ad3aaacf83,M&P Uszkay Scholarship,2026-04-15,https://bigfuture.collegeboard.org/scholarships/mp-uszkay-scholarship
b752e765-741c-4533-841c-a07d50be0b00,"John Deligeorges, M.D. Scholarship",2026-04-22,https://bigfuture.collegeboard.org/scholarships/john-deligeorges-md-scholarship
b76b8f02-041f-48bc-b8aa-553af3268375,International Concrete Repair Institute (ICRI) scholarship,2026-04-15,https://bigfuture.collegeboard.org/scholarships/international-concrete-repair-institute-icri-scholarship
b7dc856d-715a-4635-b45c-79fbb501ea51,Support Creativity World Scholarship,2026-04-30,https://bigfuture.collegeboard.org/scholarships/support-creativity-world-scholarship
b7e2ad82-6955-4454-91db-a5b3a9f0049a,Craig Edwards Scholarship provided by Sai Charities of Austin,2026-05-01,https://bigfuture.collegeboard.org/scholarships/craig-edwards-scholarship-provided-by-sai-charities-of-austin
b7fb6043-13c5-45f9-b4f0-25e550efca82,Pennsylvania Angus Youth Scholarship,2026-05-01,https://www.angus.org/foundation/apply-for-scholarships/njaa-scholarships
b817a899-2f92-4bf3-a0f6-15cb0abd17c0,Horatio Alger Québec Scholarship,2026-04-15,https://bigfuture.collegeboard.org/scholarships/horatio-alger-qubec-scholarship
b840ca13-dccc-4cd4-8ef5-0085e073e382,Michele Cunneen Scholarship,2026-04-30,https://bigfuture.collegeboard.org/scholarships/michele-cunneen-scholarship
b87408a6-c854-4653-b617-cc0607c708e1,Kathryn Lacy Memorial Scholarship,2026-05-04,https://bigfuture.collegeboard.org/scholarships/kathryn-lacy-memorial-scholarship
b87702a8-54ba-44ad-889e-258b8d7490fb,Playmakers Nashville x Athletes Unlimited Scholarship,2026-04-10,https://bold.org/scholarships/playmakers-nashville-athletes-unlimited-scholarship
b8867771-213f-4398-8579-7527e4b39bc7,Portland Chinese Scholarship Foundation,2026-04-24,https://www.scholarships.com/scholarships/portland-chinese-scholarship-foundation
b890343b-4f7b-4499-8216-e21236bdcfd0,Metropolitan Fastener Distributors Association Scholarship,2026-05-01,https://www.mfda.us/scholarships
b89460c1-a877-4f95-8dcb-2bdb49c7bb38,Colorado Women's Education Foundation,2026-04-30,https://www.scholarships.com/scholarships/colorado-womens-education-foundation
b89cf09f-2fe1-4ed7-b85e-0b7af0be6921,"G.W. ""Pete"" and Helen Honzo Elks Scholarship",2026-04-22,https://bigfuture.collegeboard.org/scholarships/gw-pete-and-helen-honzo-elks-scholarship
b8c3da3d-18df-4848-9882-2c375f1fefff,Brett Laws Memorial Scholarship,2026-04-15,https://bigfuture.collegeboard.org/scholarships/brett-laws-memorial-scholarship
b8c4c2a6-c751-49c3-a844-434249038ffb,"Lil Dawson, Winifred Black, Big Oak Rebekah Lodge #259 Scholarship",2026-04-15,https://bigfuture.collegeboard.org/scholarships/lil-dawson-winifred-black-big-oak-rebekah-lodge-259-scholarship
b8ca0c46-b5bb-4dbd-92c8-78562221ff17,Waubonsee Community College Foundation Founders Scholarship,2026-05-04,https://bigfuture.collegeboard.org/scholarships/waubonsee-community-college-foundation-founders-scholarship
b8fa1b28-2045-4f79-b8e0-3bab58951f31,The Assurance Caring Together Scholarship,2026-05-01,https://bigfuture.collegeboard.org/scholarships/the-assurance-caring-together-scholarship
b90e7c49-6efe-4d22-9b03-e35ac8d56de2,Leo H. Grether Memorial Scholarship,2026-04-15,https://bigfuture.collegeboard.org/scholarships/leo-h-grether-memorial-scholarship
b91551e6-eafb-43b4-b9ca-b1be727c8130,Mi Camino Scholarship,2026-05-04,https://bigfuture.collegeboard.org/scholarships/mi-camino-scholarship
b9275e41-91ea-4345-acab-36ffae2647df,Nacca Scholarship USA 2026 Apply,2026-05-02,https://www.scholarships.com/scholarships/nacca-scholarship
b92a7b77-da48-49af-8141-0c0ad9c7510e,Long Island Flower Growers Association Scholarship,2026-05-01,https://www.endowment.org/scholarships
b96580d4-2ce0-4624-a633-4f9ebf158f27,Laura M. Smedley Scholarship Fund,2026-04-23,https://scholarship-america-production.saiapply.org/organization/profile/create?applyToClientReturnUrl=https%3A%2F%2Fsai-pnc.saiapply.org%2Fprogram%2Fsai-smedley%2Finfo%3FcycleId%3D1CYucifdiK2D1Cg2W9J6fe&clientOrganizationId=YlhFpubIDFhYt5WeRFBFUB0ekA0f7pawDkEy
b980b65d-7b02-4faf-9845-e2498427cb6e,Essential Visionaries Scholarship,2026-04-15,https://bigfuture.collegeboard.org/scholarships/essential-visionaries-scholarship
b986d524-de43-4f8d-8380-1a5ad56a7244,Lawyers' Scholarship,2026-05-04,https://bigfuture.collegeboard.org/scholarships/lawyers-scholarship
b99b69e2-6312-487c-80e7-61896319c915,Offutt Enlisted Spouses Club High School Scholarship,2026-04-08,https://bigfuture.collegeboard.org/scholarships/offutt-enlisted-spouses-club-high-school-scholarship
b9b9857b-ca77-47f8-a300-400f5cb2372b,FSA Criminal Justice Scholarship,2026-04-30,https://bigfuture.collegeboard.org/scholarships/fsa-criminal-justice-scholarship
ba0494c5-55dc-47d2-a781-6401636e185d,Frederic A. and Margaret S. Baker Scholarship,2026-04-15,https://umass.academicworks.com/opportunities
ba0531af-82a5-47a8-b019-3814d5729c3a,TTAA Kal Segrist Scholarship,2026-04-15,https://texastechalumni.academicworks.com/
ba11f613-4050-41ab-9e3b-b1c31e64327f,Mark Wildermuth T-Com Memorial Scholarship,2026-04-15,https://bigfuture.collegeboard.org/scholarships/mark-wildermuth-t-com-memorial-scholarship
ba135c5e-836b-4ae9-845a-6bfc77f33011,FPEG Fellowship,2026-04-17,https://bigfuture.collegeboard.org/scholarships/fpeg-fellowship
ba262370-1cfc-4ede-91ba-247598873ced,Catholic Association of Foresters Educational Scholarship,2026-04-15,https://bigfuture.collegeboard.org/scholarships/catholic-association-of-foresters-educational-scholarship
ba363c05-cca7-4cf5-b51f-5da527547ead,COMTO Philadelphia Scholarship,2026-04-24,https://bigfuture.collegeboard.org/scholarships/comto-philadelphia-scholarship
ba4b73ec-7d83-43ba-a77f-f1b5f582ce6a,Sole Caregiver Scholarship,2026-04-30,https://bigfuture.collegeboard.org/scholarships/sole-caregiver-scholarship
ba4dd5eb-e848-4bb2-bcc9-e050ad81796b,White Rose Scholarship USA 2026 Apply,2026-04-30,https://www.scholarships.com/scholarships/white-rose-scholarship
ba50a97e-f1aa-4d69-ae63-8f3930746c8d,Norm Dunn Scholarship,2026-05-01,https://www.ahasc.org/youth.html
ba602582-b9f5-4985-a635-eb8ef3201be8,Mary Jo Papich JEN Co-Founder Women in Jazz Scholarship,2026-04-15,https://bigfuture.collegeboard.org/scholarships/mary-jo-papich-jen-co-founder-women-in-jazz-scholarship
ba881ce0-a63b-41e1-b092-d490c0a7dab3,Junior Fair Poultry Exhibitor Scholarship,2026-05-01,https://bigfuture.collegeboard.org/scholarships/junior-fair-poultry-exhibitor-scholarship
ba908d5a-13ae-487e-9050-b5563b44fbc4,Imperial County Farm Bureau Scholarship,2026-04-08,https://bigfuture.collegeboard.org/scholarships/imperial-county-farm-bureau-scholarship
ba972ffc-02ec-4923-b168-9c9ea63ef69e,Robert O’Connell Memorial Scholarship,2026-04-30,https://bigfuture.collegeboard.org/scholarships/robert-oconnell-memorial-scholarship
bab41568-b7fe-4cb8-915a-bd8fa3ad1da9,NCCF Survivor Scholarship Eligibility and Deadline,2026-05-01,https://bigfuture.collegeboard.org/scholarships/nccf-survivor-scholarship
babe6ced-2cab-412e-8372-dff8100bab55,Bowers Gracey Allied Health Scholarship,2026-04-06,https://bigfuture.collegeboard.org/scholarships/bowers-gracey-allied-health-scholarship
babf8313-fba7-4f7b-aba9-6fff4e4ada6b,Medical Group Management Association Western Section Scholarship,2026-05-01,https://bigfuture.collegeboard.org/scholarships/medical-group-management-association-western-section-scholarship
bad1aa78-938d-4871-97fd-43b1fa8f42b4,"""The Math Gift"" Scholarship for High School Students",2026-04-24,https://bold.org/scholarships/the-math-gift-scholarship-for-high-school-students
bad251dc-fb8a-4011-9765-12b998122af7,Neal Dukes Memorial Scholarship,2026-05-01,https://www.fgc.edu/tuition-financial-aid/available-financial-aid/foundation-scholarships.html
bade6066-661a-40cb-a000-c05ee690f0f6,Minnie Wind Wolfinbarger Scholarship,2026-04-15,https://bigfuture.collegeboard.org/scholarships/minnie-wind-wolfinbarger-scholarship
baeaf5c6-101d-4d65-bb3b-07d8f26724de,M. Frances and George J. Plava Educational Award,2026-04-10,https://bigfuture.collegeboard.org/scholarships/m-frances-and-george-j-plava-educational-award
baeda591-ca7f-4509-bc7b-a1d69960a7de,Angela Ducker Richardson Memorial Scholarship,2026-04-15,https://bigfuture.collegeboard.org/scholarships/angela-ducker-richardson-memorial-scholarship
bb0c90f3-8f5e-4ea4-82f0-699344bc8b7e,George C. and Florence E. Eikelberner Scholarship,2026-04-06,https://bigfuture.collegeboard.org/scholarships/george-c-and-florence-e-eikelberner-scholarship
bb129af9-003d-4afa-a86a-93252e1fe1cc,Albert Goldstein Scholarship,2026-04-20,https://www.nova.edu/sbin/report/scholarships/schlr-srch-params.cgi?category=Institutional&level=Graduate
bb2ea62d-d116-4005-b449-dcda6d18eaee,"Jointa Galusha, LLC – Town of Hartford Scholarship Program",2026-05-04,https://scholarship-america-production.saiapply.org/organization/profile/create?applyToClientReturnUrl=https%3A%2F%2Fsai-collins.saiapply.org%2Fprogram%2Fsai-jointagalusha%2Finfo%3FcycleId%3D1CYRQefYgPHn6bzUjXLxyn&clientOrganizationId=7Sga_6B7M_Bc_xApaXxbFHcxclid9wwRfHht
bb42293b-8c27-498a-b4f2-a9ea45ae8c23,CMA Education Foundation Scholarship,2026-04-15,https://bigfuture.collegeboard.org/scholarships/cma-education-foundation-scholarship
bb48c26f-daeb-4049-aa07-0aa4033fbff8,Cloellen Mauser Cardinal Scholarship,2026-04-15,https://bigfuture.collegeboard.org/scholarships/cloellen-mauser-cardinal-scholarship
bb8b8982-a82b-477c-a840-f3e27f092470,Maurice O'Shea Trustees' Academic Award,2026-04-04,https://bigfuture.collegeboard.org/scholarships/maurice-oshea-trustees-academic-award
bb9e04e0-211a-4581-9928-db096083aa49,Finance Your Education No-Essay Scholarship,2026-04-30,https://bold.org/scholarships/finance-education-scholarship
bb9ef76b-b52a-4908-a8bc-1f96cbdb51ac,Angus Foundation Graduate Scholarship,2026-05-01,https://bigfuture.collegeboard.org/scholarships/angus-foundation-graduate-scholarship
bbb2a42c-b018-4b7b-b970-7e586f0af181,International Postgraduate Coursework Completion Scholarship,2026-05-02,https://www.mastersportal.com/scholarships/14354/international-postgraduate-coursework-completion-scholarship.html
bbbbae13-50a0-46a5-b160-e818fe318520,Orangewood Foundation Advanced Studies Scholarship,2026-05-01,https://www.scholarships.com/scholarships/orangewood-foundation-advanced-studies-scholarship
bbd376ac-fc58-4ae8-922f-edf0f4f3a6fc,Harold D. Carpenter Scholarship,2026-04-22,https://bigfuture.collegeboard.org/scholarships/harold-d-carpenter-scholarship
bbdadabc-21d3-42ac-b532-dd92d4d5e51b,Journalism Award for Summer Internship,2026-04-15,https://bigfuture.collegeboard.org/scholarships/journalism-award-for-summer-internship
bbdc5ba6-6992-45ec-8919-ec9f7ece5753,"CBTU Leonard C. Ball, James H. Bell, and Ronald Reliford Scholarship",2026-04-17,https://bigfuture.collegeboard.org/scholarships/cbtu-leonard-c-ball-james-h-bell-and-ronald-reliford-scholarship
bbef73b2-26ec-4908-abce-d37c9e540e69,Rings of Excellence Scholarship,2026-05-01,https://www.aoefoundation.org/scholarships.php
bc142e2c-e9cc-4d10-88f9-af6e88942448,GAC Scholarship,2026-05-01,https://bigfuture.collegeboard.org/scholarships/gac-scholarship
bc210d07-3208-49a8-9de7-29dcc5f00ab7,Elgin General Store Scholarship,2026-05-01,https://bigfuture.collegeboard.org/scholarships/elgin-general-store-scholarship
bc255e50-e296-40fe-a066-6d1e9fc0737a,The Carmine and Frank Mangini Foundation MVP Scholarship,2026-05-01,https://www.cfm-foundation.org/apply-for-a-scholarship
bc351c4d-898b-400e-92b3-0479748f4993,The Joseph V. Kane Endowed Scholarship,2026-04-15,https://bigfuture.collegeboard.org/scholarships/the-joseph-v-kane-endowed-scholarship
bc38c931-05a5-4e60-8cd0-bc3720bbbfaa,Wells Fargo Endowment Fund Scholarship,2026-04-15,https://bigfuture.collegeboard.org/scholarships/wells-fargo-endowment-fund-scholarship
bc4fd33a-f018-4234-a765-d4dbed2ae3c8,The SALMON Health and Retirement Scholarship,2026-04-15,https://bigfuture.collegeboard.org/scholarships/the-salmon-health-and-retirement-scholarship
bc57240c-67d1-46ad-9ce6-6d818c39c3aa,RENEWPR LGBTQIA Endowed Scholarship,2026-04-15,https://texastechalumni.academicworks.com/
bc59a1ec-095f-4149-83b6-b152b8c6942e,Lennar Bayview Hunters Point Legacy Foundation Scholarship,2026-04-30,https://scholarshipamerica.org/scholarship/legacy-foundation
bc62fed5-f222-4409-9d3b-376d6717334b,County Consumers Plumbing Scholarship,2026-04-15,https://bigfuture.collegeboard.org/scholarships/county-consumers-plumbing-scholarship
bc66f16f-3648-47ad-ae2d-6efb00756a15,Dr. Lou Fischer JEN Co-Founder Scholarship,2026-04-15,https://bigfuture.collegeboard.org/scholarships/dr-lou-fischer-jen-co-founder-scholarship
bc83e7bb-386a-41b9-8d49-ed6a8b606837,Aurora Residents Endowed Scholarship,2026-05-04,https://bigfuture.collegeboard.org/scholarships/aurora-residents-endowed-scholarship
bca104b1-d9fe-4234-be2d-4803acdde3b9,Louis Dimasi Scholarship,2026-05-01,https://pittsburghfoundation.org/scholarship/2071
bccaf8d3-dd5e-4d24-9be5-4599b03914e9,Forrest and Sybillia Fuhr Memorial Scholarship,2026-04-30,https://bigfuture.collegeboard.org/scholarships/forrest-and-sybillia-fuhr-memorial-scholarship
bcd8c9d3-d3fc-4788-9512-4e1b5dff4c27,CFHLA Hospitality Student FULL RIDE Scholarship,2026-05-01,https://www.cfhla.org/grants-scholarships
bcdbdb57-6440-4d68-a4b3-4038d0f35d4b,Janice W. Goldstein Endowed Scholarship,2026-05-01,https://www.nova.edu/sbin/report/scholarships/schlr-srch-params.cgi?category=Institutional&level=Undergraduate
bce4e19e-5160-4129-bd66-731824cb22b3,Ernest F. Hollings Scholarship for New Students,2026-04-15,https://bigfuture.collegeboard.org/scholarships/ernest-f-hollings-scholarship-for-new-students
bce8b5bc-2828-4fe7-bd59-35a3b446dac7,Nancy B. Shirley Memorial Nursing Scholarship,2026-04-30,https://bold.org/scholarships/nancy-b-shirley-memorial-nursing-scholarship
bcf04eed-0dfb-4c16-aaac-60f941d4fb4b,Carlson-Johnson Scholarship for Nontraditional Students,2026-05-01,https://www.endowment.org/scholarships
bcf6a8ef-afc8-4759-abd1-602b12d51476,Ivy Erickson Memorial Endowed Scholarship,2026-05-04,https://bigfuture.collegeboard.org/scholarships/ivy-erickson-memorial-endowed-scholarship
bcfce7d0-236a-4f38-b599-b315032a5c57,The Dianne (Helow) '59 and Robert D. Payne Endowed Scholarship,2026-04-15,https://bigfuture.collegeboard.org/scholarships/the-dianne-helow-59-and-robert-d-payne-endowed-scholarship
bd0d6a88-17f1-4612-9c7c-1e45302961eb,Louisa A. Nicholass Scholarship,2026-05-01,https://www.framingham.edu/admissions-aid/cost-aid/types-aid/scholarships
bd48ed71-0257-4661-933f-a03083672b19,Susan Kelly Memorial Scholarship,2026-04-18,https://bold.org/scholarships/susan-kelly-memorial-scholarship
bd6b7cdd-e9ef-4866-af6b-5fc4733eab96,Donate Life Georgia Scholarship,2026-05-01,https://bigfuture.collegeboard.org/scholarships/donate-life-georgia-scholarship
bd8b741a-53c3-44e3-b200-071a9ed7c18d,Humanitarian of the Year Scholarship,2026-04-20,https://www.nova.edu/sbin/report/scholarships/schlr-srch-params.cgi?category=Institutional&level=Graduate
bd976a65-440d-415e-9761-fb4d7d279b24,Bennett-Maples Scholarship,2026-05-01,https://bigfuture.collegeboard.org/scholarships/bennett-maples-scholarship
bda15978-914a-4e64-928a-fad28704ca7f,Walter Cronkite Scholarship,2026-04-30,https://midamemmy.wufoo.com/forms/mi96e5u1nh8hjb
bda33df1-f0a4-473d-8ebe-2a7348b9abda,Charles Esplin Scholarship,2026-04-07,https://scholarship-america-production.saiapply.org/organization/profile/create?applyToClientReturnUrl=https%3A%2F%2Fsai-pnc.saiapply.org%2Fprogram%2Fsai-esplin%2Finfo%3FcycleId%3D1CYGJ7otqMmueNXfFwje7Y&clientOrganizationId=YlhFpubIDFhYt5WeRFBFUB0ekA0f7pawDkEy
bdc8d58e-feb1-4271-b1e5-343c4ff4c6d6,Caregiver’s Scholarship,2026-04-30,https://bigfuture.collegeboard.org/scholarships/caregivers-scholarship
bdcac987-7109-43db-bb9f-fd015f7bd831,505 Southwestern/New Mexico True Scholarship,2026-05-01,https://bigfuture.collegeboard.org/scholarships/505-southwesternnew-mexico-true-scholarship
bdcefa5e-7865-4087-b348-f069a0971ecf,The Don and Mary Jane Howard Endowed Scholarship,2026-04-15,https://bigfuture.collegeboard.org/scholarships/the-don-and-mary-jane-howard-endowed-scholarship
bddbc10a-8b1c-490d-b38a-e2c7f987568c,AMA Houston Penny Todd Scholarship,2026-04-30,https://www.scholarships.com/scholarships/ama-houston-penny-todd-scholarship
bdf58bf0-6e62-4257-8e0a-73fd1ba54fe5,Merritt Brook Scholarship,2026-05-01,https://bigfuture.collegeboard.org/scholarships/merritt-brook-scholarship
be2d2a06-195c-4233-a2a2-db8caf4c3dca,Dr. Joan Keller Juralewicz and Dr. Richard S. Juralewicz Endowed Scholarship,2026-04-15,https://bigfuture.collegeboard.org/scholarships/dr-joan-keller-juralewicz-and-dr-richard-s-juralewicz-endowed-scholarship
be61436b-f785-4a65-bcf9-bced3b5e7af2,Chris and Jill Pristach Teacher's Scholarship,2026-05-01,https://bigfuture.collegeboard.org/scholarships/chris-and-jill-pristach-teachers-scholarship
be6805d6-e0e2-45d8-a818-7e3d1e28eadb,CMAA Chicago Student Scholarship,2026-05-01,https://cmaa-chicago.org/Student_Scholarship_Chapters
be734c17-a064-4485-98bf-df33ddbe49fe,Tiffany Adamson Memorial Endowed Scholarship,2026-04-15,https://www.clackamas.edu/admissions-financial-aid/financial-aid-scholarships/scholarships
be88ebf9-2be8-4ee1-bc62-1a6d6edd35a4,Dwight F. Davis Memorial Scholarship,2026-04-17,https://bigfuture.collegeboard.org/scholarships/dwight-f-davis-memorial-scholarship
bea1c16a-d024-4b1e-a769-1fe9480dbca8,The Gene J. and Julianne DeFeudis Endowed Scholarship,2026-04-15,https://bigfuture.collegeboard.org/scholarships/the-gene-j-and-julianne-defeudis-endowed-scholarship
bea5c342-b52b-451e-b7d8-25142aaaea4d,The William and Helen Miller Endowed Scholarship,2026-04-15,https://bigfuture.collegeboard.org/scholarships/the-william-and-helen-miller-endowed-scholarship
beac34b9-7642-4669-905a-97142fa3c785,Courage & Hope Scholarship,2026-04-19,https://bold.org/scholarships/courage-and-hope-scholarship
beba8149-7738-41d3-a524-2e6514522bb1,Cathryn Collins Vanous Memorial Scholarship,2026-05-01,https://www.fgc.edu/tuition-financial-aid/available-financial-aid/foundation-scholarships.html
bedb8b57-c1a8-4183-97da-cfbbd7139727,Dudley DeBosier Injury Lawyers Public Service Announcement Scholarship Contest,2026-04-30,https://bigfuture.collegeboard.org/scholarships/dudley-debosier-injury-lawyers-public-service-announcement-scholarship-contest
bf061728-50fb-4589-9a5e-34926c8eb544,Redding Rodeo Scholarship,2026-05-01,https://www.reddingrodeo.com/p/getinvolved/scholarship-program
bf1933d9-8d23-4c11-8ca5-818ba0277dc9,Bridgewater State University Transitions Scholarship,2026-04-14,https://bristolcc.academicworks.com/
bf538ada-bfb1-4c1d-bf0b-11e0f1e31bab,Wisconsin Gymnastics Scholarship,2026-04-29,https://bold.org/scholarships/wisconsin-gymnastics-scholarship
bf702905-3779-4411-ba9d-6b5781a60109,Thrive LEAD Scholarship,2026-05-01,https://bigfuture.collegeboard.org/scholarships/thrive-lead-scholarship
bfa7f33c-3fe5-4fc3-b03e-26a22c371624,IL Manufacturers' Association Education Foundation Scholarship,2026-05-01,https://bigfuture.collegeboard.org/scholarships/il-manufacturers-association-education-foundation-scholarship
bfad612f-5ccb-428e-9a31-e3875508fca8,The Julia Moynihan Hickey Memorial Scholarship,2026-04-15,https://bigfuture.collegeboard.org/scholarships/the-julia-moynihan-hickey-memorial-scholarship
bfb7fa35-7bbe-4d91-b609-89c681f3e5e7,Mollie Hazen Tucker Memorial Scholarship,2026-05-01,https://bigfuture.collegeboard.org/scholarships/mollie-hazen-tucker-memorial-scholarship
bfbf73fb-bb73-40bc-a6a5-644004d4263f,Robert J. Meyer Organic Farming Scholarship,2026-04-30,https://www.scholarships.com/scholarships/robert-j-meyer-organic-farming-scholarship
bfbfe243-0745-441d-b990-c5e8f117237a,Lumber Dealers Association of Connecticut Scholarship,2026-04-30,https://bigfuture.collegeboard.org/scholarships/lumber-dealers-association-of-connecticut-scholarship
bfd86bfd-50b8-4904-a731-e22762606eb4,18 Under 18 Scholarship,2026-04-10,https://bigfuture.collegeboard.org/scholarships/18-under-18-scholarship
bfe0aae5-55f5-45b9-a1c0-3322a34a9d73,Jessi Combs Foundation Scholarship,2026-05-01,http://thejessicombsfoundation-7708052.hs-sites.com/scholarship-2022-0
bffec9f8-8757-4608-a918-8cadc3bd77af,Sue Cantrell Scholarship Program,2026-04-30,https://bigfuture.collegeboard.org/scholarships/sue-cantrell-scholarship-program
c0130cb7-b6e7-45c1-9936-93fcf80caee0,"Daniel R. Torres ""Complete Your Dream” Memorial Scholarship",2026-04-15,https://bold.org/scholarships/daniel-r-torres-complete-your-dream-memorial-scholarship
c01c3bac-958f-4b23-a719-c42b5da53a42,McDonald's of Central Texas ACC Scholarship,2026-05-01,https://bigfuture.collegeboard.org/scholarships/mcdonalds-of-central-texas-acc-scholarship
c05853fc-53b7-4b06-827d-3f78eba5f8c7,Jamye Coleman Williams Scholarship,2026-04-16,https://bigfuture.collegeboard.org/scholarships/jamye-coleman-williams-scholarship
c06f30ba-99ca-4d11-bb2d-4c809d3cd1cb,Cory D. White Memorial Scholarship,2026-04-15,https://bigfuture.collegeboard.org/scholarships/cory-d-white-memorial-scholarship
c08edd2b-3224-4671-b6f6-effaf68528cf,Rudy and Margaret Minton Memorial Scholarship,2026-05-01,https://bigfuture.collegeboard.org/scholarships/rudy-and-margaret-minton-memorial-scholarship
c0b68f18-b1dc-4d5e-bca4-45d3014dbf84,"Morgantown, WV Chapter Scholarship",2026-04-15,https://www.texastechalumni.org/s/1422/a22/interior.aspx?sid=1422&gid=1001&pgid=1384
c0c1b1a9-69ea-4528-bbc3-c719bd2013dc,"NJAS ""In A League of Their Own"" Scholarship",2026-05-01,https://bigfuture.collegeboard.org/scholarships/njas-in-a-league-of-their-own-scholarship
c0d1f8fa-77cd-46c5-8952-ff72b04731b9,"David G. Kent NHTM Math Education Major, Math Major, &  Elementary Education Scholarship",2026-05-01,https://bigfuture.collegeboard.org/scholarships/david-g-kent-nhtm-math-education-major-math-major---elementary-education-scholarship
c0d6e352-9da9-4f6f-9791-57c314103af0,Mike & Sharon Erickson Nursing Scholarship,2026-05-04,https://bigfuture.collegeboard.org/scholarships/mike--sharon-erickson-nursing-scholarship
c0df2e01-5fde-4915-9744-5eb31b8c1588,Thomas F. Smith Recipient Scholarship,2026-05-01,https://bigfuture.collegeboard.org/scholarships/thomas-f-smith-recipient-scholarship
c0e40bf6-0008-46d4-b337-b4c646dc1339,"Rexanna's Scholarship Eligibility, Deadline & Apply",2026-04-22,https://bigfuture.collegeboard.org/scholarships/rexannas-scholarship
c0e4a4f6-75fc-4e58-a012-217c24b3fc12,CollegeReady Scholarship Program,2026-05-01,https://bigfuture.collegeboard.org/scholarships/collegeready-scholarship-program
c0e8c95b-a6aa-4f6e-b028-5805470061e5,The Smith Family Scholarship,2026-04-15,https://bigfuture.collegeboard.org/scholarships/the-smith-family-scholarship
c0f10ac4-71d2-4bc0-8f48-85400ace8735,COMTO Member Scholarship in Honor of Clarence Brangman,2026-04-24,https://bigfuture.collegeboard.org/scholarships/comto-member-scholarship-in-honor-of-clarence-brangman
c0f5a254-c0d8-47e5-88a5-e66cab75ef8d,Robyn Richter Endowed Scholarship,2026-05-01,https://austincc.academicworks.com/opportunities/9979
c0fbdcb2-b9ec-4744-8fc7-6087c0889ea3,Martin and Lucille Stohr Scholarship,2026-04-22,https://bigfuture.collegeboard.org/scholarships/martin-and-lucille-stohr-scholarship
c0fd9561-9734-4c38-adae-a3d3339b125e,"Madison ""Maddi"" Higgins Memorial Scholarship",2026-04-22,https://bigfuture.collegeboard.org/scholarships/madison-maddi-higgins-memorial-scholarship
c11684bb-97af-4335-bd57-92a6363c25bd,The Melissa Stoneberger Foundation Scholarship,2026-05-01,https://www.scholarships.com/scholarships/the-melissa-stoneberger-foundation-scholarship
c11a6f4b-e933-4950-a1eb-ac7edc18f90c,Otto and Edna Neely Foundation Scholarship,2026-04-15,https://bigfuture.collegeboard.org/scholarships/otto-and-edna-neely-foundation-scholarship
c12dca1a-b64a-4e1f-a5ee-99aa5246af11,Julie Hurst and Steve Peters Education Scholarship,2026-05-01,https://www.azfoundation.org/scholarship-seekers/scholarships/julie-hurst-and-steve-peters-education-fund-scholarship
c131246e-4175-4e3f-831d-ecefb42388b1,Farrell Insurance Agency Scholarship,2026-04-15,https://bigfuture.collegeboard.org/scholarships/farrell-insurance-agency-scholarship
c1328485-de16-437f-96d7-f62418f197f7,Illinois Landscape Contractors Association Landscape and Horticulture High School Scholarship,2026-04-10,https://bigfuture.collegeboard.org/scholarships/illinois-landscape-contractors-association-landscape-and-horticulture-high-school-scholarship
c1602526-7ea3-4c42-a4d9-fe56698e61ca,Surveys and Savings No-Essay Scholarship,2026-04-30,https://bold.org/scholarships/surveys-and-savings-scholarship
c16cd7c5-b4d3-4882-a659-06c0c588239e,The Emma Nylen Scholarship USA 2026 Apply,2026-04-24,https://www.scholarships.com/scholarships/the-emma-nylen-scholarship
c181e7c2-48fd-4c87-b1da-784742f02208,Arch G. and Mina Lamb and Arch Karl Lamb Scholarship,2026-04-15,https://texastechalumni.academicworks.com/
c1852e0c-5142-47b7-b447-954c4b555809,Clark Rivers Endowed Automotive Technologies Tool Scholarship,2026-04-15,https://bigfuture.collegeboard.org/scholarships/clark-rivers-endowed-automotive-technologies-tool-scholarship
c193e74d-06a5-4c66-bcca-05e84e34f985,Maryland Society of Mayflower Descendants Scholarship,2026-04-24,https://bigfuture.collegeboard.org/scholarships/maryland-society-of-mayflower-descendants-scholarship
c19d1df8-ba22-467e-9bd9-aae622f0a0e5,Anthony Samfay Memorial Scholarship,2026-05-01,https://bigfuture.collegeboard.org/scholarships/anthony-samfay-memorial-scholarship
c19f26fd-a5bb-426c-84db-d32bd83097f0,Wells Fargo Veterans Scholarship Program,2026-04-10,https://bigfuture.collegeboard.org/scholarships/wells-fargo-veterans-scholarship-program
c1a89dcc-7b0e-4fc8-b193-0eac1e2afba8,The Gus VonBodungen Scholarship,2026-04-22,https://bigfuture.collegeboard.org/scholarships/the-gus-vonbodungen-scholarship
c1c565d9-307a-4502-9bec-c8065a67d166,Thomas C. Hendrick Endowed Scholarship for Veterans,2026-04-15,https://www.unf.edu/udae/awards/endowments.html
c1d507f0-633b-4a1a-bff6-58bfe17a023c,James R. Ware Stop & Shop Scholarship,2026-04-04,https://bigfuture.collegeboard.org/scholarships/james-r-ware-stop--shop-scholarship
c1dc05a9-6e11-41b3-9e90-e7a6873574b9,Bridgewater State University Transfer Merit Scholarship,2026-04-14,https://massasoit.awardspring.com/Home/Scholarships
c1e44625-da97-49b0-b026-7d034eecf2bd,Maxine Williams Scholarship,2026-04-15,https://bigfuture.collegeboard.org/scholarships/maxine-williams-scholarship
c1f5c386-6b93-4f12-8ecf-4408bbe525a8,Jim Owens Memorial Ranch Rodeo Scholarship,2026-04-17,https://bigfuture.collegeboard.org/scholarships/jim-owens-memorial-ranch-rodeo-scholarship
c1ff4b64-0690-4c56-915d-4939d0e15a14,Linda Sears Koberlein Annual Nursing Scholarship,2026-05-01,https://www.fgc.edu/tuition-financial-aid/available-financial-aid/foundation-scholarships.html
c216ba2e-6f5c-42ca-8a83-0e2cf7f7cf2d,CB Metcalf Teaching Endowed Scholarship,2026-05-01,https://www.fgc.edu/tuition-financial-aid/available-financial-aid/foundation-scholarships.html
c21bfba4-7658-4a05-9319-f6573c71221e,NSA Annual Scholarship Awards,2026-04-30,https://bigfuture.collegeboard.org/scholarships/nsa-annual-scholarship-awards
c2656ffd-468c-4d0b-8225-4bb9dd617a43,Ruth Mary Leavitt Memorial Scholarship,2026-04-15,https://bigfuture.collegeboard.org/scholarships/ruth-mary-leavitt-memorial-scholarship
c26d6f45-3767-4871-841d-a6ebb4dd05e8,Law Enforcement Memorial Scholarship,2026-05-01,https://www.fftc.org/scholarships
c271e4c2-5718-4e8f-95ea-d3f6eda25294,"Travel Funding Available for the annual meeting of the Society for the History of Technology, 2022, US",2022-08-15,https://shotsecretariat.wufoo.com/forms/z1rnckc60i90v1j
c29b68db-4452-4a2d-bb07-f59cc671b05c,WTHS Class of '95 Memorial Scholarship,2026-04-14,https://bold.org/scholarships/WTHS-class-of-95-memorial-scholarship
c2a81949-2bb2-4b0f-b85e-bf5ef7d44e46,My Missouri Scholarship Promise Program (MyMO),2026-04-15,https://bigfuture.collegeboard.org/scholarships/my-missouri-scholarship-promise-program-mymo
c2dc4f21-640b-4e32-8d35-aed5ef75267d,Julian E. Carnes Scholarship,2026-05-01,https://www.fftc.org/scholarships
c2eaebc1-f73a-4293-baae-baa88be0a1e6,The NextEra Energy Scholarship Award for Students in SECME,2026-04-14,http://eepurl.com/hyBLiL
c2ed3772-37d1-45c8-b437-494d62fe7a74,Yolo County Cattlemen's and Woolgrower's Association Scholarship,2026-04-15,https://bigfuture.collegeboard.org/scholarships/yolo-county-cattlemens-and-woolgrowers-association-scholarship
c3032b07-e549-4896-b134-03792b1743c7,The Frances M. Moschella Elementary Education Memorial Scholarship,2026-04-15,https://bigfuture.collegeboard.org/scholarships/the-frances-m-moschella-elementary-education-memorial-scholarship
c307d03a-0c03-4e33-8fe3-8a0d1bd9a4de,Jerome L. Hauck Scholarship,2026-05-01,https://bigfuture.collegeboard.org/scholarships/jerome-l-hauck-scholarship
c3129279-0b4b-4827-94fe-1dfa7cc8067e,Florida Environmental Health Association Scholarship,2026-05-01,https://bigfuture.collegeboard.org/scholarships/florida-environmental-health-association-scholarship
c31c660a-8513-4963-8eb4-c2f1fec97c6c,PHCC Educational Foundation Scholarships Guide,2026-05-01,https://www.scholarships.com/scholarships/phcc-educational-foundation-scholarships
c32f2bd2-6727-495b-9f68-170290e1cee0,National Scholastic Surfing Association National Scholarship,2026-05-01,https://bigfuture.collegeboard.org/scholarships/national-scholastic-surfing-association-national-scholarship
c3337f30-082c-4460-bc65-211a13b7deef,Dairy Shrine/DMI Education and Communication Scholarship,2026-04-15,https://bigfuture.collegeboard.org/scholarships/dairy-shrinedmi-education-and-communication-scholarship
c34c6e7b-d3a9-4bb5-89d6-35cc57ba31a2,Mary Jane Dailey Wood Scholarship,2026-04-10,https://bigfuture.collegeboard.org/scholarships/mary-jane-dailey-wood-scholarship
c3614f80-3f93-4812-b169-555e7e6a495e,"International Bridge, Tunnel, and Turnpike Association Foundation Scholarship",2026-04-17,https://bigfuture.collegeboard.org/scholarships/international-bridge-tunnel-and-turnpike-association-foundation-scholarship
c3756b4b-604a-48b6-a74a-567e456f8acc,MBA Student Broadcaster Scholarship,2026-04-17,https://bigfuture.collegeboard.org/scholarships/mba-student-broadcaster-scholarship
c377ab92-b6d7-4b48-9f72-bb4b90fd4f9b,YNS Swimmer Scholarship,2026-04-15,https://bigfuture.collegeboard.org/scholarships/yns-swimmer-scholarship
c37adb69-6256-4aff-927e-fe2e4ab9fe00,Cynthia A. Carano Memorial Scholarship,2026-04-22,https://bigfuture.collegeboard.org/scholarships/cynthia-a-carano-memorial-scholarship
c387a2fd-0f74-461c-85ff-e4170ef67496,Buckeye and Bluegrass Scholarship,2026-04-15,https://bigfuture.collegeboard.org/scholarships/buckeye-and-bluegrass-scholarship
c39aa5e4-70a1-41d6-8c76-ee4b54ba88d6,General Scholarship - Welding Program,2026-04-15,https://bigfuture.collegeboard.org/scholarships/general-scholarship---welding-program
c3ab2dad-e749-4858-b24c-fe125fee8142,The Maine Tuition Waiver (Foster Care),2026-05-01,https://www.famemaine.com/affording-education/pay-for-school/maine-grant-tuition-programs/tuition-waiver-program
c3bd8795-0644-4ca1-9691-1cc8ba63026f,Marcia and John Lally Service Award,2026-04-30,https://bigfuture.collegeboard.org/scholarships/marcia-and-john-lally-service-award
c3e2bdf9-60fa-4b9d-82e6-11159d554340,Indiana Women in Public Finance Scholarship,2026-04-08,https://bigfuture.collegeboard.org/scholarships/indiana-women-in-public-finance-scholarship
c3ef83c3-872e-4f2b-86fa-2aaae08e0fbe,Jack and Edna Maguire Education Scholarship,2026-04-06,https://bigfuture.collegeboard.org/scholarships/jack-and-edna-maguire-education-scholarship
c3fb126d-a457-4c22-8972-34e8eb37eb5f,Giangrande Family Scholarship,2026-04-30,https://bigfuture.collegeboard.org/scholarships/giangrande-family-scholarship
c3fcc163-f371-42b0-b5b9-47412363c2ef,Ronald H. Parmentier Memorial Scholarship,2026-04-08,https://bigfuture.collegeboard.org/scholarships/ronald-h-parmentier-memorial-scholarship
c436106f-0ccc-496d-9004-bb80030eebc5,Richard W. Riley Upward Bound Scholarship,2026-04-15,https://bigfuture.collegeboard.org/scholarships/richard-w-riley-upward-bound-scholarship
c437f0a6-7f02-4858-a0e9-eb5f999e4f26,Rev. James Hickson Lee Endowed Scholarship,2026-05-01,https://austincc.academicworks.com/opportunities/9800
c4403db9-8012-4bbd-9f52-c16f6e01d25c,Frontier Conference Scholarship,2026-05-01,https://bigfuture.collegeboard.org/scholarships/frontier-conference-scholarship
c4439e52-9888-4f94-a8f0-f0d56469fd67,Lexi Nicole Olvera Memorial Scholarship,2026-04-21,https://bold.org/scholarships/lexi-nicole-olvera-memorial-scholarship
c4462a8d-2683-4907-aec5-c12c8ee3d7fc,Building and Construction Technology Alumni Scholarship for Leadership (BCT),2026-04-14,https://bigfuture.collegeboard.org/scholarships/building-and-construction-technology-alumni-scholarship-for-leadership-bct
c458b2cf-7587-4f63-a7b4-08bc62871ff0,Amy Erickson Scholarship,2026-05-01,https://www.sfacf.org/grants-scholarships/scholarships/for-current-college-students
c45d3d4b-ee2e-46ac-86d6-04543eceb33f,Fraternal Order of Police Associates of Ohio Scholarship,2026-05-01,https://bigfuture.collegeboard.org/scholarships/fraternal-order-of-police-associates-of-ohio-scholarship
c462e9b9-30ec-47b4-8cfe-a3162bbfd483,Germaine Y. Lanzikos Scholarship,2026-04-14,https://bigfuture.collegeboard.org/scholarships/germaine-y-lanzikos-scholarship
c4656b21-7f0f-41a0-92dc-90c9e4f2c4d2,Fine Arts Scholarship,2026-05-01,https://bigfuture.collegeboard.org/scholarships/fine-arts-scholarship
c4a16852-dccb-4846-969b-c65da045be06,Peter L. Picknelly Scholarship,2026-04-30,https://bigfuture.collegeboard.org/scholarships/peter-l-picknelly-scholarship
c4be7e67-725d-42ad-b4c2-9fc0faa513b0,Clinton Wayen Meineke (A Clinton Local) Scholarship,2026-04-15,https://bold.org/scholarships/clinton-wayen-meineke-a-clinton-local-scholarship
c4cc2c21-c77e-41a3-9b25-07c300bd1970,Garcia Family Scholarship,2026-05-01,https://www.endowment.org/scholarships
c4ce0a5d-88fc-4dee-b28d-e88cdf977928,Gene Suave Scholarship,2026-04-30,https://bigfuture.collegeboard.org/scholarships/gene-suave-scholarship
c4db3de6-c731-463e-99aa-f5dc60022bc3,The Graydon and Myrth Fox Scholarship,2026-04-30,https://bigfuture.collegeboard.org/scholarships/the-graydon-and-myrth-fox-scholarship
c4dd17b1-4eb5-451b-86c9-a8f53368f742,Tom McKnight and Joan Clemmons Scholarship,2026-05-01,https://bigfuture.collegeboard.org/scholarships/tom-mcknight-and-joan-clemmons-scholarship
c4e62db5-2d01-48d8-bdd6-f34bed88b7c1,Study.com Scholarship for Women in Engineering,2026-05-01,https://bigfuture.collegeboard.org/scholarships/studycom-scholarship-for-women-in-engineering
c4e67cba-efc4-46e3-94c5-e803243ad703,Eta Gamma Omega Chapter HBCU Undergraduate Scholarship,2026-04-07,https://bigfuture.collegeboard.org/scholarships/eta-gamma-omega-chapter-hbcu-undergraduate-scholarship
c4f02cb9-d884-4d76-8293-46ba969c2508,The Helen M. Smith Scholarship,2026-04-15,https://bigfuture.collegeboard.org/scholarships/the-helen-m-smith-scholarship
c50c48a8-3691-4331-b60d-a46e03348125,Refrigeration Service Engineers Society (RSES) Scholarship,2026-04-04,https://bigfuture.collegeboard.org/scholarships/refrigeration-service-engineers-society-rses-scholarship
c5121433-c915-4221-9ed3-250b7fc9014c,James B. Pearson Fellowship,2026-04-10,https://bigfuture.collegeboard.org/scholarships/james-b-pearson-fellowship
c5521eea-fa4c-4d8f-9766-ef8e38c1f1bb,The Ralph Ricci Memorial Scholarship,2026-04-15,https://bigfuture.collegeboard.org/scholarships/the-ralph-ricci-memorial-scholarship
c5554678-1f51-4f96-8771-c32cf56cdbcd,Eve Devitt Scholarship for Human Rights,2026-05-01,https://www.scholarships.com/scholarships/eve-devitt-scholarship-for-human-rights
c57a8663-e5bc-41c3-a4b4-7789fa7fbbe9,Pa’lante! Latinas in STEM Scholarship,2026-04-30,https://bold.org/scholarships/palante-latinas-in-STEM-scholarship
c5836500-de32-45dc-9317-50621553e8ea,FPEG Scholarship,2026-04-17,https://bigfuture.collegeboard.org/scholarships/fpeg-scholarship
c599f9b7-9774-4a62-b17f-bcb91fa5f1c7,Michael J. Quill Scholarship,2026-04-24,https://bigfuture.collegeboard.org/scholarships/michael-j-quill-scholarship
c59d3946-6f3e-4f56-ae5e-3660dcaeb4ac,Kids' Chance of Georgia Scholarship,2026-04-30,https://bigfuture.collegeboard.org/scholarships/kids-chance-of-georgia-scholarship
c5ae5c58-1a3e-44af-bd05-495fc064770a,The Restoration of Sight & Health Scholarship,2026-04-30,https://www.scholarships.com/scholarships/the-restoration-of-sight-and-health-scholarship
c5b14e17-8fa1-4cfb-9edd-bda6f07e1f50,Regina C. Williams Memorial Scholarship,2026-04-30,https://www.scholarships.com/scholarships/regina-c-williams-memorial-scholarship
c5d8f7d1-e5d0-48c0-8c6c-49716183cd65,New American Scholarship,2026-04-12,https://bigfuture.collegeboard.org/scholarships/new-american-scholarship
c5e4d0b5-8856-4f4c-b748-78e2f241ffe3,That Others May Live Foundation Scholarship,2026-04-30,https://www.thatothersmaylive.org/programs/scholarship-program
c60953ea-703d-4805-8d31-9f6c51ead8a0,Oliver A. Hansen Family/Laudmere Farm Angus Scholarship,2026-05-01,https://www.angus.org/foundation/apply-for-scholarships/njaa-scholarships
c6185db1-7fd7-4174-b6e6-1187c5ca8aaf,West Texas Running Club Scholarship,2026-04-15,https://texastechalumni.academicworks.com/
c6442d6a-f441-4275-9e5c-b7c42705598d,Black Oak Casino Resort Scholarship,2026-04-15,https://bigfuture.collegeboard.org/scholarships/black-oak-casino-resort-scholarship
c66081c2-b182-4d6e-8f26-0e499ccfe3cf,Simon Strong Scholarship,2026-04-14,https://bold.org/scholarships/simon-strong-scholarship
c671388f-40ca-4779-93c3-41d3dee78fe9,Losinger Nursing Scholarship,2026-04-19,https://bold.org/scholarships/losinger-nursing-scholarship
c6728fd1-a109-4eed-9da7-41493ec5fa32,Fisher Cats Foundation Scholar-Athlete Scholarship,2026-04-17,https://bigfuture.collegeboard.org/scholarships/fisher-cats-foundation-scholar-athlete-scholarship
c6734519-0108-48d3-bb84-1b15c76454c7,Mississippi Baptist Foundation College Scholarship,2026-04-30,https://www.msbaptistfoundation.org/scholarships
c677f13c-1a02-476b-bdba-d7d7cdf4763b,Olga Proudian Scholarship in Diplomacy,2026-04-15,https://bigfuture.collegeboard.org/scholarships/olga-proudian-scholarship-in-diplomacy
c68a1469-d879-42b3-bafc-f9cc0520a08a,Linda Carter Slade Endowed Scholarship,2026-04-15,https://www.unf.edu/silverfield/scholarships/fellowship-list.html
c6936d31-fc17-4216-a4c0-8db3850717f6,Dairy Shrine/DMI Milk Marketing and Dairy Products Scholarship,2026-04-15,https://bigfuture.collegeboard.org/scholarships/dairy-shrinedmi-milk-marketing-and-dairy-products-scholarship
c6a17567-670f-4599-b456-81cd016b9fd8,Environmental Biology Endowed Scholarship,2026-05-01,https://bigfuture.collegeboard.org/scholarships/environmental-biology-endowed-scholarship
c6a8c24e-0dbf-42dc-b704-88be93d7afce,Helen and Steve Maltezos Scholarship,2026-04-24,https://bigfuture.collegeboard.org/scholarships/helen-and-steve-maltezos-scholarship
c6b24fc0-aca2-4924-b64b-05811929384d,Bulkeley Alumni-Harold J. Arkava Scholarship,2026-04-22,https://cfect.org/scholarships/scholarship-opportunities
c6c0a69c-742b-469c-a845-36dfee8f984e,Francis Maria Scholarship,2026-05-01,https://bigfuture.collegeboard.org/scholarships/francis-maria-scholarship
c6c26bed-f7b8-4e91-a42b-1bf9aa5da75d,Bobbie Ruth Silcott Memorial Scholarship,2026-04-15,https://texastechalumni.academicworks.com/
c6da7684-8ad0-4731-9e1c-37a6c5b17f13,Dr. Christine J. Sobek Endowed Scholarship,2026-05-04,https://bigfuture.collegeboard.org/scholarships/dr-christine-j-sobek-endowed-scholarship
c6f1e56d-394f-44cc-ab69-7896d1f30e51,Verner E. Suomi Scholarship Award for Outstanding Achievement in the Physical Sciences,2026-04-15,https://bigfuture.collegeboard.org/scholarships/verner-e-suomi-scholarship-award-for-outstanding-achievement-in-the-physical-sciences
c6f50c69-0767-4091-a56d-bdcd52811b28,Beverly and D.R. Lutton Endowed Scholarship,2026-04-15,https://bigfuture.collegeboard.org/scholarships/beverly-and-dr-lutton-endowed-scholarship
c6f7755c-0615-49b3-bda8-1ff3606907f2,John C. Bajus Scholarship,2026-04-15,https://bigfuture.collegeboard.org/scholarships/john-c-bajus-scholarship
c6fdf4f3-3c31-45ab-a495-ad1448a6c649,Boudreau Leadership Scholarship,2026-05-04,https://bigfuture.collegeboard.org/scholarships/boudreau-leadership-scholarship
c7148d02-b92b-4e02-897c-9d2600a98912,Lime Connect Pathways Scholarship for High School Seniors,2026-04-14,https://bigfuture.collegeboard.org/scholarships/lime-connect-pathways-scholarship-for-high-school-seniors
c716cd54-082f-432c-ae1a-ac6252f9d86b,Class of 1965 Memorial Scholarship,2026-04-15,https://bigfuture.collegeboard.org/scholarships/class-of-1965-memorial-scholarship
c741d6fc-5644-48b5-9145-5872459357bc,Schneider Electric/Square D Scholarship,2026-04-15,https://bigfuture.collegeboard.org/scholarships/schneider-electricsquare-d-scholarship
c75c0bb1-ffd5-479b-9b1f-348594687a9f,Phillips Family First Generation Endowment Scholarship,2026-04-15,https://www.unf.edu/udae/awards/endowments.html
c775143f-3600-4525-8020-6a3b6c2a5264,Fred Hoey Memorial Scholarship,2026-04-30,https://bigfuture.collegeboard.org/scholarships/fred-hoey-memorial-scholarship
c7919b09-8791-4b72-aab0-7abc12d598a7,PPG Industries HBCU Scholarship eligibility 2026 USA,2026-04-24,https://bigfuture.collegeboard.org/scholarships/ppg-industries-hbcu-scholarship
c79ec203-ced6-46b8-b5b7-4ce1e23137d9,PEO Chapter JR Scholarship,2026-05-01,https://bigfuture.collegeboard.org/scholarships/peo-chapter-jr-scholarship
c79f7681-8f50-4d63-b404-a842d3ac87a7,Milano Family Scholarship,2026-04-22,https://bigfuture.collegeboard.org/scholarships/milano-family-scholarship
c7a6123e-4a01-48f4-b2d2-3bb97a839756,Francis and Jean Smith Scholarship,2026-05-01,https://bigfuture.collegeboard.org/scholarships/francis-and-jean-smith-scholarship
c7b3cf3f-dc04-4d81-bfca-bdb1c4a962de,Charles Haworth Awards for Student Veterans,2026-04-30,https://fsu.academicworks.com/opportunities
c7b43966-c771-4db9-94ab-fe74866f41ac,Patricia Schroder Memorial Scholarship,2026-04-15,https://bigfuture.collegeboard.org/scholarships/patricia-schroder-memorial-scholarship
c7dc0414-d699-4b10-9e43-8f429949264a,Jim Hudson Athletic Endowed Scholarship,2026-04-15,https://www.clackamas.edu/admissions-financial-aid/financial-aid-scholarships/scholarships
c7dfaa3e-3ef6-4c29-9f5b-ab21446928fc,Socii Scholarship,2026-04-15,https://texastechalumni.academicworks.com/
c7ec5552-cded-4d5f-9e01-7499b9f1021e,Arkansas Press Women Scholarship,2026-04-10,https://bigfuture.collegeboard.org/scholarships/arkansas-press-women-scholarship
c7f0f660-a547-4efb-91e9-c5dfc6573d4a,Noam Nicholson Memorial Scholarship,2026-04-11,https://bold.org/scholarships/noam-nicholson-memorial-scholarship
c80646aa-672b-4715-9963-cf797b6d1511,Fuiava Engineering Scholarship,2026-04-19,https://bold.org/scholarships/fuiava-engineering-scholarship
c8096e4c-eedc-45f1-8b66-c6d45a12e54d,Pat Dobbs Scholarship,2026-05-01,https://austincc.academicworks.com/opportunities/10210
c80cf082-937c-4af4-a5ed-9d7331966fd5,"Dr. James T. Anderson and John F. Root, Jr. Scholarship",2026-04-22,https://bigfuture.collegeboard.org/scholarships/dr-james-t-anderson-and-john-f-root-jr-scholarship
c80d4c19-3928-477c-b3b6-df23fb50b294,BNSF Opportunity Scholarship,2026-04-15,https://bigfuture.collegeboard.org/scholarships/bnsf-opportunity-scholarship
c81f2134-2297-47ad-8271-94300364e90d,Northsteppe/T. Ewing Miller Memorial Real Estate Scholarship Scholarship,2026-05-01,https://bigfuture.collegeboard.org/scholarships/northsteppet-ewing-miller-memorial-real-estate-scholarship-scholarship
c8365666-8906-4548-95ca-a4685cc4630b,Timothy J. O'Leary Scholarship,2026-04-15,https://bigfuture.collegeboard.org/scholarships/timothy-j-oleary-scholarship
c83face0-6de4-4155-aad2-454d0743fe35,South Shore Bank - Mary E. Baker Memorial Scholarship,2026-04-14,https://bigfuture.collegeboard.org/scholarships/south-shore-bank---mary-e-baker-memorial-scholarship
c850e1e1-e139-4ec0-a761-18200a791149,"William P. Brooks, William B. Drew and Shirley Upton-Drew Memorial Scholarship",2026-04-15,https://umass.academicworks.com/opportunities
c8568c8a-6dc9-4708-80cb-fd9d35e89b8c,Class of 2011 Student Leader Scholarship,2026-04-15,https://bigfuture.collegeboard.org/scholarships/class-of-2011-student-leader-scholarship
c86d3b77-1b13-4c49-ada3-a9485cd97748,Best Faith-Based Colleges No-Essay Scholarship,2026-04-30,https://bold.org/scholarships/best-faith-based-colleges-no-essay-scholarship
c87d34a5-3ae8-4d36-afed-97281821e271,St. Elizabeth Health Foundation Scholarship Program,2026-04-10,https://scholarship-america-production.saiapply.org/organization/profile/create?applyToClientReturnUrl=https%3A%2F%2Fsai-sehf.saiapply.org%2Fprogram%2Fsai-saintelizabeth%2Finfo%3FcycleId%3D1CXoQ1Ne8FbQZWpBWGzmRs&clientOrganizationId=euysD7uFUamcmECezgnnlDT8TPminFrNCJzK
c89641da-c8d2-4c74-9084-8c37e9432669,OCA-UPS Gold Mountain Scholarship,2026-04-17,https://bigfuture.collegeboard.org/scholarships/oca-ups-gold-mountain-scholarship
c896ce35-f32a-4d72-b24b-ef2b05f691b6,Susan Lawrence Soldier For Life Scholarship Guide,2026-05-01,https://www.scholarships.com/scholarships/susan-lawrence-soldier-for-life-scholarship
c897e1d2-db38-418c-b24a-4f653bb2f1fd,"Maxwell, Locke & Ritter Founders Legacy Endowed Scholarship",2026-05-01,https://austincc.academicworks.com/opportunities/9724
c899fa72-bac7-462b-961f-a50a20167a3e,Maynard and Adonna Moreland Scholarship,2026-04-27,https://bold.org/scholarships/maynard-and-adonna-moreland-scholarship
c89f19cb-e9ef-4370-ab5c-9d3ea03a7af6,South Carolina Farm Bureau Foundation Scholarship,2026-04-30,https://bigfuture.collegeboard.org/scholarships/south-carolina-farm-bureau-foundation-scholarship
c8b220fd-f8dd-4eb9-9dda-add86b1ad74a,Estellean Wick Cochise Community Scholarship,2026-04-15,https://bigfuture.collegeboard.org/scholarships/estellean-wick-cochise-community-scholarship
c8b2eba3-4652-40ea-851d-2937bacd1beb,Davis Memorial Foundation Scholarship Guide,2026-04-24,https://www.scholarships.com/scholarships/davis-memorial-foundation-scholarship
c8bd4c83-888d-4b04-b746-faca572d35f5,Hicks Honors College Fellows Award,2026-04-15,https://bigfuture.collegeboard.org/scholarships/hicks-honors-college-fellows-award
c8cf31d7-7ee6-4602-a8c8-41c1c2a61107,Chicago Police and Firefighter Training Academy Scholarship,2026-05-01,https://www.scholarships.com/scholarships/chicago-police-and-firefighter-training-academy-scholarship
c8e52728-cab0-4d89-9cf8-9e26fc521326,Jill Ann Newman Scholarship,2026-04-15,https://bigfuture.collegeboard.org/scholarships/jill-ann-newman-scholarship
c8ec46ad-61cb-49b8-84fb-36a44c0b190b,CANERS High School Student Scholarship,2026-04-30,https://www.plantcalifornia.com/scholarship-application-for-high-school-students
c9024255-6725-44c3-9469-581ca17d21c2,AZ AER Student Merit Scholarship,2026-05-01,https://bigfuture.collegeboard.org/scholarships/az-aer-student-merit-scholarship
c90641b5-ec78-4cd6-a967-baad15f23074,Herman J. Neal Accounting Scholarship,2026-04-08,https://bigfuture.collegeboard.org/scholarships/herman-j-neal-accounting-scholarship
c918042e-cc9a-4029-9a0e-0f9062260af8,CSHSRA Member Awards Scholarship,2026-05-01,https://www.cshsra.org/scholarship.aspx
c918093f-139d-4791-a406-277aeb0ff268,Pfizer Scholarship,2026-04-22,https://bigfuture.collegeboard.org/scholarships/pfizer-scholarship
c91ccd72-2ae4-4d9e-b235-ef7c7f74e0a9,"Anita and Richard ""Shorty"" Dickson Memorial Endowed Scholarship",2026-05-04,https://bigfuture.collegeboard.org/scholarships/anita-and-richard-shorty-dickson-memorial-endowed-scholarship
c93883a1-bd94-4f7c-b183-d4a36532b54e,CST Bursary Award Scholarship,2026-04-24,https://bigfuture.collegeboard.org/scholarships/cst-bursary-award-scholarship
c94c2e01-3ef2-4a1e-b0be-4c59ffebc192,TTAA Barry and SuDeline Street Scholarship,2026-04-15,https://texastechalumni.academicworks.com/
c94f7476-331f-4cbc-872b-e8928668c684,Vida Wight Memorial Scholarship,2026-04-23,https://bigfuture.collegeboard.org/scholarships/vida-wight-memorial-scholarship
c9550054-76c9-40d5-a55c-95ff29e1652f,Burnett-Ennis Scholarship,2026-04-15,https://www.washcoach.net/
c974b9a4-1891-4e3e-8131-3b11bc007e34,San Diego County Citizens' Scholarship,2026-05-01,https://www.sdccsf.org/applicants-2
c97c8ac5-8cb3-4ad3-979c-f893054edd02,The Robert W. Barros ’52 Endowed Scholarship,2026-04-15,https://bigfuture.collegeboard.org/scholarships/the-robert-w-barros-52-endowed-scholarship
c9d1e64e-e44d-48c6-87c8-a23a9cc893ea,Edna R. Anthony Memorial Scholarship,2026-04-15,https://bigfuture.collegeboard.org/scholarships/edna-r-anthony-memorial-scholarship
c9d81623-9aea-4e47-92bd-7ec8ee4ba843,George F. and Mary Ellen Miller Memorial Scholarship,2026-04-06,https://bigfuture.collegeboard.org/scholarships/george-f-and-mary-ellen-miller-memorial-scholarship
c9de980f-79cf-49de-94c4-d88e618441cd,Dreamer Scholarship,2026-05-01,https://bigfuture.collegeboard.org/scholarships/dreamer-scholarship
c9e20d64-1d80-4f83-83d6-e4340bbca2c3,Robert D. Johnson Memorial Scholarship,2026-04-15,https://collegenowgc.org/2399-2
c9e82b4a-d334-4e2e-b4d3-79b1c9dde71d,Kildee Graduate Scholarship,2026-04-15,https://bigfuture.collegeboard.org/scholarships/kildee-graduate-scholarship
c9ea7e0a-a31c-4dd0-bdcc-bafb41e7a49e,Antone Billy Roderick Scholarship Deadline 2026 USA,2026-04-22,https://bigfuture.collegeboard.org/scholarships/antone-billy-roderick-scholarship
c9ed6d22-842a-4579-a19c-c21bafae0e90,Elizabeth Carter Scholarship in Archaeology,2026-04-15,https://bigfuture.collegeboard.org/scholarships/elizabeth-carter-scholarship-in-archaeology
ca042138-9a5e-4a19-9bfa-74b17a2947cd,Far West Agribusiness Association Scholarship,2026-04-15,https://bigfuture.collegeboard.org/scholarships/far-west-agribusiness-association-scholarship
ca080432-6e00-437a-a6a4-b21a01a2e831,Dorothea DeKay Schick Scholarship,2026-05-01,https://my.alphachiomega.org/AlphaChiOmega/Foundation/Fund-Lists/Scholarships.aspx
ca17316c-c23a-49b1-86e7-f41de603b3b2,Gerald Bergquist Scholarship for R.A. Long High School,2026-05-01,https://www.cfsww.org/how-we-grant/scholarships/high-school-seniors
ca17cf43-06eb-494f-a90d-16ac45b6c05f,"NE Florida Chapter of the Florida Engineering Society ""FES Scholar"" Scholarship",2026-04-15,https://bigfuture.collegeboard.org/scholarships/ne-florida-chapter-of-the-florida-engineering-society-fes-scholar-scholarship
ca3a93f9-9753-4a16-b3ac-b009c0cb67e7,William V. Harrison Math Teacher TRANSFER Scholarship,2026-05-01,https://bigfuture.collegeboard.org/scholarships/william-v-harrison-math-teacher-transfer-scholarship
ca4b09f2-cd49-4587-9ab5-4a8e6012b27f,Ohio Valley Member Chapter AIST Scholarship,2026-04-30,https://bigfuture.collegeboard.org/scholarships/ohio-valley-member-chapter-aist-scholarship
ca525d51-e4c4-462a-975c-96ebad2e123e,Dr. Belle S. Wheelan Endowed Scholarship,2026-05-01,https://austincc.academicworks.com/opportunities/9969
ca6eb636-ef81-417c-ba86-ebad65133577,The James E. and Stasia A. Hammond Scholarship,2026-04-15,https://bigfuture.collegeboard.org/scholarships/the-james-e-and-stasia-a-hammond-scholarship
ca87ec37-d4ea-4baa-9fa8-a4b0f68d2885,Cobell Vocational Scholarship,2026-04-30,https://bigfuture.collegeboard.org/scholarships/cobell-vocational-scholarship
cab4aadc-e96d-41d5-9a71-ba3800cb9dc8,Ab Nicholas Scholarship,2026-04-30,https://abnicholasscholars.org/requirements
cab83735-9f75-4225-af1b-f19245958e15,Joan Free Thompson Scholarship,2026-04-20,https://bold.org/scholarships/joan-free-thompson-scholarship
cad464f4-91be-49cf-94ba-8342d905e857,Joseph C. Lowe Memorial Scholarship,2026-05-01,https://bold.org/scholarships/joseph-c-lowe-memorial-scholarship
cae8fe12-09c2-46a5-8d52-ee92d389512d,John McComb Scholarship USA 2026 Apply,2026-05-02,https://www.scholarships.com/scholarships/john-mccomb-scholarship
caed5dc2-b7d5-4b04-a73a-badc830fa73d,Ring Container Scholarship,2026-05-01,https://bigfuture.collegeboard.org/scholarships/ring-container-scholarship
cafdd631-66ea-48e3-99c8-035803b08f14,NASE Dependent Scholarship,2026-04-30,https://bigfuture.collegeboard.org/scholarships/nase-dependent-scholarship
cb1e1aad-4cfb-4d53-ac77-dbf7b0feddc2,Dr. Larry Darlage Scholarship,2026-04-15,https://bigfuture.collegeboard.org/scholarships/dr-larry-darlage-scholarship
cb29cdcf-e437-487c-932e-a76a2e54f230,USA Softball of Texas Scholarship,2026-05-01,https://bigfuture.collegeboard.org/scholarships/usa-softball-of-texas-scholarship
cb2fc3b8-cbd2-4150-9a4a-fe9fead706e1,MAES Scholarship,2026-04-30,https://bigfuture.collegeboard.org/scholarships/maes-scholarship
cb3043c7-c701-4119-98d9-403f80540fbb,Derrick Family Scholarship,2026-04-15,https://bigfuture.collegeboard.org/scholarships/derrick-family-scholarship
cb3a56cb-8209-4fa5-ba31-8832e7adc6fd,Frank P. Chinigo Scholarship,2026-04-22,https://bigfuture.collegeboard.org/scholarships/frank-p-chinigo-scholarship
cb443a43-10f6-4e65-be0f-cba97164695d,Absher Scholarship for Construction in Honor of Stephanie Caldwell,2026-04-30,https://www.scholarships.com/scholarships/absher-scholarship-for-construction-in-honor-of-stephanie-caldwell
cb6b01f6-fd06-41e5-9b1b-c82f6b29e264,The Victor and Angelia Rezen Memorial Scholarship,2026-04-15,https://bigfuture.collegeboard.org/scholarships/the-victor-and-angelia-rezen-memorial-scholarship
cb80c1d8-f729-47c4-8106-afaee28a208c,William F. Brandenburg Scholarship,2026-05-01,https://bigfuture.collegeboard.org/scholarships/william-f-brandenburg-scholarship
cb80df16-ffb7-4fcc-9f32-c5910b613d23,Betty and Pat Fazio Endowed Scholarship,2026-04-14,https://bigfuture.collegeboard.org/scholarships/betty-and-pat-fazio-endowed-scholarship
cb8415cb-97c9-450c-99c9-473a2f8a37c4,Award of Excellence in Contact Lens Patient Care Grant,2026-05-01,https://bigfuture.collegeboard.org/scholarships/award-of-excellence-in-contact-lens-patient-care-grant
cb922d9a-7071-4fc5-95b6-e41098c5e494,Altrusa Scholarship for Waubonsee Community College,2026-05-04,https://bigfuture.collegeboard.org/scholarships/altrusa-scholarship
cbb95aa0-1e18-48e4-9e60-07a5303e1641,Dignity Equity Kindness Scholarship,2026-04-15,https://bigfuture.collegeboard.org/scholarships/dignity-equity-kindness-scholarship
cbd86a3c-64df-4e19-a3b1-cccf4951b9df,Better ATX - Topfer Family Foundation,2026-05-01,https://bigfuture.collegeboard.org/scholarships/better-atx---topfer-family-foundation
cbe3a987-4059-4b48-954f-0d6c4644eae3,Florida Gateway College Paramedic Scholarship,2026-05-01,https://www.fgc.edu/tuition-financial-aid/available-financial-aid/foundation-scholarships.html
cc200536-0511-46e6-8a87-ffa5eea0c5c1,Transportation Scholarship in Honor of Gordon Linton,2026-04-24,https://bigfuture.collegeboard.org/scholarships/transportation-scholarship-in-honor-of-gordon-linton
cc2687f0-32ab-4a4b-aef7-dd7dcfa9d29a,Brenda Peters Yates High School Graduate Scholarship,2026-04-15,https://texastechalumni.academicworks.com/
cc287cf6-1d25-486e-bce8-b38c69c17e51,Kaufman County Chapter Scholarship,2026-04-15,https://www.texastechalumni.org/s/1422/a22/interior.aspx?sid=1422&gid=1001&pgid=1384
cc2dcc32-561e-4fbd-8b13-02939c61a3b5,Moms and More Oswego Area Scholarship,2026-05-04,https://bigfuture.collegeboard.org/scholarships/moms-and-more-oswego-area-scholarship
cc362d0e-5d01-4109-9978-108ba42ea36f,Bernard and Alice Chalecki Scholarship Guide,2026-04-22,https://bigfuture.collegeboard.org/scholarships/bernard-and-alice-chalecki-scholarship
cc65c6c8-683a-4a1a-a4d1-3e611b39920c,"""Velouchi"" Scholarship",2026-05-01,https://www.velouchi.org/scholarships/application
cc69ce88-1672-4d58-8524-e205b2572d1c,Blue Cross Blue Shield of FL Nursing & AH Grant,2026-05-01,https://www.fgc.edu/tuition-financial-aid/available-financial-aid/foundation-scholarships.html
cca42c9b-e565-44fa-b1ee-121cb83a4f26,NABA Northern NJ - Scholarship,2026-04-17,https://bigfuture.collegeboard.org/scholarships/naba-northern-nj---scholarship
ccab6c12-7789-43ad-8f80-bdf155059f01,FaverGray Construction Scholarship,2026-04-15,https://bigfuture.collegeboard.org/scholarships/favergray-construction-scholarship
ccc3c8b4-67fb-4c41-bf8f-a0117c24d986,Dr. Stephen J. Fortgang/University of Northern Iowa Chapter Scholarship,2026-04-29,https://bigfuture.collegeboard.org/scholarships/dr-stephen-j-fortganguniversity-of-northern-iowa-chapter-scholarship
ccd30d41-5578-4bb9-9538-6ebfc493526c,Best Christian Colleges No-Essay Scholarship,2026-04-30,https://bold.org/scholarships/best-christian-colleges-no-essay-scholarship
ccd78a7a-2471-4c53-9e9d-6aa56e5a3af7,Les Best Members' College Scholarship,2026-04-30,https://bigfuture.collegeboard.org/scholarships/les-best-members-college-scholarship
ccdd49dc-c803-4f40-842c-006ba9e515c0,Harry L. Crisp Scholarship,2026-05-04,https://bigfuture.collegeboard.org/scholarships/harry-l-crisp-scholarship
ccfa35ba-9023-4b51-ab9c-b730a83128d4,I-55 Auto Salvage Automotive Program Scholarship,2026-05-04,https://bigfuture.collegeboard.org/scholarships/i-55-auto-salvage-automotive-program-scholarship
cd007e4a-e41e-447a-927c-551178c6d9c8,Automotive Technology Scholarships,2026-04-30,https://bigfuture.collegeboard.org/scholarships/automotive-technology-scholarships
cd1386bd-0e65-4657-83de-0e1cc2c33902,Lester and Virginia Soucie Memorial Scholarship,2026-05-01,https://bigfuture.collegeboard.org/scholarships/lester-and-virginia-soucie-memorial-scholarship
cd2054b8-796e-4d09-a98c-37744769e768,Office Systems Technology Scholarship,2026-04-15,https://bigfuture.collegeboard.org/scholarships/office-systems-technology-scholarship
cd35265a-a88b-4f51-8b8e-13863c0c26d1,Verisk Scholarship application details USA 2026 Apply,2026-04-24,https://bigfuture.collegeboard.org/scholarships/verisk-scholarship
cd488dbc-2f88-4a3b-9b2b-d199dc636f83,Daniel D. Dolan Family Scholarship,2026-05-04,https://bigfuture.collegeboard.org/scholarships/daniel-d-dolan-family-scholarship
cd4b698c-fa31-4564-844f-24dfc093e4c4,Dr. Dan Arvizu Endowed Scholarship,2026-05-01,https://austincc.academicworks.com/opportunities/10086
cd4cbde9-b30f-4fd4-803c-c344ff441c20,Tolleson FFA Booster Scholarship,2026-04-15,https://bigfuture.collegeboard.org/scholarships/tolleson-ffa-booster-scholarship
cd6b2237-61b6-40b9-9508-cd0c94b8696d,Rotary Club of Fresno Scholarship,2026-04-16,https://bigfuture.collegeboard.org/scholarships/rotary-club-of-fresno-scholarship
cd6e056f-6fd9-446c-8c76-04f0160d8212,Henrikson Proctor Scholarship,2026-05-04,https://bigfuture.collegeboard.org/scholarships/henrikson-proctor-scholarship
cd6ecbf3-b22d-443d-9199-eae2e19d2c70,Dorothy W. Franklin GED Scholarship,2026-05-01,https://bigfuture.collegeboard.org/scholarships/dorothy-w-franklin-ged-scholarship
cd7270f4-9ce6-4993-a35c-f94be6c763a6,Oklahoma Masonic Youth Order  Scholarship,2026-05-01,https://bigfuture.collegeboard.org/scholarships/oklahoma-masonic-youth-order--scholarship
cda15b90-7f12-4959-b65f-890648f7d68b,Pinewoods Scholarship for Ambitious Students,2026-05-01,https://pinewoodsfoundation.org/scholarships
cda9f02a-0127-4b3f-b3ca-388c8cab79cb,Public Service Scholarship of the Law Office of Shane Kadlec,2026-05-01,https://bold.org/scholarships/public-service-scholarship-of-the-law-office-of-shane-kadlec
cdb87ecb-80e4-4b3b-b609-9f5be0be1dbc,Voice Talent Online Scholarship,2026-04-30,https://www.scholarships.com/scholarships/voice-talent-online-scholarship
cdc884e7-ed5a-40ab-bee6-e8387aa28095,Bruce Paxton Memorial Scholarship Guide,2026-04-15,https://bigfuture.collegeboard.org/scholarships/bruce-paxton-memorial-scholarship
cde29b5c-66ea-46a8-a3b8-72be42160311,Dr. Suanne Davis Roueche Vet Tech Scholarship,2026-05-01,https://bigfuture.collegeboard.org/scholarships/dr-suanne-davis-roueche-vet-tech-scholarship
cdf5a5e4-3b4c-48e5-b2c6-c98f87511b2d,Building a Future Scholarship,2026-04-15,https://bigfuture.collegeboard.org/scholarships/building-a-future-scholarship
ce04a0e7-d4fd-4d77-8728-e81c487546a6,Majestic Bison for Wellness Scholarship,2026-04-16,https://bold.org/scholarships/majestic-bison-for-wellness-scholarship
ce0f8ffa-6aee-4356-b2fc-85e7c49e93f0,Charles and Dorothy Earp Scholarship,2026-05-01,https://www.fftc.org/scholarships
ce1b695d-5340-4314-96f6-cccba944b610,Smith & Moore Uplift Scholarship,2026-04-26,https://bold.org/scholarships/smith-and-moore-uplift-scholarship
ce2040fe-d5a0-42ba-9191-31d6ae555fdf,The Brittany (Holt) ’07 and J. Michael Grenon Family Scholarship for Chemistry,2026-04-15,https://bigfuture.collegeboard.org/scholarships/the-brittany-holt-07-and-j-michael-grenon-family-scholarship-for-chemistry
ce4bc4ba-2485-416b-bea3-9bdf3d36e61f,Eileen Van Voorst Memorial Scholarship,2026-05-01,https://bigfuture.collegeboard.org/scholarships/eileen-van-voorst-memorial-scholarship
ce5918d5-877a-4a1f-9f04-b632b4156e74,Out-of-State Housing Award application 2026 USA Scholarship Apply,2026-05-01,https://bigfuture.collegeboard.org/scholarships/out-of-state-housing-award
ce6dd5f1-7cb6-43c4-9d2e-17a5467e31de,WHFF Plein Environmental Scholarship,2026-04-24,https://www.scholarships.com/scholarships/whff-plein-environmental-scholarship
ce875520-3ec1-4e4a-8778-30a025d2ee93,Association of Connecticut Fairs Scholarship,2026-05-01,https://bigfuture.collegeboard.org/scholarships/association-of-connecticut-fairs-scholarship
ce94c9db-ea1c-4e2f-82f4-e025c75587f6,Academy of Nutrition and Dietetics Undergraduate Scholarship,2026-04-23,https://www.eatrightfoundation.org/apply-for-funding/scholarships
cedc10e7-0a81-4b2e-a3c0-44f799d1e16d,"The Tang Scholarship: Eligibility, Deadline & How to Apply",2026-04-30,https://www.scholarships.com/scholarships/the-tang-scholarship
cedf141e-d942-441a-bcfe-7de716e2f958,Art Acevedo Endowed Scholarship,2026-05-01,https://austincc.academicworks.com/opportunities/9779
cee0e420-df04-4a6a-8b35-713f38f7030a,"The WSU ""Giving Back to the Average Commuter Student"" Scholarship",2026-04-15,https://bigfuture.collegeboard.org/scholarships/the-wsu-giving-back-to-the-average-commuter-student-scholarship
cf17b52f-8226-4d0a-be09-e26a13f99b56,Gracey Kenly Endowed Scholarship,2026-05-01,https://www.fgc.edu/tuition-financial-aid/available-financial-aid/foundation-scholarships.html
cf2c7bf3-841d-4403-a4be-055272ecbaea,The Joseph D. Nawn Scholarship,2026-04-15,https://bigfuture.collegeboard.org/scholarships/the-joseph-d-nawn-scholarship
cf3d4101-4a51-4b1a-bc7c-0b5f57d6c11b,Roy F. and Joann Cole Mitte Endowed Scholarship,2026-05-01,https://austincc.academicworks.com/opportunities/10032
cf74b8c1-0335-42c3-9e74-70bcdc143592,Waubonsee Community College Faculty Council Awards Endowed Academic Scholarship,2026-05-04,https://bigfuture.collegeboard.org/scholarships/waubonsee-community-college-faculty-council-awards-endowed-academic-scholarship
cfea61fd-041a-4fb1-a185-efad299c30fd,Sandra Jo Hornick Kent State Scholarship,2026-04-29,https://bigfuture.collegeboard.org/scholarships/sandra-jo-hornick-kent-state-scholarship
d0030da4-cbee-4afc-a6cb-b25c77a02c41,Zonta Club of Burbank Wings Scholarship,2026-04-30,https://bigfuture.collegeboard.org/scholarships/zonta-club-of-burbank-wings-scholarship
d01ce684-f0cd-4b72-b195-42270dc3e19a,Dairy Shrine Iager Two Year College Scholarship,2026-04-15,https://bigfuture.collegeboard.org/scholarships/dairy-shrine-iager-two-year-college-scholarship
d028dcb7-b7ac-4b79-ba4f-bf525a4b1610,Frank D. and Clara R. Williams Scholarship Program,2026-04-23,https://scholarship-america-production.saiapply.org/organization/profile/create?applyToClientReturnUrl=https%3A%2F%2Fsai-pnc.saiapply.org%2Fprogram%2Fsai-williamsscholarship%2Finfo%3FcycleId%3D1CYRWKywGC72bH61NRdQbn&clientOrganizationId=YlhFpubIDFhYt5WeRFBFUB0ekA0f7pawDkEy
d047953b-fe65-4df8-bbd6-7909382e18db,Kevin Vaughan Memorial Scholarship,2026-04-14,https://massasoit.awardspring.com/Home/Scholarships
d05f9c3b-77fd-4b84-a5da-a8b2b14120af,Milwaukee Brewers Player/Coaches Scholarship,2026-05-01,https://bigfuture.collegeboard.org/scholarships/milwaukee-brewers-playercoaches-scholarship
d069cfd4-f593-4c15-b787-4e3591334cb8,Feldman-Vorwerk Internship Award,2026-05-01,https://umass.academicworks.com/opportunities
d06f9609-637b-4812-a181-6fc9dfc702d2,Mel Ashcraft Scholarship,2026-04-15,https://bigfuture.collegeboard.org/scholarships/mel-ashcraft-scholarship
d0731d42-9e4a-4b09-8868-2ca4eefa1511,Maria Marchant Scholarship,2026-04-15,https://bigfuture.collegeboard.org/scholarships/maria-marchant-scholarship
d077c47b-4b68-47bf-8ec2-0fbc560259c6,Community Foundation for Greater Buffalo Scholarship Program,2026-05-01,https://www.scholarships.com/scholarships/community-foundation-for-greater-buffalo-scholarship-program
d08d7f95-feea-4efd-bedb-b2a831278155,AHEPA Mother Lodge Chapter No. 1 Johnny N. Economy Scholarship,2026-04-15,https://bigfuture.collegeboard.org/scholarships/ahepa-mother-lodge-chapter-no-1-johnny-n-economy-scholarship
d08e2569-e5c2-48bf-8740-dcba924d2696,Lexington Chamber & Visitors Center Scholarship,2026-04-15,https://bigfuture.collegeboard.org/scholarships/lexington-chamber--visitors-center-scholarship
d0ccda83-6155-43f8-b32a-ad6d4e1d2b8d,Didi Stuart Endowed Scholarship in the Graphic Arts,2026-05-01,https://austincc.academicworks.com/opportunities/9938
d107d758-ba8d-4b74-bb3f-85e5178422f2,Carol C. and Joseph A. Thompson Endowed Scholarship,2026-04-15,https://www.unf.edu/brooks/scholarships/thompson-endowed.html
d10a502c-2f5e-4687-b7f1-5b615413598f,Medtronic Foundation Scholarship Deadline 2026 USA,2026-04-24,https://bigfuture.collegeboard.org/scholarships/medtronic-foundation-undergraduate-scholarship
d10d55e2-b369-4b9a-9b77-f35229b85e0d,Wyoming Telecommunications Association  Financial Need Scholarship,2026-04-15,https://bigfuture.collegeboard.org/scholarships/wyoming-telecommunications-association--financial-need-scholarship
d10e4cdd-21a4-484f-92c3-6081aca39f40,Element Health  Diversity and Inclusion   Scholarship,2026-04-15,https://bigfuture.collegeboard.org/scholarships/element-health--diversity-and-inclusion---scholarship
d1101d8c-a985-4c51-87ea-020783ed2c6f,Kristi Francis & Kerri Francis McCluskey Memorial Scholarship,2026-04-15,https://bigfuture.collegeboard.org/scholarships/kristi-francis--kerri-francis-mccluskey-memorial-scholarship
d124f720-971e-456c-83cc-cb039592db91,The Mikkelson Foundation Student Scholarship,2026-04-10,https://bigfuture.collegeboard.org/scholarships/the-mikkelson-foundation-student-scholarship
d12d0695-cab0-4b8a-b537-b5a65f9f7c0d,Peierls Foundation Transfer Scholarship,2026-05-01,https://bigfuture.collegeboard.org/scholarships/peierls-foundation-transfer-scholarship
d12d7c03-e867-4520-afef-528129132263,Oregon State Grange GWA Scholarship,2026-05-01,https://bigfuture.collegeboard.org/scholarships/oregon-state-grange-gwa-scholarship
d159fc57-75ce-4f44-99c6-397ea15ff536,Hemophilia Foundation of Northern California Scholarship,2026-05-01,https://bigfuture.collegeboard.org/scholarships/hemophilia-foundation-of-northern-california-scholarship
d1612e99-3eaf-4761-b1ff-94ecf8e970a8,Dr. Victor Hopper Scholarship,2026-05-01,https://bigfuture.collegeboard.org/scholarships/dr-victor-hopper-scholarship
d1706a11-0ef1-43f1-86f7-4fd73edd39fd,GE Foundation Engineering Scholarship Program for Freshmen,2026-05-01,https://bigfuture.collegeboard.org/scholarships/ge-foundation-engineering-scholarship-program-for-freshmen
d174678e-c0d2-4d8d-93c0-08e54eac9ef2,Arabian Horse Association Region 4 Adult Scholarship,2026-05-01,https://bigfuture.collegeboard.org/scholarships/arabian-horse-association-region-4-adult-scholarship
d1910bc8-914e-43cd-9cfb-e19984c816e4,AVID Promise Scholarship,2026-04-12,https://bigfuture.collegeboard.org/scholarships/avid-promise-scholarship
d191e059-7311-4f82-b73a-ff32e2d9ba55,Ventura County NLPOA Scholarship,2026-04-10,https://bigfuture.collegeboard.org/scholarships/ventura-county-nlpoa-scholarship
d1994e9d-b538-45d9-a5b8-3c9eeb007d4b,Jack Hammond Family Scholarship,2026-04-15,https://bigfuture.collegeboard.org/scholarships/jack-hammond-family-scholarship
d19a0ff2-f5be-49a2-80a3-4f9b6b6967ed,Survey Junkie Brand Influencer No-Essay Scholarship,2026-04-30,https://bold.org/scholarships/survey-junkie-brand-influencer-no-essay-scholarship
d19befca-ca1f-42a2-9d09-97ff0643b449,Scholarship America Veteran Scholarship for Educators,2026-04-15,https://scholarship-america-production.saiapply.org/organization/profile/create?applyToClientReturnUrl=https%3A%2F%2Fsai-evision.saiapply.org%2Fprogram%2Fsai-veteranscholarship%2Finfo%3FcycleId%3D1CXNq2WGKRe8JFpuHK4BZP&clientOrganizationId=L6QnbCiSdLfWWgVjrtDzS2j1Z5MM3NwIacTt
d1af61aa-776c-4c46-895c-68e8c6e1ef9a,Tennessee STEP UP Scholarship Guide 2026,2026-05-01,https://www.scholarships.com/scholarships/tennessee-step-up-scholarship
d1d347c7-5b49-4f3a-90ce-9d4ec406aa5f,Washington State Opportunity Scholarship - Career and Technical Scholarship (Fall),2026-04-15,https://bigfuture.collegeboard.org/scholarships/washington-state-opportunity-scholarship---career-and-technical-scholarship-fall
d1ea17a4-16ae-4694-866d-df9e884af5d1,Grand Rapids Trans Foundation Academic Scholarship,2026-05-01,https://www.scholarships.com/scholarships/grand-rapids-trans-foundation-academic-scholarship
d1ea23fe-9571-4351-b43a-e468e3af0ffe,Jaycee Foundation of Oklahoma Scholarship,2026-05-01,https://jayceefoundationofok.org/downloads
d1ed2a8b-dbf8-42e2-af14-51cfc897ad0f,Non-Traditional Scholars Opportunity Scholarship,2026-04-15,https://umass.academicworks.com/opportunities
d20e6d8c-480b-442a-9fb9-6153ab699926,"John Gomez, MD Memorial Scholarship",2026-04-15,https://bold.org/scholarships/john-gomez-md-memorial-scholarship
d23377c8-a230-4300-8fe8-8198c07d0808,Noor Inayat Khan Interfaith Scholarship,2026-04-15,https://www.unf.edu/asa/scholarships/undergraduate/noor-inayat-khan-interfaith-scholarship.html
d263bd6e-dff2-4c78-8548-a062549b1919,Fuqua Family Scholarship,2026-05-01,https://chipola.academicworks.com/
d266e439-ca31-4861-8c72-ab63e486e344,"LIFGA Scholarship: Eligibility, Deadline & How to Apply",2026-05-01,https://www.scholarships.com/scholarships/lifga-scholarship
d280015d-50b5-44b4-a292-f7ddc2b87b6a,Jarrod B. Shivers Memorial Scholarship,2026-05-01,https://bigfuture.collegeboard.org/scholarships/jarrod-b-shivers-memorial-scholarship
d28cb745-cbb8-4341-9eaf-2466b854bca4,Good Samaritan Medical Center-John Learnard Legacy Scholarship,2026-04-14,https://bigfuture.collegeboard.org/scholarships/good-samaritan-medical-center-john-learnard-legacy-scholarship
d29611b0-524e-4ed1-bb22-e0273ecf3bc8,Fox Valley United Way Scholarship,2026-05-04,https://bigfuture.collegeboard.org/scholarships/fox-valley-united-way-scholarship
d2a39d11-dfeb-466e-9393-618308903736,Army PA Scholarship eligibility & deadline USA 2026,2026-05-01,https://bigfuture.collegeboard.org/scholarships/captain-sean-p-grimes-physician-assistant-educational-scholarship-award
d2ac6d66-3217-4f79-9f1f-403fb2e1b1f7,AFCEA Cyber Security Scholarship,2026-05-01,https://bigfuture.collegeboard.org/scholarships/afcea-cyber-security-scholarship
d2c3e9c1-d9ab-4734-8836-5811c3dc7dcb,Albemarle Community Scholarship,2026-04-09,https://scholarship-america-production.saiapply.org/organization/profile/create?applyToClientReturnUrl=https%3A%2F%2Fsai-gottwal.saiapply.org%2Fprogram%2Fsai-albemarle%2Finfo%3FcycleId%3D1CXi8JMiB1hYeQEuwyruio&clientOrganizationId=ZujxAJO4dejBGPWs22OPfmybLj_nYUuagFQO
d2e16210-3aff-4c0d-b0ca-0211c006f562,The Steinman Scholarship,2026-04-15,https://bigfuture.collegeboard.org/scholarships/the-steinman-scholarship
d2e1f633-9d0c-4531-aabf-ae68b5f1d46f,Pearl N. Segerstrom Memorial Scholarship,2026-04-15,https://bigfuture.collegeboard.org/scholarships/pearl-n-segerstrom-memorial-scholarship
d2e21f4f-6ff8-456d-8596-40dcc1e14ed3,Christine Hipp Scholarship,2026-04-15,https://bigfuture.collegeboard.org/scholarships/christine-hipp-scholarship
d2e491e9-51e8-4095-8234-ad71a7f2de8c,Friends of GTM Biology Graduate Support Scholarship,2026-04-15,https://www.unf.edu/coas/scholarships/Friends-of-GTM-Biology-Graduate-Support.html
d2e4dd9d-4d3c-4cd0-82cc-2684a9f13826,Equal Access Scholarship,2026-04-15,https://texastechalumni.academicworks.com/
d2f09f70-3fba-435b-ba2d-76733ec693e5,Maxine Black Endowed Scholarship,2026-05-01,https://austincc.academicworks.com/opportunities/9830
d324b29a-a0d4-4f4e-b764-d9d465f2f6c5,Gabriel A. Hartl Scholarship Deadline 2026 USA,2026-05-01,https://bigfuture.collegeboard.org/scholarships/gabriel-a-hartl-scholarship
d329618e-de50-43c2-bba4-c9b33f2cbcdc,Tom Tolen Educational Scholarship,2026-04-30,https://www.scholarships.com/scholarships/tom-tolen-educational-scholarship
d35fbf9a-5be0-4aef-8f93-d5da497ea666,Eleanor K. Lewis Scholarship,2026-04-22,https://bigfuture.collegeboard.org/scholarships/eleanor-k-lewis-scholarship
d37e6c22-c5c0-4fac-995e-932f7a67bf4c,The Jill Ann Bilodeau Memorial Nursing Scholarship,2026-04-15,https://bigfuture.collegeboard.org/scholarships/the-jill-ann-bilodeau-memorial-nursing-scholarship
d38d0bf0-f0fd-4b1b-a512-03064ec51e30,Ray Pigott Memorial Scholarship,2026-05-01,https://chipola.academicworks.com/
d395b4a1-16f5-4792-8c7f-4258a5199cf3,Earl Thomas Jones Nursing Scholarship,2026-04-06,https://bigfuture.collegeboard.org/scholarships/earl-thomas-jones-nursing-scholarship
d39dbfed-371c-4c14-84a7-804e98542c4f,Zeglis Family Momence Scholarship,2026-05-01,https://bigfuture.collegeboard.org/scholarships/zeglis-family-momence-scholarship
d3a54198-fcc5-4cf6-9cad-722137cbc7e5,"Vernon S. Lee, II Memorial Scholarship",2026-04-26,https://bold.org/scholarships/vernon-s-lee-II-memorial-scholarship
d3afd5fb-5f0b-4cb5-b994-ad6bc54c4d46,Key Club / Kiwanis Scholarship,2026-04-17,https://www.citruscollegecoalition.org/local-scholarships
d3bef42c-ed54-4e8c-8fba-93635249c33f,NNOA Dr. Olivia J. Hooker STEM Scholarship,2026-04-30,https://bigfuture.collegeboard.org/scholarships/nnoa-dr-olivia-j-hooker-stem-scholarship
d3cfa7b5-24ac-4b3e-9376-b24691b86628,Steve and Ruth Beidler Endowment,2026-04-06,https://bigfuture.collegeboard.org/scholarships/steve-and-ruth-beidler-endowment
d3dd6ba2-ea75-474d-8550-91083218ecf0,Oracle Women In Leadership Scholarship,2026-05-01,https://www.scholarships.com/scholarships/oracle-women-in-leadership-scholarship
d4057d9e-d0f7-4378-8fa1-1483229ab0f3,Jeanne L. Hammond Memorial Scholarship,2026-04-10,https://bigfuture.collegeboard.org/scholarships/jeanne-l-hammond-memorial-scholarship
d419251c-39d1-4683-80af-1a40393c7cd8,ISL Midwest Senior Scholarship,2026-04-30,https://www.scholarships.com/scholarships/isl-midwest-senior-scholarship
d43f7760-a797-4008-b867-800c83ef6395,Mertys Bell Scholarship,2026-04-29,https://bigfuture.collegeboard.org/scholarships/mertys-bell-scholarship
d4518e3f-2c89-4127-888f-c1ae97203b41,Ray Sims Angus Scholarship Eligibility and Deadline,2026-05-01,https://www.angus.org/foundation/apply-for-scholarships/njaa-scholarships
d458887b-1ef6-4e62-a2df-a840ba9239df,Edward C. Hummell Scholarship,2026-04-06,https://bigfuture.collegeboard.org/scholarships/edward-c-hummell-scholarship
d468e4d5-dfe6-433c-9bc7-b134c9a6cf2f,Eva Schicke Memorial Scholarship,2026-04-15,https://bigfuture.collegeboard.org/scholarships/eva-schicke-memorial-scholarship
d46e4edf-6362-46f6-afc2-1f9ac6e8c5cf,W.B. (Dub) Rushing Ag Communications Scholarship,2026-04-15,https://texastechalumni.academicworks.com/
d49a996a-4b5a-44fd-a7d5-79c22360a45a,Mrs. Clara Mae Coleman Technical School Award,2026-04-12,https://bigfuture.collegeboard.org/scholarships/mrs-clara-mae-coleman-technical-school-award
d4a105cd-6a03-45c4-8e08-bfe5be7f20c6,Lu Ann and Doran Weinstein Memorial Scholarship in Business,2026-04-15,https://www.unf.edu/coggin/scholarships/catalog.html
d4a37b73-0519-4cda-9890-668860c8c832,Esther V. Taylor Scholarship,2026-04-15,https://bigfuture.collegeboard.org/scholarships/esther-v-taylor-scholarship
d4cf2e16-27e6-46d4-9575-83c667df4c76,St. Louis Chapter of the NTMA Educational Scholarship,2026-04-29,https://www.stlouis-ntma.com/workforce-development/st-louis-chapter-ntma-scholarship
d4dda44f-2d1f-4170-8a6f-5364101404df,Best Catholic Colleges No-Essay Scholarship,2026-04-30,https://bold.org/scholarships/best-catholic-colleges-no-essay-scholarship
d4f1b858-3488-4ec2-a1aa-4a59c09d3fde,Tom Kirwan Mathematics Memorial Endowed Scholarship,2026-05-01,https://www.fgc.edu/tuition-financial-aid/available-financial-aid/foundation-scholarships.html
d519e70b-52bc-44af-8ca9-0d8e62100acc,ALEC Bright Future Scholarship Program,2026-05-04,https://scholarship-america-production.saiapply.org/organization/profile/create?applyToClientReturnUrl=https%3A%2F%2Fsai-alec.saiapply.org%2Fprogram%2Fsai-alec%2Finfo%3FcycleId%3D1CY4jyfigEc3SkFk5JNzNu&clientOrganizationId=_STC075H8EDAnycKcqK-X2BMgPtCppHpt2t7
d51a839e-9b7b-40dc-bdcf-cbcae8be8f0a,Career and Technical Education Scholarship,2026-05-04,https://bigfuture.collegeboard.org/scholarships/career-and-technical-education-scholarship
d52aa8de-47cb-464e-a9c9-8ed7d0b4e158,#RAREis Scholarship Fund,2026-04-28,https://scholarship-america-production.saiapply.org/organization/profile/create?applyToClientReturnUrl=https%3A%2F%2Fsai-rare.saiapply.org%2Fprogram%2Fsai-rareis%2Finfo%3FcycleId%3D1CYRPQ3XDXQyGtcFTxj4ND&clientOrganizationId=cGi04HG9-fJ6eo8Q4ei7CwhEERlxoII1_VOD
d53b79dc-ffe6-43f5-977a-2e81c30bffb1,Anne Robinson Carroll Endowed Teaching Scholarship,2026-05-01,https://www.fgc.edu/tuition-financial-aid/available-financial-aid/foundation-scholarships.html
d54a5d67-9cc9-462a-b640-eb946e8a42ca,Fort Worth Stock Show and Rodeo FFA Scholarship,2026-04-17,https://www.texasffa.org/ffa-scholarships
d5523287-6999-4342-b987-c50542e5a780,Rhoades Sanford Foundation Scholarship,2026-04-08,https://bigfuture.collegeboard.org/scholarships/rhoades-sanford-foundation-scholarship
d5615753-c35b-4d89-92f1-cfe9bbf436f4,Wilma D. Hoyal/Maxine Chilton Scholarship,2026-05-01,https://bigfuture.collegeboard.org/scholarships/wilma-d-hoyalmaxine-chilton-scholarship
d5680055-7a0e-42e2-9bd9-20831e042610,Priscilla Carney Jones Scholarship,2026-05-01,https://bigfuture.collegeboard.org/scholarships/priscilla-carney-jones-scholarship
d58f03e9-e192-4245-bea9-5ca14dfab93e,James Philip Mitton Memorial Scholarship,2026-05-04,https://bold.org/scholarships/james-philip-mitton-
d59358f5-d041-44d1-95b9-79bd06a69405,Altrusa International of Lake City Endowed scholarship,2026-05-01,https://www.fgc.edu/tuition-financial-aid/available-financial-aid/foundation-scholarships.html
d5a45115-84f7-48da-9c39-f4a1c8adbbea,DeJean Legacy Scholarship For Haitian American Students,2026-04-18,https://bold.org/scholarships/dejean-legacy-scholarship-for-haitian-american-students
d5ab0011-3d66-4ed9-860f-de78ca0d3014,Firefighter Michael Chad Harris Scholarship,2026-04-15,https://bigfuture.collegeboard.org/scholarships/firefighter-michael-chad-harris-scholarship
d5c14cc6-4fd4-4893-8eb9-b7f3ebc9bee7,Stonington High School Class of 1966 Scholarship,2026-04-22,https://bigfuture.collegeboard.org/scholarships/stonington-high-school-class-of-1966-scholarship
d5cda4ad-3a4e-44d3-b91b-aa40bf23a429,New Canadian Education Award,2026-04-30,https://cfns.ca/newcanadianeducationaward
d5dfe39a-d9ee-4dea-9321-86b4cfa3de00,West Virginia Higher Education Grant,2026-04-15,https://bigfuture.collegeboard.org/scholarships/west-virginia-higher-education-grant
d5f9887f-a6b8-46f7-a02f-677addca0bbe,"Delaware Solid Waste Authority John P. ""Pat"" Healy Scholarship",2026-04-30,https://www.scholarships.com/scholarships/delaware-solid-waste-authority-john-p-pat-healy-scholarship
d634005a-a811-4414-b222-28ce5962efa4,Bettie Joy Bledsoe Thurmond Endowed Scholarship,2026-05-01,https://austincc.academicworks.com/opportunities/10264
d6453737-3cdd-4cb3-b3a2-24fd67ec98fa,Washington State Business and Professional Women's Foundation Mature Woman Educational Scholarship,2026-05-01,https://bigfuture.collegeboard.org/scholarships/washington-state-business-and-professional-womens-foundation-mature-woman-educational-scholarship
d6664126-ec36-49e7-afb4-f621ef538cf1,Auxiliary of the New York State Association of Plumbing-Heating-Cooling Contractors Scholarship,2026-04-15,https://www.nysphcc.org/
d66a2889-a4bb-460a-a96e-328cadfcf4b8,Kalia D. Davis Memorial Scholarship,2026-04-11,https://bold.org/scholarships/kalia-d-davis-memorial-scholarship
d673f15b-b1a0-4786-898e-ece74b010ba5,Alcino M. Almeida Scholarship,2026-04-22,https://bigfuture.collegeboard.org/scholarships/alcino-m-almeida-scholarship
d67f19f3-f731-4c0a-a3a7-784d046c4f9e,Medical Group Management Association Midwest Section Scholarship,2026-05-01,https://bigfuture.collegeboard.org/scholarships/medical-group-management-association-midwest-section-scholarship
d6896c0f-3042-4ead-98ad-dea7d3045288,Robin Irving Memorial Scholarship,2026-04-14,https://bold.org/scholarships/robin-irving-memorial-scholarship
d68af001-4124-4044-b20b-9410ea497a68,Joshua David Gardner Memorial Scholarship,2026-04-30,https://bigfuture.collegeboard.org/scholarships/joshua-david-gardner-memorial-scholarship
d68b07d2-b261-4793-a88e-ad37a97b8e2f,"IBTTA Foundation Scholarship Award, Eligibility & Deadline",2026-04-20,https://scholarship-america-production.saiapply.org/organization/profile/create?applyToClientReturnUrl=https%3A%2F%2Fsai-ibtta.saiapply.org%2Fprogram%2Fsai-ibtta%2Finfo%3FcycleId%3D1CXyGCsyctge3X1BC28UR9&clientOrganizationId=xfMi8eg6yaT6-bJDQuY_R0SXX_I332bV7tmg
d69d729c-e488-42f4-ac19-c168b83a682b,Ohio Credit Union League Student  Video Scholarship,2026-04-29,https://bigfuture.collegeboard.org/scholarships/ohio-credit-union-league-student--video-scholarship
d6e3e2ed-3598-4828-ba2c-802691bdadd5,J.B. Schons Scholarship,2026-04-06,https://bigfuture.collegeboard.org/scholarships/jb-schons-scholarship
d6ef0e06-a9a3-4f36-90a1-81115c7303f6,Jordan Family Endowed Scholarship,2026-05-01,https://www.fgc.edu/tuition-financial-aid/available-financial-aid/foundation-scholarships.html
d6feadae-9de9-416b-854f-d246190e5034,Family Drinking Water Career Scholarship,2026-04-15,https://bigfuture.collegeboard.org/scholarships/family-drinking-water-career-scholarship
d700b02d-7cd9-4607-932d-a67f64cf061f,Walter L. Moore Endowed Graduate Fellowship,2026-04-15,https://www.unf.edu/udae/awards/endowments.html
d71c9f23-5d1d-45cc-b2eb-051d5ecd5585,State of Maryland Literacy Association Undergraduate Student Scholarship,2026-04-15,https://bigfuture.collegeboard.org/scholarships/state-of-maryland-literacy-association-undergraduate-student-scholarship
d72560a7-bbb1-4e48-95d1-ad7aed5b97e5,Milt Cole Memorial Scholarship at UMass Amherst,2026-04-15,https://bigfuture.collegeboard.org/scholarships/milt-cole-memorial-scholarship
d735d2c9-1778-4e8c-af16-62c7fc4e2aeb,IWSH Scholarship Essay Contest,2026-04-30,https://www.scholarships.com/scholarships/iwsh-scholarship-essay-contest
d73713d8-300f-48bf-9abc-8e68f2b44232,Dr. Magdalena de la Teja Abrazando Al Exito Scholarship,2026-04-15,https://bigfuture.collegeboard.org/scholarships/dr-magdalena-de-la-teja-abrazando-al-exito-scholarship
d744063e-307f-4f40-a0c6-bb257e8f150d,Bold.org No-Essay Top Friend Scholarship,2026-04-30,https://bold.org/scholarships/bold-org-top-friend-scholarship
d76b9080-f72e-40b6-8c8f-cef2f7050064,$40k BigFuture Scholarship,2026-04-30,https://www.scholarships.com/scholarships/40k-bigfuture-scholarship
d76fc008-cf93-4a01-b09c-9296f4bdc3d4,Joshua David Gardner Memorial Scholarship,2026-04-30,https://www.scholarships.com/scholarships/joshua-david-gardner-memorial-scholarship
d772e3f5-472f-4a2b-b705-3772159e4f2d,The John and Priscilla Charron Memorial Scholarhship,2026-04-15,https://bigfuture.collegeboard.org/scholarships/the-john-and-priscilla-charron-memorial-scholarhship
d79a1c53-b3d0-428f-9fa1-c02f6ce6a002,St. Vincent's Hospital Nursing Scholarship,2026-04-15,https://bigfuture.collegeboard.org/scholarships/st-vincents-hospital-nursing-scholarship
d7a2d9f5-b83b-4c30-8aa6-5826b237c4be,Cal Worthington Memorial Scholarship,2026-04-10,https://bigfuture.collegeboard.org/scholarships/cal-worthington-memorial-scholarship
d7b004b9-619b-4c52-a9d6-ea1e5b134def,Leslie B. Durst and Shirley S. Durst Scholarship,2026-05-01,https://www.cfsww.org/how-we-grant/scholarships/current-college-students
d7b2662b-5ba3-4100-bbbd-06460e986efa,Ralph Halverson Scholarship,2026-05-01,https://bigfuture.collegeboard.org/scholarships/ralph-halverson-scholarship
d7d0f0ff-c390-415a-964f-a79cfde62393,The Francis Crimmins Endowed Scholarship,2026-04-15,https://bigfuture.collegeboard.org/scholarships/the-francis-crimmins-endowed-scholarship
d7f60023-b165-4f75-b49c-6ff2e36e23d9,Alex Horton Scholarship,2026-04-15,https://bigfuture.collegeboard.org/scholarships/alex-horton-scholarship
d80b9f36-1379-4bc2-a07e-d44a8ac06243,Goetz Family Nursing Scholarship,2026-05-04,https://bigfuture.collegeboard.org/scholarships/goetz-family-nursing-scholarship
d822334a-26d2-4797-bed7-cb7294288b3f,Biotin Xtreme Hair Care Annual Scholarship,2026-04-30,https://www.scholarships.com/scholarships/biotin-xtreme-hair-care-annual-scholarship
d8253a6c-19e8-42fb-8527-556b614faadf,North Carolina Agriculture Teachers' Association Scholarship,2026-04-08,https://bigfuture.collegeboard.org/scholarships/north-carolina-agriculture-teachers-association-scholarship
d86b96cc-a3d6-4932-b334-e45bd0475578,Anne Barnes Scholarship,2026-04-12,https://bigfuture.collegeboard.org/scholarships/anne-barnes-scholarship
d877cd1a-7bcd-46a1-988d-985046cc6eea,Hispano Chamber Scholarship,2026-05-02,https://bigfuture.collegeboard.org/scholarships/hispano-chamber-scholarship
d87b281f-678e-42f2-938d-f2a7be2d4a2e,Dillon Wolford Memorial Scholarship,2026-04-30,https://bigfuture.collegeboard.org/scholarships/dillon-wolford-memorial-scholarship
d896f8d6-f268-4bc9-be9a-903152a4d4eb,W.B. (Dub) Rushing Journalism Scholarship,2026-04-15,https://bigfuture.collegeboard.org/scholarships/wb-dub-rushing-journalism-scholarship
d898e1f4-7efb-4b7d-bf7e-4aa98c2a50e3,AGC of NYS Diesel Technology Scholarship,2026-05-01,https://bigfuture.collegeboard.org/scholarships/agc-of-nys-diesel-technology-scholarship
d8a87078-9729-433d-9bcb-97b4a6856f5b,The Esther Forbes Scholarship,2026-04-15,https://bigfuture.collegeboard.org/scholarships/the-esther-forbes-scholarship
d8c03cfc-a787-4006-940c-1c86306ceb29,Racial Diversity in Science Scholarship,2026-04-10,https://bigfuture.collegeboard.org/scholarships/racial-diversity-in-science-scholarship
d8c4f660-6677-419d-bc15-1d2e3e8b6b38,Nick and Karen Schmit Scholarship Program,2026-04-16,https://scholarship-america-production.saiapply.org/organization/profile/create?applyToClientReturnUrl=https%3A%2F%2Fsai-schmit.saiapply.org%2Fprogram%2Fsai-schmit%2Finfo%3FcycleId%3D1CXqniCcvH3HzS31AXkimq&clientOrganizationId=ljcKn-SzbyBSXtqXMOLIY4niJBTtAAKmUejW
d8c943e3-2eec-46b4-9efa-90d6132db7d0,"The George Albro ’65, M.S. ’68 Memorial Scholarship",2026-04-15,https://bigfuture.collegeboard.org/scholarships/the-george-albro-65-ms-68-memorial-scholarship
d8d7310f-f8bf-492a-b5ec-9e53d013cb51,Roy Sells Memorial Scholarship,2026-05-01,https://www.fgc.edu/tuition-financial-aid/available-financial-aid/foundation-scholarships.html
d8e49f34-3b89-43fa-85eb-41774a68d37d,The Nick and Anna Monfreda Endowed Scholarship,2026-04-15,https://bigfuture.collegeboard.org/scholarships/the-nick-and-anna-monfreda-endowed-scholarship
d8e70b85-98ee-4813-916f-3b596855a0bc,Line Grant Scholarship for Miami Dade Nursing Students,2026-05-01,https://www.mdc.edu/financialaid/scholarships
d8f4bfac-1b19-4cd6-b16a-1560d9489e7c,MTA College Scholarship,2026-05-04,https://app.scholarships360.org/?status=student
d90bec70-8745-4fc4-8fb0-d785352556f7,Ohio EPA Scholarship,2026-04-15,https://bigfuture.collegeboard.org/scholarships/ohio-epa-scholarship
d9149e02-4a18-4f41-85fe-20bbdf40fb7e,Matt and Joann Butler Youth Development Scholarship,2026-05-01,https://bigfuture.collegeboard.org/scholarships/matt-and-joann-butler-youth-development-scholarship
d92ee9ff-861a-4003-8071-17be2c338b7d,Charles Butt Scholarship for Aspiring Teachers,2026-04-15,https://bigfuture.collegeboard.org/scholarships/charles-butt-scholarship-for-aspiring-teachers
d93c7ccf-c3cf-4275-8065-a71168d3341a,San Gabriel Valley Chapter NLPOA Scholarship,2026-04-22,https://nlpoasgv.com/forms
d9434996-477d-4072-b858-9d9fa9bcaa13,Valerie Rabb Academic Scholarship,2026-04-21,https://bold.org/scholarships/valerie-rabb-academic-scholarship
d97be3bb-4de7-413a-a98c-797f6663d3fa,Lewis C. Mainzer Creativity Award,2026-04-15,https://bigfuture.collegeboard.org/scholarships/lewis-c-mainzer-creativity-award
d99955a1-f0ae-4e98-8575-c78130b28048,The Ram Family Scholarship,2026-04-10,https://bigfuture.collegeboard.org/scholarships/the-ram-family-scholarship
d99c6d6c-4a17-4b80-bc8b-a519675fd11b,Bill Lind Scholarship,2026-04-15,https://bigfuture.collegeboard.org/scholarships/bill-lind-scholarship
d9a578c0-1fb3-4647-89d0-8d0aacea2a0d,Dr. Ethan R. Sellers Memorial Scholarship,2026-05-01,https://www.solanocf.org/Funds/Public/FundView.aspx?f=168
d9b0757a-2f74-4e9e-bc65-bbb2ad74ff3a,Alice B. Hansen Scholarship,2026-04-22,https://bigfuture.collegeboard.org/scholarships/alice-b-hansen-scholarship
d9c42bbe-65a9-4421-8fa3-e2b33c531f7f,"The Thomas V. Murray, Sr., Class of 1968 Endowed Scholarship",2026-04-15,https://bigfuture.collegeboard.org/scholarships/the-thomas-v-murray-sr-class-of-1968-endowed-scholarship
d9d2e58a-51f1-4b1c-a396-cd5608d8eaaa,Indiana Chapter ISRI Scholarship,2026-05-01,https://www.isriindiana.com/scholarships
d9eb6df0-ce08-4017-bf2a-479ddc1b9b14,Massachusetts Cash Grant Program,2026-05-01,https://www.scholarships.com/scholarships/massachusetts-cash-grant-program
d9f12f88-93c1-447c-ba4b-4394c2fdd584,Gerald and Rose Engler Memorial Scholarship,2026-04-15,https://bigfuture.collegeboard.org/scholarships/gerald-and-rose-engler-memorial-scholarship
d9fc1977-9bd0-43a1-b12f-1e511391f972,Cathay Bank Foundation Scholarship,2026-04-20,https://bigfuture.collegeboard.org/scholarships/cathay-bank-foundation-scholarship
da02483d-5eb7-44c8-8088-21405560e3da,PSWC Art Scholarship,2026-04-15,https://bigfuture.collegeboard.org/scholarships/pswc-art-scholarship
da04b27b-49c1-468b-9321-6399a1a15686,ACC Riverbat Scholarship,2026-05-01,https://austincc.academicworks.com/opportunities/9896
da060d23-ea16-43af-8e32-423d9c664655,Sara Elizabeth Stubblefield Foundation Scholarship,2026-04-30,https://bigfuture.collegeboard.org/scholarships/sara-elizabeth-stubblefield-foundation-scholarship
da1af81d-23c4-4174-a2a1-f2940923a244,AISES RISE Scholarship,2026-04-30,https://bigfuture.collegeboard.org/scholarships/aises-rise-scholarship
da1ef44b-f2b0-4a5e-9c7c-e3b5611a7b75,"Dr. James T. Anderson and John F. Root, Jr. Scholarship",2026-04-22,https://cfect.org/scholarships/scholarship-opportunities
da239158-ea6a-4902-87d8-107fd5180c7a,Randy King Memorial Scholarship,2026-04-24,https://bold.org/scholarships/randy-king-memorial-scholarship
da42e298-f7f4-4f44-a0d0-50c542d3235d,José A. Chaves Memorial Scholarship,2026-04-04,https://bigfuture.collegeboard.org/scholarships/jos-a-chaves-memorial-scholarship
da4cb38d-6399-453c-9084-ffa028aab979,Linda and Pete Werner Scholarship,2026-04-15,https://bigfuture.collegeboard.org/scholarships/linda-and-pete-werner-scholarship
da53145c-0317-4d42-bde3-0f3744cbaece,Assistance League of Sacramento Scholarship,2026-05-01,https://bigfuture.collegeboard.org/scholarships/assistance-league-of-sacramento-scholarship
da700524-fadc-4c54-9010-0e9b55ee7c72,Helping Hand Scholarship,2026-04-15,https://texastechalumni.academicworks.com/
da713c4d-96d6-4e00-9de2-7e723429934b,South Shore Bank Citizenship Award,2026-04-14,https://bigfuture.collegeboard.org/scholarships/south-shore-bank-citizenship-award
da92f3e6-2f7f-41a5-96a9-6c82dfd1d926,Agricultural Alliance of Citrus County - Continuing Education Scholarship,2026-04-10,https://bigfuture.collegeboard.org/scholarships/agricultural-alliance-of-citrus-county---continuing-education-scholarship
daa0670b-b1ff-446a-9bb6-3a8c0ae20e03,Kenneth H. Bisordi High School Scholarship,2026-04-15,https://bigfuture.collegeboard.org/scholarships/kenneth-h-bisordi-high-school-scholarship
dabe6124-4c2a-4538-9d32-098e833c3d4d,SPE  Scholarship -Fort Worth Section,2026-04-15,https://bigfuture.collegeboard.org/scholarships/spe--scholarship--fort-worth-section
dabe94b1-9016-4751-b7f0-1c8a612e0680,Gwendolyn M. Sanders Memorial Scholarship,2026-04-10,https://bold.org/scholarships/gwendolyn-m-sanders-memorial-scholarship
dacade35-a2a6-421b-a69e-09fa2d766225,Chi Changemaker Scholarship,2026-05-01,https://www.scholarships.com/scholarships/chi-changemaker-scholarship
dae319fc-b4f7-4c81-803d-802b76fcc000,Gilbert H. Berken Endowed Scholarship,2026-04-20,https://www.nova.edu/sbin/report/scholarships/schlr-srch-params.cgi?category=Institutional&level=Graduate
daef5fc0-f700-43ce-a146-fbbf3e067a02,James A Streeter Memorial Endowed Scholarship,2026-04-15,https://www.clackamas.edu/admissions-financial-aid/financial-aid-scholarships/scholarships
db0eb3f5-44e3-4ec6-a934-4327e70300e7,Rich Family Endowed Scholarship,2026-05-04,https://bigfuture.collegeboard.org/scholarships/rich-family-endowed-scholarship
db14a5d7-4231-4e33-80e3-661010c942a4,Emma Barrientos Scholarship,2026-05-01,https://bigfuture.collegeboard.org/scholarships/emma-barrientos-scholarship
db24316c-f4c6-48f0-b9a7-7f2e19c8fcb6,Rio Rico High School First-Generation Student Scholarship,2026-04-30,https://bold.org/scholarships/rio-rico-high-school-first-generation-student-scholarship
db341fca-2eb1-4565-9358-b5c14391155c,The Honorable Michael G. Allard-Madaus ’82 and Jane Grant Scholarship,2026-04-15,https://bigfuture.collegeboard.org/scholarships/the-honorable-michael-g-allard-madaus-82-and-jane-grant-scholarship
db4eb257-4c34-483d-897b-81a5c117a0e7,The Fred R. and Lillian Anber Aramony Memorial Scholarship,2026-04-15,https://bigfuture.collegeboard.org/scholarships/the-fred-r-and-lillian-anber-aramony-memorial-scholarship
db6aa0a6-2fc1-4ad4-aac7-c423848bab44,NBCUniversal Tony Coelho Scholarship Deadline 2026 USA,2026-05-01,https://bigfuture.collegeboard.org/scholarships/nbcuniversal-tony-coelho-media-scholarship
db740150-18e4-48df-bd98-a189c502ed64,The Worcester State University Alumni Scholarship,2026-04-15,https://bigfuture.collegeboard.org/scholarships/the-worcester-state-university-alumni-scholarship
dbb0fe70-b516-4a3b-9a24-f2bca72619f9,Edward C. Farrell Family Scholarship,2026-04-22,https://bigfuture.collegeboard.org/scholarships/edward-c-farrell-family-scholarship
dbbb39f0-3805-430a-84e3-acb6e40409ab,Sherwood-Delaney Scholarship,2026-04-15,https://umass.academicworks.com/opportunities
dbc08c8c-af08-4a34-8ba8-bd1dc5d0d674,Metro New York Dunkin' Scholarship Program Guide,2026-05-03,https://www.scholarships.com/scholarships/metro-new-york-dunkin-scholarship-program
dc306684-5955-4364-92c7-854d958b721c,HACCOF First-Generation College Grant,2026-04-15,https://bigfuture.collegeboard.org/scholarships/haccof-first-generation-college-grant
dc65042e-a0a3-4461-934f-9fbf12aad603,The Bolívar Network’s First-Year Scholarship,2026-04-09,https://bigfuture.collegeboard.org/scholarships/the-bolvar-networks-first-year-scholarship
dc684ee4-914a-4606-8f97-fb76f246e8d5,Andy Lahera Perseverance and Community Spirit Scholarship,2026-04-14,https://bigfuture.collegeboard.org/scholarships/andy-lahera-perseverance-and-community-spirit-scholarship
dc6ffcf1-224f-446d-8365-192008806cac,Leo Lucas Scholarship,2026-04-30,https://www.ohioschoolboards.org/osba-black-caucus
dc7e4050-752c-42c5-8b37-4f48d0f4fdcb,National Federation of the Blind of Illinois Scholarship,2026-04-15,https://bigfuture.collegeboard.org/scholarships/national-federation-of-the-blind-of-illinois-scholarship
dc8dfd97-ee66-4d1c-a5d6-4b57c8ce5f15,Municipal Bank Scholarship,2026-05-01,https://bigfuture.collegeboard.org/scholarships/municipal-bank-scholarship
dc91a231-ba08-4b21-8081-9a14e6096824,Donald Lawson Tisdel College Scholarship,2026-04-17,https://bigfuture.collegeboard.org/scholarships/donald-lawson-tisdel-college-scholarship
dc9800aa-aff7-4b14-b4f8-a9406187ae3f,Sara Frances Bounds Memorial Scholarship,2026-05-01,https://www.fftc.org/scholarships
dcb41483-cf5b-4a08-aa12-b9ef2ad24053,Joe Persons Incentive Scholarship,2026-05-01,https://www.fgc.edu/tuition-financial-aid/available-financial-aid/foundation-scholarships.html
dcd1c53a-9621-409c-83e5-c04969db86d5,Henry Stone Endowed Scholarship,2026-05-01,https://austincc.academicworks.com/opportunities/9960
dce6308b-6983-40d5-b25e-971213dc0eb5,"Professional Development Scholarship Emphasizing History, Number Theory, or Discrete Mathematics",2026-05-01,https://bigfuture.collegeboard.org/scholarships/professional-development-scholarship-emphasizing-history-number-theory-or-discrete-mathematics
dceffc6a-569a-4a98-98a6-ff3dc9f163cf,Undergraduate Companion Animal Interest Scholarship,2026-04-30,https://www.scholarships.com/scholarships/undergraduate-companion-animal-interest-scholarship
dcf375ac-9b24-4f3b-852e-dfc32cc47aa9,CFHLA Hospitality College Student Scholarship,2026-04-24,https://www.cfhla.org/hospitality-scholarships
dcfdc6ca-401b-4cb9-8cef-cf6703c083b8,Catherine Jirak Scholarship,2026-04-18,https://bold.org/scholarships/catherine-jirak-scholarship
dcff7f48-805b-4e46-86ef-cb859385a51f,Jacobs Engineering COMTO Philadelphia Scholarship,2026-04-24,https://bigfuture.collegeboard.org/scholarships/jacobs-engineering-comto-philadelphia-scholarship
dd166008-40fe-4756-ad36-8a8aa56a735e,Tidland Family Scholarship,2026-04-15,https://bigfuture.collegeboard.org/scholarships/tidland-family-scholarship
dd33bcd6-b4a2-4b74-a45f-ed2256a4da78,SMA Foundation Student Scholarship,2026-04-30,https://www.scholarships.com/scholarships/sma-foundation-student-scholarship
dd4c02bd-ef80-4eb8-9780-cad73ab14991,Trampoline & Tumbling Scholarship,2026-05-02,https://www.scholarships.com/scholarships/trampoline-and-tumbling-scholarship
dd5f54bd-0d8e-42d4-875d-9defc07bd9a6,Better ATX- Sooch Foundation Scholarship,2026-05-01,https://bigfuture.collegeboard.org/scholarships/better-atx--sooch-foundation-scholarship
dd600c7d-03ac-41ed-a07c-3b1cdb5d933f,Taiwanese American Scholarship Eligibility 2026 USA,2026-04-20,https://bigfuture.collegeboard.org/scholarships/taiwanese-american-scholarship
dd63bc43-5696-4d23-b249-02ea682ca37c,Lawrence C. Fortier Scholarship Details & Deadline,2026-05-01,https://www.atca.org/scholarship
dd8151cf-1513-4cf5-8c67-13bd53be3b40,CFHLA Hospitality Graduating High School  Student Scholarship,2026-05-01,https://www.cfhla.org/hospitality-scholarships
dd8e0a86-6678-424b-906f-21d52a17bf97,Idaho Legion Auxiliary General Studies Non-Traditional Scholarship,2026-05-01,https://bigfuture.collegeboard.org/scholarships/idaho-legion-auxiliary-general-studies-non-traditional-scholarship
dda5d7ac-4b86-4089-92c6-171672e396a3,KYTESOL Scholarship,2026-04-15,https://bigfuture.collegeboard.org/scholarships/kytesol-scholarship
ddb24b9f-4acc-4364-8ced-1635f1cbd7cc,ABA Academic Merit Scholarship Guide 2026,2026-04-30,https://www.scholarships.com/scholarships/aba-academic-merit-scholarship
ddb7072b-0240-4c24-8368-e0b61b8a1e6d,Dr. Tahita Fulkerson Scholarship,2026-04-15,https://bigfuture.collegeboard.org/scholarships/dr-tahita-fulkerson-scholarship
ddbb33a3-98b3-4d7a-bee3-c46fe1d7579d,Modis Professional Service Endowed Scholarship,2026-04-15,https://www.unf.edu/udae/awards/endowments.html
dddfc1fa-88ce-4602-8b50-f29db00bdbd2,Virginia Grain Producers Association Scholarship,2026-04-29,https://bigfuture.collegeboard.org/scholarships/virginia-grain-producers-association-scholarship
ddecd51d-0d30-465e-b008-c9bec35328e4,Chamber ECT Foundation Scholarship,2026-05-01,https://www.scholarships.com/scholarships/chamber-ect-foundation-scholarship
de24a553-948d-456e-8f2b-584265760cf7,Catherine S. Rice Scholarship,2026-05-01,https://bigfuture.collegeboard.org/scholarships/catherine-s-rice-scholarship
de2784be-22af-4084-b2b6-e16f2b222d1b,Dr. Christie Nigro and Carrie Ross Nigro Chorale Scholarship,2026-04-15,https://bigfuture.collegeboard.org/scholarships/dr-christie-nigro-and-carrie-ross-nigro-chorale-scholarship
de3bcb92-0be8-4a54-a1d0-e5f6f08dcc58,Beulah Frey Environmental Scholarship,2026-04-25,https://www.scholarships.com/scholarships/beulah-frey-environmental-scholarship
de494f23-0016-4be0-880e-ea77dbe3d0c6,rootEd Undergraduate Scholarship,2026-04-15,https://bigfuture.collegeboard.org/scholarships/rooted-undergraduate-scholarship
de523309-823a-4cca-9b82-0d91abe1dceb,Gilbert Poulter Scholarship,2026-04-15,https://bigfuture.collegeboard.org/scholarships/gilbert-poulter-scholarship
de5c0a4b-74b7-4de3-a27f-70ce9b37185c,Woman's Life Financial Need Scholarship,2026-05-01,https://bigfuture.collegeboard.org/scholarships/womans-life-financial-need-scholarship
de6a9cb8-e355-4ec3-b777-79512e7f5652,The Bartelson Family Scholarship for Math & Science Educators,2026-04-15,https://bigfuture.collegeboard.org/scholarships/the-bartelson-family-scholarship-for-math--science-educators
de6bc0a4-f4db-4ff9-a8c1-5ad538c5e153,C.L. Cook Angus Scholarship,2026-05-01,https://www.angus.org/foundation/apply-for-scholarships/njaa-scholarships
de80c741-020d-468a-b200-cc367b2b941c,Samvid Scholars Program,2026-04-12,https://bigfuture.collegeboard.org/scholarships/samvid-scholars-program
de888d98-25fa-48bd-a676-577161537af5,Polly Wilkie Scholarship,2026-04-20,https://www.nova.edu/sbin/report/scholarships/schlr-srch-params.cgi?category=Institutional&level=Graduate
de961e30-9a2f-42b4-b718-0ed9a4363090,Admiral James B. Osborn Memorial Scholarship,2026-05-01,https://bigfuture.collegeboard.org/scholarships/admiral-james-b-osborn-memorial-scholarship
dea507cf-959b-4005-9175-7daa21b081fc,New York State Association of Agricultural Fairs/New York State Showpeople's Association Scholarship,2026-04-15,https://bigfuture.collegeboard.org/scholarships/new-york-state-association-of-agricultural-fairsnew-york-state-showpeoples-association-scholarship
deb07a47-2871-43c8-a6b9-bb72ee5793f1,Fort Bliss Spouses' Association Merit Scholarship,2026-04-15,https://www.thefbsa.org/scholarships
deb4a504-32ad-4590-a35b-cf31b846a2ce,Donna Gail Shaw Scholarship for Chapter Service,2026-04-29,https://bigfuture.collegeboard.org/scholarships/donna-gail-shaw-scholarship-for-chapter-service
dec5681f-e85b-4e05-a02d-e5ead5426230,Mario Lomeli Memorial Scholarship,2026-05-01,http://cetoweb.org/dtasc/scholarship-form
ded9e8ef-1ba5-4f84-82ce-1277d49ec6e6,PHCC Educational Foundation Scholarship,2026-05-01,https://www.phccfoundation.org/foundation/scholarship-program
dee91847-c19f-49d6-8832-b61bd2951bb3,NSC Safety for All Scholarship Program,2026-05-04,https://bigfuture.collegeboard.org/scholarships/nsc-safety-for-all-scholarship-program
def8ab2d-532b-484f-ba5c-0fabb6bcded8,Corky K. Spanjer Scholarship,2026-04-06,https://bigfuture.collegeboard.org/scholarships/corky-k-spanjer-scholarship
df0c7749-4ec5-4f38-b5fb-f54c73ec2ab0,Francis M. Keville Scholarship,2026-04-30,https://bigfuture.collegeboard.org/scholarships/francis-m-keville-scholarship
df2c7739-7abe-4fb0-a810-b01565b6fbb6,GoBob Pipe & Steel Cattlemen's Scholarship,2026-04-17,https://bigfuture.collegeboard.org/scholarships/gobob-pipe--steel-cattlemens-scholarship
df2cf1b0-9806-4a2f-a66e-ee77abec01cb,Belvoir AFCEA Scholarship,2026-05-01,https://bigfuture.collegeboard.org/scholarships/belvoir-afcea-scholarship
df2d4290-e760-4f16-b4fd-d051271e0b41,Andrea Lynn Baker Memorial Humanities Scholarship,2026-05-04,https://bigfuture.collegeboard.org/scholarships/andrea-lynn-baker-memorial-humanities-scholarship
df2daaf9-16ab-4779-a646-bc34d90916e9,Eileen and Andrew Hafer Ambassador Scholarship,2026-04-11,https://bigfuture.collegeboard.org/scholarships/eileen-and-andrew-hafer-ambassador-scholarship
df364ebf-991e-4b2a-a3f3-f02f5dc58cb5,Tennessee HOPE Scholarship Guide and Deadline,2026-05-01,https://www.scholarships.com/scholarships/tennessee-hope-scholarship
df532e10-ff04-4d87-ba61-03b82adc9889,Higher Edge Scholarship,2026-04-22,https://bigfuture.collegeboard.org/scholarships/higher-edge-scholarship
df566886-ace3-4251-86e0-eb5a90d09927,Dr. David Wells Scholarship for Continuing Education Students,2026-04-15,https://bigfuture.collegeboard.org/scholarships/dr-david-wells-scholarship-for-continuing-education-students
df5c2d04-1c6b-4f7b-b247-602d2032197f,Paul Kravagna Higher Education Scholarship,2026-05-01,https://www.caea-arteducation.org/student-scholarships
df77bf39-abfc-4777-a658-79a826790827,NE Florida Engineers Week Committee Scholarship,2026-04-15,https://bigfuture.collegeboard.org/scholarships/ne-florida-engineers-week-committee-scholarship
df84fc33-550d-4ccb-b115-c2ca4132e510,"Dr. Philip ""Uri"" Treisman Endowed Scholarship",2026-05-01,https://austincc.academicworks.com/opportunities/9930
df8a04cd-900f-46f7-a1dc-bb3016a8ce41,The General Montgomery (Monty) C. Meigs Scholarship,2026-05-01,https://www.foldedflagfoundation.org/meigs-scholarship
df96999f-bc8b-44b1-b80a-c45502e93a10,Lancers for Lancers Book Scholarship,2026-04-15,https://bigfuture.collegeboard.org/scholarships/lancers-for-lancers-book-scholarship
dfad09c0-05fb-4103-a559-2c878f5e78f4,Maine Antique Tractor Club Scholarship,2026-04-30,https://bigfuture.collegeboard.org/scholarships/maine-antique-tractor-club-scholarship
dfae4570-cbe3-4cfc-9c75-43d4727a5f77,Center for Dairy Excellence Student Leader Scholarship,2026-05-01,https://bigfuture.collegeboard.org/scholarships/center-for-dairy-excellence-student-leader-scholarship
dfb4ad36-8d83-4ec3-9fc8-367f259c6a3e,The David ’76 and Ellen (M.Ed.)’88 Meyers Endowed Scholarship,2026-04-15,https://bigfuture.collegeboard.org/scholarships/the-david-76-and-ellen-med88-meyers-endowed-scholarship
dfb60e23-9dbc-4839-8fed-beb7d47126a6,CodeWizardsHQ Educational Scholarship,2026-05-01,https://bigfuture.collegeboard.org/scholarships/codewizardshq-educational-scholarship
dfddbf3f-6025-4732-8185-c0305ac4fae3,Rural Mutual Insurance Company/Wisconsin Towns Association Scholarship Scholarship,2026-05-01,https://bigfuture.collegeboard.org/scholarships/rural-mutual-insurance-companywisconsin-towns-association-scholarship-scholarship
dffa1fbd-0423-4e5d-aba2-0f6d965094cc,George and Susan Carter Scholarship,2026-04-08,https://bigfuture.collegeboard.org/scholarships/george-and-susan-carter-scholarship
e0051004-0fc2-47ff-8de4-e36edf35d671,Wisconsin Section AWWA Technical School Scholarship,2026-04-22,https://bigfuture.collegeboard.org/scholarships/wisconsin-section-awwa-technical-school-scholarship
e01ac1df-c1cf-4f85-8bf9-164b37e6515d,Josh Chapman Memorial Scholarship,2026-04-30,https://bold.org/scholarships/josh-chapman-memorial-scholarship
e0228faa-1d9f-4ec6-bfce-bb4a59be28f8,Oregon Nurses Foundation Centennial Education Scholarship,2026-05-01,https://bigfuture.collegeboard.org/scholarships/oregon-nurses-foundation-centennial-education-scholarship
e022e431-d931-4f43-9ec1-891cca25e888,Bold Rewards No-Essay Scholarship,2026-04-30,https://bold.org/scholarships/bold-rewards-no-essay-scholarship
e0248654-548a-4796-8992-49d74c1b930c,Don Little Memorial Scholarship,2026-05-01,https://bigfuture.collegeboard.org/scholarships/don-little-memorial-scholarship
e031465b-8b87-44c3-8e0a-4a796d4cb120,EDPAF Scholarship,2026-05-01,https://www.edpa.com/edpafoundation
e031c8b4-3e59-4679-8fb6-181b601bb38a,Agganis Foundation Scholarship eligibility 2026 USA,2026-04-24,https://bigfuture.collegeboard.org/scholarships/agganis-foundation-scholarship
e044fc0d-1a84-449d-826f-19ccf45faab1,"Allegra Ford Thomas Scholarship: Eligibility, Deadline & How to…",2026-04-26,https://www.scholarships.com/scholarships/allegra-ford-thomas-scholarship
e0480ad4-97c6-4e22-a094-3b9997fed3f3,Paul Tsongas Scholarship deadline 2026 USA,2026-05-01,https://bigfuture.collegeboard.org/scholarships/paul-tsongas-scholarship
e05d55a4-3300-4c5a-a9b2-dd593a0329a1,John W. Austin Memorial Scholarship,2026-05-01,https://bigfuture.collegeboard.org/scholarships/john-w-austin-memorial-scholarship
e0671102-1f43-4dd2-b9e1-e71b3b424d61,Frank Vail Music Memorial Scholarship,2026-04-17,https://bold.org/scholarships/frank-vail-music-memorial-scholarship
e08f2f7e-f969-4e6a-a8b4-d2f42cb7c1ea,NJSWEP Scholarship,2026-04-15,https://bigfuture.collegeboard.org/scholarships/njswep-scholarship
e0927105-207a-4199-bcee-91e0fd029d78,Texas DPS Scholarship Eligibility & Deadline 2026 USA,2026-05-01,https://bigfuture.collegeboard.org/scholarships/texas-dps-scholarship
e094d4ef-b1cf-4982-a0d7-fdcdf5ea562a,Henry Nissen Scholarship,2026-04-17,https://bigfuture.collegeboard.org/scholarships/henry-nissen-scholarship
e0e98997-187a-44d6-bbea-db2f82811c9e,Live Oak Contracting Scholarship,2026-04-15,https://bigfuture.collegeboard.org/scholarships/live-oak-contracting-scholarship
e0fac4da-a0ae-40b2-8ba8-a5c17acefd37,Hotel Association of Tarrant County Scholarship,2026-04-15,https://bigfuture.collegeboard.org/scholarships/hotel-association-of-tarrant-county-scholarship
e108a1e2-a71e-4965-b3b2-229ad7f4c35c,Tuolumne County Sheriff's Posse Scholarship,2026-04-15,https://bigfuture.collegeboard.org/scholarships/tuolumne-county-sheriffs-posse-scholarship
e10d6789-c44e-4864-9745-3c0583bf494c,Floyd and Ruth Hill Memorial Scholarship,2026-05-04,https://bigfuture.collegeboard.org/scholarships/floyd-and-ruth-hill-memorial-scholarship
e13601e6-9163-4ebf-8641-011806f0bfed,Bobbie Jean Douglas Memorial Endowed Scholarship,2026-05-04,https://bigfuture.collegeboard.org/scholarships/bobbie-jean-douglas-memorial-endowed-scholarship
e13c86ca-ca52-4d4c-b176-42862ec8b8c3,David Spector Memorial Scholarship,2026-04-20,https://www.nova.edu/sbin/report/scholarships/schlr-srch-params.cgi?category=Institutional&level=Graduate
e15f658b-2f14-4e06-a8b6-c22eac750e4d,Psychology Scholarship,2026-05-01,https://bigfuture.collegeboard.org/scholarships/psychology-scholarship
e16e895f-5888-4a17-9612-49bc8d4768d3,"You Can’t Label People, But You Can Label Products",2026-04-30,https://www.scholarships.com/scholarships/you-cant-label-people-but-you-can-label-products
e197e6ea-46f2-4664-957e-74ad6914c027,Janet and Jim Boettcher Memorial Scholarship,2026-04-22,https://bold.org/scholarships/janet-and-jim-boettcher-memorial-scholarship
e1a6ef48-1e1e-4ca1-9796-663dc7dc8ff9,National Ranger Memorial Foundation Scholarship,2026-04-30,https://rangermemorial.org/scholarship
e1a9e8c6-7e5e-4ae9-a5bd-072399260a31,National Collegiate Cancer Foundation Legacy Scholarship,2026-05-01,https://bigfuture.collegeboard.org/scholarships/national-collegiate-cancer-foundation-legacy-scholarship
e1ad3ce6-40a5-4150-ad66-b627513ec836,M.S. and Meek Lane Doss Endowed Scholarship,2026-04-15,https://tccd.academicworks.com/opportunities/4742
e1c9222d-b6e4-455c-80f1-91e24d002f30,Goetz Family STEM Scholarship,2026-05-04,https://bigfuture.collegeboard.org/scholarships/goetz-family-stem-scholarship
e1dff20a-dacf-4b10-a507-82810ad677c4,Avery-Young Family Scholarship,2026-04-15,https://bigfuture.collegeboard.org/scholarships/avery-young-family-scholarship
e2034ca1-0ba6-44dd-81d7-5f407ece32da,Frey Family Scholarship for Respiratory Students,2026-05-01,https://bigfuture.collegeboard.org/scholarships/frey-family-scholarship-for-respiratory-students
e2321035-3fc4-4600-a9fa-2c5f17d667ba,Michael Birchenall Scholarship,2026-04-15,https://bigfuture.collegeboard.org/scholarships/michael-birchenall-scholarship
e233dee0-a7db-4848-83b7-9b928d1d1348,Dr. Janette K. and James Rogers Scholarship,2026-04-29,https://bigfuture.collegeboard.org/scholarships/dr-janette-k-and-james-rogers-scholarship
e2430fca-f1ec-4c04-8904-0ab545f1214f,Mabel Kiracofe Scholarship,2026-04-22,https://bold.org/scholarships/mabel-kiracofe-scholarship
e2485d45-18d0-45cf-832a-cc49213c1e94,Hackers Against Hate: Diversity in Information Security Scholarship,2026-04-26,https://bold.org/scholarships/hackers-against-hate-diversity-in-information-security-scholarship
e24e07dd-4d34-4a12-8b76-1d6a99305597,Maine State Grange Agricultural Scholarship,2026-04-23,https://bigfuture.collegeboard.org/scholarships/maine-state-grange-agricultural-scholarship
e2544a23-127d-4fdb-9c9d-435fc2b3a662,Dawn Steward Memorial Scholarship for Large Animal Vet Students,2026-05-01,https://www.scholarships.com/scholarships/dawn-steward-memorial-scholarship-for-large-animal-vet-students
e25cb170-90ce-46bb-9230-ce22ab3231d5,Griffin/McKahan/Zilm (GMZ) Graduate Fellowship in Health Facility Planning and Design Scholarship,2026-04-10,https://bigfuture.collegeboard.org/scholarships/griffinmckahanzilm-gmz-graduate-fellowship-in-health-facility-planning-and-design-scholarship
e2747425-f151-483e-a51f-14002813f00f,Foster Love Family Fellowship,2026-05-01,https://www.scholarships.com/scholarships/foster-love-family-fellowship
e29410bd-eeec-4681-9fd6-ee7445c4d90a,"Karen J. Nichols, DO, LEAD Scholar",2026-04-30,https://bigfuture.collegeboard.org/scholarships/karen-j-nichols-do-lead-scholar
e29aca7b-1b95-4cbe-91a5-c7420eb81e14,Interfaces Symposium Scholarship,2026-04-15,https://texastechalumni.academicworks.com/
e2a256c8-b3ce-4281-b176-aeeac043fb86,Natalie Shein Student Ambassador Scholarship,2026-04-06,https://bigfuture.collegeboard.org/scholarships/natalie-shein-student-ambassador-scholarship
e2a8fd52-d379-427c-9fc0-d3ee79b17a6c,Colusa County Farm Bureau Vocational Scholarship,2026-04-29,https://bigfuture.collegeboard.org/scholarships/colusa-county-farm-bureau-vocational-scholarship
e2c44dad-72a9-46cf-b8f0-16235f581276,Thomas P. Quinn Scholarship,2026-04-22,https://bigfuture.collegeboard.org/scholarships/thomas-p-quinn-scholarship
e2c50fec-4604-468e-a6a7-9b6f1f29a148,Undocumented and DACA Student Scholarship,2026-05-04,https://bigfuture.collegeboard.org/scholarships/undocumented-and-daca-student-scholarship
e2e20b81-c366-4759-a9d3-8d48eaea1e20,Stan Moran Jr. Memorial Scholarship,2026-04-22,https://bold.org/scholarships/stan-moran-jr-memorial-scholarship
e2f9c44f-6d6e-4704-8b0c-08481478bd6d,Eric Bykowski Memorial Scholarship,2026-05-04,https://bigfuture.collegeboard.org/scholarships/eric-bykowski-memorial-scholarship
e300cf72-0118-4226-928a-a72980e2506e,Albert and Nancy Wilson Merit Scholarship,2026-04-22,https://bigfuture.collegeboard.org/scholarships/albert-and-nancy-wilson-merit-scholarship
e35eb2b7-c090-4631-bec5-cf3d4439d705,Marco Charles Scholarship,2026-05-01,https://www.framingham.edu/admissions-aid/cost-aid/types-aid/scholarships
e3644c6f-d9ef-478b-8cc7-07fcb1202a47,Heather Colleen Aldous Memorial Endowed Scholarship,2026-05-01,https://www.fgc.edu/tuition-financial-aid/available-financial-aid/foundation-scholarships.html
e3736f6b-28a3-4a81-afb2-dd82055a8ed8,Kansas CattleWomen Scholarship,2026-04-17,https://bigfuture.collegeboard.org/scholarships/kansas-cattlewomen-scholarship
e374696b-74ef-49d5-99c9-5be260ce7cae,Ross A. Reynolds '17 Memorial Presidential Student Leadership Scholarship,2026-04-15,https://bigfuture.collegeboard.org/scholarships/ross-a-reynolds-17-memorial-presidential-student-leadership-scholarship
e38c599c-7b97-46d2-b34c-4dc602a544fd,Ruth Townley Endowed Scholarship,2026-05-01,https://austincc.academicworks.com/opportunities/9893
e3a16c20-07f8-4737-8970-ca8d7c62c21e,Auxiliary Legacy Scholarship,2026-04-15,https://bigfuture.collegeboard.org/scholarships/auxiliary-legacy-scholarship
e3a6f88a-fa84-4784-9017-5c18918ade07,Frontier Bank Scholarship,2026-05-01,https://bigfuture.collegeboard.org/scholarships/frontier-bank-scholarship
e3be8ad5-fcce-473c-ad70-6a2f8d209d00,William A. Turner Scholarship deadline 2026 USA,2026-05-01,https://bigfuture.collegeboard.org/scholarships/the-william-a-turner--jr-endowed-scholarship
e3cbdbdb-c8e4-41ab-9601-dca768a712b4,Ray Smith Scholarship,2026-04-29,https://www.cmca.com/foundation/ray-smith-scholarships
e3ebb76a-a6e0-4489-9224-7be43ccb8587,Joseph Shinoda Memorial Scholarship,2026-04-24,https://www.scholarships.com/scholarships/joseph-shinoda-memorial-scholarship
e4103b8f-bc76-41b6-9a68-214b1e3ca049,Millie Vancio Professional Nursing Scholarship,2026-05-04,https://www.sdfoundation.org/students/other-sdf-scholarships
e42acf5f-b729-482c-b32e-0674b9e5ab8b,Ravenell “Ricky” Keller III Study Abroad Scholarship,2026-05-01,https://bigfuture.collegeboard.org/scholarships/ravenell-ricky-keller-iii-study-abroad-scholarship
e444c424-53e0-4250-bb66-c815022dc6d0,"Tom and Judy O'Brien ""Family Comes First"" Scholarship",2026-05-01,https://bigfuture.collegeboard.org/scholarships/tom-and-judy-obrien-family-comes-first-scholarship
e45c8027-8e9c-4146-91cf-0e361f9639de,WGA Celebrate The West High School Art Competition,2026-04-24,https://www.scholarships.com/scholarships/wga-celebrate-the-west-high-school-art-competition
e46696b8-97fa-4769-9707-eece36065c44,Gabrielle Fritsche & Paige Derenne Memorial Scholarship,2026-04-08,https://bigfuture.collegeboard.org/scholarships/gabrielle-fritsche--paige-derenne-memorial-scholarship
e46e4713-7bb3-4243-82ca-d8447bb332be,Kentucky Transportation Employees' Association Scholarship,2026-04-16,http://www.ktea.net/Membership-Info
e4965daa-0d36-4707-bcb1-3d485af4915a,Japanese American Veterans Association Memorial Scholarship,2026-04-30,https://java-us.org/JAVA-Memorial-Scholarship-Program
e4beb246-f2a1-492b-9871-b8851456153b,Charles H. Bussmann Undergraduate Scholarship,2026-04-15,https://bigfuture.collegeboard.org/scholarships/charles-h-bussmann-undergraduate-scholarship
e4e8cf4f-a08e-4b0d-ae42-35a707ad12b9,Global Programs Partners Scholarship,2026-04-24,https://bigfuture.collegeboard.org/scholarships/global-programs-partners-scholarship
e4fb8815-0b0f-4d53-87ff-aa2fc16d51ea,Mack C. Olson Memorial Angus Scholarship,2026-05-01,https://www.angus.org/foundation/apply-for-scholarships/njaa-scholarships
e53fee41-b9b7-4a8f-a3cc-62f323fc2d40,AEF Jodi Callahan Memorial Graduate Scholarship,2026-04-30,https://www.scholarships.com/scholarships/aef-jodi-callahan-memorial-graduate-scholarship
e54384b3-a51f-41fc-903b-e4c7dacdc8a5,Aldo Valentini Scholarship,2026-04-22,https://bigfuture.collegeboard.org/scholarships/aldo-valentini-scholarship
e54f3f5e-2e02-4ad4-bd44-ed1d1158b2eb,Kirby Able Scholarship,2026-04-15,https://bigfuture.collegeboard.org/scholarships/kirby-able-scholarship
e56a8c0a-5e88-45c2-86c7-d7591ea333a7,Neil Molloy Memorial Scholarship,2026-04-15,https://bigfuture.collegeboard.org/scholarships/neil-molloy-memorial-scholarship
e594eb14-b26d-406c-94ba-82ed34bfcfb7,GTF Sibling Scholarship,2026-05-01,https://bigfuture.collegeboard.org/scholarships/gtf-sibling-scholarship
e5c6d52c-9517-4428-b026-cf892bdef2ab,ASG Educational Scholarship,2026-05-01,https://bigfuture.collegeboard.org/scholarships/asg-educational-scholarship
e5dffc3a-b1d0-4bf7-a303-42d86450e87e,Howard M. Mann Scholarship,2026-04-06,https://bigfuture.collegeboard.org/scholarships/howard-m-mann-scholarship
e5ed8603-4d8e-47e6-aa4e-743cc2a56a30,Emanuel A. Paris Memorial Scholarship,2026-04-15,https://bigfuture.collegeboard.org/scholarships/emanuel-a-paris-memorial-scholarship
e61a767f-04f1-447b-986f-5cd8ce5be613,WMCCAI Scholarship,2026-04-15,https://bigfuture.collegeboard.org/scholarships/wmccai-scholarship
e61c07fc-5afc-430f-9a65-39afe42d139b,SCAPHON Childhood Cancer Survivor Scholarship,2026-04-15,https://bigfuture.collegeboard.org/scholarships/scaphon-childhood-cancer-survivor-scholarship
e61d7d63-207a-4b87-8f39-b5d7e6235780,Helping Hands Scholarship,2026-04-15,https://texastechalumni.academicworks.com/
e625730e-3203-461d-99b0-1da07cd516df,St. Petersburg College Foundation Scholarship,2026-05-01,https://www.spcollege.edu/foundation/scholarships/apply-for-scholarships
e628a738-8df7-4d76-b297-385a0da3ff7a,Waterford Scholars Scholarship,2026-04-22,https://bigfuture.collegeboard.org/scholarships/waterford-scholars-scholarship
e6357363-43e7-4df2-9835-a4d1662f4101,Carpentry Framing Scholarship,2026-04-15,https://bigfuture.collegeboard.org/scholarships/carpentry-framing-scholarship
e64bf1b4-0d85-47c7-a610-ac084e3270d7,Dale Spencer Scholarship,2026-04-15,https://bigfuture.collegeboard.org/scholarships/dale-spencer-scholarship
e6878c8a-2eab-4f03-a866-8b992c655b37,Kia America HACU STEAM Scholarship Apply 2026 USA,2026-05-01,https://bigfuture.collegeboard.org/scholarships/kia-america---hacu-steam-scholarship
e69332c1-0c8d-4888-8207-0fbd25ab9f09,Jon A. Schlueter City Teacher Scholarship Deadline 2026 USA,2026-04-30,https://bigfuture.collegeboard.org/scholarships/jon-a-schlueter-city-teacher-scholarship
e69fdd2c-8f84-4de8-981a-924737b14555,Idaho Legion Auxiliary Non-Traditional Nurses Scholarship,2026-05-01,https://bigfuture.collegeboard.org/scholarships/idaho-legion-auxiliary-non-traditional-nurses-scholarship
e6bfbce0-13f6-483a-8f6e-4741ff4dbd56,"NE Florida Chapter of the Florida Engineering Society ""Charles Bennett Scholar"" Scholarship",2026-04-15,https://bigfuture.collegeboard.org/scholarships/ne-florida-chapter-of-the-florida-engineering-society-charles-bennett-scholar-scholarship
e6c98da6-a654-437c-bbd9-f1dac889739a,HBCU Sustainable Communities Initiative Scholarship,2026-05-01,https://bigfuture.collegeboard.org/scholarships/hbcu-sustainable-communities-initiative-scholarship
e6cc8739-a47f-4fd8-9c7a-1ec0133ed27a,Bell Aviation Scholarship,2026-04-15,https://bigfuture.collegeboard.org/scholarships/bell-aviation-scholarship
e6e2ff6f-20c2-49db-b153-2d3ce36647f2,Hsiao Memorial Social Sciences Scholarship,2026-05-01,https://bigfuture.collegeboard.org/scholarships/hsiao-memorial-social-sciences-scholarship
e6ec77a2-518d-4244-98f1-cd5a101a2988,Lifelong Learning Institute Scholarship,2026-05-04,https://bigfuture.collegeboard.org/scholarships/lifelong-learning-institute-scholarship
e6ed5559-6075-47e3-b36a-e573b1d04e49,Presidential Scholarship,2026-05-01,https://bigfuture.collegeboard.org/scholarships/presidential-scholarship-framingham-state-university
e6f1cd7b-9689-474f-940a-42bd092b1634,"Younce, Vtipil, Baznik & Banks Scholarship",2026-05-01,https://bold.org/scholarships/younce-vtipil-baznik-and-banks-scholarship
e702840c-5822-450c-9191-b41e35138674,Pacific Forest Foundation Scholarship,2026-05-01,https://bigfuture.collegeboard.org/scholarships/pacific-forest-foundation-scholarship
e71703e0-f245-4599-a294-08cb5fb477ba,Print and Graphics Scholarship Foundation Scholarship,2026-05-01,https://bigfuture.collegeboard.org/scholarships/print-and-graphics-scholarship-foundation-scholarship
e7561fdf-d899-412a-9f54-094fdb916f3b,Olene S. Walker Transition to Adult Living Scholarship,2026-04-15,https://bigfuture.collegeboard.org/scholarships/olene-s-walker-transition-to-adult-living-scholarship
e759303c-3b9b-4f73-88b1-cd1cd4ea108d,"Columbia, South Carolina NAWIC Chapter Scholarship",2026-05-01,https://www.nawiccolumbia.org/photos/scholarships
e75c1381-e1cf-41aa-ae03-473281682cd7,Office of Special Education and Rehabilitative Services (OSERS): Rehabilitation Services Administration (RSA): Parent Information and Training Program ALN 84.235F,2026-04-24,https://wiki.simpler.grants.gov/
e7612864-ab14-4bde-83c8-82880b0bcc82,Dr. Thomas C. Liu Nursing Scholarship,2026-05-01,https://bigfuture.collegeboard.org/scholarships/dr-thomas-c-liu-nursing-scholarship
e79e9f86-ac17-46ce-9238-7bc910e57a9a,Salute to Scholars Program for High School Seniors,2026-05-01,http://www.jacksoninaction83.org/salute-to-scholars
e7b16d84-803b-4954-8e8e-729facfb2654,Rotary Club of Playa Venice Sunrise Interact Scholarship,2026-04-29,https://bigfuture.collegeboard.org/scholarships/rotary-club-of-playa-venice-sunrise-interact-scholarship
e7b187c6-4c6e-4d4c-9db6-341fc1c6e359,200 Bold Points No-Essay Scholarship,2026-04-30,https://bold.org/scholarships/bold-org-200-points-no-essay-scholarship
e7b1cb6f-0b21-46ef-b24d-7341f7b2c60a,Crystal River High School Alumni Association Scholarship,2026-04-28,https://bigfuture.collegeboard.org/scholarships/crystal-river-high-school-alumni-association-scholarship
e7ba2cf8-5874-4302-a0c1-b2cda761e342,Lloyd A. Harris Endowment in HVAC Scholarship,2026-04-15,https://bigfuture.collegeboard.org/scholarships/lloyd-a-harris-endowment-in-hvac-scholarship
e7c9a67c-a6bc-491c-9c8b-0635cd48fa44,C. Jake and Agnes Gulchinski Scholarship,2026-05-01,https://bigfuture.collegeboard.org/scholarships/c-jake-and-agnes-gulchinski-scholarship
e7cf080b-1fd3-4921-bd50-124a4a2b8fbf,Charles Tartaglia Family Scholarship,2026-04-14,https://bigfuture.collegeboard.org/scholarships/charles-tartaglia-family-scholarship
e7da71a2-5d01-4e82-8575-a28df16990f6,Leslie A. Ebert Legacy of Life Scholarship,2026-04-15,https://bigfuture.collegeboard.org/scholarships/leslie-a-ebert-legacy-of-life-scholarship
e7e81a58-e731-4ced-a71c-df51a9d72c8e,Rainbow Springs Art Scholarship,2026-04-30,https://bigfuture.collegeboard.org/scholarships/rainbow-springs-art-scholarship
e7ebb25a-25de-418f-bcf6-38897a27a3c7,Frank Family Scholarship,2026-04-15,https://bigfuture.collegeboard.org/scholarships/frank-family-scholarship
e7f1d7ca-4044-4d1d-ac80-0980a4e06431,Barbara Emerich Memorial Scholarship,2026-04-08,https://bigfuture.collegeboard.org/scholarships/barbara-emerich-memorial-scholarship
e7fc5e1b-c280-46c5-abcc-b93804bbbec8,Harry J. Harwick Scholarship,2026-05-01,https://bigfuture.collegeboard.org/scholarships/harry-j-harwick-scholarship
e8030290-8162-4471-af7b-6c806f6d4594,Edward W. Stimpson Aviation Excellence Scholarship,2026-04-15,https://bigfuture.collegeboard.org/scholarships/edward-w-stimpson-aviation-excellence-scholarship
e806d367-8090-4460-809b-692d3bc8a4b1,Gereon Rios Memorial Scholarship,2026-04-15,https://bigfuture.collegeboard.org/scholarships/gereon-rios-memorial-scholarship
e814c6f0-d6f6-449c-bb09-00aaa298f744,Heritage Woodworking and Millwright Scholarship,2026-04-15,https://www.clackamas.edu/admissions-financial-aid/financial-aid-scholarships/scholarships
e830f050-0beb-455c-a429-f7e2b950a247,Southern California Chapter AIST Engineering Scholarship,2026-04-30,https://bigfuture.collegeboard.org/scholarships/southern-california-chapter-aist-engineering-scholarship
e83b57cb-8e38-4cfa-9956-b0123d9842da,Mark Tiby Scholarship,2026-04-10,https://bigfuture.collegeboard.org/scholarships/mark-tiby-scholarship
e84143ad-fe57-4fba-92a9-6d2598eea90b,CSM Leonard Maglione Memorial Scholarship,2026-05-01,https://bigfuture.collegeboard.org/scholarships/csm-leonard-maglione-memorial-scholarship
e8742708-974a-4099-825c-f56314dc68e4,MRCA Foundation Scholarship,2026-05-01,https://www.mrca.org/aws/MRCA/pt/sp/foundation_scholarship
e875f7cd-430c-43ec-a8ee-40a42482a2ca,Cahill Black Point Scholarship,2026-04-22,https://cfect.org/scholarships/scholarship-opportunities
e88d71e4-c5ce-42de-a121-f12fd903031e,Bishop A. C. Jackson Family Scholarship,2026-04-15,https://bigfuture.collegeboard.org/scholarships/bishop-a-c-jackson-family-scholarship
e8924ab4-b12e-4f97-bae5-6b47345c979e,Pipeline Grant Scholarship,2026-05-01,https://www.mdc.edu/financialaid/scholarships
e8d5583a-cdbd-4cd9-885a-bcbfbbaedafd,Katharine S. Richards Memorial Scholarship,2026-05-04,https://bigfuture.collegeboard.org/scholarships/katharine-s-richards-memorial-scholarship
e8efaea8-1e49-4249-8239-78d8bc35269d,Richard P. Carbone Scholarship,2026-04-30,https://bigfuture.collegeboard.org/scholarships/richard-p-carbone-scholarship
e8fd1a96-6585-4d22-bfc0-08f0caf02fee,Jack Saunders Memorial Scholarship,2026-04-18,https://bold.org/scholarships/jack-saunders-memorial-scholarship
e9084594-95c6-4371-9505-59821760ce9c,Gordon and Robin Keys and Family Angus Scholarship,2026-05-01,https://www.angus.org/foundation/apply-for-scholarships/njaa-scholarships
e90ebb5d-4dfd-4f09-8cde-ae7c258839ae,Craig Stettner Memorial Endowed Scholarship,2026-05-01,https://bigfuture.collegeboard.org/scholarships/craig-stettner-memorial-endowed-scholarship
e9137de4-5803-4e79-9245-8d80c236bdca,American Bus Association Tony Orlando Yellow Ribbon Scholarship,2026-04-30,https://bigfuture.collegeboard.org/scholarships/american-bus-association-tony-orlando-yellow-ribbon-scholarship
e915ea99-2e65-4977-b0cb-fcd749ffcad5,Marine Corps League Memorial Scholarship,2026-05-01,https://bigfuture.collegeboard.org/scholarships/marine-corps-league-memorial-scholarship
e91a0967-a420-4d6f-8137-2662d802db77,Richard and Wanda Wilson Angus Scholarship,2026-05-01,https://bigfuture.collegeboard.org/scholarships/richard-and-wanda-wilson-angus-scholarship
e91e1368-2d16-4c03-ae9c-9b73d23280ef,Robert F. Lawson Fund for Careers that Care,2026-04-15,https://bold.org/scholarships/robert-f-lawson-fund-for-careers-that-care
e92b4ee3-7f03-4b02-91c3-78e6627fbe94,Pensacola Chapter MOAA Scholarship,2026-04-25,https://bigfuture.collegeboard.org/scholarships/pensacola-chapter-moaa-scholarship
e9335325-5a45-4d4c-9c42-1d902d3ad816,Charlton Family Fine Arts Scholarship,2026-05-01,https://bigfuture.collegeboard.org/scholarships/charlton-family-fine-arts-scholarship
e9359e43-55e5-40e2-ab7c-cf0559e89ed1,Joe Millsaps Scholarship,2026-04-20,https://www.nova.edu/sbin/report/scholarships/schlr-srch-params.cgi?category=Institutional&level=Graduate
e93c4583-daf9-4221-8eb1-82e62958cc27,The Promila Bhan Scholarship,2026-04-15,https://bigfuture.collegeboard.org/scholarships/the-promila-bhan-scholarship
e96c168f-42df-4684-a6f1-ca9318597bc5,Girls on the Run Molly Molk College Scholarship,2026-04-27,https://www.scholarships.com/scholarships/girls-on-the-run-molly-molk-college-scholarship
e98fab92-f09e-4c2b-8416-180f6b16ab93,Phi Kappa Tau Parents Fund Scholarships,2026-05-01,https://www.scholarships.com/scholarships/phi-kappa-tau-parents-fund-scholarships
e99bf0da-f54d-4466-9eab-20003d5ec919,Transportation YOU High School Scholarship,2026-05-04,https://www.wtsinternational.org/chapters/central-florida/scholarship-info
e9aa76a0-a5e9-469c-9e8a-de57ae05d4b5,Construction Specialties of Northeast Florida Scholarship,2026-04-15,https://bigfuture.collegeboard.org/scholarships/construction-specialties-of-northeast-florida-scholarship
e9b138c7-ab9c-4c4b-b7bb-265c455eace0,Ports of Philadelphia Maritime Society Scholarship,2026-04-15,https://bigfuture.collegeboard.org/scholarships/ports-of-philadelphia-maritime-society-scholarship
e9c20d96-c8e6-4db9-aa72-aec16f9932bf,Arthur and Dale Crames Endowment Scholarship,2026-05-01,https://www.nova.edu/sbin/report/scholarships/schlr-srch-params.cgi?category=Institutional&level=Undergraduate
e9c69b67-5123-4d4d-a595-eff3654d9434,Gerry & Robyn Dempsey Family Endowed Veterans Scholarship,2026-05-04,https://bigfuture.collegeboard.org/scholarships/gerry--robyn-dempsey-family-endowed-veterans-scholarship
e9dc9d80-d40b-460d-8180-cdfe4527966e,National Exchange Club Scholarship Deadline 2026 USA,2026-05-01,https://bigfuture.collegeboard.org/scholarships/national-exchange-club-youth-of-the-year-scholarship
e9fd88c7-9601-4ca1-b2a9-bac2b8f5975a,Robert Lassett Memorial Scholarship,2026-05-01,https://bigfuture.collegeboard.org/scholarships/robert-lassett-memorial-scholarship
ea021087-8268-49e0-bff3-ccc4fe33fba1,Jack and Irene Batjer Memorial Scholarship,2026-04-06,https://bigfuture.collegeboard.org/scholarships/jack-and-irene-batjer-memorial-scholarship
ea1f77ba-cabf-4807-bcfb-ac7fdc507fbe,Margaret and William Ginder Scholarship,2026-04-15,https://bigfuture.collegeboard.org/scholarships/margaret-and-william-ginder-scholarship
ea2e1ed3-c906-4346-8dbb-4a20d46c5117,Lemieux-Lovejoy Youth Scholarship,2026-04-10,https://bigfuture.collegeboard.org/scholarships/lemieux-lovejoy-youth-scholarship
ea696ced-28ab-417e-809d-71c207849383,ISOPE Scholarship for Outstanding Students,2026-04-15,https://bigfuture.collegeboard.org/scholarships/isope-scholarship-for-outstanding-students
ea6f403c-ca33-40c1-872d-097a834f3916,LandSouth Construction Scholarship,2026-04-15,https://bigfuture.collegeboard.org/scholarships/landsouth-construction-scholarship
ea7069ec-a19f-4c71-9785-d63c87043e04,A. James Clark Scholars at Duke University Program,2026-04-29,https://clarkscholars.duke.edu/apply
ea7a1f48-72cf-45b1-9a22-792b1f66876f,DL Scurry Foundation Scholarship,2026-04-15,https://bigfuture.collegeboard.org/scholarships/dl-scurry-foundation-scholarship
ea7f9240-479a-4be1-8907-7b8dd9d92384,Public Relations Student Society of America Scholarship,2026-04-15,https://texastechalumni.academicworks.com/
eaa351a9-9be5-45b1-b78f-4ea9ffe2f5f4,Albuquerque Post Society of American Military Engineers College Scholarship,2026-05-01,https://www.nmef.net/programs.html
eab34fec-656b-46ad-91ba-c172e9547e55,"The ""Give a Gael a Chance"" Scholarship",2026-04-15,https://bigfuture.collegeboard.org/scholarships/the-give-a-gael-a-chance-scholarship
eaccb352-47c4-45e0-ad29-6310125ca967,NVHEF Scholarship for Medical Students,2026-05-01,https://www.scholarships.com/scholarships/nvhef-scholarship-for-medical-students
eaeb0bfc-d1c7-42b7-ab74-b19f0d5c3a9b,Kelly C. O'Mahoney Scholarship,2026-05-01,https://bigfuture.collegeboard.org/scholarships/kelly-c-omahoney-scholarship
eaf64da1-4496-4588-8108-25d59dc22c57,MBNA Scholarship in Special Education,2026-04-29,https://bigfuture.collegeboard.org/scholarships/mbna-scholarship-in-special-education
eb0cdf13-660e-44ff-9a85-0451b97a5e4c,Ryan P. Quinn Memorial Award,2026-04-15,https://bigfuture.collegeboard.org/scholarships/ryan-p-quinn-memorial-award
eb0e30a7-c1e5-4a83-b0f2-ef90623ce10e,California Alarm Association Youth Scholarship,2026-04-15,https://bigfuture.collegeboard.org/scholarships/california-alarm-association-youth-scholarship
eb11ef86-1a35-43cd-bd51-206501de946f,Lipsky/Whittaker Scholarship,2026-04-24,https://bigfuture.collegeboard.org/scholarships/lipskywhittaker-scholarship
eb21f159-4316-43cd-a1b4-613317ec7237,Richard Wallrath Educational Foundation Texas FFA Scholarship,2026-04-17,https://www.texasffa.org/ffa-scholarships
eb475b5b-b170-4b52-9796-e4516a311a68,The John and Kelley (Gallagher) Joseph ’87 Endowed Scholarship for Elementary Education,2026-04-15,https://bigfuture.collegeboard.org/scholarships/the-john-and-kelley-gallagher-joseph-87-endowed-scholarship-for-elementary-education
eb4a5ef7-4912-4f52-ac72-958e052c30c5,Andres Alcantar Endowed Scholarship,2026-05-01,https://austincc.academicworks.com/opportunities/9839
eb61b9a0-7b65-4c51-8d61-3e71b76fcc33,Juliette RP Vision Foundation College Scholarship,2026-05-01,https://www.juliettefoundation.org/scholarships
ebcdb5c1-f1cf-4402-a49c-9041374463e7,Dr Ben Tate Inspirational Scholarship,2026-04-30,https://www.scholarships.com/scholarships/dr-ben-tate-inspirational-scholarship
ebdc7e1f-9fba-4011-ae06-cf1710433d52,ASF Undergraduate Scholarship Eligibility 2026 USA,2026-04-15,https://bigfuture.collegeboard.org/scholarships/asf-undergraduate-scholarship-for-children
ebdc9358-931a-4354-932f-335bb515dd49,June Gill Nursing Scholarship,2026-04-15,https://bigfuture.collegeboard.org/scholarships/june-gill-nursing-scholarship
ebea9bc8-7ac0-44a3-a145-8817ddf30c5d,AZ Wells Foundation Scholarship,2026-04-06,https://bigfuture.collegeboard.org/scholarships/az-wells-foundation-scholarship
ebf37427-d745-43f2-8749-e240ae64ec3e,Austin Charles Rainey Memorial Scholarship,2026-04-12,https://bigfuture.collegeboard.org/scholarships/austin-charles-rainey-memorial-scholarship
ec038d40-2372-4e36-8df8-ddff20c4ffd4,American Institute of Steel Construction/Ohio Structural Steel Association Scholarship,2026-05-01,https://bigfuture.collegeboard.org/scholarships/american-institute-of-steel-constructionohio-structural-steel-association-scholarship
ec08f5f8-0aff-4723-8177-67bc80c47f44,Dream Big Enough Scholarship,2026-04-15,https://bold.org/scholarships/dream-big-enough-scholarship
ec0c1bf6-800c-409a-bc5a-3f2f0f8fbb51,Joan R. Young Scholarship at Harper College Guide,2026-05-01,https://bigfuture.collegeboard.org/scholarships/joan-r-young-scholarship
ec0d43aa-7b90-4c76-b150-7dcae160c578,Sarah Eber Child Life Scholarship,2026-04-30,https://bold.org/scholarships/sarah-eber-child-life-scholarship
ec13e938-a3de-44fb-a019-25ac96ef851f,In My Mother’s Name Scholarship,2026-04-10,https://bold.org/scholarships/in-my-mothers-name-scholarship
ec1884b6-87e5-43ee-9771-54e6f6ba8399,The Class of 1953 Endowed Scholarship,2026-04-15,https://bigfuture.collegeboard.org/scholarships/the-class-of-1953-endowed-scholarship
ec1c5a2e-76ae-4c93-9f12-704ca6da88cf,Roy & Hilda Baker Scholarship,2026-05-04,https://bigfuture.collegeboard.org/scholarships/roy--hilda-baker-scholarship
ec31765a-b116-4352-96ca-e14c9ff83016,The Neil and Jo-Anne Cronin Endowed Scholarship,2026-04-15,https://bigfuture.collegeboard.org/scholarships/the-neil-and-jo-anne-cronin-endowed-scholarship
ec5a479f-683f-4a79-a6aa-4b40109dc4bf,The DCU/Reach Out for Schools Book Scholarship,2026-04-15,https://bigfuture.collegeboard.org/scholarships/the-dcureach-out-for-schools-book-scholarship
ec78d0b2-077b-407c-8f3e-41618938f6da,Dr. Norman D. Ellis Memorial Scholarship for Management Students,2026-04-15,https://bigfuture.collegeboard.org/scholarships/dr-norman-d-ellis-memorial-scholarship-for-management-students
eca4b671-1f74-42a3-81a3-d7e2409abe0e,The Dr. Elaine G. Tateronis Scholarship - Graduate Degree,2026-04-15,https://bigfuture.collegeboard.org/scholarships/the-dr-elaine-g-tateronis-scholarship---graduate-degree
ecfbd009-abf3-48b5-a4ac-f35d0f30aa1e,Automotive Technology Endowed Scholarship,2026-05-01,https://austincc.academicworks.com/opportunities/9773
ed01a771-52ab-441d-abba-c0d941b56c5e,Kenneth Schmidt Memorial Scholarship,2026-05-04,https://bigfuture.collegeboard.org/scholarships/kenneth-schmidt-memorial-scholarship
ed02a04d-0584-4c5e-9d72-5b298b165760,Access Opportunity Scholarship,2026-04-30,https://www.bellevue.edu/admissions-tuition/scholarships/how-to-apply
ed1239a0-495d-4191-a83d-e40ccd27774f,Greenawalt Family Foundation Hospitality Scholarship,2026-05-01,https://gffcares.com/scholarships-grants
ed184cda-66c6-4ff9-a017-4beb1362dfc6,Dragon Hearts College Scholarship,2026-04-20,https://bigfuture.collegeboard.org/scholarships/dragon-hearts-college-scholarship
ed643b20-7911-49cd-91a0-a5bddadd95b1,Murphy Memorial Scholarship,2026-05-01,https://www.mtfgc.org/opportunities
ed69ee32-006d-44b2-a6dc-9a770a2084e9,The Dr. William H. White Graduate School Scholarship,2026-04-15,https://bigfuture.collegeboard.org/scholarships/the-dr-william-h-white-graduate-school-scholarship
ed771a71-04b0-4803-9ed4-4b7661fc92fb,The Dr. Felix E. Masterson Endowed Scholarship,2026-04-15,https://bigfuture.collegeboard.org/scholarships/the-dr-felix-e-masterson-endowed-scholarship
ed79bf49-6ac0-472e-b1b4-0751e3780eb2,Class of 1954 Scholarship,2026-05-01,https://bigfuture.collegeboard.org/scholarships/class-of-1954-scholarship
ed82e65c-9251-4ebb-bfd7-7cfd1f19aa09,Dymond Shantyl Dantzler Legacy Scholarships,2026-05-03,https://www.scholarships.com/scholarships/dymond-shantyl-dantzler-legacy-scholarships
ed8314bf-f95e-4c69-a809-479aa12e4b50,CSHSRA Interview Scholarship,2026-05-01,https://www.cshsra.org/scholarship.aspx
ed847d76-8cf3-4366-b819-d0fe1c09f81f,Gus Archie Memorial Scholarship,2026-04-15,https://bigfuture.collegeboard.org/scholarships/gus-archie-memorial-scholarship
ed9bd809-26bc-451f-bb48-777fa15f3219,American Society for Industrial Security (ASIS)-Columbus Chapter Scholarship,2026-05-01,https://bigfuture.collegeboard.org/scholarships/american-society-for-industrial-security-asis-columbus-chapter-scholarship
edb55983-9200-4f45-b085-f996c0a92320,Seed Companies Scholarship,2026-05-01,https://www.endowment.org/scholarships
ede914d2-c79a-468d-83bd-24d00d4ffa72,"AMVETS Veteran, Active Duty & Guard/Reserve Scholarship",2026-04-30,https://bigfuture.collegeboard.org/scholarships/amvets-veteran-active-duty--guardreserve-scholarship
ee0a6366-d702-4dfe-8e3d-e3fb2945ced0,Windham Regional Woodlands Association Scholarship,2026-05-01,https://www.scholarships.com/scholarships/windham-regional-woodlands-association-scholarship
ee269ef5-2ae9-4374-a3f4-0694106f9889,Stephanie Hollis Graef Memorial Scholarship,2026-04-04,https://bigfuture.collegeboard.org/scholarships/stephanie-hollis-graef-memorial-scholarship
ee2d8b82-2304-48d6-a71e-f88377cbe0b8,CINTAS Foundation Fellowship in Architecture & Design,2026-05-01,https://www.scholarships.com/scholarships/cintas-foundation-fellowship-in-architecture-and-design
ee4d21db-5412-42bd-927e-48c9d3b5a8ac,Pansy Carrick Medical Scholarship,2026-04-15,https://bigfuture.collegeboard.org/scholarships/pansy-carrick-medical-scholarship
ee4e1e19-79d0-4f15-8970-fa8a2060c8d6,MassNAHRO Past Presidents Memorial Scholarship,2026-04-24,https://bigfuture.collegeboard.org/scholarships/massnahro-past-presidents-memorial-scholarship
ee5248e3-5650-4c58-b9f2-c9ef6f5fcd2e,Chip Miller Memorial Scholarship,2026-04-30,https://bold.org/scholarships/chip-miller-memorial-scholarship
ee554ae6-a551-44e6-a3e5-e52fa01ddb06,Steven A. Parascandola Art Scholarship,2026-05-01,https://bigfuture.collegeboard.org/scholarships/steven-a-parascandola-art-scholarship
ee6e69e3-356e-4d2a-8df7-f2901d2e493f,"Nicholas H. Noyes, Jr. Scholarship",2026-04-29,https://bigfuture.collegeboard.org/scholarships/nicholas-h-noyes-jr-scholarship
ee77ad02-70df-4189-a964-fb5ee6a6667a,UNICO Foundation Undergraduate Scholarship,2026-04-15,https://bigfuture.collegeboard.org/scholarships/unico-foundation-undergraduate-scholarship
ee8c7dcf-fadb-494e-99c0-0f615696a18e,Earl and Barbara Bolton Scholarship,2026-04-17,https://bigfuture.collegeboard.org/scholarships/earl-and-barbara-bolton-scholarship
ee973035-59f5-46f7-bdf1-f97cc730f104,C. Max Hoover Memorial Scholarship,2026-05-01,https://bigfuture.collegeboard.org/scholarships/c-max-hoover-memorial-scholarship
eead50fb-565a-4813-bb35-ff9729cdd258,Donald L. Haley Memorial Scholarship,2026-05-01,https://bigfuture.collegeboard.org/scholarships/donald-l-haley-memorial-scholarship
eebbead6-3777-458b-a186-1d8385025b56,Ruby J. Darensbourg-Cook Memorial Scholarship,2026-05-01,https://bigfuture.collegeboard.org/scholarships/ruby-j-darensbourg-cook-memorial-scholarship
eee79feb-64e5-46e3-83a4-f9f375202018,Katie Montgomery Centorbi Scholarship,2026-04-30,https://bold.org/scholarships/katie-montgomery-centorbi-scholarship
ef1326ae-f093-4a3a-8075-bc5253ce0e5f,Georgette Kawelo Frosch Memorial Scholarship,2026-04-17,https://bigfuture.collegeboard.org/scholarships/georgette-kawelo-frosch-memorial-scholarship
ef1e6ed0-c8c4-4be5-871a-dcf41d87c7a4,Vickie Rosenbusch Memorial Scholarship,2026-04-17,https://www.texasffa.org/ffa-scholarships
ef1edfcb-905a-4904-99cd-0b00c8792d82,The Drs. Anna B. Cohen and Susan V. Rezen Scholarship,2026-04-15,https://bigfuture.collegeboard.org/scholarships/the-drs-anna-b-cohen-and-susan-v-rezen-scholarship
ef28a02f-29ca-4b59-80e4-d369eae6b800,Schrafft Charitable Trust Scholarship,2026-04-30,https://bigfuture.collegeboard.org/scholarships/schrafft-charitable-trust-scholarship
ef308037-212b-4729-819d-5d7f97a17d33,Illinois Licensed Beverage Association Scholarship,2026-05-01,https://bigfuture.collegeboard.org/scholarships/illinois-licensed-beverage-association-scholarship
ef3cc153-b6b4-4986-bd4d-95d7c0bd5697,Wisconsin Section AWWA Current Member Scholarship,2026-04-22,https://bigfuture.collegeboard.org/scholarships/wisconsin-section-awwa-current-member-scholarship
ef4c38d1-fd92-4a85-b8ca-3e25964e9f79,Carolyn & Kenneth Shacter Endowed Physics Scholarship,2026-04-15,https://www.unf.edu/coas/scholarships/carolyn-and-kenneth-shacter-physics.html
ef4d2724-11f1-4f86-89f1-6931158c97c2,Provost Scholars Program Deadline 2026 USA Scholarship,2026-05-01,https://bigfuture.collegeboard.org/scholarships/provost-scholars-program
ef534f1f-97cf-4783-a3d3-288901776f38,"The Louis E. Tartaglia, Jr. Memorial Scholarship",2026-04-14,https://bigfuture.collegeboard.org/scholarships/the-louis-e-tartaglia-jr-memorial-scholarship
ef7a4326-4e46-45a6-bd21-c8a5273d988c,Dr. Arthur G. Chaves Scholarship,2026-05-01,https://www.framingham.edu/admissions-aid/cost-aid/types-aid/scholarships
ef7ff7c9-3695-4532-8342-73bac6845268,Stephanie Dempsey Endowed Scholarship,2026-05-01,https://austincc.academicworks.com/opportunities/9728
ef86b952-3027-42a3-afb6-943b273446fb,Nancy Fifer Scholarship,2026-04-15,https://bigfuture.collegeboard.org/scholarships/nancy-fifer-scholarship
ef8d8de0-d217-46e0-814f-78237333db7d,Conscious Consumer No-Essay Scholarship,2026-04-30,https://bold.org/scholarships/conscious-consumer-scholarship
ef9ea234-182b-46a3-8f0e-f72dff4dba73,Taylor Engineering Scholarship,2026-04-15,https://bigfuture.collegeboard.org/scholarships/taylor-engineering-scholarship
efa91def-964d-43ec-bd38-8fa3fec927b4,W. Raymond & Lucille Summers Kirkland Memorial Scholarship,2026-05-01,https://www.fgc.edu/tuition-financial-aid/available-financial-aid/foundation-scholarships.html
efd8b1d2-e357-428f-adef-03d756608ba6,Riverside Construction Company/Harmon-Lounsbury Scholarship,2026-04-29,https://bigfuture.collegeboard.org/scholarships/riverside-construction-companyharmon-lounsbury-scholarship
efec2cca-f778-4e2a-b6a7-15b12ca35055,Study.com Scholarship for Military Members and Veterans,2026-05-01,https://bigfuture.collegeboard.org/scholarships/studycom-scholarship-for-military-members-and-veterans
eff0c44c-2eba-43dc-a4da-067b81a5c975,Laura Fuoss Memorial Grant USA 2026 Apply,2026-05-01,https://www.scholarships.com/scholarships/laura-fuoss-memorial-grant
effd8055-93f0-4ff0-9264-527641c23ba2,Jerry Parrish Student Teacher Scholarship,2026-04-15,https://bigfuture.collegeboard.org/scholarships/jerry-parrish-student-teacher-scholarship
f0077878-7a6b-4384-a1bf-8239d958d9cc,Pennsylvania Kiwanis Foundation Circle K Scholarship,2026-04-10,https://bigfuture.collegeboard.org/scholarships/pennsylvania-kiwanis-foundation-circle-k-scholarship
f00a086e-8f7c-4723-af67-53237f783986,Maria Mychaniuk Scholarship,2026-04-15,https://bigfuture.collegeboard.org/scholarships/maria-mychaniuk-scholarship
f01a6f09-8a9f-4c20-a785-b1d2e1ec4374,Sarah Hall Jordan Scholarship,2026-05-01,https://www.fftc.org/scholarships
f023ebe9-b974-4d2e-b5b7-3dfb1f63fe20,Ida Louise Jackson Scholarship,2026-04-24,https://bigfuture.collegeboard.org/scholarships/ida-louise-jackson-scholarship
f024fd5f-1a2a-4d5f-978c-c6177037371e,Dennie and Donna Wise Scholarship,2026-04-17,https://bigfuture.collegeboard.org/scholarships/dennie-and-donna-wise-scholarship
f026ee02-b2db-454f-b159-430373a0df84,Jean Ann (Neumeyer) Bojorquez Memorial and Robert and Hollyce Neumeyer Angus Scholarship,2026-05-01,https://www.angus.org/foundation/apply-for-scholarships/njaa-scholarships
f066e6af-2a61-4e24-8c6c-12849bfd534c,Long Term Care Administration Scholarship,2026-04-15,https://tccd.academicworks.com/opportunities/4793
f0745f64-0260-4032-8f9e-9b3d9bbe7533,Sierra-Cascade Logging Conference Scholarship,2026-04-15,https://bigfuture.collegeboard.org/scholarships/sierra-cascade-logging-conference-scholarship
f0b25518-8849-425f-b503-6675f822a47e,San Luis Obispo PECG Scholarship,2026-05-01,https://bigfuture.collegeboard.org/scholarships/san-luis-obispo-pecg-scholarship
f0b8718b-dca2-44b5-ac18-2638715f526a,The Margaret M. Curran Endowed Scholarship for Education,2026-04-15,https://bigfuture.collegeboard.org/scholarships/the-margaret-m-curran-endowed-scholarship-for-education
f0d5cb83-9b5c-489f-b9be-d0ce969b1682,Gibby Monokoski Memorial Endowed Music Scholarship,2026-05-04,https://bigfuture.collegeboard.org/scholarships/gibby-monokoski-memorial-endowed-music-scholarship
f0d68b9a-a535-4d2f-825e-ab708020c600,Texas Association of Fairs and Events Educational Foundation Scholarship,2026-04-15,https://bigfuture.collegeboard.org/scholarships/texas-association-of-fairs-and-events-educational-foundation-scholarship
f0f45beb-980c-4967-8455-b1a1be4fd036,PFLAG Denver Scholarship,2026-04-09,https://bigfuture.collegeboard.org/scholarships/pflag-denver-scholarship
f0f92af9-64c7-42d3-8f66-2d5ac5db48a9,W.O. Johnsrud Memorial Scholarship,2026-05-01,https://www.fgc.edu/tuition-financial-aid/available-financial-aid/foundation-scholarships.html
f0fd50ae-9a78-4726-9a2e-47dace8d58d1,"Andrea M. Rossiter, FACMPE Scholarship",2026-05-01,https://bigfuture.collegeboard.org/scholarships/andrea-m-rossiter-facmpe-scholarship
f10085f7-4678-48b9-a410-e1f193f59d21,National Guard of Georgia Scholarship for Colleges or Universities,2026-04-15,https://bigfuture.collegeboard.org/scholarships/national-guard-of-georgia-scholarship-for-colleges-or-universities
f10db041-8faf-4e30-8b7a-bc413e7d5dd7,Betty Brown Scholarship,2026-04-17,https://bigfuture.collegeboard.org/scholarships/betty-brown-scholarship
f1143406-1786-47d3-a7f6-e3b18c157ca1,Howard and JoAnne Hillman/Bon View Farms Angus Scholarship,2026-05-01,https://www.angus.org/foundation/apply-for-scholarships/njaa-scholarships
f117c21c-7434-4084-adb7-521e683f06ea,Bill and Carolyn Moon Scholarship,2026-05-01,https://bigfuture.collegeboard.org/scholarships/bill-and-carolyn-moon-scholarship
f1205352-5201-4913-b3b6-179f76b9a146,The Mary and John Ballantine Endowed Scholarship,2026-04-15,https://bigfuture.collegeboard.org/scholarships/the-mary-and-john-ballantine-endowed-scholarship
f1333648-c325-445f-a847-1c1a0573cd7f,Edward and Frances Fauth Endowed Scholarship,2026-05-04,https://bigfuture.collegeboard.org/scholarships/edward-and-frances-fauth-endowed-scholarship
f144266e-744a-401c-9849-82ac0c289206,Nubel Family Endowed Scholarship,2026-05-04,https://bigfuture.collegeboard.org/scholarships/nubel-family-endowed-scholarship
f1467156-edaa-4167-9ef5-70732bf92f97,Transportation Technical/Vocational School Scholarship,2026-05-04,https://bigfuture.collegeboard.org/scholarships/transportation-technicalvocational-school-scholarship
f1615f0c-8eaa-4cb4-886a-e12b535ad735,Anthony S. Fountain and Alissa Fountain-Burse Scholarship,2026-04-30,https://bigfuture.collegeboard.org/scholarships/anthony-s-fountain-and-alissa-fountain-burse-scholarship
f17eccc4-4c89-44fb-8034-72fcaa8098c1,Mountain Home Officers' Spouses' Club Scholarship,2026-04-10,https://bigfuture.collegeboard.org/scholarships/mountain-home-officers-spouses-club-scholarship
f19978aa-6b21-46e6-a68a-abc4d95d6694,Ed and Flora Pellegri Scholarship,2026-04-30,https://bold.org/scholarships/ed-and-flora-pellegri-scholarship
f1b2123d-be0c-4971-9c42-94a0cac1bc47,Autism Family Services of New Jersey Scholarship,2026-04-29,https://bigfuture.collegeboard.org/scholarships/autism-family-services-of-new-jersey-scholarship
f1f8eb59-602b-4f6a-9fac-e1354edf51cd,Wilford Family Endowed Scholarship,2026-05-01,https://bigfuture.collegeboard.org/scholarships/wilford-family-endowed-scholarship
f2323f4e-b150-49d8-a123-9f763e5a1855,Japanese American Veteran (JAVA) Scholarship Program,2026-04-30,https://www.scholarships.com/scholarships/japanese-american-veteran-java-scholarship-program
f246e30f-d564-49f3-b40d-d21f484601cd,Rask Family Memorial Scholarship,2026-04-15,https://www.clackamas.edu/admissions-financial-aid/financial-aid-scholarships/scholarships
f2494ef7-3788-493c-b818-ff079fb02031,Idaho Golf Course Superintendents Association Turf Scholarship,2026-04-17,https://www.idahogcsa.org/scholarship-opportunities
f25e6ea3-d92e-4886-9f6a-ca769fd3fb73,Pittsburgh Promise Scholarship Guide & Deadline,2026-05-01,https://www.scholarships.com/scholarships/pittsburgh-promise-scholarship
f2695839-6488-4a62-8b84-54786efc8496,Cynthia L. Kleronomos Endowed Scholarship,2026-05-04,https://bigfuture.collegeboard.org/scholarships/cynthia-l-kleronomos-endowed-scholarship
f26ca312-d85f-44d7-8f04-c2c40c2a6ba4,Carl Hille Scholarship,2026-05-01,https://bigfuture.collegeboard.org/scholarships/carl-hille-scholarship
f2727cf8-5339-4bb3-be85-fe21eeb1a1d9,Ivan and Inez Johnson Family Art Education Graduate Scholarship,2026-04-15,https://fsu.academicworks.com/opportunities
f2802703-852c-4703-a783-81370290164d,Los Hermanos de Stanford Scholarship,2026-05-01,https://bigfuture.collegeboard.org/scholarships/los-hermanos-de-stanford-scholarship
f290940e-b5ab-46b4-8695-c36ca5fbb245,W. William Luxion Memorial Endowed Scholarship,2026-05-04,https://bigfuture.collegeboard.org/scholarships/w-william-luxion-memorial-endowed-scholarship
f2976d53-65bd-4ed9-aae0-27c430720987,Jewish Student Scholarship Eligibility 2026 USA,2026-04-30,https://bigfuture.collegeboard.org/scholarships/jewish-student-scholarship
f29b526d-d099-46d0-86db-4e7e8d7ab007,San Diego County Farm Bureau Scholarship,2026-04-15,https://bigfuture.collegeboard.org/scholarships/san-diego-county-farm-bureau-scholarship-san-diego-county-farm-bureau-federation
f29bb9e0-22a2-4d47-ba10-7381e830add6,The Eileen M. Bolesky Endowed Scholarship for Leadership in Nursing,2026-04-15,https://bigfuture.collegeboard.org/scholarships/the-eileen-m-bolesky-endowed-scholarship-for-leadership-in-nursing
f29d9369-65fb-4c47-bda2-7cce6a6c207a,The JoyGuru Foundation Scholarship,2026-04-15,https://bigfuture.collegeboard.org/scholarships/the-joyguru-foundation-scholarship
f2a20d6e-7ef0-4737-bc24-996efcf54ca3,DeFrance-Ostroff Family Teacher TRAC Scholarship - Spring,2026-04-13,https://bigfuture.collegeboard.org/scholarships/defrance-ostroff-family-teacher-trac-scholarship---spring
f2a30982-6efb-4582-9f25-4ee71d38bfd7,High School Scholarship,2026-04-28,https://bigfuture.collegeboard.org/scholarships/high-school-scholarship-conference-of-minority-transportation-officials-fort-lauderdale-chapter
f2bede06-606c-4877-99ff-9634f623874a,Keystone Chapter SWANA College Scholarship,2026-05-01,https://www.keystoneswana.org/Scholarships
f2d34269-8b58-4dcd-9644-670b6b98cfa1,Paula C. Collie Future Educators Scholarship,2026-05-01,https://bold.org/scholarships/paula-c-collie-future-educators-scholarship
f2d40faa-61b7-42b8-a63c-7f24aa50207a,Semih Ulgen Scholarship,2026-04-15,https://bigfuture.collegeboard.org/scholarships/semih-ulgen-scholarship
f2e85283-22b8-4691-bc2a-8fc8c7bbe39e,Shady Canyon Golf Club Scholarship Deadline 2026 USA,2026-04-29,https://bigfuture.collegeboard.org/scholarships/shady-canyon-golf-club-scholarship
f2ed432b-4370-43b2-9a35-12e9bd71e219,Diane Turner Memorial Scholarship,2026-04-15,https://bigfuture.collegeboard.org/scholarships/diane-turner-memorial-scholarship
f2ef9259-98a3-463d-909f-863c348fb5e2,C.R. Meyers Memorial Scholarship,2026-04-15,https://bigfuture.collegeboard.org/scholarships/cr-meyers-memorial-scholarship
f2f8cef6-4724-4766-8eee-e0cc31390215,Jacobs HBCU Scholarship,2026-04-24,https://bigfuture.collegeboard.org/scholarships/jacobs-hbcu-scholarship
f2fdead5-3036-4f01-92dc-eb61a7335855,"Helen E. Nash, M.D. Educational Trust Fund Scholarship",2026-04-15,https://bigfuture.collegeboard.org/scholarships/helen-e-nash-md-educational-trust-fund-scholarship
f3034474-de26-4ec4-a365-2eed303e9702,Mary Free Bed Guild Scholarship Program,2026-04-21,https://scholarship-america-production.saiapply.org/organization/profile/create?applyToClientReturnUrl=https%3A%2F%2Fsai-mfbg.saiapply.org%2Fprogram%2Fsai-maryfreebed%2Finfo%3FcycleId%3D1CYJ1eEvmjp9Z4rySX3zKN&clientOrganizationId=qQ29EhEuGPk0WFDkSjVqM7kuGTfYpbt5NJBr
f312273f-57a2-47ec-b261-54f24f7749fc,PMAHCC Foundation Scholarship Fund,2026-04-30,https://www.scholarships.com/scholarships/pmahcc-foundation-scholarship-fund
f34d0c45-c439-4042-8bd8-b3c4984e2474,Robert J. Lemieux Metro West Scholarship,2026-05-01,https://www.framingham.edu/admissions-aid/cost-aid/types-aid/scholarships
f36b835f-f4b6-4936-8607-51c7cfd3787a,Walter T. King Scholarship,2026-05-02,https://fsu.academicworks.com/opportunities
f371bbf2-9c73-4fe7-b117-df5a75671b0f,The Rhonda Swan Memorial Scholarship,2026-04-15,https://bigfuture.collegeboard.org/scholarships/the-rhonda-swan-memorial-scholarship
f39040e5-91a6-424f-8296-dd7111db661b,UPAC Native American Student Scholarship,2026-04-13,https://bold.org/scholarships/UPAC-native-american-student-scholarship
f39254d3-1cb0-4af0-ad29-1089ae66b785,Cindy J. Visser Memorial Nursing Scholarship,2026-04-30,https://bold.org/scholarships/cindy-j-visser-memorial-nursing-scholarship
f39326d1-f331-4954-a4a8-9a1e2076fe5e,The Horticultural Printers Scholarship,2026-05-01,https://bigfuture.collegeboard.org/scholarships/the-horticultural-printers-scholarship
f3a10f37-bfd4-421d-b4ac-a773f757c101,Wayne and Corrine Stone Endowed Career Scholarship,2026-05-04,https://bigfuture.collegeboard.org/scholarships/wayne-and-corrine-stone-endowed-career-scholarship
f3aac1ff-984f-4028-b0c1-a925461f7c75,Weldstar Annual Scholarship,2026-05-04,https://bigfuture.collegeboard.org/scholarships/weldstar-annual-scholarship
f3b523b8-be70-4116-8355-948888d3bb70,Association of Physician Assistants in Oncology Student Scholarship,2026-04-30,https://bigfuture.collegeboard.org/scholarships/association-of-physician-assistants-in-oncology-student-scholarship
f3c63349-66c7-4260-b7d0-56c83f429b10,Mike Nolan Scholarship,2026-04-15,https://bigfuture.collegeboard.org/scholarships/mike-nolan-scholarship
f3c6d83b-8c4c-4b15-84d5-7c1a935db2f3,The Edward '67 and Eileen Bolesky Leadership in Business Scholarship,2026-04-15,https://bigfuture.collegeboard.org/scholarships/the-edward-67-and-eileen-bolesky-leadership-in-business-scholarship
f3f76b0b-fd10-4763-afa5-11ed54c2c496,Dr. John C. Cate IV STEM Scholarship,2026-04-26,https://bold.org/scholarships/dr-john-c-cate-IV-STEM-scholarship
f3f9d8c5-3e19-489e-a012-76ef1c634264,Dr. Allene Magill Scholarship,2026-05-01,https://bigfuture.collegeboard.org/scholarships/dr-allene-magill-scholarship
f40c6568-0843-404f-9b72-fc924f75d42d,Ben Brock Memorial Scholarship,2026-04-14,https://bold.org/scholarships/ben-brock-memorial-scholarship
f40e228a-305f-4236-a619-99a1aa9a86be,Jerutha Benjamin Business Scholarship,2026-04-15,https://bigfuture.collegeboard.org/scholarships/jerutha-benjamin-business-scholarship
f41eab6d-42ba-4317-89b0-41ef977afcac,Aronos Research Women's Club Scholarship,2026-04-15,https://bigfuture.collegeboard.org/scholarships/aronos-research-womens-club-scholarship
f436afec-2d36-4277-9742-2853f58330b5,Homosassa Guides Association Scholarship (HGA),2026-04-30,https://bigfuture.collegeboard.org/scholarships/homosassa-guides-association-scholarship-hga
f43d7d9a-6cf1-4898-97da-d1f29d2e6b48,MTA College Scholarship,2026-05-04,https://bigfuture.collegeboard.org/scholarships/mta-college-scholarship
f43e4c0f-bc68-460c-af54-19f86cb999d8,Florence McMullen Workforce Development Scholarship,2026-05-01,https://bigfuture.collegeboard.org/scholarships/florence-mcmullen-workforce-development-scholarship
f45806ae-f2cf-4e54-add4-f892fa6b1c59,WinField United Careers in Agriculture Scholarship,2026-04-16,https://scholarship-america-production.saiapply.org/organization/profile/create?applyToClientReturnUrl=https%3A%2F%2Fsai-lol.saiapply.org%2Fprogram%2Fsai-winfield%2Finfo%3FcycleId%3D1CYKkcDYAWM72eyorVTiiJ&clientOrganizationId=fnBB52iy96Uu30KMsFOOq-hEsoBsKfvzRb3d
f46dbde5-9f6e-47c6-b980-6acec0179372,"$25,000 Be Bold No-Essay Scholarship",2026-04-30,https://www.scholarships.com/scholarships/25000-be-bold-no-essay-scholarship
f48d4e7c-be41-4894-acde-e8fc9f638f2e,Actuary of Tomorrow – Stuart A. Robertson Memorial Scholarship,2026-04-14,https://scholarship-america-production.saiapply.org/organization/profile/create?applyToClientReturnUrl=https%3A%2F%2Fsai-millman.saiapply.org%2Fprogram%2Fsai-robertson-memorial%2Finfo%3FcycleId%3D1CYDs1nNcA2seaFeoLNTyX&clientOrganizationId=W6jYu1lydpfom-odU0xM9BXoqUUTu1YN-Oh4
f4a1271c-2770-4544-86a3-583fb2ed29af,WCC Faculty Council Awards Endowed Scholarship for Early Childhood Education,2026-05-04,https://bigfuture.collegeboard.org/scholarships/wcc-faculty-council-awards-endowed-scholarship-for-early-childhood-education
f4b9baca-183d-4ddd-8e80-2da0fe9c28fa,Giordano Family Construction Scholarship,2026-04-15,https://bigfuture.collegeboard.org/scholarships/giordano-family-construction-scholarship
f4bdad94-6e36-4eec-8263-fec96c31f109,"E-Waste Scholarship: Eligibility, Deadline & Apply",2026-04-30,https://bigfuture.collegeboard.org/scholarships/e-waste-scholarship
f4cc08da-487e-4730-be2b-380a4c54af82,Margaret Mary Curtin Scholarship,2026-04-22,https://bigfuture.collegeboard.org/scholarships/margaret-mary-curtin-scholarship
f4ed3a2e-0c92-497f-b39b-0597a38e087e,"$2,000 No-Essay Better Financial Future Scholarship",2026-05-01,https://smartercollege.org/scholarship-application?utm_source=partner&utm_campaign=bold&utm_medium=scholarship_site&sub_id={{user_id}}
f4efaf83-1f9a-4575-a405-a1e210232b08,"Bill Wyche, Jr. Memorial Scholarship",2026-04-30,https://bigfuture.collegeboard.org/scholarships/bill-wyche-jr-memorial-scholarship
f4f5ecd5-5332-4a64-803c-e4b6e1d74cb8,Woodcraft by Quanex Investing in Manufacturing Scholarship,2026-04-15,https://www.clackamas.edu/admissions-financial-aid/financial-aid-scholarships/scholarships
f5034e54-311f-45ef-bb95-80a4dd9d67e2,SAAM Donald “Donny” Farland JOAD Scholarship,2026-04-24,https://massarchery.org/scholarships
f5135d00-279e-41a8-a0d6-9d3f8af0fded,Jhanae Sunflower Foundation Scholarship,2026-05-01,https://www.scholarships.com/scholarships/jhanae-sunflower-foundation-scholarship
f5172ef4-4a93-4cb6-b357-2155349e2e21,Dr. Eva Kleinpeter Scholarship,2026-04-29,https://bigfuture.collegeboard.org/scholarships/dr-eva-kleinpeter-scholarship
f51cf243-e9fc-44bf-a84b-9edf63738d33,Shirley Bannister Endowed Scholarship,2026-04-15,https://bigfuture.collegeboard.org/scholarships/shirley-bannister-endowed-scholarship
f52f87ef-0e5f-40cf-96d4-3ba9419bd16b,Ava Wood Stupendous Love Scholarship,2026-04-30,https://bold.org/scholarships/ava-wood-stupendous-love-scholarship
f530e590-7488-4a2b-b97c-41e1bede37dd,No Essay Scholarship by Sallie,2026-04-30,https://bold.org/scholarships/nitro-pay-for-college-no-essay-scholarship
f53943bc-59a6-418a-bbcb-f586d593511b,Power and Energy Society Scholarship Plus Initiative Scholarship,2026-04-30,https://bigfuture.collegeboard.org/scholarships/power-and-energy-society-scholarship-plus-initiative-scholarship
f549c7bd-7336-45fd-a718-122aaae52e3d,The Conagra Refuse to Lose Scholarship,2026-04-24,https://bigfuture.collegeboard.org/scholarships/the-conagra-refuse-to-lose-scholarship
f54a7e32-5d00-4573-8dc1-b6cac928fa84,ACC Foundation Open Scholarship for Austin CC Students,2026-05-01,https://bigfuture.collegeboard.org/scholarships/acc-foundation-open-scholarship
f59c1414-577a-4c18-b7d4-d298006fe437,Chris Keegan Memorial Educator Scholarship,2026-04-15,https://bigfuture.collegeboard.org/scholarships/chris-keegan-memorial-educator-scholarship
f5af3deb-365f-400f-94d3-6c7ca7462605,KHA and SERC/NAHRO Scholarship,2026-04-29,https://bigfuture.collegeboard.org/scholarships/kha-and-sercnahro-scholarship
f5bd0b3e-781f-418f-bcd0-76a068aad446,"Senator William Q. MacLean, Jr. & Marjorie E. MacLean Scholarship",2026-04-14,https://bristolcc.academicworks.com/
f5c3cb89-3e07-489d-ab61-cf0df071bdc0,"Union School Association, John Geissler Memorial  and Jerry Baggish Scholarship",2026-04-22,https://bigfuture.collegeboard.org/scholarships/union-school-association-john-geissler-memorial--and-jerry-baggish-scholarship
f5cad8e6-df72-4b73-a385-d21249e44d93,Study.com Scholarship for Latin American Students,2026-05-01,https://bigfuture.collegeboard.org/scholarships/studycom-scholarship-for-latin-american-students
f5d1ec5d-7025-41b5-8fe8-a0572b53bb36,Utah Music Foundation Scholarships,2026-05-03,https://www.scholarships.com/scholarships/utah-music-foundation-scholarships
f5de5991-7d6b-4a79-adb5-506621f63880,The Florence Vivian Holmes Scholarship,2026-04-15,https://bigfuture.collegeboard.org/scholarships/the-florence-vivian-holmes-scholarship
f5f85911-d1c3-477f-be7d-017182843a74,Dr. Robert M. Fleisher Liberty and Prosperity Award,2026-04-17,https://bold.org/scholarships/dr-robert-m-fleisher-liberty-and-prosperity-award
f5fc4efb-1bb5-4b82-ac9d-073e24e84a5a,Alumni Association Legacy Scholarship,2026-05-01,https://fsu.academicworks.com/opportunities
f6086689-0eae-4caf-bdcb-c47f13d12437,Jessica's Journey Brain Tumor Survivor Scholarship,2026-04-10,https://bold.org/scholarships/jessicas-journey-brain-tumor-survivor-scholarship
f63157ac-d570-4dca-816a-2ad7a1d8b454,Michael Glynn Memorial Scholarship,2026-05-01,https://bigfuture.collegeboard.org/scholarships/michael-glynn-memorial-scholarship
f6373f56-9b6c-4d22-87ae-aca16aed850d,Horizon Housing Foundation Scholarship,2026-04-15,https://bigfuture.collegeboard.org/scholarships/horizon-housing-foundation-scholarship
f63b0f1b-0ed6-4ad0-ba9c-c894d8fa527a,Kansas SWANA Sunflower Chapter Scholarship,2026-05-01,https://bigfuture.collegeboard.org/scholarships/kansas-swana-sunflower-chapter-scholarship
f65caf92-d467-4167-b7b0-d6aea03fff55,Ball Horticultural Company Endowed Scholarship,2026-05-04,https://bigfuture.collegeboard.org/scholarships/ball-horticultural-company-endowed-scholarship
f673641d-ca5b-4e3a-a901-15879ee66e07,Michael Todd Gavitt Scholarship,2026-04-22,https://bigfuture.collegeboard.org/scholarships/michael-todd-gavitt-scholarship
f68af6a1-e6ff-4c0a-9e34-e9e3d20a5412,Jennifer Shook Student Athlete Scholarship,2026-05-04,https://bigfuture.collegeboard.org/scholarships/jennifer-shook-student-athlete-scholarship
f6bad930-c387-4424-aaee-f7cbceec3322,K. Leroy Irvis Undergraduate Scholarship,2026-04-15,https://bigfuture.collegeboard.org/scholarships/k-leroy-irvis-undergraduate-scholarship
f6cdd3ee-7d9f-4d20-84f0-ecb5906a1bb1,New Mexico Society of Professional Engineers Albuquerque Chapter College Scholarship,2026-05-01,https://www.nmef.net/programs.html
f7062add-731b-48e7-881b-5eab83e6cd3e,Bob Johnson Memorial Scholarship,2026-05-01,https://www.scholarships.com/scholarships/bob-johnson-memorial-scholarship
f7089090-29ac-4871-8d00-33e6fcdd3b11,Richard W. Riley Educational Opportunity Center Scholarship,2026-04-15,https://bigfuture.collegeboard.org/scholarships/richard-w-riley-educational-opportunity-center-scholarship
f7113ff7-5e5c-41ac-b940-6f920870453c,Howard and Muriel Rose Nutrition and Dietetics Scholarship,2026-04-15,https://www.unf.edu/brooks/scholarships/rose-nutrition-dietetics.html
f71ba8b0-952c-47b3-97c7-37627838e324,The Kathleen M. McAloon Memorial Scholarship,2026-04-15,https://bigfuture.collegeboard.org/scholarships/the-kathleen-m-mcaloon-memorial-scholarship
f7303640-6c50-4ec9-a49a-cebf955ca055,New York Times Scholarship,2026-05-01,https://www.fgc.edu/tuition-financial-aid/available-financial-aid/foundation-scholarships.html
f737cc83-131c-4d56-82c0-8cf25836d843,Matthews Design Group Engineering Scholarship,2026-04-15,https://bigfuture.collegeboard.org/scholarships/matthews-design-group-engineering-scholarship
f73e99be-8c69-435b-bf03-9cb11d6e5879,PDSA College Scholarship,2026-04-15,https://bigfuture.collegeboard.org/scholarships/pdsa-college-scholarship
f742f10a-1d46-4df0-b29b-ee246c0c450d,Forging Industry Women's Scholarship,2026-04-14,https://bigfuture.collegeboard.org/scholarships/forging-industry-womens-scholarship
f75bef03-401a-482c-ab9a-85bbb324dd76,Stanley A. Doran Memorial Scholarship,2026-04-15,https://bigfuture.collegeboard.org/scholarships/stanley-a-doran-memorial-scholarship
f777b520-eb1d-402e-a0bb-2e645fa70638,Medtronic Foundation Graduate Scholarship Deadline 2026 USA,2026-04-24,https://bigfuture.collegeboard.org/scholarships/medtronic-foundation-graduate-scholarship
f795f8eb-8354-490f-ba5f-ec7c148d07e4,Chesapeake Fine Line Scholarship,2026-04-15,https://bigfuture.collegeboard.org/scholarships/chesapeake-fine-line-scholarship
f79932b4-614c-44ab-b9f3-e512ee3c0067,Reston Scholarship eligibility and deadline USA 2026,2026-04-25,https://bigfuture.collegeboard.org/scholarships/reston-scholarship
f7aaf042-0f86-4f1f-acc5-1e78cb3db040,Jane Edna Hunter Scholarship,2026-04-24,https://bigfuture.collegeboard.org/scholarships/jane-edna-hunter-scholarship
f7d01977-a342-42db-abc9-f142f78acd7f,The Scott J. Bacherman Internship Scholarship,2026-04-15,https://bigfuture.collegeboard.org/scholarships/the-scott-j-bacherman-internship-scholarship
f7db6006-8c2f-46f0-acc0-b296a5f2c6fe,P.C. & Virginia Crapps Memorial Scholarship,2026-05-01,https://www.fgc.edu/tuition-financial-aid/available-financial-aid/foundation-scholarships.html
f7e8aff1-6128-43ac-a7a3-1becd46d486d,100 Bold Points No-Essay Scholarship,2026-04-30,https://bold.org/scholarships/bold-org-100-points-no-essay-scholarship
f7ff2b81-1429-454b-8092-102a05abed49,Just Wright Citrus Buddy Bandana Scholarship (Vet Care),2026-04-14,https://bigfuture.collegeboard.org/scholarships/just-wright-citrus-buddy-bandana-scholarship-vet-care
f8272826-a1d0-4959-8626-895f19c2a312,Delaware Junior Golf  Scholarship,2026-05-01,http://dsga.org/application?fbclid=IwAR3HRCyOcc7PycSlb_Rm0xn8LevXIdkOKlw2qjHxRSsnIbB7oC6iFVnJuzY
f82db371-ee71-43cd-9850-e090a0e24111,Intertech Foundation STEM Scholarship,2026-04-15,https://bigfuture.collegeboard.org/scholarships/intertech-foundation-stem-scholarship
f8302ccd-3bf2-4e8f-a467-1fac26a53f6b,Missouri National Guard Association Scholarship,2026-04-15,https://bigfuture.collegeboard.org/scholarships/missouri-national-guard-association-scholarship
f8374437-e4c2-4a5b-bbdd-768a34144c58,Dr. Gina Santori Nursing Scholarship,2026-05-04,https://bigfuture.collegeboard.org/scholarships/dr-gina-santori-nursing-scholarship
f839a642-3a72-41a4-8252-72f6ce33dca0,Boyd and Quimby Scholarship,2026-04-15,https://bigfuture.collegeboard.org/scholarships/boyd-and-quimby-scholarship
f843b915-85d5-4949-bc00-fdf54b4dfba8,Judge Beverly Reid O'Connell Scholarship,2026-04-30,https://bigfuture.collegeboard.org/scholarships/judge-beverly-reid-oconnell-scholarship
f8493df0-d062-4fd9-bf16-58716e8101b3,AIA Silicon Valley Ehrlich Rominger Scholarship Guide,2026-04-24,https://www.scholarships.com/scholarships/aia-silicon-valley-ehrlich-rominger-scholarship
f850bb80-7eb2-43b8-af40-47e761511ec4,Steven L. Ball Memorial Scholarship,2026-04-15,https://bigfuture.collegeboard.org/scholarships/steven-l-ball-memorial-scholarship
f85637a6-73cb-451b-8404-9a18902c50bb,Dr. Charles Shaner Memorial Scholarship (Dental Hygiene),2026-05-01,https://bigfuture.collegeboard.org/scholarships/dr-charles-shaner-memorial-scholarship-dental-hygiene
f85e44ca-9c67-43d8-b98b-b3b8f95a735a,John Courson Scholarship,2026-04-15,https://bigfuture.collegeboard.org/scholarships/john-courson-scholarship
f85ea3ac-a81a-41c2-b8de-90fb52b690eb,ADS Alumni Scholarship,2026-05-01,https://bigfuture.collegeboard.org/scholarships/ads-alumni-scholarship
f85fd0f4-d202-4d5c-ae53-79e59691e980,GE Aerospace-Reagan Workforce Readiness Scholarship,2026-05-01,https://www.scholarships.com/scholarships/ge-aerospace-reagan-workforce-readiness-scholarship
f86a9a71-be45-4bcc-bfee-69d1833de5e8,Citrus County Coalition for College and Careers Scholarship,2026-04-10,https://bigfuture.collegeboard.org/scholarships/citrus-county-coalition-for-college-and-careers-scholarship
f8745a2b-bb0e-4705-8660-e4f4114c7cca,EOD Warrior Foundation Scholarships,2026-04-27,https://www.scholarships.com/scholarships/eod-warrior-foundation-scholarships
f88ab6dc-88cf-4cb8-ada7-e664598bf1f4,Damato Adult Learners Scholarship,2026-04-15,https://bigfuture.collegeboard.org/scholarships/damato-adult-learners-scholarship
f895b107-2d73-4fd7-b311-15253444ec9e,Olan P. Johnson Memorial Scholarship,2026-05-01,https://chipola.academicworks.com/
f8b44657-3ef6-49f2-9dd9-a54bf6106d8e,Jules W. Lindau III Memorial Engineering Scholarship,2026-04-15,https://bigfuture.collegeboard.org/scholarships/jules-w-lindau-iii-memorial-engineering-scholarship
f8c3285a-b265-47fd-be10-f17728c2720d,The Vanessa Anne Dunn Memorial Scholarship,2026-04-15,https://bigfuture.collegeboard.org/scholarships/the-vanessa-anne-dunn-memorial-scholarship
f8cc06dc-752a-4e9c-adae-e7ab022cc5ba,ESA Foundation Computer and Video Game Arts Scholarship,2026-04-30,https://www.scholarships.com/scholarships/esa-foundation-computer-and-video-game-arts-scholarship
f8f4b83a-2043-44bd-ba82-811e795d9581,Eve Kraft Education and College Scholarship,2026-04-17,https://bigfuture.collegeboard.org/scholarships/eve-kraft-education-and-college-scholarship
f90f6d4f-d67a-4906-a454-65f3eee3886b,Maine Association of Healthcare Administrative Professionals Scholarship,2026-05-01,https://bigfuture.collegeboard.org/scholarships/maine-association-of-healthcare-administrative-professionals-scholarship
f91ed845-18ca-442a-af30-ba9e9ca58010,Hartford Gay & Lesbian Health Collective Scholarship,2026-04-30,https://www.scholarships.com/scholarships/hartford-gay-and-lesbian-health-collective-scholarship
f9227190-435d-4340-96d1-6bbabef2a5cf,Central Ohio Elite Scholarship,2026-05-01,https://bigfuture.collegeboard.org/scholarships/central-ohio-elite-scholarship
f922b0a5-f846-4fd6-99af-c1820ba204f1,Christa Corrigan McAuliffe Scholarship,2026-05-01,https://www.framingham.edu/admissions-aid/cost-aid/types-aid/scholarships
f929ff07-1285-4863-bfb7-223e67ff4c12,The Dr. Joan M. Merrill Endowed Scholarship,2026-04-15,https://bigfuture.collegeboard.org/scholarships/the-dr-joan-m-merrill-endowed-scholarship
f93b5012-5fa8-425e-9320-282e754c49cf,George F. Wellik Scholarship,2026-04-16,https://www.azfoundation.org/scholarship-seekers/scholarships/george-f-wellik-scholarship
f94633b1-ad1d-4e99-b7c7-e32c8f8491b4,Sunderbruch Speech and Debate Scholarship,2026-05-01,https://bigfuture.collegeboard.org/scholarships/sunderbruch-speech-and-debate-scholarship
f95551ff-2157-404d-9d77-6dc886fa745d,Captain John T. Berger Scholarship,2026-04-15,https://bigfuture.collegeboard.org/scholarships/captain-john-t-berger-scholarship
f95c66f0-7d3b-4d53-ae35-a72a2082e228,Rotary Club of Playa Venice Sunrise Performing Arts Scholarship,2026-04-29,https://bigfuture.collegeboard.org/scholarships/rotary-club-of-playa-venice-sunrise-performing-arts-scholarship
f99bd8d4-31f6-4ee9-9de0-75dbc3c77c75,Robert J. Frankel Scholarship,2026-05-01,https://bigfuture.collegeboard.org/scholarships/robert-j-frankel-scholarship
f9b3ff68-5e16-4940-9c59-5242586140db,John M. Bailey Memorial Scholarship,2026-04-15,https://bigfuture.collegeboard.org/scholarships/john-m-bailey-memorial-scholarship
f9b9306d-52bd-4426-9cf2-a06d3909cb6e,American Institute of Steel Construction Education Foundation Scholarship,2026-05-01,https://bigfuture.collegeboard.org/scholarships/american-institute-of-steel-construction-education-foundation-scholarship
f9d6f449-80c3-4fd2-aa99-4609b85d79d9,John M. Murphy and Daniel V. Murphy Memorial Endowed Scholarship,2026-05-04,https://bigfuture.collegeboard.org/scholarships/john-m-murphy-and-daniel-v-murphy-memorial-endowed-scholarship
f9fa0afb-40b2-4adf-8bff-cc126b8cc121,The Dr. Maureen and Edward Shamgochian Scholarship,2026-04-15,https://bigfuture.collegeboard.org/scholarships/the-dr-maureen-and-edward-shamgochian-scholarship
fa126805-786c-4708-a250-48e3f137ce68,Minnesota Association of Townships Scholarship,2026-05-01,https://bigfuture.collegeboard.org/scholarships/minnesota-association-of-townships-scholarship
fa148c8f-30dc-4e82-8465-257a248e0be5,American Society for Clinical Laboratory Science-North Dakota Student Scholarship,2026-04-15,https://bigfuture.collegeboard.org/scholarships/american-society-for-clinical-laboratory-science-north-dakota-student-scholarship
fa1a35fa-b5f9-4981-92e6-b983167f7f49,Frederick W. Copeland Memorial Scholarship,2026-04-28,https://bigfuture.collegeboard.org/scholarships/frederick-w-copeland-memorial-scholarship
fa213fc1-6a27-4c57-8a9a-3dddfd76fecc,Dennis S. Barlow Scholarship,2026-04-22,https://bigfuture.collegeboard.org/scholarships/dennis-s-barlow-scholarship
fa2adc3f-1ab7-41aa-8493-12b90258c936,Coastal Carolina Chapter MOAA Scholarship,2026-04-30,https://bigfuture.collegeboard.org/scholarships/coastal-carolina-chapter-moaa-scholarship
fa2dae59-200a-4e89-b37a-d1efeff221fe,Liberty City Scholarship,2026-04-30,https://www.kbcf.org/programs/liberty-city-student-scholarship-program
fa357b72-bed6-4f96-b577-641cb602c38c,Philip A. Turner Scholarship,2026-04-22,https://bigfuture.collegeboard.org/scholarships/philip-a-turner-scholarship
fa3f8f3f-0452-491e-aef6-0bbb28f77a2d,Generation Google Scholarship Eligibility 2026 USA,2026-04-23,https://bigfuture.collegeboard.org/scholarships/generation-google-scholarship
fa4f3854-85ef-47ae-bc81-aace96349c31,Ansin Study Abroad Fellowship,2026-04-20,https://umass.academicworks.com/opportunities
fa60c827-2c51-4b83-a714-dd3874a08603,Frick Scholarship,2026-04-15,https://bigfuture.collegeboard.org/scholarships/frick-scholarship
fa674570-d462-43fc-88a5-c7dc263c8683,The Lois Cofsky Memorial Endowed Scholarship,2026-04-15,https://bigfuture.collegeboard.org/scholarships/the-lois-cofsky-memorial-endowed-scholarship
fa94385b-d779-4e7a-b704-dd55461429db,George and Philemina Kawelo Memorial Scholarship,2026-04-17,https://bigfuture.collegeboard.org/scholarships/george-and-philemina-kawelo-memorial-scholarship
fa9c7f27-2aaa-44e1-8172-e37e981df37b,Faville Family Endowed Scholarship,2026-05-04,https://bigfuture.collegeboard.org/scholarships/faville-family-endowed-scholarship
faa64eca-b9d9-4c6d-ae71-ed8c4d0edf53,WWIN Star Scholarship,2026-04-16,https://bigfuture.collegeboard.org/scholarships/wwin-star-scholarship
facaf85a-afa6-4001-b7d4-f91099e29fc0,Theresa Lackey Living Donor Scholarship,2026-05-01,https://bigfuture.collegeboard.org/scholarships/theresa-lackey-living-donor-scholarship
fae7736c-41ba-44a4-a097-de66ad59c54e,300 Bold Points No-Essay Scholarship,2026-04-30,https://bold.org/scholarships/bold-org-300-points-no-essay-scholarship
faf69879-7a56-41e9-861c-8915f942b4bf,"Dr. Eddie L Collins, Jr. Sociology and Anthropology Scholarship",2026-04-15,https://www.unf.edu/coas/scholarships/dr-eddie-l-collins-jr-sociology-and-anthropology.html
faf797f0-f42c-480e-b94d-038ef63a6f70,Betty Minzenmayer Scholarship,2026-04-29,https://bigfuture.collegeboard.org/scholarships/betty-minzenmayer-scholarship
fb87e385-dfba-4690-8e6d-391ce5cee0cf,President’s Scholarship deadline 2026 USA,2026-05-01,https://bigfuture.collegeboard.org/scholarships/presidents-scholarship
fb976357-bc5c-426d-88d9-f5a309e14426,Claes Nobel Future Female Leader Scholarship,2026-04-06,https://bigfuture.collegeboard.org/scholarships/claes-nobel-future-female-leader-scholarship
fba7f300-301d-4e8c-bab1-0b8536f21111,Henry J. and Lucille J. Straus Scholarship,2026-04-14,https://bigfuture.collegeboard.org/scholarships/henry-j-and-lucille-j-straus-scholarship
fbb3be1a-900f-49b6-a89e-4f904badad0a,Sara Lagacy Memorial Nursing Scholarship,2026-05-01,https://bigfuture.collegeboard.org/scholarships/sara-lagacy-memorial-nursing-scholarship
fbe59290-12ba-4adc-9de0-2cc238c86df4,Mary Ann Fischer Scholarship,2026-04-15,https://bigfuture.collegeboard.org/scholarships/mary-ann-fischer-scholarship
fc29e31d-75da-4148-837a-79cc4cec379d,Wood Fruitticher  Scholarship,2026-04-15,https://bigfuture.collegeboard.org/scholarships/wood-fruitticher--scholarship
fc577f16-3010-42cd-a582-f7c89bba20b9,James T. and Rose M. Perryman Family Foundation Trade School Scholarship,2026-05-01,https://bigfuture.collegeboard.org/scholarships/james-t-and-rose-m-perryman-family-foundation-trade-school-scholarship
fc65365d-bfad-4669-a010-3a0bb700d704,NSBE GPPC STEM Futures Scholarship,2026-04-30,https://www.scholarships.com/scholarships/nsbe-gppc-stem-futures-scholarship
fc697223-ec8c-4eef-8606-886f6b8915b1,The Phillip M. Wasylean II Endowed Scholarship,2026-04-15,https://bigfuture.collegeboard.org/scholarships/the-phillip-m-wasylean-ii-endowed-scholarship
fc98751f-c3e0-4b6c-8273-8fdff0012eb3,"Nestle Waters Florida Every Drop Counts/Nestle Waters North America, Inc. Scholarship",2026-05-01,https://www.fgc.edu/tuition-financial-aid/available-financial-aid/foundation-scholarships.html
fcb091c8-9653-48dd-b733-3c388650c451,Plimpton Foundation Native American Vocal Scholars Program,2026-05-01,https://www.scholarships.com/scholarships/plimpton-foundation-native-american-vocal-scholars-program
fcbd0971-ba97-4e2a-b60b-5849dfd8ab62,James Montgomery Annual Scholarship,2026-05-01,https://www.fgc.edu/tuition-financial-aid/available-financial-aid/foundation-scholarships.html
fcc08f2e-5fd4-4b56-98c2-692ba71d4ecd,Earl Dedman Memorial Scholarship,2026-05-01,https://www.endowment.org/scholarships
fcd05dda-402a-453f-ab43-3c1e927685a9,Dona O'Keefe Tucholski Endowed Scholarship,2026-05-04,https://bigfuture.collegeboard.org/scholarships/dona-okeefe-tucholski-endowed-scholarship
fcf69b86-5315-4e54-863b-efeaf10af7b5,Standing With Her Scholarship USA 2026 Apply,2026-05-01,https://www.scholarships.com/scholarships/standing-with-her-scholarship
fcf96661-678a-4fdc-81bc-818698173449,Orthopaedic Specialists of the Carolinas Nursing Scholarship,2026-04-30,https://www.wsfoundation.org/one-stop-scholarships
fd2557d9-ddc3-4cbd-89f2-c28ad9ae4703,Imperial Valley Produce Scholarship,2026-04-08,https://bigfuture.collegeboard.org/scholarships/imperial-valley-produce-scholarship
fd3e7df8-b694-4239-a9de-8b9164d239e3,Latin Network for the Visual Arts Scholarship,2026-04-22,https://bigfuture.collegeboard.org/scholarships/latin-network-for-the-visual-arts-scholarship
fd6376f4-1589-4944-bf2e-ea5bb9b5d8a5,Larry Rabideau Physics or Engineering Scholarship,2026-05-01,https://bigfuture.collegeboard.org/scholarships/larry-rabideau-physics-or-engineering-scholarship
fd6ff99f-1b0e-414b-96a2-ecca09bd8df3,Kiwanis Club of Yorkville Scholarship,2026-05-04,https://bigfuture.collegeboard.org/scholarships/kiwanis-club-of-yorkville-scholarship
fd86a270-7fc5-43c0-bd64-01a6053ac5d1,Ann C. Hicks Endowed Merit Scholarship,2026-04-15,https://www.unf.edu/udae/awards/endowments.html
fd94668d-2799-46de-aa33-3dd10aafc93b,Terry Campbell Loshalegro Scholarship,2026-04-15,https://bigfuture.collegeboard.org/scholarships/terry-campbell-loshalegro-scholarship
fd97d518-a805-4c6e-a413-a5c1b4a1f4aa,H.J. McKenzie Scholarship in Industrial Engineering,2026-04-15,https://texastechalumni.academicworks.com/
fdbe3444-d381-4c94-97d4-35fa84fb886c,Nancy Murphy Hatch Scholarship,2026-05-01,https://www.framingham.edu/admissions-aid/cost-aid/types-aid/scholarships
fdcd1a49-d1ae-471a-90ba-92c991efe401,Louise Guild Nutrition and Biochemistry Scholarship,2026-05-01,https://www.framingham.edu/admissions-aid/cost-aid/types-aid/scholarships
fdda5e67-c91b-4e54-896d-9d1989d0d4e6,Pittsburg Penguins Alumni Association Scholarship,2026-05-01,https://www.scholarships.com/scholarships/pittsburg-penguins-alumni-association-scholarship
fde30bfb-d80d-45a6-b09f-d823b114f575,SBS Financial Aid Scholarship,2026-04-15,https://umass.academicworks.com/opportunities
fde7c8e6-0c86-4e55-b9e5-3f729c88bfde,President’s High School Scholarship,2026-05-01,https://www.bhcc.edu/scholarships
fdf56ed8-cbb4-4e19-8c69-13bcb3f3b650,Merit Scholars Program,2026-05-01,https://bigfuture.collegeboard.org/scholarships/merit-scholars-program
fdfd4869-0415-45ca-84b0-d0bea92642a1,Rho Mu Omega Chapter Presidential Scholarship,2026-04-13,https://bigfuture.collegeboard.org/scholarships/rho-mu-omega-chapter-presidential-scholarship
fe0528b0-81dd-4b66-a829-9d522046227c,James H. Torrance Scholarship,2026-04-22,https://bigfuture.collegeboard.org/scholarships/james-h-torrance-scholarship
fe0ed5df-9177-4cf0-9b08-8946cdbd5d18,Dr. Ernest and Audrey Ann Chan-Nui Memorial Scholarship,2026-04-06,https://bigfuture.collegeboard.org/scholarships/dr-ernest-and-audrey-ann-chan-nui-memorial-scholarship
fe177c56-caae-41f9-8db8-1d9200cc7919,Better ATX/Suanne Davis Roueche Scholarship,2026-05-01,https://bigfuture.collegeboard.org/scholarships/better-atxsuanne-davis-roueche-scholarship
fe1aa12d-183d-45fd-9ca1-a56b752e327d,Harriet LeMaster French Scholarship,2026-04-15,https://www.unf.edu/coas/scholarships/harriet-lemaster-french.html
fe332353-1503-484a-b31d-50ba56065128,John J. Swalec Sr. Memorial Endowed Scholarship,2026-05-04,https://bigfuture.collegeboard.org/scholarships/john-j-swalec-sr-memorial-endowed-scholarship
fe47b77b-e378-4b63-9391-06be8678f6e0,Delta Dental Scholarship of the Air Force Association,2026-04-30,https://bigfuture.collegeboard.org/scholarships/delta-dental-scholarship-of-the-air-force-association
fe4b08d2-bc2f-4c4d-b12c-0eafcba71c66,Marian Wood Baird Scholarship Guide 2026,2026-04-17,https://bigfuture.collegeboard.org/scholarships/marian-wood-baird-scholarship
fe4d4b6e-738b-4ebe-9287-852c2029089f,Jane Meredith Daugherty Memorial Scholarship,2026-04-27,https://bold.org/scholarships/jane-meredith-daugherty-memorial-scholarship
fe4f2683-fc9c-4d10-b4ca-993b3a631e76,Dr. William J. and Jane G. Weigel Memorial Scholarship,2026-05-04,https://bigfuture.collegeboard.org/scholarships/dr-william-j-and-jane-g-weigel-memorial-scholarship
fe557e94-9122-430c-93cf-760e2efbec7e,Frances Teres Schreffler Memorial Scholarship,2026-05-01,https://www.fgc.edu/tuition-financial-aid/available-financial-aid/foundation-scholarships.html
fe635108-8c96-4bda-85c4-dfa6c7210b94,Sun Country Amateur Golf Association Scholarship,2026-04-29,https://bigfuture.collegeboard.org/scholarships/sun-country-amateur-golf-association-scholarship
fe7009d7-7075-4778-bbfe-30af6b513508,Rosi Mary McLeod Human Services Scholarship,2026-04-15,https://bigfuture.collegeboard.org/scholarships/rosi-mary-mcleod-human-services-scholarship
fe7bc858-cd70-401f-94a9-a1616907ba04,Dedman Essay Competition,2026-04-29,https://www.scholarships.com/scholarships/dedman-essay-competition
fe832a73-dd6b-44d1-80f6-9ecfab1a9dc2,Dawn Blackledge Scholarship,2026-04-15,https://bigfuture.collegeboard.org/scholarships/dawn-blackledge-scholarship
fe892a70-2e62-4172-a418-8c983ac56576,Pet Pals Pack Compassion Award,2026-04-30,https://bold.org/scholarships/pet-pals-pack-compassion-award
fea964fd-ad1d-47fc-b2ee-0d8cfdf005f9,"AVANTech, Inc. Chemical Technology Scholarship",2026-04-15,https://bigfuture.collegeboard.org/scholarships/avantech-inc-chemical-technology-scholarship
fec5ec52-5eb9-4d12-a659-248861760061,RILBMDA Continuing Education Memorial Scholarship,2026-05-01,https://bigfuture.collegeboard.org/scholarships/rilbmda-continuing-education-memorial-scholarship
fed23d06-845d-4871-a004-f7e36f11dd3b,Ferndale Repertory Theatre Scholarship,2026-04-22,https://bigfuture.collegeboard.org/scholarships/ferndale-repertory-theatre-scholarship
feddce09-9073-415f-829a-e983c27e2938,Seacoast Security Scholarship,2026-04-30,https://bigfuture.collegeboard.org/scholarships/seacoast-security-scholarship
fede59c3-1344-48e7-be99-9e149e8478c8,Falcone Group Endowed Scholarship,2026-05-01,https://www.nova.edu/sbin/report/scholarships/schlr-srch-params.cgi?category=Institutional&level=Undergraduate
fee2e0b2-f314-423e-a90e-b46134133886,SPE Foundation Donald G. Russell Scholarship,2026-04-15,https://bigfuture.collegeboard.org/scholarships/spe-foundation-donald-g-russell-scholarship
feebf59e-3667-4f1d-810a-1b4fc95ea8c5,Boundless Opportunity Scholarship - Daniels Fund,2026-04-10,https://bigfuture.collegeboard.org/scholarships/boundless-opportunity-scholarship---daniels-fund
ff13fe9f-0d9c-481a-83ba-14eef83a1dca,Italian Heritage Society of Indiana Scholarship,2026-04-15,https://bigfuture.collegeboard.org/scholarships/italian-heritage-society-of-indiana-scholarship
ff15a19b-7840-446f-af38-5c662c7d5a1e,IAHCE Educational Scholarship,2026-05-01,https://bigfuture.collegeboard.org/scholarships/iahce-educational-scholarship
ff283536-9390-4984-95ed-d59c88f472c9,Jami Knowles Memorial Scholarship,2026-05-04,https://bigfuture.collegeboard.org/scholarships/jami-knowles-memorial-scholarship
ff339de9-5548-4bc1-a68b-4e2b5ac484fa,Chi Changemaker Scholarship,2026-05-01,https://bold.org/scholarships/chi-changemaker-scholarship
ff3d840f-fc6d-41ba-82de-02e62ac1131f,David Terence Mulvey Endowed Scholarship,2026-05-01,https://austincc.academicworks.com/opportunities/9805
ff3e2686-81a8-4276-a896-cbbc1d2b14d4,Marylinn Munson & Bio Nebraska STEM Scholarship,2026-04-30,https://www.scholarships.com/scholarships/marylinn-munson-and-bio-nebraska-stem-scholarship
ff3f2680-faac-42ae-bf9d-1f4d7be464c6,ADP Scholarship,2026-04-23,https://bold.org/scholarships/ADP-scholarship
ff43d20e-b4b3-46c1-994e-5de79b2eec89,Hope For the Warriors Scholarships,2026-04-30,https://www.scholarships.com/scholarships/hope-for-the-warriors-scholarships
ff441e6a-9384-4208-8095-3bd84f4f6c50,Florida Gateway College Water Resource Annual Scholarship (R. Allen),2026-05-01,https://www.fgc.edu/tuition-financial-aid/available-financial-aid/foundation-scholarships.html
ff4e5367-114b-4332-820f-e18ed6181c8e,"Jean Driscoll ""Dream Big"" Scholarship",2026-04-30,https://bigfuture.collegeboard.org/scholarships/jean-driscoll-dream-big-scholarship
ff6d2dff-05b1-4574-a3d7-fd0b3713eb11,Sonora Union High School Class of 1958 Scholarship,2026-04-15,https://bigfuture.collegeboard.org/scholarships/sonora-union-high-school-class-of-1958-scholarship
ff88ba7e-1966-46c5-be68-6bf05040a1e0,NSPE-NH State Scholarship Program,2026-04-24,https://www.scholarships.com/scholarships/nspe-nh-state-scholarship-program
ff9def28-6453-46e9-b48b-8c93a30aac2f,Citrus High School- Scholar Athlete Scholarship,2026-04-28,https://bigfuture.collegeboard.org/scholarships/citrus-high-school--scholar-athlete-scholarship
ffa0dbfc-3737-470d-b124-5bba2d4c4205,C. Francis Driscoll Scholarship,2026-04-22,https://bigfuture.collegeboard.org/scholarships/c-francis-driscoll-scholarship
ffcb1032-840a-470b-87ac-17d306cc7aee,California Association of Supervisors of Child Welfare and Attendance  Bay Section Scholarship,2026-04-29,https://bigfuture.collegeboard.org/scholarships/california-association-of-supervisors-of-child-welfare-and-attendance--bay-section-scholarship
ffce6bea-32bd-42fc-a6f9-16d645c0d988,AFCEA War Veterans Scholarships: Undergraduate Only,2026-05-01,https://www.scholarships.com/scholarships/afcea-war-veterans-scholarships-undergraduate-only
ffd00874-77bf-4715-bbec-0ded8877e206,Front Porch STEM Scholarship Eligibility & Deadline,2026-04-15,https://bigfuture.collegeboard.org/scholarships/front-porch-stem-scholarship