id,title,provider,url,reason,quality_score
00df32f1-923d-42b1-af73-504b11c60627,Doris Nicole Woodhouse Memorial Scholarship,Woodhouse Family,https://bold.org/scholarships/doris-nicole-woodhouse-memorial-scholarship,anti_keyword_hit,70
013a92a0-b4e6-444d-ac30-c89c3240a2bb,NAMIC Mutual Insurance Foundation Scholarship Program,NAMIC Mutual Insurance Foundation,https://www.scholarships.com/scholarships/namic-mutual-insurance-foundation-scholarship-program,anti_keyword_hit,70
016e2d17-fe14-4bd6-9cab-e84f1a435561,Government Scholarships Programme Paraguay BECAL-DAAD Promotion,DAAD,https://www2.daad.de/deutschland/stipendium/datenbank/en/21148-scholarship-database?detail=57549329,anti_keyword_hit,70
022e5542-c66d-4f93-8434-8b18fe8bb086,Greater New York Chapter WTS Community/Technical College Scholarship,WTS International-Greater New York Chapter,https://www.wtsinternational.org/chapters/greater-new-york/scholarships,anti_keyword_hit,30
024a94cf-8b28-456a-985f-f97ceac8f24d,Goethe Institute Travel Grants 2021 for Artists from Abroad to Perform in Germany,ARMACAD,https://www.goethe.de/en/uun/auf/mus/aus.html,anti_keyword_hit,55
0264aeb4-5803-4d18-8c14-c08ca632c081,Combined study and practical stays for engineers from developing countries (KOSPIE) in cooperation with the Argentinean Universidad Tecnológica Nacional (UTN),DAAD,https://www2.daad.de/deutschland/stipendium/datenbank/en/21148-scholarship-database?detail=57471579,anti_keyword_hit,70
03454fcf-4621-48fb-9b26-a462b32c92e6,Alfried Krupp Wissenschaftskolleg Greifswald: Alfried Krupp Fellowships,DAAD scholarship database,https://www2.daad.de/deutschland/stipendium/datenbank/en/21148-scholarship-database?detail=10000652,anti_keyword_hit,70
0349358b-af0b-4c4e-9a43-496e54bb086a,York Trade Scholarship for the Disabled,Carol York,https://bold.org/scholarships/york-trade-scholarship-for-the-disabled,anti_keyword_hit,70
03cc5759-4b35-4ce0-b0d6-07c67097ac7e,Eric Bleumink Scholarships at University of Groningen,University of Groningen,https://www.scholars4dev.com/2457/eric-bleumink-scholarships-for-developing-countries-at-university-of-groningen,anti_keyword_hit,70
03f6bf70-9ed4-4b15-9b33-c63e0de791fb,Fulbright Commission: Fulbright Programme,DAAD scholarship database,https://www2.daad.de/deutschland/stipendium/datenbank/en/21148-scholarship-database?detail=10000158,anti_keyword_hit,70
050b4c9a-3080-48f0-aeb6-cf94c9807b19,Adult Education Scholarship,Northeast Community College,https://northeast.edu/costs-aid/scholarships/general,anti_keyword_hit,30
05721482-1948-42a5-9541-87819945e55e,DLR-DAAD Research Fellowship Programme,DAAD,https://www2.daad.de/deutschland/stipendium/datenbank/en/21148-scholarship-database?detail=50019749,anti_keyword_hit,70
058bc4c2-473d-49d3-b920-02ca978f9d4b,University Winter Courses in Germany for Foreign Students and Graduates,DAAD,https://www2.daad.de/deutschland/stipendium/datenbank/en/21148-scholarship-database?detail=50046485,anti_keyword_hit,70
05fb86e5-b02f-409f-8bd7-84da7130ee23,Wisconsin Job Retraining Scholarship,Wisconsin Department of Veterans Affairs,https://dva.wi.gov/benefits/grants/retraining-grant,anti_keyword_hit,70
062cc8bf-383c-4c27-9d41-21e8ac1c9111,Postdoc Fellowship - Nanotechnology Research Network,Jimma University,https://www.iefa.org/scholarships/2298/Postdoc_Fellowship_-_Nanotechnology_Research_Network,anti_keyword_hit,60
075f63ec-4344-46ec-8290-2c849e887669,International Academic Excellence at University of Mississippi,University of Mississippi,https://www.iefa.org/scholarships/3211/International_Academic_Excellence_at_University_of_Mississippi,anti_keyword_hit,60
0785ef8c-3594-4853-9b76-9de29450b963,Ruthie Brown Scholarship,Lee Porscha Moore,https://bold.org/scholarships/ruthie-brown-scholarship,anti_keyword_hit,70
0795d718-7a2f-4ace-980e-65810c654afa,Global Talent Scholarship - Postgraduate Taught Queen Mary University of London 2026,"Queen Mary University of London (QMUL), England",https://www.qmul.ac.uk/scholarships/items/global-talent-scholarship--postgraduate-taught-september-2026.html,anti_keyword_hit,70
08b665c0-6c34-40a1-931c-1b2b42a78148,CollegeWeekLive Scholarship Opportunities,CollegeWeekLive,https://www.iefa.org/scholarships/2163/CollegeWeekLive_Scholarship_Opportunities,anti_keyword_hit,70
0971163d-d995-4a42-b338-d0af554cfd60,Robert & Barbara Alexander Nursing Scholarship,Wenatchee Valley College Foundation,https://bigfuture.collegeboard.org/scholarships/robert--barbara-alexander-nursing-scholarship,anti_keyword_hit,55
09aed360-8779-48c1-9c25-24171830eac7,Joe Ford Trade Scholarship,D.F. Richard Energy & The Ford Family,https://bold.org/scholarships/joe-ford-trade-scholarship,anti_keyword_hit,55
0ad12e63-f988-4177-b6ed-a4bc5684bb57,Professional Bodies Bursary at Heriot-Watt University Malaysia 2026,"Heriot-Watt University, Malaysia",https://www.hw.ac.uk/malaysia/study/scholarships/discounts-and-bursaries.htm,anti_keyword_hit,30
0b092e21-5a9a-4c19-a8aa-abd661d43c04,For A Bright Future Scholarship Programs,Unigo listing,https://www.unigo.com/scholarships/by-major/cybersecurity-scholarships/for-a-bright-future-scholarship-programs,anti_keyword_hit,30
0b66953f-2b73-4b68-a900-02cab652aaa7,Bishop John Bryson Chane Scholarship for Social Justice,Unigo listing,https://www.unigo.com/scholarships/high-school-students/scholarships-for-high-school-seniors/bishop-john-bryson-chane-scholarship-for-social-justice,anti_keyword_hit,30
0c182196-9348-4f05-9a55-3da67cc12954,Friedrich Ebert Foundation: Scholarship for International Students,DAAD scholarship database,https://www2.daad.de/deutschland/stipendium/datenbank/en/21148-scholarship-database?detail=10000153,anti_keyword_hit,70
0dccabf6-57fe-499d-8cff-68443e93dfc6,William W. Weil Good Citizen Scholarship - Adult Education,Community Foundation of Hancock County,https://givehcgrowhc.org/adult-education,anti_keyword_hit,30
0f24cffb-8541-4394-bcea-8a66616147d7,Multicultural Scholarship: The Dream is Inclusive,On Q Financial,https://www.iefa.org/scholarships/3457/Multicultural_Scholarship:_The_Dream_is_Inclusive_,anti_keyword_hit,70
0f6e1073-7e7e-45a9-8080-d7ff6a8afad6,"The Margarget Manoogian ""Open Door"" Scholarship",Worcester State University,https://bigfuture.collegeboard.org/scholarships/the-margarget-manoogian-open-door-scholarship,anti_keyword_hit,55
0f890ceb-b350-4f46-adad-75a802d05028,Scholarships for Public Policy Degrees,CEU School of Public Policy,https://www.iefa.org/scholarships/2573/Scholarships_for_Public_Policy_Degrees,anti_keyword_hit,70
10a47934-a688-4767-bd38-37eda614df65,Third Country Programme Latin America - Master,DAAD,https://www2.daad.de/deutschland/stipendium/datenbank/en/21148-scholarship-database?detail=57730436,anti_keyword_hit,70
116eac99-7206-417a-bde7-e619e045ff15,WayUp “Unlock Your Potential” Scholarship,Bold.org,https://bold.org/scholarships/wayup-unlock-your-potenial-scholarship,anti_keyword_hit,55
11b14017-42f1-4cbc-a3b4-88aca3399598,Bethesda Auxiliary Scholarships,Unigo listing,https://www.unigo.com/scholarships/by-major/special-education-scholarships/bethesda-auxiliary-scholarships,anti_keyword_hit,70
11ed5953-79d4-450d-9d62-d7eee2938e66,Vice-Chancellor Scholarships at Bangor University 2026,Bangor University (Prifysgol Bangor),https://www.bangor.ac.uk/international/future/vice-chancellor-scholarship,anti_keyword_hit,70
12384e8b-4752-4745-8e0a-d02217029273,Women for Leadership Scholarship at SRH Management Program 2026,SRH Berlin University of Applied Sciences or SRH Hochschule Berlin,https://www.srh-university.de/en/you-want-to-study/financing,anti_keyword_hit,70
12944f52-b9f2-4ab5-97a8-558f8c69a704,Dr. Scott Greenberg Scholarship,Framingham State University,https://www.framingham.edu/admissions-aid/cost-aid/types-aid/scholarships,anti_keyword_hit,15
12e0b25c-7f9e-439d-b959-af3f732c17cd,Immediate Needs Emergency Grant,Missouri Scholarship and Loan Foundation,https://www.moslf.org/programs.aspx,anti_keyword_hit,70
142b8cd3-82e3-4f93-a45a-615903e5e62b,Manulife Life Lessons Scholarship program 2026,Manulife,https://www.manulife.ca/personal/plan-and-learn/life-events/life-lessons-scholarship.html,anti_keyword_hit,70
14fc4268-cda6-4fac-aaa6-3f0a98194c18,German Parliament Scholarship Programme 2026 for Young Africans,Opportunity Desk,https://bewerbung.ipsdigital.bundestag.de/,anti_keyword_hit,40
168b685d-c3cf-4ec1-a494-4100cf2d0156,DAAD-ACEH Scholarship of Excellence,DAAD,https://www2.daad.de/deutschland/stipendium/datenbank/en/21148-scholarship-database?detail=50747186,anti_keyword_hit,70
17406d67-d5af-4a74-b8ab-10ba48b91042,University of Cumbria Global MBA Scholarships 2025,"University of Cumbria, Carlisle",https://www.cumbria.ac.uk/study/international-students/fees-and-finance/scholarships-bursaries-and-discounts,anti_keyword_hit,70
17412e79-6f64-4c21-85db-5e6f1448a134,MAP Scholarship,Unigo listing,https://www.unigo.com/scholarships/high-school-students/scholarships-for-high-school-juniors/map-scholarship,anti_keyword_hit,30
17de1d55-02c1-4939-8745-0d0e9cd1878a,Joseph and Dora Galandiuk Scholarship,Ukrainian National Association,https://bigfuture.collegeboard.org/scholarships/joseph-and-dora-galandiuk-scholarship,anti_keyword_hit,70
191486f4-1508-4199-a1bf-07b7419cc7db,TWAS Research Grants Programme in Basic Sciences (Individuals),ARMACAD,https://armacad.info/2021-03-14--twas-research-grants-programme-in-basic-sciences-individuals,anti_keyword_hit,55
19ac82f5-38bc-4452-8fd1-361b66b476c7,Individual Advanced Research Opportunities (IARO),IREX (International Research & Exchanges),https://www.iefa.org/scholarships/2123/Individual_Advanced_Research_Opportunities_(IARO),anti_keyword_hit,70
19f25bfc-8311-47a0-9557-66e1e6340a21,Konrad-Adenauer-Stiftung (KAS): Scholarship Programme for International Students,DAAD scholarship database,https://www2.daad.de/deutschland/stipendium/datenbank/en/21148-scholarship-database?detail=10000108,anti_keyword_hit,70
1b89e190-6ad7-4478-9f0a-0d3682b89711,Higher Education Adult Part-Time Student Grant Program,College Foundation of West Virginia,https://www.cfwv.com/financial-aid/heaps-grant,anti_keyword_hit,70
1b93cc23-bfe9-4a51-823f-8ab22da212db,Rick Pankow Foundation Scholarship,Rick Pankow Foundation,https://www.rickpankowfoundation.org/horticulture-scholarship,anti_keyword_hit,70
1beec4a6-60c5-4b12-b364-5e00fd2ae306,Doctoral Programmes in Germany,DAAD,https://www2.daad.de/deutschland/stipendium/datenbank/en/21148-scholarship-database?detail=57135739,anti_keyword_hit,70
1c13de4e-0a71-4cca-a239-7da4109c6d50,GyanDhan Engineering Scholarship,GyanDhan,https://www.iefa.org/scholarships/3707/GyanDhan_Engineering_Scholarship,anti_keyword_hit,60
1c6e7b6a-4082-484a-92bf-423f819e49e1,HomeStar Insurance Services General Studies Scholarship,Kankakee Community College Foundation,https://bigfuture.collegeboard.org/scholarships/homestarinsurance-services-general-studies-scholarship,anti_keyword_hit,55
1c88a6c7-e2c6-46fc-9c8d-748c21db2f1f,Harry Frank Guggenheim Foundation Dissertation Fellowship,Harry Frank Guggenheim Foundation,https://www.iefa.org/scholarships/613/Harry_Frank_Guggenheim_Foundation_Dissertation_Fellowship,anti_keyword_hit,70
1ca65beb-d029-45ab-8343-576a26259540,Maynooth University Taught Masters Scholarships 2026,"Maynooth University National University of Ireland, Maynooth (NUIM)",https://www.maynoothuniversity.ie/study-maynooth/postgraduate-studies/fees-funding-scholarships,anti_keyword_hit,70
1ca6b6ff-8045-4d54-81e8-389ed437cb40,James LaBuhn Educational Scholarship,International Association of Arson Investigators-Michigan Chapter,https://bigfuture.collegeboard.org/scholarships/james-labuhn-educational-scholarship,anti_keyword_hit,55
1da81bbb-f8c5-40af-9cf4-0f969d7be9f1,Masters (PGT) EU Scholarship at University of Essex 2026,University of Essex,https://www.essex.ac.uk/scholarships/masters-pgt-eu-scholarship,anti_keyword_hit,70
1e1a9c68-27b8-4534-8176-ce797f696898,I-TIM Scholarship Program 2025,International Hotel and Tourism Industry Management School (I-TIM),https://www.i-tim.ac.th/scholarship,anti_keyword_hit,70
1e9d07b6-aee6-4b93-902c-65131c0a51e7,Heriot-Watt Family Discount at Heriot-Watt University Malaysia 2026,"Heriot-Watt University, Malaysia",https://www.hw.ac.uk/malaysia/study/scholarships/discounts-and-bursaries.htm,anti_keyword_hit,30
1f59f9b6-ad78-4e16-8d1a-6ee95b60be1e,Adult Basic Education Transition Award,BC Scholarship Society,https://bigfuture.collegeboard.org/scholarships/adult-basic-education-transition-award,anti_keyword_hit,55
1f965c3e-1bef-4533-8b67-fcd0230eddc7,Leon M. Abbott Scottish Rite Scholarship,Ancient Accepted Scottish Rite of the Northern Masonic Jurisdiction,https://www.scottishritenmj.org/abbott,anti_keyword_hit,70
1fd55013-bc0a-47ea-ac49-ada969237ea3,ANUSA Parents & Carers Grant at Australian National University 2026,Australian National University (ANU),https://www.anu.edu.au/study/scholarships/find-a-scholarship/anusa-parents-carers-grant,anti_keyword_hit,70
21af73c2-decb-4029-8382-6b0467b24a44,Study scholarships for STEM disciplines,DAAD,https://www2.daad.de/deutschland/stipendium/datenbank/en/21148-scholarship-database?detail=57742130,anti_keyword_hit,70
2326001d-b52c-4458-bcbe-a70b33d4e177,EIT Urban Mobility Masters Scholarship 2026,EIT Urban Mobility,https://www.eiturbanmobility.eu/what-we-offer/education-and-training/masters-programmes/master-school-detailed-information,anti_keyword_hit,70
239529f4-ca72-4d8b-966c-dc0ad37dbdbc,Barbara Huber Scholarship Program 2027,Opportunity Desk,https://safran.csl.mpg.de/job-postings/barbara-huber-forschungsstipendium,anti_keyword_hit,40
23d5fd91-ce57-439c-b0c2-ceccaa3baf16,John R. Winkler Memorial Scholarship,International Association of Special Investigation Units-Iowa-Nebraska Chapter,https://bigfuture.collegeboard.org/scholarships/john-r-winkler-memorial-scholarship,anti_keyword_hit,70
248cf2d9-cfc1-4abe-b6a2-5c7f592db2aa,International Student Scholarship September Entry at Oxford Brookes University 2026,Oxford Brookes University,https://www.brookes.ac.uk/study/funding/international-student-scholarship-september-entry,anti_keyword_hit,70
24c06102-3b3a-48cb-87cd-dc21dc327e6e,JCAE GED Scholarship,Johnson County Community College,https://www.jccc.edu/admissions/financial-aid/aid-types/scholarships,anti_keyword_hit,30
253536c3-decd-4f3c-830f-645c565d9297,ISL Midwest Senior Scholarship,Iowa Student Loan,https://bigfuture.collegeboard.org/scholarships/isl-midwest-senior-scholarship,anti_keyword_hit,15
2588a2cc-2292-4fb6-97d5-52e24b85436d,AFS Global Leaders Need-Based Aid Program,AFS Intercultural Programs,https://www.iefa.org/scholarships/941/AFS_Global_Leaders_Need-Based_Aid_Program,anti_keyword_hit,70
25ae691b-45e2-45cc-89b9-dc29d608da4b,International alumni discount for Medicine (Graduate Entry) BMBS 2024 entry,University of Surrey,https://www.mastersportal.com/scholarships/9198/international-alumni-discount-for-medicine-bmbs-2024-entry.html,anti_keyword_hit,40
2679b5d3-34ff-44ae-9568-171f6db601a6,"$10,000 ""No Essay"" Scholarship",Scholarships360,https://app.scholarships360.org/?status=student,anti_keyword_hit,30
2791bfa6-2a41-494d-87cb-35313e74681f,SILA Post-Secondary College Scholarship,Securities and Insurance Licensing Association,https://bigfuture.collegeboard.org/scholarships/sila-post-secondary-college-scholarship,anti_keyword_hit,30
27f696f8-b63e-43ae-88b5-1ea63fe3accb,AdultStart Scholarship,Fox Valley Technical College Foundation,https://www.fvtc.edu/paying-for-college/scholarships/adultstart-scholarship,anti_keyword_hit,70
28efa89f-df2c-478d-b776-e085dc8b536f,Cariloop’s Caregiver Scholarship,Cariloop,https://bold.org/scholarships/cariloops-caregiver-scholarship,anti_keyword_hit,70
2962ee4f-fba1-4960-b5c0-d42c9d22da92,Northumbria University Alumni Discount 2025,"Northumbria University, Newcastle",https://www.northumbria.ac.uk/study-at-northumbria/fees-funding/pg-fees-funding/2025-26-alumni-discount,anti_keyword_hit,70
299d7d51-0adb-4088-ba1b-4d020fbc2525,Faculty of Arts and Education Doctoral Fees Bursary at University of Auckland 2026,University of Auckland,https://www.auckland.ac.nz/en/study/scholarships-and-awards/find-a-scholarship/faculty-of-arts-doctoral-scholarship-837-art.html,anti_keyword_hit,70
2a710a9a-c718-44b8-afcc-26f9cf54dcea,John L. Dales Transitional Scholarship,Screen Actors Guild-American Federation of Television and Radio Artists,https://www.sagaftra.foundation/assistance/scholarship-programs/application,anti_keyword_hit,30
2b109ff0-52ac-4cdf-bd29-b583b7b6cb5a,Early Application Discount,ESMT Berlin,https://www.mastersportal.com/scholarships/10025/early-application-discount.html,anti_keyword_hit,40
2b743f72-2cc4-4957-98d2-3b820fcaea9e,GED Graduates Scholarship,Johnson County Community College,https://www.jccc.edu/admissions/financial-aid/aid-types/scholarships,anti_keyword_hit,30
2cd22c8c-829a-45f8-9f3d-ae61f2176ab4,South Pacific Scholarship,University of the Incarnate Word,https://www.iefa.org/scholarships/2183/South_Pacific_Scholarship,anti_keyword_hit,70
2dafbdf8-ad01-4c3a-85a8-9f0e2c8304a9,Woman's Life Merit Scholarship,Woman's Life Insurance Society,https://bigfuture.collegeboard.org/scholarships/womans-life-merit-scholarship,anti_keyword_hit,55
2de3f138-1a32-4fcb-a88f-aec357cabc92,"EWI ASIST Scholarship: Eligibility, Deadline, How to Apply",Executive Women International,https://www.scholarships.com/scholarships/ewi-asist-scholarship,anti_keyword_hit,70
2e50a3bb-caef-4fe7-a850-3ef4ff2f497f,Gen and Kelly Tanabe Giving Back Scholarship - Spring,Gen and Kelly Tanabe,https://www.genkellyscholarship.com/apply,anti_keyword_hit,70
2edd5f57-d400-48f3-9d42-a0266143946b,Brunel University Postgraduate Academic Excellence Scholarship 2026,Brunel University London,https://www.brunel.ac.uk/scholarships/page?id=50ec113f-eb73-425c-a177-9878296861a4,anti_keyword_hit,70
2f70629f-9a0f-411f-99e4-d6a96d6ab390,MIPRIMA Scholarship,Michigan Public Risk Management Association,https://www.miprima.org/chapters/prima-miprima/scholarships.cfm,anti_keyword_hit,55
2fb7395e-c183-46bd-833c-2ee7a575e4f7,Ruth St. John Adult Education Scholarship,The Education Foundation of Gilchrist County,https://www.gilchristeducationfoundation.org/adult,anti_keyword_hit,30
308b35d4-9a86-4054-a6f2-838e3d163f8f,Leon Bradley Scholarship,Unigo listing,https://www.unigo.com/scholarships/scholarships-for-black-students/african-american-scholarships/leon-bradley-scholarship,anti_keyword_hit,30
317bfe4c-675f-4708-8748-4559312d6749,Joint Japan/World Bank Graduate Scholarship Program 2026 – Window 2,Opportunity Desk,https://webportalapp.com/sp/jjwbgsp_2026_japanesenationals,anti_keyword_hit,70
31d0419c-787a-4ebd-9036-f8a460ca4484,C. Burke Morris Scholarship,Morris Mountaineer,https://bold.org/scholarships/c-burke-morris-scholarship,anti_keyword_hit,70
328e4659-8330-42d8-902b-a6e07a490f36,Alaska Education Grant,Unigo listing,https://www.unigo.com/scholarships/grants-for-college/grants/alaska-education-grant,anti_keyword_hit,30
32ce56aa-5aa8-428a-8642-bdc6b202c4f0,German Federal Environmental Foundation (DBU): PhD Scholarship Programme,DAAD scholarship database,https://www2.daad.de/deutschland/stipendium/datenbank/en/21148-scholarship-database?detail=10000127,anti_keyword_hit,70
3324a9f9-7a8e-422b-8bec-dfbeb6b8ec9f,L. Gale Lemerand Entrepreneurial Speaker Series Scholarship,Daytona State College,https://bigfuture.collegeboard.org/scholarships/l-gale-lemerand-entrepreneurial-speaker-series-scholarship,anti_keyword_hit,55
3357a938-5656-443f-b4e9-53f8e6dc0529,ICMM Young Leaders Scholarship 2026,One Young World,https://apply.oneyoungworld.com/scholarship/form/icmm-young-leaders-scholarship-2,anti_keyword_hit,70
34421f39-3827-484c-bc89-d71710e0393c,Peierls Foundation Scholarship 2nd year,Austin Community College,https://bigfuture.collegeboard.org/scholarships/peierls-foundation-scholarship-2nd-year,anti_keyword_hit,55
34b7d6a7-5675-4eea-8671-0c103fd65fe2,Keisha Bodden Scholarship,Unigo listing,https://www.unigo.com/scholarships/high-school-students/scholarships-for-high-school-seniors/keisha-bodden-scholarship,anti_keyword_hit,30
350ef1e9-c8c7-48de-87ce-df137e7e1a96,Sharon S. Morette Endowed Scholarship,Pensacola State College,https://pensacolastate.scholarships.ngwebsolutions.com/Scholarships/Search,anti_keyword_hit,30
351051d5-e06d-4bd8-ba9a-67fa0e86f167,Academic English Bursary - Australia,RMIT Training,https://www.iefa.org/scholarships/3594/Academic_English_Bursary_-_Australia,anti_keyword_hit,70
352636d9-9f62-4b4e-83fa-ed30b067a684,Education Foundation of Gilchrist County Adult Education Scholarship,The Education Foundation of Gilchrist County,https://www.gilchristeducationfoundation.org/adult,anti_keyword_hit,30
358b507b-3743-477b-89f0-84cfedb22860,HULT Masters Tuition Fee Scholarship for Indian students 2025,"Hult International Business School, Boston",https://www.hult.edu/lp/partner/wemakescholars,anti_keyword_hit,70
35d44c8f-742d-42db-8e8e-5b5e96c207c8,Higher Education Scholarship by Spark 2026,Spark,https://spark.ngo/service/scholarships,anti_keyword_hit,70
35de78aa-7a92-4de8-b482-2da490a3be3d,Westchester Golf Association Caddie Scholarship,Westchester Golf Association,https://www.caddiescholarship.org/scholarships/application,anti_keyword_hit,70
3663f631-fb2f-42ef-a20c-cc86e8724d25,Scholarship for Orphans,Custom Essay Meister,https://www.iefa.org/scholarships/3413/Scholarship_for_Orphans,anti_keyword_hit,70
3676d65b-6900-47d0-a987-fd6ac63c0d5b,ACTFL Future Teacher Scholarship Program,Unigo listing,https://www.unigo.com/scholarships/high-school-students/scholarships-for-high-school-seniors/actfl-future-teacher-scholarship-program,anti_keyword_hit,30
369fe71e-8c14-4f6f-ae93-1525c5c211f4,Duke Law India Masters scholarship 2026,Duke University,https://law.duke.edu/internat/budget,anti_keyword_hit,70
38ce3b15-73c2-4b79-a2fc-14eeaba641ca,Portland Aerospace Scholarship,Catherine Spivey,https://bold.org/scholarships/portland-state-aerospace-scholarship,anti_keyword_hit,70
39419137-fae1-498f-945b-68159215e56f,Beverly Bradford Family Scholarship,Wenatchee Valley College Foundation,https://bigfuture.collegeboard.org/scholarships/beverly-bradford-family-scholarship,anti_keyword_hit,55
3946e9bc-2d10-48d5-947a-3ab5b15aea91,Josh Peterson Scholarship,Wenatchee Valley College Foundation,https://bigfuture.collegeboard.org/scholarships/josh-peterson-scholarship,anti_keyword_hit,55
3a663225-cc05-4d11-9919-c8b4c3cec9bc,Creative workforce transition scholarship,CraftResumes.com,https://www.iefa.org/scholarships/2606/Creative_workforce_transition_scholarship,anti_keyword_hit,70
3a95a6c6-2cf2-462e-abe9-7dce332f43c0,"Undergraduate Research Grants, 2022, Psi Chi, US",ARMACAD,https://www.psichi.org/page/undergradresinfo,anti_keyword_hit,55
3b04dc9a-36d7-4d14-84e4-bc096cfe2dcf,"Cooperation programme with Mexico (SECIHTI – Secretaría de Ciencia, Humanidades, Tecnología e Innovación) Master",DAAD,https://www2.daad.de/deutschland/stipendium/datenbank/en/21148-scholarship-database?detail=57862424,anti_keyword_hit,70
3c257579-f722-4956-8a04-5011d4818506,NHS Staff Discount at University of Aberdeen 2025,University of Aberdeen,https://www.abdn.ac.uk/study/funding/599,anti_keyword_hit,70
3d9610e6-49b9-4d8d-abd5-78b490231d5c,Calhoun County Job Training Scholarship,Chipola College,https://chipola.academicworks.com/,anti_keyword_hit,30
3e7a3dfe-4ca9-4fd4-9fbf-ceb697de457e,Fulbright-Anne Wexler Scholarship,Australian-American Fulbright Commission,https://www.iefa.org/scholarships/1804/Fulbright-Anne_Wexler_Scholarship,anti_keyword_hit,70
3f359716-69c8-42f4-b727-9d4bee261c53,Alumni 10% Fee Tuition Discount at Murdoch University 2026,Murdoch University (MU) Australia,https://www.murdoch.edu.au/study/scholarship/alumni-10-fee-tuition-discount,anti_keyword_hit,70
3f50f5ef-1ca0-44a1-aa58-d7c1b73f1f20,Peggy Sherrell Memorial Scholarship,Epilepsy Foundation of Kentuckiana,https://bigfuture.collegeboard.org/scholarships/peggy-sherrell-memorial-scholarship,anti_keyword_hit,70
401f3db6-4138-4493-81eb-97f37fd6fe18,Larry K. Stephenson Scholarship,Wenatchee Valley College Foundation,https://bigfuture.collegeboard.org/scholarships/larry-k-stephenson-scholarship,anti_keyword_hit,55
4191182c-2d63-44e9-bd10-9488ee2767aa,"Officer Donald B. Gamblin, Jr. Law Enforcement Scholarship",Johnson County Community College,https://www.jccc.edu/admissions/financial-aid/aid-types/scholarships,anti_keyword_hit,30
41ad4146-9cdd-4cec-9f9b-179504d35e42,BrandSource Scholarship (Foster Love – Together We Rise),Unigo listing,https://www.unigo.com/scholarships/by-major/real-estate-scholarships/brandsource-scholarship-foster-love-together-we-rise-2,anti_keyword_hit,30
42541b8b-fe9e-42e0-89fc-99e5b4ccb119,Cornerstone Wealth Advisors — Invest in Others Scholarship,Cornerstone Wealth Advisors,https://bold.org/scholarships/cornerstone-wealth-advisors-invest-in-others-scholarship,anti_keyword_hit,70
425e5166-b48f-4b67-a601-4008ae364e5f,Friedrich Naumann Foundation Scholarship for International Students,Friedrich Naumann Foundation,https://www.scholars4dev.com/25562/friedrich-naumann-foundation-scholarship-for-international-students,anti_keyword_hit,70
42eb4356-0122-4b2c-b3d4-94f185aba69c,Jessamine S. Henderson Foundation Scholarship,,https://www.scholarships.com/scholarships/jessamine-s-henderson-foundation-scholarship,anti_keyword_hit,60
43206f4b-9e80-4392-85d7-ee9ad8ea2202,CJM Rampelt Family Legacy Scholarship,Cheryl Rampelt,https://bold.org/scholarships/CJM-rampelt-family-legacy-scholarship,anti_keyword_hit,70
43467641-8f90-4402-920a-d95beb13d21e,Queen Elizabeth Commonwealth Scholarships 2026/2027 – Cycle 2 (Fully-funded),Opportunity Desk,https://crm.acu.ac.uk/form/qecs-2026-27-c2,anti_keyword_hit,40
43649d42-e705-4559-82b1-373fa5b606d8,50% Scholarship For Italian Course In Liguria,Scuola di lingua Poliedro,https://www.iefa.org/scholarships/2043/50*percent_Scholarship_For_Italian_Course_In_Liguria,anti_keyword_hit,70
43e6e4ff-5734-49a4-9406-461256093640,Dr. Iliana Mankin First Generation Student Endowed Book  Scholarship,Stetson University,https://www.stetson.edu/administration/financial-aid/scholarships,anti_keyword_hit,30
44835764-cc26-4b7c-96f4-a67e8ad19894,HAI Group Resident Scholarship Deadline 2026 USA,Housing Authority Insurance,https://bigfuture.collegeboard.org/scholarships/hai-group-resident-scholarship,anti_keyword_hit,55
44919726-f3ce-486e-b97d-a474ac37418f,Crypto Currency and Economics Scholarship,CryptoRunner,https://www.iefa.org/scholarships/3558/Crypto_Currency_and_Economics_Scholarship,anti_keyword_hit,70
45795e31-4847-405b-a5c1-14e4c601fce0,Clara Denise Hall Earle Aspiring Educator Memorial Scholarship,Beacon Light Stories,https://bold.org/scholarships/clara-denise-hall-earle-aspiring-educator-memorial-scholarship,anti_keyword_hit,55
457e5077-7d96-4e61-a420-990ff48ac9d6,Terry Sorom Memorial Scholarship,Wenatchee Valley College Foundation,https://bigfuture.collegeboard.org/scholarships/terry-sorom-memorial-scholarship,anti_keyword_hit,55
479ae001-1d2e-4981-b2e8-c4fabec3c943,Schwarzman Scholars Program at Tsinghua University,Tsinghua University,https://www.scholars4dev.com/15830/schwarzman-scholars-program-at-tsinghua-university,anti_keyword_hit,30
4805cbf5-33eb-4168-8b88-c7d22cdbc2d8,Master's in International Business or Management 2018,University of Dundee,https://www.iefa.org/scholarships/3003/Master's_in_International_Business_or_Management_2018,anti_keyword_hit,40
493604f3-6ae2-491e-9295-bbce785855f0,Adult Student Grant,Indiana Commission for Higher Education,https://bigfuture.collegeboard.org/scholarships/adult-student-grant,anti_keyword_hit,30
4a17e90d-2a28-4212-9e13-d3d70609e69e,Walailak University (Thailand) Full and Partial Tuition Fee Waiver Scholarships,Walailak University,https://www.iefa.org/scholarships/3402/Walailak_University_(Thailand)_Full_and_Partial_Tuition_Fee_Waiver_Scholarships,anti_keyword_hit,70
4a520d03-25ff-4753-ad87-7a49c68db933,Bob Bartnett Memorial Scholarship,Bartnett Family,https://bold.org/scholarships/bob-bartnett-memorial-scholarship,anti_keyword_hit,70
4a8d89eb-0e64-4ecb-96be-fe81405cd0c1,Grants for Higher Education | U.S. Department of Education,U.S. Department of Education,http://www.ed.gov/grants-and-programs/grants-higher-education,anti_keyword_hit,70
4c5a8efe-896b-4cb0-8f15-c498db14e318,New England Community Scholarship,Unigo listing,https://www.unigo.com/scholarships/high-school-students/scholarships-for-high-school-seniors/new-england-community-scholarship,anti_keyword_hit,30
4cdf047e-4aca-412e-9ba2-51b6af46cbcf,Florida North Central Chapter of RIMS Scholarship,Stetson University,https://www.stetson.edu/administration/financial-aid/scholarships,anti_keyword_hit,30
4d3c57e7-d59c-473c-be46-e565f7c4a191,Greater New York Chapter WTS Transportation YOU High School Scholarship,WTS International-Greater New York Chapter,https://www.wtsinternational.org/chapters/greater-new-york/scholarships,anti_keyword_hit,30
4d8af7bc-bf29-420a-a206-6580f7fd003b,Jewish Community Foundation Scholarships,Unigo listing,https://www.unigo.com/scholarships/high-school-students/scholarships-for-high-school-seniors/jewish-community-foundation-scholarships,anti_keyword_hit,70
4e751959-e7ad-4105-9e31-53d4d4441702,Deans Global Excellence Scholarship at University of York 2026,"University of York, UK",https://www.york.ac.uk/study/undergraduate/fees-funding/international/scholarships/dean-global-excellence-scholarship,anti_keyword_hit,70
4e9a8bc7-3f0f-4722-bd77-524eaca35b35,Maryland Community College Tuition Waiver for Students with Disabilities,Maryland Higher Education Commission,https://mhec.maryland.gov/preparing/pages/financialaid/programdescriptions/prog_disabilities.aspx,anti_keyword_hit,70
4fcd2054-ac53-4626-bf85-6db2e059ac5c,Indo-German Science and Technology Centre (IGSTC): Women Involvement in Science and Engineering Research (WISER),DAAD scholarship database,https://www2.daad.de/deutschland/stipendium/datenbank/en/21148-scholarship-database?detail=10000560,anti_keyword_hit,70
4ff3b6cb-81a8-4da3-a9fc-c498d99d8b64,John L. Dales Standard Scholarship,Screen Actors Guild-American Federation of Television and Radio Artists,https://www.sagaftra.foundation/assistance/scholarship-programs/application,anti_keyword_hit,30
501aff61-7513-4715-a6f9-4a5967432f6b,College JumpStart Love of Learning Scholarship,College JumpStart,https://app.scholarships360.org/?status=student,anti_keyword_hit,30
501d3e70-05eb-47df-977f-916acbc88b15,Alexander von Humboldt-Foundation: Georg Forster Research Fellowship for Experienced Researchers,DAAD scholarship database,https://www2.daad.de/deutschland/stipendium/datenbank/en/21148-scholarship-database?detail=10000129,anti_keyword_hit,70
5025ddae-1ab9-466d-9af9-70ce7d3218d4,Erasmus Mundus Scholarship for Master Program Geospatial Technologies,Erasmus Mundus,https://www.iefa.org/scholarships/2222/Erasmus_Mundus_Scholarship_for_Master_Program_Geospatial_Technologies,anti_keyword_hit,60
50928309-e494-4a63-b7c5-5f7879587228,Anderson Family HOPE Scholarship,Morgan Community College Foundation,https://bigfuture.collegeboard.org/scholarships/anderson-family-hope-scholarship,anti_keyword_hit,70
511c71b7-77a4-4f89-80ae-28563a948725,German Federal Environmental Foundation (DBU): Fellowship Programme with CEE Countries,DAAD scholarship database,https://www2.daad.de/deutschland/stipendium/datenbank/en/21148-scholarship-database?detail=10000203,anti_keyword_hit,70
5156de75-a3b0-4f53-99db-4b4bb3a734c9,Entrepreneurship Scholarship at SRH 2026,SRH Berlin University of Applied Sciences or SRH Hochschule Berlin,https://www.srh-berlin.de/en/study-at-srh/financing-your-studies,anti_keyword_hit,30
51debc4b-b3f1-4dee-861a-3ced35242ef2,Burns Recovered College/Trade School Scholarship Guide,Burns Recovered,https://bigfuture.collegeboard.org/scholarships/burns-recovered-collegetrade-school-scholarship,anti_keyword_hit,55
5211405b-8836-443a-9029-c47255b8757b,Future Ukraine: Research Grants for Ukrainian Master´s students and researchers,DAAD,https://www2.daad.de/deutschland/stipendium/datenbank/en/21148-scholarship-database?detail=57650857,anti_keyword_hit,70
5214ece8-1ffc-406c-96c5-3d0c261fa6db,Mark DeGraff and Lula Hamilton DeGraff Research Loan Scholarship…,Florida State University,https://fsu.academicworks.com/opportunities,anti_keyword_hit,30
5273c5f9-4d17-4ee9-a4c5-9c388d87fd7a,American Lung Association Senior Research Training Fellowship:,American Lung Association,https://www.iefa.org/scholarships/259/American_Lung_Association_Senior_Research_Training_Fellowship:,anti_keyword_hit,70
527b110e-0a7a-4f54-a3e9-b686090dd9bf,Women on Par Scholarship,LPGA,https://bigfuture.collegeboard.org/scholarships/women-on-par-scholarship,anti_keyword_hit,55
527ec60b-cdd2-4c70-89ab-d793a87eab2e,Queens Family Scholarship 2024/25,Queens University Belfast,https://www.qub.ac.uk/Study/international-students/international-scholarships/terms-and-conditions/queens-family-scholarship-terms-and-conditions,anti_keyword_hit,70
5303a837-a77d-4334-b4d6-b1898a3b6354,German Academic Scholarship Foundation: Scholarships for Students,DAAD scholarship database,https://www2.daad.de/deutschland/stipendium/datenbank/en/21148-scholarship-database?detail=10000412,anti_keyword_hit,70
54aab38d-060a-4567-a234-ce5b3002b978,Kansas Teacher Service Scholarship,Unigo listing,https://www.unigo.com/scholarships/by-major/math-scholarships/kansas-teacher-service-scholarship,anti_keyword_hit,30
55570d49-f97b-42cb-a843-59fff8ebbe1f,Fulbright Hungary Postgraduate Student Scholarships for the academic year 2027-28,Fulbright,https://www.fulbright.hu/posztgradualis-hallgatoi-osztondijak,anti_keyword_hit,70
55632576-1d5e-4adc-825a-079d3eea579e,Mayo Clinic International Colon and Rectal Surgery Fellowships (Minnesota) 2026,Mayo Foundation for Medical Education and Research (MFMER),https://college.mayo.edu/academics/residencies-and-fellowships/international-colon-and-rectal-surgery-fellowship-minnesota,anti_keyword_hit,70
556c69e1-775c-49cd-a4ae-5ae7bc09eb9e,Vice-Chancellor’s Scholarships - Undergraduate Study,Roehampton University,https://www.iefa.org/scholarships/1708/Vice-Chancellor%E2%80%99s_Scholarships_-_Undergraduate_Study,anti_keyword_hit,70
55abd072-0a8c-4bc6-b1a2-30cf89a297b2,Olive Lynn Salembier Scholarship,Society of Women Engineers (SWE),https://www.iefa.org/scholarships/285/Olive_Lynn_Salembier_Scholarship,anti_keyword_hit,70
5614a2a3-b013-4618-8a3e-560522e74065,Norwegian State Educational Loan Fund at University of York 2026,"University of York, UK",https://www.york.ac.uk/study/undergraduate/fees-funding/international/scholarships/norwegian-state-educational-loan-fund,anti_keyword_hit,70
5646fb1c-6ed1-42f9-8b87-60619074c328,Morgan-Sanders Endowed Scholarship,Kansas State Nurses Association,https://www.ksnurses.com/kansas-nurses-foundation,anti_keyword_hit,30
565372d0-0035-413b-bd26-dac0c844edc6,Catholic Academic Exchange Service (KAAD): Scholarship Programme 1,DAAD scholarship database,https://www2.daad.de/deutschland/stipendium/datenbank/en/21148-scholarship-database?detail=10000168,anti_keyword_hit,70
5659caf9-030d-47fa-8627-f8d9b70787f2,Patricia Allen Galeyean Memorial Scholarship,Eastern Florida State College,https://bigfuture.collegeboard.org/scholarships/patricia-allen-galeyean-memorial-scholarship,anti_keyword_hit,70
56df06c9-2579-4495-a0bc-29d1d94fe5aa,Alexander von Humboldt Foundation: Humboldt Research Fellowship for Experienced Researchers,DAAD scholarship database,https://www2.daad.de/deutschland/stipendium/datenbank/en/21148-scholarship-database?detail=10000169,anti_keyword_hit,70
57491353-2d06-4eef-82f5-d4114269f397,Combined Study and Practice Stays for Engineers from Developing Countries (KOSPIE) with Indian IITs,DAAD,https://www2.daad.de/deutschland/stipendium/datenbank/en/21148-scholarship-database?detail=57504697,anti_keyword_hit,70
57f6a576-c0c0-4cc4-9a11-450d4a35bf29,VU Block Model International Scholarship 2026,"Victoria University (VU), Brisbane",https://www.vu.edu.au/study-at-vu/fees-scholarships/scholarships/international-scholarships/vu-block-model-international-scholarship,anti_keyword_hit,70
5836537e-7dc7-4a31-81d5-efc63f5f1852,"Practical Traineeships for Foreign Students of Natural and Technical Sciences, Agriculture and Forestry (IAESTE)",DAAD,https://www2.daad.de/deutschland/stipendium/datenbank/en/21148-scholarship-database?detail=57352834,anti_keyword_hit,70
58b0e708-bba0-49ab-9ed9-4451adca1c79,Patricia Martin Memorial Scholarship,Kankakee Community College Foundation,https://bigfuture.collegeboard.org/scholarships/patricia-martin-memorial-scholarship,anti_keyword_hit,55
58fe5292-35ec-4de1-a881-97ce45b2a7fe,Norwegian Quota Scholarship Scheme,See the list of participating institutions’ websites (PDF download). Field(s) of study: Please refer to the websites of participating Norwegian institutions for more information on programmes they off,https://www.scholars4dev.com/1965/quota-scholarships-for-developing-countries,anti_keyword_hit,70
5917290c-9d0c-4a52-bad3-27c6e1a162b9,KBIA Instructor Scholarship,The Reid R. Sacco AYA Cancer Alliance,https://www.ayacanceralliance.org/scholarships,anti_keyword_hit,70
59b05269-3d99-49bc-be33-761ab92b435a,Lisa Michelle Memorial Fund Scholarship,Unigo listing,https://www.unigo.com/scholarships/high-school-students/scholarships-for-high-school-seniors/lisa-michelle-memorial-fund-scholarship,anti_keyword_hit,30
5abac22a-a4d1-4a11-963f-a5ef29187f70,WCEJ Thornton Foundation Low-Income Scholarship,WC & EJ Thornton Foundation,https://bold.org/scholarships/wcej-thornton-foundation-low-income-scholarship,anti_keyword_hit,70
5b86e558-7244-45a1-a9c3-a584e5cd4f09,Sustainability Scholarship,finduddannelse.dk,https://www.iefa.org/scholarships/3528/Sustainability_Scholarship,anti_keyword_hit,30
5c6959c0-df7a-421f-9920-7be32adf9624,GyanDhan Scholarship,GyanDhan,https://www.iefa.org/scholarships/3705/GyanDhan_Scholarship,anti_keyword_hit,20
5c6a9ad7-3e8e-4fee-85cc-2d8bc6f19c81,Lisa Higgins Hussman Scholarship Guide 2026,Organization for Autism Research,https://bigfuture.collegeboard.org/scholarships/lisa-higgins-hussman-scholarship,anti_keyword_hit,55
5c74e62d-7b28-4a86-ac9c-73ff886dbcd1,Türkiye Scholarships,YTB,https://www.iefa.org/scholarships/2493/T%C3%BCrkiye_Scholarships,anti_keyword_hit,70
5d01cea3-c2e0-4ed0-9e27-e6af4625616b,International Scholarship Programme of the Avicenna Studienwerk,DAAD scholarship database,https://www2.daad.de/deutschland/stipendium/datenbank/en/21148-scholarship-database?detail=10000633,anti_keyword_hit,70
5d8b9ae2-16cf-4063-b1b8-22dad5477d13,Study Scholarships - Master Studies for All Academic Disciplines,DAAD,https://www2.daad.de/deutschland/stipendium/datenbank/en/21148-scholarship-database?detail=50026200,anti_keyword_hit,70
5dd95ea3-6ed9-4635-94cb-dd3183fedfb2,"CouponBirds' ""Help to Save"" Scholarship",CouponBirds,https://www.iefa.org/scholarships/3460/CouponBirds'_%22Help_to_Save%22_Scholarship,anti_keyword_hit,5
5e34ce49-f8c7-4376-a67b-a0d476e3409b,Marianna Area - Buffalo Soldiers Scholarship Honoring Trooper’s Tonya Hill & Devaunte Patterson,Chipola College,https://chipola.academicworks.com/,anti_keyword_hit,30
5ef98b66-f57c-4ad5-876a-fc3c37bc1b8f,Alexander von Humboldt-Foundation: Georg Forster Research Fellowship for Postdocs,DAAD scholarship database,https://www2.daad.de/deutschland/stipendium/datenbank/en/21148-scholarship-database?detail=10000195,anti_keyword_hit,70
5f3b6ccc-bb55-43bd-b403-5405684dccca,SBW Berlin Scholarship,SBW Berlin gGmbH (non-profit limited liability company),https://www.iefa.org/scholarships/3519/SBW_Berlin_Scholarship,anti_keyword_hit,30
603969cf-e3b3-4e73-8b3e-b51af103c471,Brian Terry Scholarship,Unigo listing,https://www.unigo.com/scholarships/high-school-students/scholarships-for-high-school-seniors/brian-terry-scholarship,anti_keyword_hit,30
60d81373-23d4-4336-ac82-5ef5e5d6b23f,Clinical HIV Fellowship,Tehran University of Medical Sciences,https://www.iefa.org/scholarships/2161/Clinical_HIV_Fellowship,anti_keyword_hit,70
61904964-ba3e-4695-bc89-83537b5fdcef,EU Mobility Programme for Myanmar,DAAD,https://www2.daad.de/deutschland/stipendium/datenbank/en/21148-scholarship-database?detail=57692564,anti_keyword_hit,70
61b35618-4d56-4945-8f99-90ba496b56b0,Aga Khan Foundation’s International Scholarship Programme (AKF ISP) 2026,Aga Khan Foundation,https://the.akdn/en/what-we-do/developing-human-capacity/education/international-scholarships,anti_keyword_hit,70
61cee88e-3784-4c72-be41-f8d5862b66e5,NYSATA Scholarship,New York State Art Teachers Association,https://bigfuture.collegeboard.org/scholarships/nysata-scholarship,anti_keyword_hit,70
6228bb46-b36b-4dfc-82e5-2d12522a7491,"Jerome W. Hall, Ph.D., P.E. Scholarship",Institute of Transportation Engineers-New Mexico Section,https://bigfuture.collegeboard.org/scholarships/jerome-w-hall-phd-pe-scholarship,anti_keyword_hit,70
628a4de1-1a38-4572-9c47-812c49559c9a,Education Empowerment Scholarship,Julie Leone,https://bold.org/scholarships/education-empowerment,anti_keyword_hit,70
62a48e19-3a65-4c95-986a-e47a60cee1c1,"$10,000 Create Valentines for Older Adults Scholarship",DoSomething.org and AARP Foundation's Mentor Up,"https://www.iefa.org/scholarships/2461/$10,000_Create_Valentines_for_Older_Adults_Scholarship",anti_keyword_hit,70
62b0d7db-c2fc-41b8-b6de-3546e60dd3d3,HIAS College & Young Adult Scholarships,HIAS,https://www.scholarships.com/scholarships/hias-college-and-young-adult-scholarships,anti_keyword_hit,70
62c2429f-91d8-488b-912e-839540e43461,The Staton Scholarship,IMD,https://www.iefa.org/scholarships/919/The_Staton_Scholarship,anti_keyword_hit,70
63cc2b46-f613-4421-8aff-853f9aee8e79,"KDMF ""Nobody's Glory - Everybody's Gain"" Scholarship",Katie DeCubellis Memorial Foundation,https://bigfuture.collegeboard.org/scholarships/kdmf-nobodys-glory---everybodys-gain-scholarship,anti_keyword_hit,55
641856ea-7948-4e9f-b2b5-a72b9b7c5384,Family Therapy Adult Learner Endowed Scholarship,Nova Southeastern University,https://www.nova.edu/sbin/report/scholarships/schlr-srch-params.cgi?category=Institutional&level=Graduate,anti_keyword_hit,30
643612d8-1b4b-4dd3-bf54-689a97eb9908,Jean Monnet Scholarship Programme (JMSP),DAAD scholarship database,https://www2.daad.de/deutschland/stipendium/datenbank/en/21148-scholarship-database?detail=10000509,anti_keyword_hit,70
645de4c7-f1d5-4d8d-9cdc-561cd6dc7f63,International Alumni Scholarship at Anglia Ruskin University 2026,"Anglia Ruskin University, Chelmsford",https://www.aru.ac.uk/international/international-scholarships,anti_keyword_hit,70
658a3f32-fc24-475e-8c66-5dbddaa203d4,German Bundestag: International Parliamentary Scholarships: Programme Arab Countries,DAAD scholarship database,https://www2.daad.de/deutschland/stipendium/datenbank/en/21148-scholarship-database?detail=10000398,anti_keyword_hit,70
65c21605-26bb-42c2-ab44-10bbc8f9adaa,Phi Delta Kappa Scholarship,Johnson County Community College,https://www.jccc.edu/admissions/financial-aid/aid-types/scholarships,anti_keyword_hit,30
665fb495-3470-4af8-80b3-23bb58e6e09f,Solent Postgraduate Taught International Excellence Scholarship 2026,Solent University (Southampton Solent University),https://www.solent.ac.uk/finance/grants-bursaries-scholarships/scholarships,anti_keyword_hit,70
669e13b8-1d2a-449d-b08f-fd37d19e221f,German Centre for Integrative Biodiversity Research (iDiv): Graduate School Scholarship Programme (GSSP),DAAD scholarship database,https://www2.daad.de/deutschland/stipendium/datenbank/en/21148-scholarship-database?detail=10000671,anti_keyword_hit,70
673f0cd9-3919-4658-8742-9f69d7fc3d29,Kansas Nursing Service Scholarship Deadline 2026 USA,Kansas Board of Regents,https://bigfuture.collegeboard.org/scholarships/kansas-nursing-service-scholarship,anti_keyword_hit,55
67640f5c-8338-4051-8d8c-93660a21298d,David and Diana Goss Optometry History Fellowship,American Academy of Optometry,https://aaopt.org/awards-grants/graduate-students,anti_keyword_hit,70
676420eb-daa1-4471-9c1c-e4e92632d454,Foster Love American Industries Scholarship,Unigo listing,https://www.unigo.com/scholarships/high-school-students/scholarships-for-high-school-seniors/foster-love-american-industries-scholarship,anti_keyword_hit,30
67afae10-5715-4094-b50a-c2907169168b,Liberty County Job Training Scholarship,Chipola College,https://chipola.academicworks.com/,anti_keyword_hit,30
67b9195c-a73a-42df-b528-6d3c0a35038d,NCI Masters Edge Scholarship 2026,National College Of Ireland (NCI),https://www.ncirl.ie/Scholarships,anti_keyword_hit,30
680ce425-450a-4f38-8505-6632fb33113e,The Goldie Initiative Scholarship Application,Unigo listing,https://www.unigo.com/scholarships/by-major/real-estate-scholarships/the-goldie-initiative-scholarship-application,anti_keyword_hit,30
68a1396f-5b17-48e0-8fb2-ad013af46b3c,Combined study and practical stays for engineers from developing countries (KOSPIE) with Mexican universities,DAAD,https://www2.daad.de/deutschland/stipendium/datenbank/en/21148-scholarship-database?detail=57471581,anti_keyword_hit,45
6a175fe8-a03b-4a59-aa9d-67b554e648f0,Unnathi Scholarship for Overseas Studies (Kerala) 2026,Government of Kerala,https://scdd.kerala.gov.in/images/UNNATHI_SCHOLARSHIP.pdf,anti_keyword_hit,70
6a78a060-9535-4397-a153-9e32366ec77a,Pit River Tribe Casino College Scholarship,Pit River Tribe,https://bigfuture.collegeboard.org/scholarships/pit-river-tribe-casino-college-scholarship,anti_keyword_hit,70
6ab84c92-78e9-429b-b4af-711b45814212,Adam Ferrari Health Science Scholarship,Unigo listing,https://www.unigo.com/scholarships/high-school-students/scholarships-for-high-school-seniors/the-adam-ferrari-health-science-scholarship,anti_keyword_hit,70
6ac2e567-6f9d-469c-8b70-5db9e057df51,Andrew Schultze Memorial Scholarship,Schultze family,https://bold.org/scholarships/andrew-schultze-memorial-scholarship,anti_keyword_hit,55
6ae84d14-d344-4d71-9122-364e459f5694,Foundation of German Business (sdw): Academic study sponsorship,DAAD scholarship database,https://www2.daad.de/deutschland/stipendium/datenbank/en/21148-scholarship-database?detail=10000119,anti_keyword_hit,70
6b55ea5e-3d33-41e2-a6f4-59b8c77fa6ae,Digital Transformation Award,"Centro EINAUDI, FONDAZIONE CRT",https://www.iefa.org/scholarships/3485/Digital_Transformation_Award,anti_keyword_hit,70
6b8d0b81-bbe8-4049-9fd3-00bc32b485b5,"Federal Ministry of Education and Research: Federal Training Assistance Act (Bundesausbildungsförderungsgesetz, or BAföG)",DAAD scholarship database,https://www2.daad.de/deutschland/stipendium/datenbank/en/21148-scholarship-database?detail=10000162,anti_keyword_hit,70
6cb674f5-26c9-45b0-b847-f7869d4bbbe3,Gilman-DAAD Germany Scholarships,DAAD,https://www2.daad.de/deutschland/stipendium/datenbank/en/21148-scholarship-database?detail=57649740,anti_keyword_hit,70
6cd00f8a-c41b-4175-8658-d5e4e7b8fde1,Harry Frank Guggenheim Foundation Research Grants,Harry Frank Guggenheim Foundation,https://www.iefa.org/scholarships/614/Harry_Frank_Guggenheim_Foundation_Research_Grants,anti_keyword_hit,70
6d2a2ec8-99da-4dd8-9bb7-4bfb1c23557a,In-Region Scholarships for Postgraduate Studies for Yemenis in Jordan,DAAD,https://www2.daad.de/deutschland/stipendium/datenbank/en/21148-scholarship-database?detail=50015282,anti_keyword_hit,70
6de87b43-117d-4249-ba17-1a96c14fa374,Job's Daughters Supreme Guardian Council Scholarship,International Order of Job's Daughters,https://bigfuture.collegeboard.org/scholarships/jobs-daughters-supreme-guardian-council-scholarship,anti_keyword_hit,55
6e0ff3f8-3cea-4ee1-af5e-8d36f66fa78c,Siblings and Spouses Scholarships at University of Europe for Applied Sciences 2026,"University of Europe for Applied Sciences, Germany",https://www.ue-germany.com/study-with-us/fees-and-finance/ue-scholarships,anti_keyword_hit,30
6facca27-acbf-4ac2-8886-12bb35f54af2,Provident Foundation Scholarship,Unigo listing,https://www.unigo.com/scholarships/by-major/public-health-scholarships/provident-foundation-scholarship,anti_keyword_hit,70
6ff96536-1275-40a7-97e6-1bc5232bb2f2,Ingmire-Phillips Insurance Scholarship,Morgan Community College Foundation,https://bigfuture.collegeboard.org/scholarships/ingmire-phillips-insurance-scholarship,anti_keyword_hit,70
7050b0bb-2b09-4228-bc31-ecd672851b36,GreyCampus Scholarship Program,Greycampus Inc.,https://www.iefa.org/scholarships/3204/GreyCampus_Scholarship_Program,anti_keyword_hit,70
7054f1c5-10f3-469c-b479-ae5d4b83f7e0,Theresa Gail May Scholarship,Pensacola State College,https://pensacolastate.scholarships.ngwebsolutions.com/Scholarships/Search,anti_keyword_hit,30
707ace16-ac2f-48d5-8ee9-4c72ad05ab66,Bank of America Scholarship,Unigo listing,https://www.unigo.com/scholarships/high-school-students/scholarships-for-high-school-seniors/bank-of-america-scholarship,anti_keyword_hit,30
7083acde-6364-4d1a-afb0-37ba5d4f8491,Copernicus Hamburg: Copernicus Fellowship Programme,DAAD scholarship database,https://www2.daad.de/deutschland/stipendium/datenbank/en/21148-scholarship-database?detail=10000136,anti_keyword_hit,70
721829c5-893b-4f1c-adf1-e54489afdfd4,Irene Adler Prize,Unigo listing,https://www.unigo.com/scholarships/high-school-students/scholarships-for-high-school-seniors/irene-adler-prize,anti_keyword_hit,30
72805670-d30e-4a37-898c-75165b4e5cd2,Women in Business Equal Pay,Nexford University,https://www.iefa.org/scholarships/3466/Women_in_Business_Equal_Pay,anti_keyword_hit,70
72df81ed-4fc8-4264-b84b-c43c428a08c7,Diversity in Design Scholarship,"LPA, Inc.",https://bigfuture.collegeboard.org/scholarships/diversity-in-design-scholarship,anti_keyword_hit,70
7352b7bd-e34f-44fe-a983-1139f35cb3ee,Asian Development Bank Japan Scholarship Program 2026,Asian Development Bank (ADB),https://www.adb.org/work-with-us/careers/japan-scholarship-program,anti_keyword_hit,70
73a6b520-b6fd-440f-9833-e3d96b62e706,Go Overseas Study Abroad in New Zealand Full Tuition Scholarship,Education New Zealand,https://www.iefa.org/scholarships/2571/Go_Overseas_Study_Abroad_in_New_Zealand_Full_Tuition_Scholarship,anti_keyword_hit,70
73fc28cf-372c-478c-ab9f-4ee57ea1558a,National Guard of Georgia Scholarship for Vocational or Business Schools,Georgia Guard Insurance Trust,https://bigfuture.collegeboard.org/scholarships/national-guard-of-georgia-scholarship-for-vocational-or-business-schools,anti_keyword_hit,55
746834e5-8088-441e-ab87-01624b4707a0,Roehampton University 2025 Scholarship,Roehampton University,https://www.iefa.org/scholarships/1710/Roehampton_University_2025_Scholarship,anti_keyword_hit,70
74694756-6228-427f-b9a2-17c1f1141c41,Study Scholarships - Postgraduate Studies in the Field of Music,DAAD,https://www2.daad.de/deutschland/stipendium/datenbank/en/21148-scholarship-database?detail=57135743,anti_keyword_hit,70
7561d25b-0160-464a-8c00-660fd244785a,ERP Study Scholarships for Graduates of Economics and Business Administration,DAAD,https://www2.daad.de/deutschland/stipendium/datenbank/en/21148-scholarship-database?detail=50015171,anti_keyword_hit,30
75bd6695-1138-4aa2-88c7-003f1aac8853,Angela Nies Memorial Scholarship,Harrisonburg Women's Service League,https://bigfuture.collegeboard.org/scholarships/angela-nies-memorial-scholarship,anti_keyword_hit,70
760cb501-517a-4a9b-b846-a019e4a3bf3a,WUIC EXCELLENCE TUITION FEE WAIVER SCHOLARSHIPS FOR UNDERGRADUATE STUDENTS,Walailak University International College,https://www.iefa.org/scholarships/3475/WUIC_EXCELLENCE_TUITION_FEE_WAIVER_SCHOLARSHIPS_FOR_UNDERGRADUATE_STUDENTS,anti_keyword_hit,70
764529b4-65ad-4644-9592-ebdf6118be21,DontPayFull - Scholarships for College Students,DontPayFull,https://www.iefa.org/scholarships/2975/DontPayFull_-_Scholarships_for_College_Students,anti_keyword_hit,70
768535f1-76cc-4fed-a898-fb9c69d7d8d9,Idaho Opportunity Scholarship for Adult Learners,Idaho State Board of Education,https://boardofed.idaho.gov/scholarships/idaho-opportunity-scholarship-for-adult-learners,anti_keyword_hit,70
76f1a719-6822-4b17-959c-248529b69abf,Walailak University Tuition Fee Waiver Scholarships for Undergraduate Students,Walailak University International College,https://www.iefa.org/scholarships/3202/Walailak_University_Tuition_Fee_Waiver_Scholarships_for_Undergraduate_Students,anti_keyword_hit,70
772fca53-b5d4-459f-9a38-41cc690dfe30,Alumni Discount,Coventry University,https://www.mastersportal.com/scholarships/2772/alumni-discount.html,anti_keyword_hit,40
77ab33be-7b14-4b69-9bdd-9d2497fb4a04,Krista D. Ford Memorial Scholarship,TIS LUXE a Consignment Boutique,https://bold.org/scholarships/krista-d-ford-memorial-scholarship,anti_keyword_hit,70
7854867a-6ae7-481d-8167-146277030092,Angolan-German Postgraduate Training Programme,DAAD,https://www2.daad.de/deutschland/stipendium/datenbank/en/21148-scholarship-database?detail=57588180,anti_keyword_hit,70
785b97ca-f7ab-437b-8689-91ede15d73d4,IOE-Colfuturo Scholarships,Institute of Education,https://www.iefa.org/scholarships/2358/IOE-Colfuturo_Scholarships,anti_keyword_hit,60
79a8bb41-46ed-4093-ab27-b5044f74c7c8,DAAD-TEV-Master's degree scholarships,DAAD,https://www2.daad.de/deutschland/stipendium/datenbank/en/21148-scholarship-database?detail=50016578,anti_keyword_hit,70
79abc8b1-225f-410c-a190-06fd9d284a8e,Open Doors: Russian Scholarship Project,Global Universities Association,https://www.iefa.org/scholarships/3224/Open_Doors:_Russian_Scholarship_Project,anti_keyword_hit,70
7a0755ba-b2f3-45b9-bdeb-c05a5f00b0c6,Cameron Impact Scholarship,Unigo listing,https://www.unigo.com/scholarships/high-school-students/scholarships-for-high-school-seniors/cameron-impact-scholarship,anti_keyword_hit,30
7ab258f8-f507-4a0d-ac08-1b4345d391f5,Greater New York Chapter WTS Molitoris Undergraduate Leadership Scholarship,WTS International-Greater New York Chapter,https://www.wtsinternational.org/chapters/greater-new-york/scholarships,anti_keyword_hit,30
7ae4bb2f-321f-40af-b3de-8c12ac8e5713,Kofi Annan MBA Scholarships for Developing Country Students,"ESMT European School of Management and Technology, Germany in cooperation with the Kofi Annan Business Schools Foundation in The Hague, Netherlands. Field(s) of study: One-year, full-time Masters in B",https://www.scholars4dev.com/4687/kofi-annan-mba-scholarships-for-developing-country-students,anti_keyword_hit,70
7af02b47-61be-4323-b61d-b95db87743a8,Road Home Exteriors Scholarship,Road Home Exteriors,https://bold.org/scholarships/road-home-exteriors-scholarship,anti_keyword_hit,70
7b75a346-6279-44da-997d-679454208d32,Coventry University Alumni Discount 2026,"Coventry University, Coventry campus",https://www.coventry.ac.uk/study-at-coventry/postgraduate-study/fees-and-funding/funding-your-postgraduate-course,anti_keyword_hit,70
7c0245f3-c6b5-4dc4-ae12-1bafc9b025db,Kristen McCartney Perseverance Scholarship,Kristen’s Krew,https://bold.org/scholarships/kristen-mccartney-perseverance-scholarship,anti_keyword_hit,70
7c3d28ef-b8f7-4734-9025-3837fb126aef,International Community Scholarship (Postgraduate) at Aston University 2026,"Aston University, Birmingham",https://www.aston.ac.uk/international/scholarships,anti_keyword_hit,30
7cd504c3-11cc-4fb7-b612-44d86e536405,Mastercard Foundation Scholars Program at Makerere University 2026/2027,Makerere University,https://apply.mastercardfoundation.mak.ac.ug/forms/scholarship-form-masters-programmes-20262027,anti_keyword_hit,40
7d5f0535-b7f5-4a99-b850-241b835d9201,Gilchrist Foundation Fastener Scholarship,Gilchrist Foundation,https://www.gilchristfoundation.com/apply.htm,anti_keyword_hit,70
7dcfb1ad-03e8-4d02-977d-910fff7e67de,Kazakhstan Early Acceptance Scholarship at Macquarie University 2026,Macquarie University,https://www.mq.edu.au/study/admissions-and-entry/scholarships/international/kazakhstan-10-000-early-acceptance-scholarship,anti_keyword_hit,70
7eebcc12-9c67-4c18-8732-2566860bce8a,Open Doors: Russian Scholarship Project 2020,Global Universities Assosiation,https://www.iefa.org/scholarships/3468/Open_Doors:_Russian_Scholarship_Project_2020,anti_keyword_hit,70
7f1c98e0-67d9-4268-a9b4-e01c50dbe183,John Geremia Memorial Industrial Trades Scholarship,Siblings of John,https://bold.org/scholarships/john-geremia-memorial-industrial-trades-scholarship,anti_keyword_hit,55
7f32cb7c-7f69-48bf-8319-f60fe38eef01,Assistantship Opportunity at CEU Cardenal Herrera University in Spain,University CEU Cardenal Herrera,https://www.iefa.org/scholarships/2734/Assistantship_Opportunity_at_CEU_Cardenal_Herrera_University_in_Spain,anti_keyword_hit,70
807ad45b-aa95-4589-9a5a-dc2a2541a646,Mastercard Foundation Scholars Program at Pan-Atlantic University (PAU) 2026 (Fully-funded),Pan-Atlantic University,https://forms.office.com/pages/responsepage.aspx?id=Au2d1fJ7yUiGJz0RveQXqzTy9PIR4HtKpD7NLHAE8VpUMlRYWVZKWElRTElRRzJURFo0NDZDNDhKVS4u&route=shorturl,anti_keyword_hit,40
81e95e7a-bf4f-423f-8266-a259ffccf0e0,Reid R Sacco General Scholarship,The Reid R. Sacco AYA Cancer Alliance,https://bigfuture.collegeboard.org/scholarships/reid-r-sacco-general-scholarship,anti_keyword_hit,55
8268a0b8-c290-4ca2-a38f-c0b81c52eb57,Tinkerer’s Path Scholarship,Anand Kumar,https://bold.org/scholarships/tinkerers-path-scholarship,anti_keyword_hit,70
82bb7413-7c54-432d-9780-c5dfa2f00ff8,Alumni Discount Scheme at University of Bradford 2026,University of Bradford,https://www.bradford.ac.uk/scholarships/alumni-discount-scheme-2026-27,anti_keyword_hit,70
82dfc4a9-6c8e-4651-a1a2-d0fa51a01707,Mary A. Beatty Scholarship,Johnson County Community College,https://www.jccc.edu/admissions/financial-aid/aid-types/scholarships,anti_keyword_hit,30
831310d2-50f4-4532-8d66-dfa1c7bdcd4d,Brunel Family Discount,Brunel University of London,https://www.mastersportal.com/scholarships/499/brunel-family-discount.html,anti_keyword_hit,40
83b1336a-ac54-4f65-a9b5-6cd88044a083,York Graduate Loyalty Discount at University of York 2026,"University of York, UK",https://www.york.ac.uk/study/postgraduate-taught/funding/alumni-discount,anti_keyword_hit,70
8413e270-3d21-4402-b9e8-55a674619e76,Government Scholarships Programme Oman,DAAD,https://www2.daad.de/deutschland/stipendium/datenbank/en/21148-scholarship-database?detail=10000335,anti_keyword_hit,70
848e65b7-367e-4485-8ced-b84c5f83484a,Academic Challenge Scholarship,Arkansas Division of Higher Education,https://sams.adhe.edu/Scholarship/Details/ACST,anti_keyword_hit,70
84a9b91d-807c-4295-ad3a-0502818377ee,Bob Collins Memorial Scholarship,Chipola College,https://chipola.academicworks.com/,anti_keyword_hit,30
852d5bfe-b36b-4f4c-af6d-30c1d75b1c03,Scholarship to learn English in New York City this summer 2020,College of Staten Island/CUNY,https://www.iefa.org/scholarships/3506/Scholarship_to_learn_English_in_New_York_City_this_summer_2020,anti_keyword_hit,70
8577f856-1d9a-4670-b4da-6f41ee23a632,Adult Back to School Scholarship,Barberton Community Foundation,https://www.barbertoncf.org/scholarships,anti_keyword_hit,70
85b1aab7-305e-4609-8337-4675d0bcfe35,"Postgraduate Studentships for MPhil/PhD students at Lingnan University, HK",Lingnan University,"https://www.iefa.org/scholarships/2218/Postgraduate_Studentships_for_MPhil_PhD_students_at_Lingnan_University,_HK",anti_keyword_hit,70
85ba486f-49c5-4d86-bf7f-d7037000030d,"Skin, Bones, Hearts & Private Parts Scholarship for Nurse Practitioners, Physician Assistants, and Registered Nurse Students","Skin, Bones, Hearts & Private Parts",https://bold.org/scholarships/skin-bones-hearts-and-private-parts-scholarship,anti_keyword_hit,55
85e2db89-4a80-4767-8f3d-6910da8fc5c2,Cultural Emergency Response Programme 2021,ARMACAD,https://princeclausfund.org/save-heritage-now,anti_keyword_hit,55
86fe8678-656d-426a-b351-dc16481bacdd,"""Mom to Scholar"" Scholarship for Mothers",Maria Geiger,https://app.scholarships360.org/?status=student,anti_keyword_hit,30
87d8be31-722a-4051-a9bd-28b05795f120,GyanDhan Postgraduate Scholarship,GyanDhan,https://www.iefa.org/scholarships/3510/GyanDhan_Postgraduate_Scholarship,anti_keyword_hit,70
87ed8577-0fe6-4b79-883f-414db1797328,PFIA Scholarship,Police and Firemen's Insurance Association,https://bigfuture.collegeboard.org/scholarships/pfia-scholarship,anti_keyword_hit,70
887880ec-dce2-4ed5-8deb-5e5198b95ff6,Scholarship Program For Engineering Students In USA And Canada,AIS Technolabs,https://www.iefa.org/scholarships/3269/Scholarship_Program_For_Engineering_Students_In_USA_And_Canada,anti_keyword_hit,70
88943f3b-b6ef-49af-bc27-c2ac19edc2b4,DAAD-K.C.Wong Postdoc Fellowships,DAAD,https://www2.daad.de/deutschland/stipendium/datenbank/en/21148-scholarship-database?detail=50015446,anti_keyword_hit,70
8894efa9-9367-4806-9c14-a18e4214c963,Delete Cyberbullying Beyond School Walls Scholarship,Delete Cyberbullying,https://www.iefa.org/scholarships/3731/Delete_Cyberbullying_Beyond_School_Walls_Scholarship,anti_keyword_hit,70
88a18278-e9a1-439f-b1d6-518bfb31c532,MadeByMe Scholarship,Questa Education Foundation,https://www.questafoundation.org/scholarships,anti_keyword_hit,30
893d2866-2c72-48d0-b7b3-ca66d5a45570,Van Eaton Scholarship,Wenatchee Valley College Foundation,https://bigfuture.collegeboard.org/scholarships/van-eaton-scholarship,anti_keyword_hit,55
89678c29-e339-47c8-9124-0e162d24e35c,Choggiung Limited Career/Work Enhancement Scholarship,Choggiung Limited,https://bigfuture.collegeboard.org/scholarships/choggiung-limited-careerwork-enhancement-scholarship,anti_keyword_hit,55
89df50c7-2dcc-4ce9-914c-78cdb932d646,Jewish Nonprofit Employee Student Scholarship 2026 USA Apply,Hebrew Free Loan Association of Washington State,https://bigfuture.collegeboard.org/scholarships/jewish-nonprofit-employee--student-scholarship,anti_keyword_hit,55
8a35541c-c060-4d6d-bf56-bceaf56c1b71,Full and Partial Tuition Fee Waiver Scholarships,Walailak University International College,https://www.iefa.org/scholarships/3428/Full_and_Partial_Tuition_Fee_Waiver_Scholarships,anti_keyword_hit,70
8a6b444a-dd89-4d55-8fb2-d13581a1b261,Roger A. Giannini Memorial Scholarship,Southwestern Illinois College Foundation,https://swic.awardspring.com/Home/Scholarships,anti_keyword_hit,30
8cd2cad6-a39b-4dae-b3f7-213cc5246700,RMIT English Language Bursary for Asia 2026,"RMIT University, Melbourne City campus",https://www.rmit.edu.au/study-with-us/international-students/apply-to-rmit-international-students/fees-and-scholarships/scholarships/rmit-english-language-bursary-for-asia,anti_keyword_hit,70
8d05950f-5041-4241-9b21-e257c3365aea,Education Future International Scholarship - USA & Non-USA 2026,Education Future,https://www.education-future.org/,anti_keyword_hit,70
8d09bb70-c05b-4fd8-9e8e-b7637c1ee801,Ruth Cearley Memorial Scholarship,Order of the Eastern Star-Grand Chapter of Kansas,https://bigfuture.collegeboard.org/scholarships/ruth-cearley-memorial-scholarship,anti_keyword_hit,70
8d77e660-a49b-4f61-af6d-9035a12bdeea,Datteri Family Endowment Scholarship,Morgan Community College Foundation,https://bigfuture.collegeboard.org/scholarships/datteri-family-endowment-scholarship,anti_keyword_hit,70
8d7bb740-6e2d-405b-9a2d-420243740e2e,Central/South American Scholarship,UIW,https://www.iefa.org/scholarships/2961/Central_South_American_Scholarship,anti_keyword_hit,60
8dac6c86-af6b-4443-b4bd-8f97b0916f23,RISE Professional - Research Internships in Science and Engineering,DAAD,https://www2.daad.de/deutschland/stipendium/datenbank/en/21148-scholarship-database?detail=50015638,anti_keyword_hit,70
8db80979-62d7-4664-834d-f590c9f59d84,Everett and Marilyn Dalton Memorial Scholarship,Wenatchee Valley College Foundation,https://bigfuture.collegeboard.org/scholarships/everett-and-marilyn-dalton-memorial-scholarship,anti_keyword_hit,55
8e5a8fb0-b54c-48e9-b47b-563af28fadb0,Performance Scholarship at SRH 2026,SRH Berlin University of Applied Sciences or SRH Hochschule Berlin,https://www.srh-berlin.de/en/study-at-srh/financing-your-studies,anti_keyword_hit,30
90463baf-880d-4fd8-b5a4-6af3dc9062e5,Adult Career Scholars eligibility guide USA 2026 Scholarship,Austin Community College,https://bigfuture.collegeboard.org/scholarships/adult-career-scholars,anti_keyword_hit,55
91398853-6176-4807-bbaa-ea8647cddab3,Igniting Minds Foreign Fellowship 2026,Igniting Minds Foreign Fellowship,https://www.ifellowship.co.in/,anti_keyword_hit,70
91ffedbd-f0d7-4c71-9586-b342479c783e,Sara Mayfield Scholarship,San Jacinto College,https://sjcd.academicworks.com/opportunities/20295,anti_keyword_hit,70
922b5788-cf6c-4f78-9330-8ab2b44f4e3f,Post-doctoral Fellowship - Child-Mother Health,FAPESP,https://www.iefa.org/scholarships/3334/Post-doctoral_Fellowship_-_Child-Mother_Health,anti_keyword_hit,70
922c000c-c590-4299-92a8-113a56768803,Finish Line Degree Completion Grant,Missouri Scholarship and Loan Foundation,https://stlouisgraduates.academicworks.com/opportunities/9252,anti_keyword_hit,70
924d7b59-c602-4c38-a40a-851008424f7e,Crop West Susan Cunningham Memorial Scholarship,Crop West Insurance Inc.,https://bold.org/scholarships/crop-west-susan-cunningham-memorial-scholarship,anti_keyword_hit,70
92c1a6d9-25b8-45da-a1aa-32685719f67a,Payton S. Osborn Memorial Scholarship,Family and Friends of Payton,https://bold.org/scholarships/payton-s-osborn-memorial-scholarship,anti_keyword_hit,55
92e2fc7a-ca31-4681-8d40-b44ab528170c,Martin Duffy Adult Learner Scholarship,Minnesota AFL-CIO,https://www.mnaflcio.org/about/scholarships-awards,anti_keyword_hit,70
93232692-16e9-4988-87fb-9e6b76107242,"Anne ""Shinal"" Cichy Memorial Award",Ladies Pennsylvania Slovak Catholic Union,https://www.lpscu.org/educational-awards,anti_keyword_hit,70
934d4822-0528-4ed9-87d7-4e2f46433ab7,"Study Scholarships - Postgraduate Studies in the Fields of Fine Art, Design, Visual Communication and Film",DAAD,https://www2.daad.de/deutschland/stipendium/datenbank/en/21148-scholarship-database?detail=57135742,anti_keyword_hit,70
949f9b6d-c081-48ec-b328-4c677a8efc37,Texas Resident with Autism Scholarship,,https://www.scholarships.com/scholarships/texas-resident-with-autism-scholarship,anti_keyword_hit,60
95849b21-ada4-4047-b27b-939e696b0e62,Roehampton University Alumni Discount,Roehampton University,https://www.iefa.org/scholarships/1711/Roehampton_University_Alumni_Discount,anti_keyword_hit,70
95b57daa-109b-4319-bf4c-09c613dbc30d,Bi-nationally Supervised Doctoral Degrees / Cotutelle,DAAD,https://www2.daad.de/deutschland/stipendium/datenbank/en/21148-scholarship-database?detail=57507783,anti_keyword_hit,70
9686667d-f57c-4b71-ae00-45878a8a7b20,Dream On Scholarship,Wenatchee Valley College Foundation,https://bigfuture.collegeboard.org/scholarships/dream-on-scholarship,anti_keyword_hit,55
96d0960f-a98c-45d5-9bbc-7db9ef73f494,"MS and Phd Scholarship, South Korea",Kumoh National Institute of Technology,"https://www.iefa.org/scholarships/2318/MS_and_Phd_Scholarship,_South_Korea",anti_keyword_hit,70
96fc36d4-216f-45d9-af37-3cb92ea08c77,Clyde and Sarah Flowers Endowed Scholarship,Stetson University,https://www.stetson.edu/administration/financial-aid/scholarships,anti_keyword_hit,30
97d5251b-6a95-432e-bee8-8a64556a7a24,Apache Corporation Endowed Scholarship at The American University in Cairo 2026,The American University in Cairo,https://www.aucegypt.edu/giving/named-scholarships,anti_keyword_hit,70
98035292-17ce-46e9-8ecb-20829512a2e1,$1000 Reviews For Save Scholarship,Reviews For Save,https://www.iefa.org/scholarships/3094/$1000_Reviews_For_Save_Scholarship,anti_keyword_hit,70
9877ed85-e75e-4c8a-8f82-6baac864e40d,International Undergraduate Achievement Scholarship at University of York 2026,"University of York, UK",https://www.york.ac.uk/study/undergraduate/fees-funding/international/scholarships/international-achievement-scholarship,anti_keyword_hit,70
987a805f-fdd7-42bf-a992-b502af34d69e,Joint Rustaveli-DAAD-fellowship programme,DAAD,https://www2.daad.de/deutschland/stipendium/datenbank/en/21148-scholarship-database?detail=57379863,anti_keyword_hit,70
989a5801-b36c-4fd8-a6e1-a2d6be63b7e4,FIDERH Scholarship University of Sheffield Partnership 2025,University of Sheffield,https://www.sheffield.ac.uk/international/fees-and-funding/latin-america/country-specific,anti_keyword_hit,70
98bd3e83-3283-420e-8c0f-a4e268da546d,Essex Undergraduate Early Bird Discount at University of Essex 2026,University of Essex,https://www.essex.ac.uk/scholarships/essex-undergraduate-early-bird-discount,anti_keyword_hit,70
9956f710-dedf-4b04-9ff5-06520a71cb20,German Medical Students' Association: Professional/Research/Public Health Exchange,DAAD scholarship database,https://www2.daad.de/deutschland/stipendium/datenbank/en/21148-scholarship-database?detail=10000176,anti_keyword_hit,70
99767266-6dc9-4546-8f40-b1aff8bc56f5,JCAE GED Honors Scholarship,Johnson County Community College,https://www.jccc.edu/admissions/financial-aid/aid-types/scholarships,anti_keyword_hit,30
99952101-a75d-4923-a02d-5b29c7df4d91,Xinjiang Uygur Autonomous Region Government Scholarships 2026,Government of China,https://www.chinesescholarshipcouncil.com/xinjiang-uygur-autonomous-region-government-scholarship.html,anti_keyword_hit,70
9a9b473f-ba94-4ff5-bd69-39b21da8300f,German National Academic Foundation: Leo Baeck Fellowship Programme,DAAD scholarship database,https://www2.daad.de/deutschland/stipendium/datenbank/en/21148-scholarship-database?detail=10000198,anti_keyword_hit,70
9aecc8f8-ef17-40f9-b607-1d668c2ef036,Missouri Scholarship & Loan Foundation's Access Extra Scholarship,Missouri Scholarship and Loan Foundation,https://bigfuture.collegeboard.org/scholarships/missouri-scholarship--loan-foundations-access-extra-scholarship,anti_keyword_hit,55
9b211bb5-aad6-47fc-becc-8ca8cf39c347,Wittenborg Graduate Fund 2026,Wittenborg University of Applied Sciences,https://www.wittenborg.eu/wittenborg-university-of-applied-sciences-fund.htm,anti_keyword_hit,70
9c035be6-10c3-4e81-af9a-dd79ef62d0e5,Study Scholarships - Postgraduate Studies in the Field of Architecture,DAAD,https://www2.daad.de/deutschland/stipendium/datenbank/en/21148-scholarship-database?detail=57135744,anti_keyword_hit,70
9c790d26-8532-4320-9ee6-214578a75f7c,MBA General Management or MBA Luxury and Hospitality Management,ILCI,https://www.iefa.org/scholarships/2753/MBA_General_Management_or_MBA_Luxury_and_Hospitality_Management,anti_keyword_hit,70
9cb73d9f-1b7a-4db7-804e-e1b5e404cc44,EIT Innoenergy Masters Scholarship for Indians 2025,EIT InnoEnergy,https://www.innoenergy.com/for-students/master-school/fees/scholarships,anti_keyword_hit,70
9e538f0f-7f70-4535-8d26-c9476e064099,Dissertation Fellowships from the Harry Frank Guggenheim Foundation,Harry Frank Guggenheim Foundation,https://www.iefa.org/scholarships/293/Dissertation_Fellowships_from_the_Harry_Frank_Guggenheim_Foundation,anti_keyword_hit,70
9ef89b1f-a1fe-4356-8e49-670355f5b597,Larry Mills GED Graduates Scholarship,Johnson County Community College,https://www.jccc.edu/admissions/financial-aid/aid-types/scholarships,anti_keyword_hit,30
9f3569e7-838b-4def-854a-5f8ca26801ce,Morgan Stanley Internship Program,Central European University,https://www.iefa.org/scholarships/3577/Morgan_Stanley_Internship_Program,anti_keyword_hit,70
a0280184-c6bd-46d3-9b63-f04639c8fac9,Kyla Jo Burridge Memorial Scholarship for Brain Cancer Awareness and Support,Burridge/Singleton,https://bold.org/scholarships/kyla-jo-burridge-memorial-scholarship-for-brain-cancer-awareness-and-support,anti_keyword_hit,55
a07cdf7d-b4c5-4bfc-a161-a2c9c0479026,"$10,000 Teach Seniors Technology Scholarship",DoSomething.org and AARP Foundation's Mentor Up,"https://www.iefa.org/scholarships/2458/$10,000_Teach_Seniors_Technology_Scholarship",anti_keyword_hit,70
a1487901-aeb2-4e9e-a37d-70f7df7ad7a7,"The Chairish ""Design Your Future"" Scholarship",Chairish,https://www.iefa.org/scholarships/3136/The_Chairish_%22Design_Your_Future%22_Scholarship,anti_keyword_hit,70
a1c2e314-9a6b-4526-8ecb-733fbc61af0c,Frank Knox Fellowships at Harvard University,Harvard University,https://www.iefa.org/scholarships/3551/Frank_Knox_Fellowships_at_Harvard_University,anti_keyword_hit,70
a27c10a2-d846-4e61-a207-a28750d8c13b,German Academic Scholarship Foundation: Doctoral Scholarships,DAAD scholarship database,https://www2.daad.de/deutschland/stipendium/datenbank/en/21148-scholarship-database?detail=10000406,anti_keyword_hit,70
a3d6ef95-3b4a-4f34-814f-abc85c9a258e,International Community Scholarship (Undergraduate) at Aston University 2026,"Aston University, Birmingham",https://www.aston.ac.uk/international/scholarships,anti_keyword_hit,30
a4b0345c-f6df-4366-995a-96799b385386,College Now Adult Learner Scholarship,College Now,https://www.scholarships.com/scholarships/college-now-adult-learner-scholarship,anti_keyword_hit,70
a6549a75-61e8-49eb-9149-6ad826edab11,BWISE Scholarships,Unigo listing,https://www.unigo.com/scholarships/high-school-students/scholarships-for-high-school-seniors/bwise-scholarships,anti_keyword_hit,70
a66e4902-9c5c-4884-bba7-d108a0bf28ab,"Ascend, Monsanto, and Solutia Endowed Scholarship",Pensacola State College,https://pensacolastate.scholarships.ngwebsolutions.com/Scholarships/Search,anti_keyword_hit,30
a724ee8a-c015-4dbf-a869-28aaee8dab5e,Genesis Healthcare Foundation Scholarships,Unigo listing,https://www.unigo.com/scholarships/by-major/public-health-scholarships/genesis-healthcare-foundation-scholarships,anti_keyword_hit,30
a76ff14e-ea08-425e-8e8b-9b17ee535e1e,Stuart Air Show IDOT Scholarship in Memory of Steve Bednarz,Stuart Air Show,https://bold.org/scholarships/stuart-air-show-IDOT-scholarship-in-memory-of-steve-bednarz,anti_keyword_hit,70
a87bda4b-1e8a-41b2-9521-a6bcfa31d4ba,Dr. Mary L. Pankowski Returning Student Endowment Fund Scholarship,Florida State University,https://bigfuture.collegeboard.org/scholarships/dr-mary-l-pankowski-returning-student-endowment-fund-scholarship,anti_keyword_hit,70
a92bb759-c3e4-4920-a3d1-1190d1b30008,The Autodesk “Design for Home & Office” Challenge,Autodesk,https://www.iefa.org/scholarships/2784/The_Autodesk_%E2%80%9CDesign_for_Home_&_Office%E2%80%9D_Challenge,anti_keyword_hit,70
a9bf9a90-499f-4bd7-8a9a-2a62b07f9136,"International Summer School, 2018",University of East Anglia Summer School,"https://www.iefa.org/scholarships/3065/International_Summer_School,_2018",anti_keyword_hit,5
aa65d344-2c1e-4207-86aa-5b6e6a66f905,Cal Grant C Award Program,,https://www.scholarships.com/scholarships/cal-grant-c-award-program,anti_keyword_hit,60
aae687a3-b5c0-4d1b-b5a8-d2324f4d637c,Adult Student Grant,Indiana Commission for Higher Education,https://app.scholarships360.org/?status=student,anti_keyword_hit,30
aae9028a-0c8c-457d-aa48-4c8d38b1d913,Coupons Plus Deals Scholarship Program,Coupons Plus Deals,https://www.iefa.org/scholarships/2947/Coupons_Plus_Deals_Scholarship_Program,anti_keyword_hit,70
ab00df47-d608-49ee-9712-9964c2ab1ccd,Peierls Foundation Scholarship,Austin Community College,https://bigfuture.collegeboard.org/scholarships/peierls-foundation-scholarship,anti_keyword_hit,55
ac353466-e2b3-4643-a820-a59f082943e4,Learning from cultural fire on Country: Co-designing research that connects Indigenous Knowledge with western science,The university of Queensland Australia,https://mina7portal.com/en/opportunity/learning-from-cultural-fire-on-country-co-designing-research-that-connects-indigenous-knowledge-with-western-science,anti_keyword_hit,70
ac3a2eaa-69ba-41a4-958c-9a54843c9121,Copernicus Berlin: International Excellence Scholarship Programme,DAAD scholarship database,https://www2.daad.de/deutschland/stipendium/datenbank/en/21148-scholarship-database?detail=10000547,anti_keyword_hit,70
ac5152dd-2bf9-403a-9077-d151f90ef4eb,Imm Astronomy Scholarship,Gary Imm,https://bold.org/scholarships/imm-astronomy-scholarship,anti_keyword_hit,70
ad38f4c7-0394-4c29-85be-005f2c58fd28,Central Florida CPCU Society Scholarship,Seminole State College of Florida,https://seminolestate.academicworks.com/opportunities?utf8=%E2%9C%93&term=,anti_keyword_hit,30
ad50261a-c7b2-4e49-ad96-a2e67322631d,Vienna Master's Scholarship offered by International Business School,International Business School,https://www.iefa.org/scholarships/3041/Vienna_Master's_Scholarship_offered_by_International_Business_School_,anti_keyword_hit,70
adb1f915-3eed-40a8-bbc3-7121ca054e30,Lanford Family Highway Worker Memorial Scholarship Program,American Road and Transportation Builders Association,https://bigfuture.collegeboard.org/scholarships/lanford-family-highway-worker-memorial-scholarship-program,anti_keyword_hit,15
ae01f002-771f-4033-a4a2-94736dedbf20,Alumni Scholarship at Bangor University 2026,Bangor University (Prifysgol Bangor),https://www.bangor.ac.uk/international/future/alumni_scholarship,anti_keyword_hit,70
ae18391a-111d-4e99-94c1-709a6d68a3f2,Joint Japan World Bank Graduate Scholarship Program,Japan Gov’t/World Bank,https://www.scholars4dev.com/2735/japan-world-bank-graduate-scholarships-for-development-related-studies,anti_keyword_hit,70
ae327f9a-62fd-468f-86b9-c1ef9a4037c2,Clarence and Della Murray Allied Health Scholarship,Wenatchee Valley College Foundation,https://bigfuture.collegeboard.org/scholarships/clarence-and-della-murray-allied-health-scholarship,anti_keyword_hit,55
af10a35f-1b0e-4823-af33-0cdc656b9dd2,Postgraduate Bursary at University of Bradford 2026,University of Bradford,https://www.bradford.ac.uk/scholarships/postgraduate-bursary-2026-27,anti_keyword_hit,70
afa066b4-7437-4631-a8f7-fea6718d28b8,Win a 50% Tuition Fee Waiver for your dream BBA or MBA,Turiba University,https://www.iefa.org/scholarships/3063/Win_a_50*percent_Tuition_Fee_Waiver_for_your_dream_BBA_or_MBA,anti_keyword_hit,70
b0970d41-1873-4b22-b43b-1f6c3e297c83,Development-Related Postgraduate Courses (EPOS),DAAD,https://www2.daad.de/deutschland/stipendium/datenbank/en/21148-scholarship-database?detail=50076777,anti_keyword_hit,70
b099da1e-ad5b-4250-b77f-63ca7aebffd9,Philadelphia Foundation Scholarships,Unigo listing,https://www.unigo.com/scholarships/high-school-students/scholarships-for-high-school-seniors/philadelphia-foundation-scholarships,anti_keyword_hit,70
b288e26a-bbb8-4f02-83a8-fcaecddd1092,"49,000 EUR scholarship to join an MSc in Austria, Germany, France, Italy, Spain","Erasmus Mundus, Erasmus+ Programme of the European Union","https://www.iefa.org/scholarships/3568/49,000_EUR_scholarship_to_join_an_MSc_in_Austria,_Germany,_France,_Italy,_Spain",anti_keyword_hit,70
b380fa99-618c-4f15-bcb3-af9c85987577,Shalyn and Al Clark Insurance and Financial Services Endowed Scholarship,Tarrant County College Foundation,https://tccd.academicworks.com/opportunities/4745,anti_keyword_hit,55
b3d6a0f1-01b8-40e5-b8f5-45ec8fffa028,Monash University Sports Scholarship 2026,"Monash University, Australia",https://www.monash.edu.my/student-services/financial-assistance/scholarships-and-study-loans/sport-scholarship,anti_keyword_hit,70
b3e25ee0-0ab9-4824-ac44-d499cda7c428,$2000 Coupons Promos Scholarship,Coupons Promos LLC,https://www.iefa.org/scholarships/3148/$2000_Coupons_Promos_Scholarship,anti_keyword_hit,70
b3e34506-633f-4562-8d3c-6ef68e47bb7c,VIP Women in Technology Scholarship,Unigo listing,https://www.unigo.com/scholarships/by-major/cybersecurity-scholarships/vip-women-in-technology-scholarship-2,anti_keyword_hit,70
b41da0ea-4f0b-4e65-9ef3-d305636457f8,King’s College London PhD Studentship on Justice and Energy Transitions with Emphasis on Critical Minerals 2026/2027,Opportunity Desk,https://www.youtube.com/c/OpportunityDeskforyou,anti_keyword_hit,30
b4839d20-2bf7-4a32-b31c-4f9fc80aea85,Peierls Foundation Scholarship 3rd Year,Austin Community College,https://bigfuture.collegeboard.org/scholarships/peierls-foundation-scholarship-3rd-year,anti_keyword_hit,55
b4c56b36-bb78-411f-86af-ae6ce8bccb4e,Norm Ziegler Trailblazer Scholarship,International Association of Insurance Professionals,https://www.internationalinsuranceprofessionals.org/page/collegiate_scholarship,anti_keyword_hit,70
b504282c-3490-4d3c-9872-33145ed4a444,Research Scholarship in Engineering Processable - Tough Hydrogels at The University of Sydney 2026,The University of Sydney,https://www.sydney.edu.au/scholarships/b/research-scholarship-in-engineering-processable-tough-hydrogels.html,anti_keyword_hit,70
b53ea5f5-fa0e-47cb-96e1-1637d62a1b41,Cardiff University,Study a Foundation Programme at Cardiff University,https://www.iefa.org/scholarships/3064/Cardiff_University,anti_keyword_hit,70
b59dd739-fc62-489d-a1c8-8eda512a8fb5,M. Verna Butterer Educational Trust Scholarship Guide,M. Verna Butterer Educational Trust,https://www.scholarships.com/scholarships/m-verna-butterer-educational-trust,anti_keyword_hit,70
b5d9b62a-d2a0-44d5-a383-13fe0cebdce3,Sprak Design Program for Graphic & Web Design,Sprak Design,https://www.mastersportal.com/scholarships/6969/sprak-design-program-for-graphic-web-design.html,anti_keyword_hit,40
b65c3002-2038-4a15-9e57-0e0eb6b363f5,"IHE Sahel, MENA and Horn of Africa Scholarships 2026",IHE Delft Institute for Water Education,https://www.un-ihe.org/education/master-programmes/sahel-mena-and-horn-africa-scholarships,anti_keyword_hit,70
b6e3cb1d-3308-4c77-b57b-282d9f4a2eed,Hans Böckler Foundation: PhD Fellowship,DAAD scholarship database,https://www2.daad.de/deutschland/stipendium/datenbank/en/21148-scholarship-database?detail=10000134,anti_keyword_hit,70
b71a912c-3bee-469e-a480-a995a6c4be37,Pūtea Tautoko - Doctoral Financial Support Grant at Massey University 2026,Massey University,https://www.massey.ac.nz/study/scholarships-and-awards/p%C5%ABtea-tautoko-doctoral-financial-support-grant,anti_keyword_hit,70
b7620f37-68ce-4b79-87e1-161f30b833bc,De Niro Scholarship,We Are Bettors,https://www.iefa.org/scholarships/2905/De_Niro_Scholarship,anti_keyword_hit,70
b8bf5c65-aa4a-420a-8585-2be56e72836a,Aberdeen Global Scholarship 2026,University of Aberdeen,https://www.abdn.ac.uk/study/funding/559,anti_keyword_hit,70
b8e3f42e-e9d8-4a3d-bc1a-c9aaeb9ba42e,Sino-German (CSC-DAAD) Postdoc Scholarship Program,DAAD,https://www2.daad.de/deutschland/stipendium/datenbank/en/21148-scholarship-database?detail=50015315,anti_keyword_hit,70
b9433d93-fc02-4cfe-b73e-7fcab9185637,Colfuturo Loan-scholarship,Colfuturo,https://www.iefa.org/scholarships/898/Colfuturo_Loan-scholarship,anti_keyword_hit,70
b9662e79-a2e6-4581-ad6d-95f4d32f0d55,TUMS School of Nursing and Midwifery Scholarship,School of Nursing and Midwifery,https://www.iefa.org/scholarships/2349/TUMS_School_of_Nursing_and_Midwifery_Scholarship,anti_keyword_hit,70
ba940c23-104d-4793-8734-18fad94f2386,"National University Of Singapore - Endowed and School Funded Scholarships in Singapore, 2026",National University of Singapore (NUS),http://lkyspp.nus.edu.sg/graduate-admissions/fees-and-funding,anti_keyword_hit,70
ba969fbe-a5d2-4c33-8a65-416c68d43074,Friedrich Ebert Foundation: Scholarship for International Doctoral Students,DAAD scholarship database,https://www2.daad.de/deutschland/stipendium/datenbank/en/21148-scholarship-database?detail=10000126,anti_keyword_hit,70
babe6ced-2cab-412e-8372-dff8100bab55,Bowers Gracey Allied Health Scholarship,Wenatchee Valley College Foundation,https://bigfuture.collegeboard.org/scholarships/bowers-gracey-allied-health-scholarship,anti_keyword_hit,55
bb0c90f3-8f5e-4ea4-82f0-699344bc8b7e,George C. and Florence E. Eikelberner Scholarship,Wenatchee Valley College Foundation,https://bigfuture.collegeboard.org/scholarships/george-c-and-florence-e-eikelberner-scholarship,anti_keyword_hit,55
bb252d7a-6d42-423f-a336-1ef562d6aa14,IE University Scholarship for Indian students 2026,IE University,https://www.ie.edu/financial-aid/wemakescholars-ie-university-scholarship,anti_keyword_hit,70
bb9e04e0-211a-4581-9928-db096083aa49,Finance Your Education No-Essay Scholarship,Bold.org,https://bold.org/scholarships/finance-education-scholarship,anti_keyword_hit,55
bbce9664-eb19-44b4-81a7-412bec1e86dc,Music for Youth Foundation Awards,Unigo listing,https://www.unigo.com/scholarships/high-school-students/scholarships-for-high-school-seniors/music-for-youth-foundation-awards,anti_keyword_hit,30
bdca417b-4c0f-4aec-8d9f-d78978977513,Global Excellence Scholarship at The University of Western Australia 2026,"The University of Western Australia (UWA), Perth",https://www.uwa.edu.au/study/global-excellence-scholarship,anti_keyword_hit,70
be200ab4-c4fa-4403-8476-85f52f498f24,Sonny Roden Memorial Graduate Student Scholarship,Unigo listing,https://www.unigo.com/scholarships/by-major/biology-scholarships/sonny-roden-memorial-graduate-student-scholarship,anti_keyword_hit,70
c0965561-08bc-41b3-a540-1cc8be164272,TUMS Pediatric Stem Cell Transplantation Fellowship,Tehran University of Medical Sciences,https://www.iefa.org/scholarships/2487/TUMS_Pediatric_Stem_Cell_Transplantation_Fellowship,anti_keyword_hit,60
c131246e-4175-4e3f-831d-ecefb42388b1,Farrell Insurance Agency Scholarship,Midlands Technical College,https://bigfuture.collegeboard.org/scholarships/farrell-insurance-agency-scholarship,anti_keyword_hit,55
c24bb353-4c79-44ff-a228-972a7a9e6ef1,CL Proferes Scholarship,Abigail Williams,https://bold.org/scholarships/cl-proferes-scholarship,anti_keyword_hit,70
c2656ffd-468c-4d0b-8225-4bb9dd617a43,Ruth Mary Leavitt Memorial Scholarship,International Order of Job's Daughters-Grand Bethel of Missouri,https://bigfuture.collegeboard.org/scholarships/ruth-mary-leavitt-memorial-scholarship,anti_keyword_hit,55
c271e4c2-5718-4e8f-95ea-d3f6eda25294,"Travel Funding Available for the annual meeting of the Society for the History of Technology, 2022, US",ARMACAD,https://shotsecretariat.wufoo.com/forms/z1rnckc60i90v1j,anti_keyword_hit,55
c2a81949-2bb2-4b0f-b85e-bf5ef7d44e46,My Missouri Scholarship Promise Program (MyMO),Missouri Scholarship and Loan Foundation,https://bigfuture.collegeboard.org/scholarships/my-missouri-scholarship-promise-program-mymo,anti_keyword_hit,55
c3ef83c3-872e-4f2b-86fa-2aaae08e0fbe,Jack and Edna Maguire Education Scholarship,Wenatchee Valley College Foundation,https://bigfuture.collegeboard.org/scholarships/jack-and-edna-maguire-education-scholarship,anti_keyword_hit,55
c415f75d-d0a5-4c42-a845-d9b095834c90,Alice Husisian Mayer Endowed Scholarship,Loyola University Chicago,https://luc.academicworks.com/,anti_keyword_hit,30
c42be2e2-7476-456d-a41b-09b84a785abd,JCAE Advancing Newcomer Careers Scholarship,Johnson County Community College,https://www.jccc.edu/admissions/financial-aid/aid-types/scholarships,anti_keyword_hit,30
c4a0f992-3c95-4eb1-be51-c98ea1b800fb,NCCF Survivor Scholarship Eligibility and Deadline,,https://www.scholarships.com/scholarships/nccf-survivor-scholarship,anti_keyword_hit,20
c4e4407c-433b-4427-a4be-81b77925c147,UCD Alumni Tuition Reduction 2026,UCD Michael Smurfit Graduate Business School,https://www.smurfitschool.ie/admissions/scholarships/ucdalumnituitionreduction,anti_keyword_hit,70
c4f2db1c-0383-40e1-8067-b82bf3adadc4,Alexander von Humboldt Foundation: Humboldt Research Fellowships for Postdoctoral Researchers,DAAD scholarship database,https://www2.daad.de/deutschland/stipendium/datenbank/en/21148-scholarship-database?detail=10000110,anti_keyword_hit,70
c60660db-76ed-463f-9dbc-9404b9ee71dc,RBC Foundation Green Skills Scholarship Guide,Universities Canada,https://bigfuture.collegeboard.org/scholarships/rbc-foundation-green-skills-scholarship,anti_keyword_hit,70
c6442d6a-f441-4275-9e5c-b7c42705598d,Black Oak Casino Resort Scholarship,Sonora Area Foundation,https://bigfuture.collegeboard.org/scholarships/black-oak-casino-resort-scholarship,anti_keyword_hit,55
c67f11df-8595-4860-b414-fbc4e0e4c051,Government Scholarships Programme Paraguay BECAL-DAAD Master,DAAD,https://www2.daad.de/deutschland/stipendium/datenbank/en/21148-scholarship-database?detail=57593463,anti_keyword_hit,70
c6b640bd-12d2-456c-a250-62f868348c3b,ifa Scholarship on the Management of Cultural Heritage & the Transformation of Museums and Exhibition Centres 2026,Opportunity Desk,https://www.youtube.com/c/OpportunityDeskforyou,anti_keyword_hit,30
c8b6d8ea-84b1-4896-a0a3-3de85edb69f0,Alfred Toepfer Stiftung & Studienstiftung des deutschen Volkes: You and Europe Scholarship Programme,DAAD scholarship database,https://www2.daad.de/deutschland/stipendium/datenbank/en/21148-scholarship-database?detail=10000639,anti_keyword_hit,70
c8dfc1a7-690d-47a5-a3a9-0295f3326982,Wilford And Thelma Deason Memorial Scholarship,Chipola College,https://chipola.academicworks.com/,anti_keyword_hit,30
c9612c87-eaf1-417d-95ac-ea67e9b0c472,Edward B. Knight Rotary Club of Key West Vocational Scholarship,The College of the Florida Keys,https://bigfuture.collegeboard.org/scholarships/edward-b-knight-rotary-club-of-key-west-vocational-scholarship,anti_keyword_hit,70
c9d81623-9aea-4e47-92bd-7ec8ee4ba843,George F. and Mary Ellen Miller Memorial Scholarship,Wenatchee Valley College Foundation,https://bigfuture.collegeboard.org/scholarships/george-f-and-mary-ellen-miller-memorial-scholarship,anti_keyword_hit,55
ca286138-8d33-4510-877f-9cd643e89536,"Michael & Phyllis Johnson, State Farm Insurance Scholarship",University of West Florida,https://uwf.academicworks.com/opportunities,anti_keyword_hit,30
ca336b84-203b-45f6-a12f-78fe32f9204b,In-Country/In-Region Programme Sub-Saharan Africa,DAAD,https://www2.daad.de/deutschland/stipendium/datenbank/en/21148-scholarship-database?detail=10000486,anti_keyword_hit,70
caaa07bc-abe5-409f-a876-9a91cceff7e0,Research Grants in Germany,DAAD,https://www2.daad.de/deutschland/stipendium/datenbank/en/21148-scholarship-database?detail=57742121,anti_keyword_hit,70
cae979de-a05e-4d44-9ffd-7dceccaa1817,Scholarship Program For Engineering Excellence For USA – Canada,Sprak Design,https://www.iefa.org/scholarships/3248/Scholarship_Program_For_Engineering_Excellence_For_USA_%E2%80%93_Canada,anti_keyword_hit,70
cc1fb658-c469-4f08-adae-911760d27b70,RISE Germany - Research Internships in Science and Engineering,DAAD,https://www2.daad.de/deutschland/stipendium/datenbank/en/21148-scholarship-database?detail=50020910,anti_keyword_hit,70
cc647898-527d-4791-9c1e-514ad0e669b2,Tuition Fee Waiver Scholarships for Undergraduate Students,Walailak University International College,https://www.iefa.org/scholarships/3190/Tuition_Fee_Waiver_Scholarships_for_Undergraduate_Students,anti_keyword_hit,70
cc998c04-ee0a-4dd0-a2d4-182951649128,Alexander von Humboldt Foundation: International Climate Protection Fellowship,DAAD scholarship database,https://www2.daad.de/deutschland/stipendium/datenbank/en/21148-scholarship-database?detail=10000550,anti_keyword_hit,70
cd716b9b-c694-4c6a-8431-65cd66fd84d1,CAS-DAAD-Programme / Joint Fellowship Programme for Doctoral Students of CAS,DAAD,https://www2.daad.de/deutschland/stipendium/datenbank/en/21148-scholarship-database?detail=50094047,anti_keyword_hit,70
cd7270f4-9ce6-4993-a35c-f94be6c763a6,Oklahoma Masonic Youth Order  Scholarship,Masonic Charity Foundation of Oklahoma,https://bigfuture.collegeboard.org/scholarships/oklahoma-masonic-youth-order--scholarship,anti_keyword_hit,55
cd974c6e-7573-4486-a0a2-78ce21ff271a,Sharon D. Banks Memorial / GNY: Susan Miszkowicz Memorial Undergraduate Scholarship,WTS International-Greater New York Chapter,https://www.wtsinternational.org/chapters/greater-new-york/scholarships,anti_keyword_hit,30
cdaf15f0-c41a-44bf-b8b6-e9d027508c53,Full payment discount,University of Hertfordshire,https://www.mastersportal.com/scholarships/9551/full-payment-discount.html,anti_keyword_hit,40
cdb0f24a-130e-4a9b-87f0-b3e3a26bca9f,Central Carolina Insurance Risk Management Scholarship,Central Carolina Insurance Agency Inc.,https://bold.org/scholarships/central-carolina-insurance-risk-management-scholarship,anti_keyword_hit,70
cdc3e325-cada-4f17-95b9-3215b32bcb1d,Bayar Fellowship,Unigo listing,https://www.unigo.com/scholarships/merit-based/merit-scholarships/the-bayar-fellowship,anti_keyword_hit,30
ce0d78eb-f5c8-4e0a-8c01-13084d81f19b,Government Scholarships Programme Tunesia,DAAD,https://www2.daad.de/deutschland/stipendium/datenbank/en/21148-scholarship-database?detail=10000344,anti_keyword_hit,70
ce1b695d-5340-4314-96f6-cccba944b610,Smith & Moore Uplift Scholarship,Smith & Moore,https://bold.org/scholarships/smith-and-moore-uplift-scholarship,anti_keyword_hit,55
ce32e01e-24fd-4c87-8bf8-6d2612cc64f8,BBB Military Line Ethics Scholarship,,https://www.scholarships.com/scholarships/bbb-military-line-ethics-scholarship,anti_keyword_hit,60
d047953b-fe65-4df8-bbd6-7909382e18db,Kevin Vaughan Memorial Scholarship,Massasoit Community College,https://massasoit.awardspring.com/Home/Scholarships,anti_keyword_hit,15
d0d68b25-d921-4695-b33f-55b4706d3b0d,Takis Chrysanthou Honored Scholar Award,Global Learning Semesters,https://www.iefa.org/scholarships/1270/Takis_Chrysanthou_Honored_Scholar_Award,anti_keyword_hit,70
d14b8f75-37a9-4bfd-a774-d79956a8e3f3,Global Leadership Scholarship at University of Glasgow 2026,University of Glasgow,https://www.gla.ac.uk/scholarships/globalleadershipscholarship,anti_keyword_hit,70
d174678e-c0d2-4d8d-93c0-08e54eac9ef2,Arabian Horse Association Region 4 Adult Scholarship,Arabian Horse Association-Region 4,https://bigfuture.collegeboard.org/scholarships/arabian-horse-association-region-4-adult-scholarship,anti_keyword_hit,30
d1f9cb05-52e3-4363-8f46-b975cf7fb419,Felician University International Scholarships,Felician University,https://www.iefa.org/scholarships/2268/Felician_University_International_Scholarships,anti_keyword_hit,60
d2281950-40f7-4a03-82aa-e7a7782d9caa,Ultrafabrics Inc. Scholarship Award,Ultrafabrics Inc.,https://bold.org/scholarships/ultrafabrics-sustainable-design-scholarship,anti_keyword_hit,70
d28ec1f3-def3-4122-a2dd-9bb80e8f4258,Scholarship Program For Real Estate Excellence For USA – Canada,Sprak Design,https://www.iefa.org/scholarships/3243/Scholarship_Program_For_Real_Estate_Excellence_For_USA_%E2%80%93_Canada,anti_keyword_hit,70
d2cb5a55-3bd3-44a1-ba7e-4db92c08a2e7,Helen Segarra Gutierrez Butterfly Scholarship,Lisa Gutierrez,https://bold.org/scholarships/helen-segarra-gutierrez-butterfly-scholarship,anti_keyword_hit,70
d2e90c2a-05df-477c-b72e-8fc3cd06000a,School of Health & Psychological Sciences Deans Scholarship for Academic and Clinical Excellence at City University of London 2026,"City St George's, University of London (City University of London)",https://www.city.ac.uk/prospective-students/finance/funding/shs-deans-scholarship-academic-clinical-excellence,anti_keyword_hit,70
d2fa55eb-224b-4834-b432-ea7d8648d3be,Human Rights Advocates Training Program,"Columbia University, Center for the Study of Human Rights",https://www.iefa.org/scholarships/307/Human_Rights_Advocates_Training_Program,anti_keyword_hit,60
d395b4a1-16f5-4792-8c7f-4258a5199cf3,Earl Thomas Jones Nursing Scholarship,Wenatchee Valley College Foundation,https://bigfuture.collegeboard.org/scholarships/earl-thomas-jones-nursing-scholarship,anti_keyword_hit,55
d3a19a77-bea7-4c4a-bc28-0ee4780cc220,Catholic Academic Exchange Service (KAAD): Eastern Europe Programme,DAAD scholarship database,https://www2.daad.de/deutschland/stipendium/datenbank/en/21148-scholarship-database?detail=10000114,anti_keyword_hit,70
d3cfa7b5-24ac-4b3e-9376-b24691b86628,Steve and Ruth Beidler Endowment,Wenatchee Valley College Foundation,https://bigfuture.collegeboard.org/scholarships/steve-and-ruth-beidler-endowment,anti_keyword_hit,55
d3e41f46-e710-444e-98d1-54d13dfb97d4,Neetu Watumull Scholarship Program Managed by Rupa Shah,Neetu Watumull,https://bold.org/scholarships/neetu-watumull-scholarship-program,anti_keyword_hit,70
d3fb6ac7-89ee-4ce3-b9b2-b10bff382c5a,Desire to Inspire Scholarship,Unigo listing,https://www.unigo.com/scholarships/by-major/biology-scholarships/desire-to-inspire-scholarship,anti_keyword_hit,70
d4924761-e1b6-41cb-b2f2-945be2c1db8e,Latin American Master's Scholarship,International Business School,https://www.iefa.org/scholarships/2588/Latin_American_Master's_Scholarship,anti_keyword_hit,70
d5e9cd8e-70a0-4fb9-b8c6-4fb2e6e5bc14,Masters Excellence Scholarship at University of Essex 2026,University of Essex,https://www.essex.ac.uk/scholarships/masters-excellence-scholarship,anti_keyword_hit,70
d6ceca4d-6b2d-4cf5-a550-53fafa4056bf,Miguel Bisono – State Farm Good Neighbor Scholarship,Bisono Insurance and Financial Services Inc,https://bold.org/scholarships/miguel-bisono-state-farm-good-neighbor-scholarship,anti_keyword_hit,70
d6e3e2ed-3598-4828-ba2c-802691bdadd5,J.B. Schons Scholarship,Wenatchee Valley College Foundation,https://bigfuture.collegeboard.org/scholarships/jb-schons-scholarship,anti_keyword_hit,55
d73660e2-6a65-4f88-a4a3-036bd61dcaff,Welding Near You Support Scholarship,,https://www.scholarships.com/scholarships/welding-near-you-support-scholarship,anti_keyword_hit,60
d7c7cecc-f288-4a11-b9b9-8d9d4fad9006,15-Minute MindSumo Mini-Scholarships,MindSumo,https://www.iefa.org/scholarships/2874/15-Minute_MindSumo_Mini-Scholarships,anti_keyword_hit,70
d88522c0-cd0c-418e-b097-04e63908824d,Debra S. Jackson New Horizons Scholarship,Tamara Jackson,https://bold.org/scholarships/debra-s-jackson-new-horizons-scholarship,anti_keyword_hit,70
d8afff6c-03d5-4ecd-8aff-27da7933a779,Federal Pell Grant,Unigo listing,https://www.unigo.com/scholarships/grants-for-college/grants/federal-pell-grant,anti_keyword_hit,70
d9490027-4866-4324-8841-9903414b6bcb,Study Scholarships - Postgraduate Studies in the Field of the Performing Arts,DAAD,https://www2.daad.de/deutschland/stipendium/datenbank/en/21148-scholarship-database?detail=50109971,anti_keyword_hit,70
da1af81d-23c4-4174-a2a1-f2940923a244,AISES RISE Scholarship,AISES,https://bigfuture.collegeboard.org/scholarships/aises-rise-scholarship,anti_keyword_hit,55
da36a43c-9842-4427-8972-e2f2789ee04f,Deans International Doctoral Scholarship (FMHS) at University of Auckland 2026,University of Auckland,https://www.auckland.ac.nz/en/study/scholarships-and-awards/find-a-scholarship/deans-international-doctoral-scholarship-fmhs.html,anti_keyword_hit,70
dad0b6a7-c5c6-4ae4-a5d9-c3f01d0a0f49,Heinrich Boll Scholarships in Germany for International Students,Heinrich Boll Foundation,https://www.scholars4dev.com/3761/heinrich-boll-scholarships-for-international-students,anti_keyword_hit,70
dc4d7df4-03e2-4477-854d-83dc1cbe149c,Francis D. Lyon Fellowship,Unigo listing,https://www.unigo.com/scholarships/undergraduate-students/scholarships-for-college-seniors/francis-d-lyon-fellowship,anti_keyword_hit,70
dc6469db-d26e-453b-9cfa-69a04b089cc1,Mainline Information Systems Scholarship - Workforce,Tallahassee State College,https://tscfl.scholarships.ngwebsolutions.com/Scholarships/Search,anti_keyword_hit,30
de2de983-3a54-465c-adb3-94cc7cafb9bb,Dr. James E. Grant Endowed Scholarship,Pensacola State College,https://pensacolastate.scholarships.ngwebsolutions.com/Scholarships/Search,anti_keyword_hit,30
de5c0a4b-74b7-4de3-a27f-70ce9b37185c,Woman's Life Financial Need Scholarship,Woman's Life Insurance Society,https://bigfuture.collegeboard.org/scholarships/womans-life-financial-need-scholarship,anti_keyword_hit,55
def8ab2d-532b-484f-ba5c-0fabb6bcded8,Corky K. Spanjer Scholarship,Wenatchee Valley College Foundation,https://bigfuture.collegeboard.org/scholarships/corky-k-spanjer-scholarship,anti_keyword_hit,55
dfddbf3f-6025-4732-8185-c0305ac4fae3,Rural Mutual Insurance Company/Wisconsin Towns Association Scholarship Scholarship,Wisconsin Towns Association,https://bigfuture.collegeboard.org/scholarships/rural-mutual-insurance-companywisconsin-towns-association-scholarship-scholarship,anti_keyword_hit,55
e022e431-d931-4f43-9ec1-891cca25e888,Bold Rewards No-Essay Scholarship,Bold.org,https://bold.org/scholarships/bold-rewards-no-essay-scholarship,anti_keyword_hit,55
e096e57f-60d2-41d8-a32e-e65fabbc7202,Jeanne Murphy Scholarship: Compassion in Action,Say Yes to the Ess-ay,https://bold.org/scholarships/jeanne-murphy-scholarship-compassion-in-action,anti_keyword_hit,70
e323d505-d37a-445e-a02c-a68471206e96,Adult Tuition Assistance Grant Program,Universal Technical Institute,https://www.uti.edu/financial-aid/scholarships-grants,anti_keyword_hit,30
e3586b92-cd73-42ad-b2e0-e7b11bd1f3bf,Kevin Walsh Scholarship School of Computer Science & Mathematics at Kingston University 2026,Kingston University,https://www.kingston.ac.uk/postgraduate/fees-and-funding/funding-your-course/scholarships/kevin-walsh-scholarship,anti_keyword_hit,70
e39b8b28-ddd0-48af-b2f2-8c26603573d7,Trinity Lodge 127 PH Scott Heckstall Scholarship,Trinity Lodge 127,https://bold.org/scholarships/trinity-lodge-127-ph-scott-heckstall-scholarship,anti_keyword_hit,70
e51509a2-887f-4696-ae34-ec00108c7bb0,MS Computer Science Scholarship in China,University of Jinan,https://www.iefa.org/scholarships/3503/MS_Computer_Science_Scholarship_in_China,anti_keyword_hit,70
e5dffc3a-b1d0-4bf7-a303-42d86450e87e,Howard M. Mann Scholarship,Wenatchee Valley College Foundation,https://bigfuture.collegeboard.org/scholarships/howard-m-mann-scholarship,anti_keyword_hit,55
e63bd6e7-225f-47d9-b0dc-6c7cdbc466bf,Early payment discount - Postgraduate September at University of Surrey 2026,University of Surrey,https://www.surrey.ac.uk/fees-and-funding/scholarships-and-bursaries/early-payment-discount-postgraduate-september-2025,anti_keyword_hit,70
e7561fdf-d899-412a-9f54-094fdb916f3b,Olene S. Walker Transition to Adult Living Scholarship,Utah Division of Child and Family Services,https://bigfuture.collegeboard.org/scholarships/olene-s-walker-transition-to-adult-living-scholarship,anti_keyword_hit,55
e79b6f6c-3f9d-4d14-80e2-416466bb87ec,NHS Learning Support Fund and Training Grant at Oxford Brookes University 2026,Oxford Brookes University,https://www.brookes.ac.uk/study/funding/nhs-learning-support-fund-and-training-grant,anti_keyword_hit,70
e875dc8e-dd1d-49eb-953e-c496654641c7,Scholarships for Academic Excellence at UCW 2026,"University Canada West (UCW), Canada",https://www.ucanwest.ca/admissions/awards-scholarships,anti_keyword_hit,70
e8ffa1b5-ef99-4098-bea3-840f24095697,Dodds-Walls Centre PhD Scholarships 2026,Dodd-Walls Centre,https://www.doddwalls.ac.nz/opportunities,anti_keyword_hit,70
e94e59e7-9880-48a7-8599-b63c9057d693,James E. Roberts Engineering Scholarship,California Department of Transportation,https://dot.ca.gov/programs/human-resources/talent-acquisition-recruitment/scholarships,anti_keyword_hit,30
e94f3a44-63a6-478a-81c9-03de1f7aa581,Teach Abroad Scholarship,English Language Centre,https://www.iefa.org/scholarships/2527/Teach_Abroad_Scholarship,anti_keyword_hit,70
e9938ba0-560b-407f-a97a-45c38cc0c865,Ninilchik Adult Vocational Training Scholarship,Ninilchik Traditional Council,https://www.ninilchiktribe-nsn.gov/education,anti_keyword_hit,70
e9e537dc-fb6f-4400-9af4-eff99900c973,Henley Business School and Reading University Alumni Discount,University of Reading,https://www.mastersportal.com/scholarships/309/henley-business-school-and-reading-university-alumni-discount.html,anti_keyword_hit,40
ea021087-8268-49e0-bff3-ccc4fe33fba1,Jack and Irene Batjer Memorial Scholarship,Wenatchee Valley College Foundation,https://bigfuture.collegeboard.org/scholarships/jack-and-irene-batjer-memorial-scholarship,anti_keyword_hit,55
ea11d04c-0392-47d9-9f74-9c7ec4bcd5e6,Solvay Advanced Masters Challenge,Solvay Brussels School of Economics and Management,https://www.iefa.org/scholarships/3058/Solvay_Advanced_Masters_Challenge,anti_keyword_hit,70
ea865322-7aac-45be-844b-8e7df7bd9648,SEARCA Graduate Scholarships in Agriculture for Southeast Asians,SEARCA,https://www.scholars4dev.com/698/searca-ms-phd-scholarships-in-agriculture-for-seameo-countries,anti_keyword_hit,70
eabce8ab-e8de-4f9f-83a9-f50db9031266,"€1,000 Discount Scheme (NCI students or Alumni) at National College of Ireland 2026",National College Of Ireland (NCI),https://www.ncirl.ie/Scholarships,anti_keyword_hit,30
eb84017f-32e9-4f8d-a3e2-0a605d637bea,New York State Horse Council Adult Educational Scholarship,New York State Horse Council,https://bigfuture.collegeboard.org/scholarships/new-york-state-horse-council-adult-educational-scholarship,anti_keyword_hit,70
ebea9bc8-7ac0-44a3-a145-8817ddf30c5d,AZ Wells Foundation Scholarship,Wenatchee Valley College Foundation,https://bigfuture.collegeboard.org/scholarships/az-wells-foundation-scholarship,anti_keyword_hit,55
ec0978fb-689d-45be-8b34-1e6eebff0fe2,International Furloughing Missionary @ Wheaton College Graduate School,Billy Graham Center Scholarship Program,https://www.iefa.org/scholarships/2411/International_Furloughing_Missionary_@_Wheaton_College_Graduate_School,anti_keyword_hit,70
ec13e938-a3de-44fb-a019-25ac96ef851f,In My Mother’s Name Scholarship,Intention Enterprises LLC,https://bold.org/scholarships/in-my-mothers-name-scholarship,anti_keyword_hit,55
ec330419-0c66-4009-bfda-ea2c92e6bb43,New York City Urban Fellows,New York City Department of Personnel,https://www.iefa.org/scholarships/610/New_York_City_Urban_Fellows,anti_keyword_hit,70
ed7b7ab3-66ab-4a8c-95ef-f4ba1063415a,"GeniusCash Scholarship 2026 for Canadians (up to CA$5,000)",Opportunity Desk,https://geniuscash.com/scholarship-canada,anti_keyword_hit,40
edf83bdd-7685-4e87-8045-6a4d245f7f29,Vice-Chancellor’s Scholarships: Postgraduate Study,Roehampton University,https://www.iefa.org/scholarships/1709/Vice-Chancellor%E2%80%99s_Scholarships:_Postgraduate_Study,anti_keyword_hit,70
eee79feb-64e5-46e3-83a4-f9f375202018,Katie Montgomery Centorbi Scholarship,The Katie Centorbi Foundation,https://bold.org/scholarships/katie-montgomery-centorbi-scholarship,anti_keyword_hit,55
ef01f904-20ef-4dea-8406-dafd72742824,Graduate Loyalty Discount at Bangor University 2025,Bangor University (Prifysgol Bangor),https://www.bangor.ac.uk/studentfinance/scholarships/loyalty,anti_keyword_hit,70
ef113197-918a-4e80-9d96-356d579756a0,DAAD-Short-term scholarships for master's degree students,DAAD,https://www2.daad.de/deutschland/stipendium/datenbank/en/21148-scholarship-database?detail=50017039,anti_keyword_hit,70
ef208f27-1dbb-43ee-bc4a-0e9f4f654d9d,Master Degree Scholarships at HSE University Russia,National Research University Higher School of Economics,https://www.iefa.org/scholarships/3294/Master_Degree_Scholarships_at_HSE_University_Russia,anti_keyword_hit,70
ef5d31f8-c6b5-4501-84cb-1290a7cc88c9,Sema Loan Forgiveness Scholarship,Specialty Equipment Market Association,https://www.iefa.org/scholarships/1417/Sema_Loan_Forgiveness_Scholarship,anti_keyword_hit,70
f0fef39f-4a43-4905-87ae-f6d572e86e1d,Robert & Thelma Sargeant Scholarship - Past Grad,The Community Foundation of Shelby County,https://bigfuture.collegeboard.org/scholarships/robert--thelma-sargeant-scholarship---past-grad,anti_keyword_hit,70
f10085f7-4678-48b9-a410-e1f193f59d21,National Guard of Georgia Scholarship for Colleges or Universities,Georgia Guard Insurance Trust,https://bigfuture.collegeboard.org/scholarships/national-guard-of-georgia-scholarship-for-colleges-or-universities,anti_keyword_hit,55
f23ab4a9-d65e-49e4-a836-7bda7b1371f7,Adult Re-Education Scholarship,Community Foundation of Hancock County,https://givehcgrowhc.org/adult-education,anti_keyword_hit,30
f2976d53-65bd-4ed9-aae0-27c430720987,Jewish Student Scholarship Eligibility 2026 USA,Hebrew Free Loan Association of Washington State,https://bigfuture.collegeboard.org/scholarships/jewish-student-scholarship,anti_keyword_hit,55
f364777e-4656-4645-a3c2-409d2be46cc8,Absentee Shawnee Tribe Job Training Adult Education Program,Absentee Shawnee Tribe,https://www.astribe.com/education,anti_keyword_hit,70
f3a2c8a7-da2f-4996-b7f7-01f154ee4626,Friedrich Ebert Stiftung Scholarships for Foreign Students,Friedrich Ebert Stiftung,https://www.scholars4dev.com/26192/friedrich-ebert-stiftung-scholarships,anti_keyword_hit,70
f3abe36a-7975-4c91-a935-bee0c3294632,Future of S&C: Strength Coach Job Network Scholarship,Strength Coach Job Network,https://bold.org/scholarships/future-of-sandc-strength-coach-job-network-scholarship,anti_keyword_hit,70
f4e4e44f-5435-49e4-8392-644c719f58fa,Pollard Scholarship,American Society of Travel Agents,https://www.iefa.org/scholarships/880/Pollard_Scholarship,anti_keyword_hit,70
f530e590-7488-4a2b-b97c-41e1bede37dd,No Essay Scholarship by Sallie,Bold.org,https://bold.org/scholarships/nitro-pay-for-college-no-essay-scholarship,anti_keyword_hit,55
f58f2936-3c81-421c-8b2a-9557959a0b27,Trees for Tuition Scholarship Fund,Trees for Tuition,https://bold.org/scholarships/trees-for-tuition-scholarship-fund,anti_keyword_hit,70
f5aad74a-4816-4969-870b-809e2797627b,Jeffrey J. Douglas First Amendment Scholarship,Free Speech Coalition,https://bold.org/scholarships/jeffrey-j-douglas-first-amendment-scholarship,anti_keyword_hit,70
f5e8a689-d371-4055-930c-52b37a6bc1a3,KOSPIE Combined study and practice stays for engineers from developing countries Tunisia,DAAD,https://www2.daad.de/deutschland/stipendium/datenbank/en/21148-scholarship-database?detail=57593632,anti_keyword_hit,70
f7b66e65-25b3-400e-986f-6ae8b176e9bb,"SCAF Adult Scholarships: Eligibility, Deadline, Application",,https://www.scholarships.com/scholarships/scaf-adult-scholarships,anti_keyword_hit,60
f815e6a4-0378-4df5-b3d5-96c42c116451,Z Creativity Scholarship,Zeiders American Dream Theater,https://bold.org/scholarships/Z-creativity-scholarship,anti_keyword_hit,70
f88ab6dc-88cf-4cb8-ada7-e664598bf1f4,Damato Adult Learners Scholarship,Manchester Scholarship Foundation,https://bigfuture.collegeboard.org/scholarships/damato-adult-learners-scholarship,anti_keyword_hit,55
f9c631c3-257f-4f50-b263-b78ab1f647aa,Friedrich Ebert Foundation Scholarship for International Students 2026,Friedrich Ebert Foundation,https://www.daad.de/deutschland/stipendium/datenbank/en/21148-scholarship-database?status=1&origin=31&subjectGrps=&daad=&q=&page=2&detail=10000153,anti_keyword_hit,70
fb86c088-9687-4282-a4ec-03832e794284,Alaska Housing Finance Corporation Tuition Assistance,Alaska Housing Finance Corporation,https://bigfuture.collegeboard.org/scholarships/alaska-housing-finance-corporation-tuition-assistance,anti_keyword_hit,30
fbc53329-4640-4ed9-a834-13f59c5a8d88,Heriot-Watt Alumni Discount at Heriot-Watt University Malaysia 2026,"Heriot-Watt University, Malaysia",https://www.hw.ac.uk/malaysia/study/scholarships/discounts-and-bursaries.htm,anti_keyword_hit,30
fcfed9f7-f9a0-40f9-a220-97ae688925fb,IIASD Serving Others Scholarship,,https://www.scholarships.com/scholarships/iiasd-serving-others-scholarship,anti_keyword_hit,60
fd16c659-83d2-4756-9042-e1d2c15eb335,Adult Students Scholarship,Fremont Area Community Foundation,https://facommunityfoundation.org/scholarships/our-scholarships-awards,anti_keyword_hit,70
fd52e853-9667-42df-ae97-20a89814f132,Pathways To Success Scholarship,Tallahassee State College,https://tscfl.scholarships.ngwebsolutions.com/Scholarships/Search,anti_keyword_hit,30
fe0ed5df-9177-4cf0-9b08-8946cdbd5d18,Dr. Ernest and Audrey Ann Chan-Nui Memorial Scholarship,Wenatchee Valley College Foundation,https://bigfuture.collegeboard.org/scholarships/dr-ernest-and-audrey-ann-chan-nui-memorial-scholarship,anti_keyword_hit,55
fe7a985a-5e52-4c83-ae0f-33383793b02d,The CAPTRUST Scholarship,Unigo listing,https://www.unigo.com/scholarships/undergraduate-students/scholarships-for-college-juniors/the-captrust-scholarship,anti_keyword_hit,70
fec5f593-f01d-4614-863e-c17e6652f62c,David Ford / HDR College Scholarship,Floodplain Management Association,https://bold.org/scholarships/david-ford-HDR-college-scholarship,anti_keyword_hit,70