id,title,reason,missing_fields
009f117c-1b2e-424a-9552-980d4c7f600c,CINTAS Foundation Brandon Fradd Fellowship in Music Composition,missing:provider_name,provider_name
00b1c6d3-77b3-41e9-aff3-a2bd47c8794e,Asian Development Bank-Japan Scholarship Program (ADB-JSP),garbage_phrase,
00e980ea-3793-4581-a957-38702f9be1e5,John E. Warriner Scholarship,garbage_phrase,
00ef810e-0d65-4de4-8eb9-22af2f450920,Jean Roebuck Lovelace Nursing Scholarship Guide,missing:provider_name,provider_name
00f9fd8b-d1d4-43c3-9b73-ad0f1f4a7f91,"Step-Up Spring Scholarship: Eligibility, Deadline & How to Apply",missing:provider_name,provider_name
011543c9-3126-4d48-8bd3-31ca631035d9,West Virginia PROMISE Scholarships,missing:provider_name,provider_name
011828a5-219e-43b9-82b7-29230137e7df,York County Hispanic Coalition Scholarship,missing:provider_name,provider_name
011e80d8-6f85-4608-8683-00497e97e5c9,Rapid Formations Entrepreneur Scholarship,garbage_phrase,
01228891-837d-4c33-b639-ce9b1d0d2342,Lois Crowe Scholarship,missing:provider_name,provider_name
01655932-6fe4-4944-adc6-2890daf8e315,Renewed Horizons Scholarship,garbage_phrase,
01798039-7e34-4af5-b956-71f78c745950,UT Austin Acacia Man of Faith Scholarship,missing:provider_name,provider_name
01aed17d-3640-4bbb-90fb-20333c2c431a,"Emerald Creek Capital $10,000 NYC Scholarship",missing:provider_name,provider_name
01e089f4-b10e-4f7e-b0b3-d66bdddb28f3,AALA Gene Henson Scholarship: Eligibility & Deadline,missing:provider_name,provider_name
023c71e7-2dc4-4df1-8da0-b70ab5588f78,GTE Foundation Scholarship,missing:provider_name,provider_name
024e7016-2909-42e9-a98f-508ac7fcd618,Business School International Excellence Scholarships (International applicants),garbage_phrase,
02996e4a-1ed2-4040-9cab-ed4d0fe3bdd6,The Clélia Haji-Ioannou Scholarships,garbage_phrase,
02a1456f-5235-4a72-b98f-9b7dddbd25e2,The AW Bridal Scholarship,missing:provider_name,provider_name
02aa2ef1-0fad-4860-a343-02e7abc2e8ff,CIA Graduate Program Scholarship Guide 2026,missing:provider_name,provider_name
02c8c0d5-82f8-4903-ad39-2f0974da5d39,Global Citizen Scholarship,garbage_phrase,
02e17692-0c07-4f5d-aab5-a5d023b4e93a,Horatio Alger Undergraduate Scholarship,missing:provider_name,provider_name
02eb0dc7-6d22-4aab-982a-e7faecce92fb,Distinguished Raven FAC Memorial Scholarship,missing:provider_name,provider_name
032611e1-b8a3-4ee1-97a7-6f457faa8596,American Association of University Women (AAUW) San Jose Local Scholarship,missing:provider_name,provider_name
0331175f-3c20-4424-9085-ad6e40cabb80,Sikh Education Fund Scholarship,missing:provider_name,provider_name
033824a4-7779-4552-aae2-c75070fcb083,Frank Palmer Awards by the Department of English Language and Applied Linguistics,garbage_phrase,
033a3250-86f0-4533-acad-8eef97408798,Dare Greatly Foundation Scholarship Guide,missing:provider_name,provider_name
03638c23-6c9a-4978-a718-cec5f9b7f37d,MK Library Fall Scholarship Fund,missing:provider_name,provider_name
037bd32c-5d4d-44fb-bac1-b0b0d8d0eb94,Aggie Pride Network Scholarship,missing:provider_name,provider_name
03a31858-5428-4d25-9590-191bca62754a,Citi Tuition Program Scholarship Overview,missing:provider_name,provider_name
03bcca74-3dba-4b5e-bd57-c9a71540a01e,Siebenthal and Block Scholarship Program,missing:provider_name,provider_name
03ca635b-5577-44bb-be3f-5d97466774ce,Cure Cancer Support Scholarship,missing:provider_name,provider_name
03d85b0d-9e93-43e7-b95a-dd4a6cfefdb6,ANSWER Scholarship,missing:provider_name,provider_name
03f48988-4d1a-40d9-855f-3a6cb9481ff1,Hopi Tribe Grants and Scholarships Program,missing:provider_name,provider_name
04126bde-be24-4b57-9529-a971f08c3dd5,Ralph and Jean Cuca Scholarship,missing:provider_name,provider_name
0441ff63-bd2b-42d4-acb8-968532e39d34,Federation of Houston Professional Women Educational Foundation,missing:provider_name,provider_name
048a66be-5fb9-402b-9a45-cdc817832094,Incoming Study Abroad International Travel Grant,garbage_phrase,
04c401e0-3b77-4b41-bef2-fe39dcc5c1c5,North Dakota State Fair Foundation Chevron Scholarship,missing:provider_name,provider_name
04e37494-f494-48b9-8f06-1eb7b354e396,AICPA Scholarship for Minority Accounting Students,missing:provider_name,provider_name
04f02d1f-490e-4383-bd10-3668534ee0e9,South Carolina Law Enforcement Officers Association Scholarships,missing:provider_name,provider_name
052757a9-b255-4e5f-98c0-0ee3cbcc47e7,Long Island Music Hall of Fame Student Scholarships,missing:provider_name,provider_name
05310d0d-6566-426f-9581-59a0440e3426,Pauline & Sanford Saunders Scholarship,missing:provider_name,provider_name
05455c3b-6a69-4fe6-b88e-961feb1c5920,COMTO Philadelphia Scholarship Program Guide,missing:provider_name,provider_name
05483d4c-ea98-43c0-9938-d3004c4bfbc9,WRA's Buzzi Water Resources Scholarship,missing:provider_name,provider_name
0548c939-ab69-48ab-afe8-835564d3696f,SPC Network Scholarship Fund Eligibility and Deadline,missing:provider_name,provider_name
05492610-756b-4d49-8c8f-396a9291a0b8,Early Bird Bursary,garbage_phrase,
05521209-ef7c-4836-8fe1-8b8130ad2e6c,The Jimmie Crutchfield Memorial Scholarship,missing:provider_name,provider_name
055bf57d-57f1-43ef-8318-6d1a242b0e32,Twins Days Festival Twins Scholarship,missing:provider_name,provider_name
05b5478a-c4a1-4c39-863d-73aae79818f2,Gabby Matthes Memorial Scholarship,missing:provider_name,provider_name
05f8ec2f-5d26-4890-b2c9-8cd20d755b36,S.W.A.G. Scholarship,missing:provider_name,provider_name
060154c9-efea-4813-92f2-cefa06f7aa9d,Chicago Engineers' Foundation Incentive Award,missing:provider_name,provider_name
0606a1af-63ef-453f-b5d9-e2f32b3210d1,AAUW International Project Grants,missing:provider_name,provider_name
061f7ed5-f468-4127-a546-5b6d82f4f587,Urban Empowerment Educational Advancement Grant,missing:provider_name,provider_name
062cc8bf-383c-4c27-9d41-21e8ac1c9111,Postdoc Fellowship - Nanotechnology Research Network,missing:deadline,deadline
0670b83d-5fe5-40dc-8221-1b87edd0ee33,GRCF Patricia & Armen Oumedian Scholarship,missing:provider_name,provider_name
068d0cf7-6a81-4351-8427-a2189135276c,New England Polish-American Women's Scholarship,missing:provider_name,provider_name
06a25ab1-51a5-4aeb-a94e-5efe971269ae,Musical Merit Foundation of Greater San Diego Scholarship Awards,missing:provider_name,provider_name
06ac057c-84d1-42cb-b825-c37d65fa88d7,William Ray Judah Scholarship,missing:provider_name,provider_name
06b18742-9bdd-4284-9820-2fb5d34ccff5,Janice and Earle O’Born Family Foundation Graduate Scholarship,garbage_phrase,
06b87aa3-0a15-4c5c-bc9d-4cd1dd6993eb,Scholarship for degree and exchange study in Estonia,garbage_phrase,
06b98167-6a4b-439e-b5c8-060fa027c138,NESS NextGen Scholarship USA 2026 Apply,missing:provider_name,provider_name
06beac00-1fbb-4377-b3b6-112e1883ccd3,Excellence Scholarships,garbage_phrase,
06c14799-bf2e-4c51-bda8-6be378d45ac0,The Morgan Jayne Hill Memorial Scholarship,missing:provider_name,provider_name
06c26437-1e53-4562-9944-416aa39b182c,The Vice Chancellor’s Postgraduate International Excellence Award,garbage_phrase,
06cb2d94-1e26-4e54-9a45-25ca6a4a7ec8,Dr. Emma Lerew Scholarship,garbage_phrase,
06dee395-7167-4d5f-af5c-ea78ae9cfc2f,Sinclair Cummings Veterinary and Animal Sciences Scholarship,garbage_phrase,
06f44c1f-8916-49c9-bcf5-645832c47ed0,Ohio Reach Scholarship Eligibility and Deadline Guide,missing:provider_name,provider_name
06f907aa-ffe3-4dfe-bdb4-cf9cd9081129,Nan C. & Mark Hillis Scholarship,garbage_phrase,
0704a894-fa68-4a77-8098-f494c96b3777,Student Civic Leadership Awards,missing:provider_name,provider_name
071ea2ee-d187-4cde-860d-b3bdd9ba5f4f,John and Abigail Adams Scholarship Guide,missing:provider_name,provider_name
074607d4-57fc-47a6-96a8-aef7fa39e7cc,IHLA Educational Foundation Scholarship Program,missing:provider_name,provider_name
07475a51-c078-45c5-b8b3-6f8ca5430566,Lawson Internship in Public Service,garbage_phrase,
075f63ec-4344-46ec-8290-2c849e887669,International Academic Excellence at University of Mississippi,missing:deadline,deadline
0766722a-9fb2-4891-bdb0-eccab8d0d75a,Paul M. Bishop and Family Endowed Award,garbage_phrase,
076e7718-7e60-4dd8-8f1e-1a53fade9475,Colgate-Palmolive Haz La U Scholarship,missing:provider_name,provider_name
0784806a-940e-4267-a6c5-b2e846dfa870,VSA Emerging Young Artists Program,missing:provider_name,provider_name
07a658f4-3e9b-4421-a23e-c9d823923315,Dallas Hispanic Law Foundation Scholarship Guide,missing:provider_name,provider_name
07b15229-e7f6-4460-8bb5-f4c1339f3e04,Palumbo Family Foundation Scholarships Guide,missing:provider_name,provider_name
07bc1ccc-5351-423f-8abb-f104692f5b52,Booksrun Scholarship Financial Aid,missing:provider_name,provider_name
07c5a8f3-38e1-4cb7-9d41-7fa1bbb8b060,RARE Scholars Program Scholarship,missing:provider_name,provider_name
07d5df74-7d4b-446f-90e0-3d638af061d6,Britt Kearce Memorial Scholarship Guide,missing:provider_name,provider_name
07e6921d-7bd2-4820-9374-5e7763a69ee7,George and Donna Nigh Public Service Scholarship,missing:provider_name,provider_name
07fdb5a8-d918-404d-a61b-019accadbdd0,The El Dorado Promise Scholarship,missing:provider_name,provider_name
080b3a5e-3927-438b-a297-02f6acec1f38,Heart Warrior Achievement Scholarship,missing:provider_name,provider_name
08181be5-a0b3-4f7a-8006-5c3f6552f895,Northwestern Mutual Childhood Cancer Sibling Scholarship,missing:provider_name,provider_name
08319407-48ed-4c5c-8188-4a50155ee407,RCI-IIBEC Foundation Lewis W. Newland Scholarship,missing:provider_name,provider_name
0836f6fa-ca2b-44b5-b572-4ca04495be33,Ohio Counties Scholarship USA 2026 Apply,missing:provider_name,provider_name
08400a9a-9873-4d07-9577-745562fc594b,Vermont State Grange Educational Aid Fund,missing:provider_name,provider_name
0844be14-41c9-4728-bbef-7a9570b0afc7,David A. Ladizki Scholarship,missing:provider_name,provider_name
08820e87-ee97-4b06-a9b9-69dad4baddeb,Wayne Perry EdD Student Research Award,garbage_phrase,
089416bd-9930-4374-8527-4b3820d30cfa,Bob Holkeboer Endowed Scholarship,garbage_phrase,
08a4310c-4ab3-42e3-ad06-602b98b278d2,Burger King Scholarship,missing:provider_name,provider_name
08bb568d-f3e8-48d6-b725-4b42b6f40aca,Sydney Policy Reform Project Scholarship,garbage_phrase,
08cdf39c-4c30-4570-ab2c-e56b706d072b,Need-Based Scholarship - Graduate U.S. Students,garbage_phrase,
08f7946f-3826-4de0-8f23-218d4d02d776,American Red Cross - Leaders Save Lives Scholarship,missing:provider_name,provider_name
0928d0a2-b533-4895-a33e-d0f32b89e51b,Miriam Croft Moeller Citizenship Award,missing:provider_name,provider_name
0937b3dd-91d1-453d-8e99-e86309bc4c14,Brian Terry Scholarship,missing:provider_name,provider_name
0945ad8a-9027-4918-9552-0058ff5f7cb6,Camden County Hero Scholarships,missing:provider_name,provider_name
094dc75d-172e-4cc0-b207-94679cea9618,AIAS Foundation Scholarship: Eligibility & Deadline,missing:provider_name,provider_name
097a19e5-a45f-4e11-919a-e9651752a7d4,PGCE Bursary,garbage_phrase,
09b10769-97d7-4140-a7ab-557c67040b0e,Towson University International Student Scholarship,missing:deadline,deadline
09bdcd71-03a7-4980-ab89-d78203315a6a,Elsa-Neumann-Scholarships,garbage_phrase,
09cc0e4e-185c-49f3-aa5a-cff2c4848d41,"San Patricio Electric Cooperative, Inc. Scholarship Guide",missing:provider_name,provider_name
09ce44c6-c254-4481-b829-4479e1e33fcb,A Twist of Fate Scholarship,missing:provider_name,provider_name
09fa8d22-1bd9-4c3f-ade6-eb93a8a34306,Sanctuary Scholarships,garbage_phrase,
0a2693ee-a1ad-4f75-b7c3-050ebecb5b7b,Texas Women in Public Finance Scholarship Guide,missing:provider_name,provider_name
0a2f12f6-8585-4c40-8c47-892ef496a929,Chinese Government Scholarship,garbage_phrase,
0a3875e9-1546-45b9-8502-50ccb8a008bb,Freedom From Religion Foundation Essay Contests,missing:provider_name,provider_name
0a465b09-95b6-4591-80ff-5d63b04c2d81,Mainely Character Scholarship,missing:provider_name,provider_name
0a54dd87-03a5-4772-8d8a-ec7e6baba4d4,Barry M. Goldwater Scholarship Application Guide,missing:provider_name,provider_name
0a57c969-5308-4ba7-bf3c-b51c2ca466cf,Jeff Sein Kwan Yang Memorial Scholarship,missing:provider_name,provider_name
0a855b21-e641-4a16-9c6f-9e42fdf0de30,NDSGC Undergraduate Scholarship Guide 2027,missing:provider_name,provider_name
0aa51245-55a8-42d2-9836-97cb2f842625,Montgomery G.I. Bill,missing:provider_name,provider_name
0ac0fdec-d7dc-42bd-996b-4b3ca57a1529,Duncan and Lillian McGregor Scholarships,missing:provider_name,provider_name
0ac3601f-8093-4657-8aa4-1f74edd80eea,Timothy L. Correll Foundation Memorial Scholarships,missing:provider_name,provider_name
0aea64a9-a274-49f3-ac5b-43001581b1e2,Helen Gee Chin Scholarship,missing:provider_name,provider_name
0af8d73f-97fa-4765-a939-004ad5579d96,MA TESOL Bursary,garbage_phrase,
0b0ce320-80f9-465b-90da-fd087776cebd,Barbara Caras Memorial Scholarship for Film Studies,missing:provider_name,provider_name
0b295e65-631f-418f-b1a9-3e3e56e2b640,West Virginia Water Environment Association,missing:provider_name,provider_name
0b2ef4fa-5ad6-40d7-9ea4-235299edd540,International Accommodation Award,garbage_phrase,
0b2ffd43-365b-4963-bc98-5b46a1579bdc,Sarah Scott Schofield Scholarship,missing:provider_name,provider_name
0b30ca28-6d58-4acf-a405-bd699b45a95f,Ngā Manu Trust Research Scholarship,garbage_phrase,
0b38f060-7bb9-436c-95a1-1da28d1238d7,Smith Scholarship Foundation,missing:provider_name,provider_name
0b3e6d25-a792-4f77-bab8-b537237a4c92,Grange Scholarship Endowment at the Pennsylvania State University,missing:provider_name,provider_name
0b52cf9f-7844-42a7-9240-c83cb3156c42,Live Deliberately Essay Contest,missing:provider_name,provider_name
0b65be07-b1c2-4e97-8ad4-dd3e8fd2e03b,UASCS - Fred R. Strutz Family Memorial Scholarship,missing:provider_name,provider_name
0b6c9ce6-76da-4d74-9d21-2f650f7a5dd4,JCF Ronald P. Wilmot Scholarship Guide 2027,missing:provider_name,provider_name
0b7ac321-1e1a-4741-8836-d2486844f910,Foster Love American Industries Scholarship,missing:provider_name,provider_name
0b7d515e-64af-47b1-8c2c-46b00fcce5d8,New Jersey Hall of Fame Arête Scholarship,missing:provider_name,provider_name
0b9cb6b3-a3d8-41fa-8671-7f41cf61f095,HelloNation Student Video Contest,missing:provider_name,provider_name
0ba3075b-c6a0-46e4-9802-8fac21c564d4,British Chevening Scholarship,garbage_phrase,
0bb00fa7-3a93-4233-ab7e-88b4dba99354,Florida Green Building Coalition Scholarship,missing:provider_name,provider_name
0bb114f7-9d4d-4a2c-99e8-5a6b329ce106,US Cup Tae Kwon Do Scholarship,missing:provider_name,provider_name
0bef1507-cd05-4ee6-beea-b4ff5ff8d741,The Mensa Foundation Scholarship Program,missing:provider_name,provider_name
0bfd909d-d94a-4cb4-ba62-1c16e2d1b896,Emerson Memorial Scholarship,missing:provider_name,provider_name
0c25d9da-78fb-4ff9-885e-177b4228ec38,CBA of GA J. Steven Walraven Memorial Scholarship,missing:provider_name,provider_name
0c573ca1-f230-4ef3-9ecf-7ddd30c37d97,SMUD Powering Futures Scholarship Details,missing:provider_name,provider_name
0c633f9b-db96-4a60-911c-4d65acfb12fc,AFSA National High School Essay Contest,missing:provider_name,provider_name
0c75b3e2-730b-4d3a-8ede-a1879cf65b1e,House Scholarship Foundation Aspiring Scholars Award,missing:provider_name,provider_name
0c7a88ed-6b1a-4ea8-8319-0e7c70dd7fca,International Post-degree Scholarship,garbage_phrase,
0c84b0fc-cbce-4889-84b1-08f50e172180,International Student Support Scholarship,garbage_phrase,
0c89ef99-b15d-489a-ab50-cc3ddc097949,David Malcolm Scholarship | Eligibility & Deadline,missing:provider_name,provider_name
0c8dd517-94d2-4940-b299-967ad28d154d,Victoria Merchant Saygbay Lifting Individuals through Education,missing:provider_name,provider_name
0c9a5e23-1805-4452-b5db-b58b853bc1f8,NYCDA Foundation College Scholarship deadline 2026 USA,missing:provider_name,provider_name
0cad3fa7-f6a4-4ce9-9975-32bd4928fd95,Odd Fellows Memorial Scholarship Eligibility & Deadline,missing:provider_name,provider_name
0cc89128-b60f-4b32-aad2-f1970d69a11e,MPOWER Global Citizen Scholarship,garbage_phrase,
0d00bfac-53ba-4161-b722-00528c0617f2,George Garrett Award,garbage_phrase,
0d20d9f2-ab5e-412d-9e81-1823cba2e04a,Pawsible Puppy Raiser Academic Scholarship,missing:provider_name,provider_name
0d34e875-fc47-45ba-bf0f-ce0e337a692e,Warwick Chemistry Overseas Taught Masters Scholarship,garbage_phrase,
0d417304-566e-42b8-b454-8891b87b71f5,United Methodist GBHEM Racial-Ethnic Specific Scholarships,missing:provider_name,provider_name
0d4e4774-97a4-4cf7-aa27-d638e96d09f5,Graduate Study in the USA Scholarship,garbage_phrase,
0d543c49-0446-4316-bf43-e36a253fa900,Sport Scholarships,garbage_phrase,
0d78b4b6-8747-468c-8928-687fb177b95c,Asia International Friendship Scholarship (Kawaguchi Shizuka Memorial Scholarship),garbage_phrase,
0dab9230-0e79-429d-a0b1-3a3b21c9354e,Mary E. Bivins Foundation Scholarships Guide,missing:provider_name,provider_name
0db754b5-0de5-4c9e-b6d6-78774ae581cb,Drew Swan Sibling Scholarship,missing:provider_name,provider_name
0dbf0583-a9bf-4788-88f4-c13eb3947f8f,Paragon’s ‘Relocate or Remodel?’ Scholarship,garbage_phrase,
0dc25125-4d53-4fbe-9c46-cd01689b60a2,Emmerson Family Medical Scholarship,garbage_phrase,
0de68732-097f-47af-9f50-b32c13b2b8a2,Washington HECB American Indian Endowed Scholarship,missing:provider_name,provider_name
0e0f0bd7-cad1-4def-a244-f6bb880819dc,GRCF Reach for Your Goal Scholarship,missing:provider_name,provider_name
0e1c0d3d-7c28-4c98-8852-9495c4cb483d,upGrad Quest Scholarship,garbage_phrase,
0e2c2b91-2ae4-40d9-a7b5-404341c7ce18,The Sir Hugh Kawharu Masters Scholarship for Innovation in Science,garbage_phrase,
0e2e673a-9b8f-4070-8b84-bc8ab7e3ce66,Professor Frank Monsour AM Scholarship,garbage_phrase,
0e3a1695-9005-4422-91cf-7dcd5670921a,Robert and Adelle Knox Spanish Language and Literature Scholarship Fund,garbage_phrase,
0e546e08-34ed-4bfb-b550-aa13bff6bb7a,Credit Union of NJ Foundation Scholarship,missing:provider_name,provider_name
0e7d911e-346e-4675-a894-f5704da4614b,Faculty of Science International Masters Scholarship for Physics,garbage_phrase,
0e8352e7-0737-427e-86b5-c87ce0354ab4,PinPoint Leak Detection's Innovation Scholarship,missing:provider_name,provider_name
0e89a3f3-ccde-4846-bf02-aa91c3734c31,EWNJ Graduate Merit Award Program,missing:provider_name,provider_name
0e8b2658-98d9-47ca-8d18-3674fc896b85,Order of Alhambra Scholarship USA 2026 Apply,missing:provider_name,provider_name
0e8c7f8a-9e27-4686-a684-b0c6737a4097,Forte Scholarships for Women,garbage_phrase,
0e9ad362-6aa2-416a-ab19-cfd7706c60ad,"ILCA Scholarship Program: Award, Deadline & How to Apply",missing:provider_name,provider_name
0ea7fa2f-a76e-48c9-a61d-5132e6d1985b,EnerGIS Scholarship,missing:provider_name,provider_name
0eaf006e-e742-4b3b-bab6-40389cfd8a84,Junior Service Club Scholarship 2027 Guide,missing:provider_name,provider_name
0ec1a674-d0c1-44b9-a414-7cf570974a3a,Tall Clubs International Student Scholarships,missing:provider_name,provider_name
0ed2bc51-5603-4dd9-98db-e881ebf9bf4c,Russell and Helen Missureli Scholarship,missing:provider_name,provider_name
0ed67a53-58be-4a5d-b1ae-8f770d6e8a1b,Law Office of Jae Lee Immigrant Student Scholarship,garbage_phrase,
0eef1bde-daa1-4804-b743-438b92abd46a,Sir Alan Stewart Postgraduate Scholarship,garbage_phrase,
0f0a5a8b-e4e3-4e83-b2d3-3a3687943d4f,EWITG Engineering Scholarship deadline 2026 USA,missing:provider_name,provider_name
0f0f5beb-627b-4d3c-a240-22cf2aa98299,Epilepsy Foundation of San Diego Scholarship Program,missing:provider_name,provider_name
0f3db924-90c1-4e46-b002-fff417c36bbe,"Edwards Scholarship: Eligibility, Deadline & How to Apply",missing:provider_name,provider_name
0f608e5a-cdbd-4a5d-b18f-2052c49d161a,IBS Starter Scholarships,missing:deadline,deadline
0f63eb1c-3fa7-47fd-8162-85a8e50fac4d,JLB Young Woman Leadership Scholarship,missing:provider_name,provider_name
0f6cb2d5-d021-4cc5-b2e2-1f52cee32a6b,"The WL ""Bill"" Byrnes Global Scholarship",garbage_phrase,
0f71d05b-4c2b-4660-b630-e02c930c7501,NAACP Environmental Scholarships,missing:provider_name,provider_name
0f839c0b-6f37-4a13-a7db-1212121cf4c0,Go City Education Scholarship,garbage_phrase,
0fd603d5-21e8-46d6-b273-1c113bb8185b,Volunteer of the Year,missing:deadline,deadline
0fe015f6-5144-4f5c-8849-fb50b29687ab,"Zonta Club of Washington, D.C. Undergraduate Scholarship",missing:provider_name,provider_name
0fe41fff-c389-453e-851d-9fa97928d15a,Kafi Foundry Foundation Scholarship Guide 2026,missing:provider_name,provider_name
0fea520e-578c-4ed9-93ac-d412371a19f6,PEO STAR Scholarship,missing:provider_name,provider_name
10139656-9c79-47d4-b4db-090d8970ba42,CSU Refugee and Asylum Seeker Scholarship,garbage_phrase,
1023690b-c8a7-427d-947f-640f02e14baa,Kathy Pace Technology Scholarship Guide,missing:provider_name,provider_name
103a382d-7b90-4bd8-a4a3-a2edb1503320,Chasers Charities Robinson Athletic Scholarship Program,missing:provider_name,provider_name
106aff16-2fae-49ea-b710-b82b99abc5c0,International Scholar Award,missing:deadline,deadline
1074bee3-2e27-4974-b8bb-a007a66803f8,Regions Riding Forward Scholarship Contest Guide,missing:provider_name,provider_name
10843dd7-f481-4434-b4b2-a0b12c9ce71e,Elks National Foundation Most Valuable Student Scholarship,missing:provider_name,provider_name
108e4861-ecfc-413b-a84b-28e480871983,Built Ford Tough Scholarship,missing:provider_name,provider_name
1099ec9c-2421-4d1d-886e-8c647b6a0e00,The Malaysian Technical Cooperation Programme (MTCP),garbage_phrase,
10a869f9-61f7-41a3-8cac-161167966169,Dream Big Scholarship USA 2026 Apply,missing:provider_name,provider_name
10cebcfd-582f-471c-813f-751efb492bbd,Women in STEM Empowerment Scholarship,missing:provider_name,provider_name
10e4fcb1-7c89-439f-a097-84b8a2884022,EMBA Early Application Scholarships,garbage_phrase,
10f18949-9ef2-410f-9caf-5ef4bbd68a4d,AIM Center for Independent Living Scholarship,missing:provider_name,provider_name
11138cfe-517f-4df8-b177-914ff05bc735,David Sankey Minority Scholarship in Meteorology,missing:provider_name,provider_name
112a8cb1-3ff5-4696-a6a2-76d651c544be,Strathclyde Business School Dean's Excellence award for International Students - September,garbage_phrase,
1136ff70-dc93-4a7d-93f3-e33ddc4c6ac3,William H. & Henrietta Y. Clough Memorial Scholarship Program,missing:provider_name,provider_name
11507891-1da4-4803-9049-31d128846e86,Bronx Injury Lawyers P.C. Essay Competition $500 Scholarship,garbage_phrase,
116aedc4-c3a2-49ef-977e-1c3f4486df00,Opsahl Dawson Accounting Scholarship,garbage_phrase,
11746f8c-372b-45f2-be68-1f29be59116e,Livinfrance Scholarship,garbage_phrase,
1191427b-58c8-4ddb-8c24-fc72a9679bbe,Apprentice Ecologist Scholarship,missing:provider_name,provider_name
11a17d77-7968-45b0-915a-48ae8acc8c50,Sports Global Excellence scholarship,garbage_phrase,
11cc6888-aa75-4fd9-8793-4e96110bbd55,AWP Prize for Undergrad Lit Mags,garbage_phrase,
11d8a26a-b712-4bbb-a048-83f0c24dd04a,Colorado Masons' Benevolent Fund Scholarships,missing:provider_name,provider_name
11eb31a6-56b8-4698-bdc0-49b0f1e33b4e,GO Grant,short_title,
12140f97-61fb-425f-9724-530145c5972b,Bernie Smillie Memorial Scholarship - Freeland Graduate,missing:provider_name,provider_name
124d989e-f496-40e0-a7b2-4356ff6479b2,Minnesota Association of Townships (MAT) Scholarship,missing:provider_name,provider_name
1250778f-5560-4cae-9edd-7abcd6c38405,School of Journalism Scholarships,garbage_phrase,
1255f100-e2cf-400f-b745-e303a785cfc0,Tommy Tranchin Award Scholarship Details,missing:provider_name,provider_name
125f7ceb-c714-4775-b8eb-994456658d1d,Korean American Scholarship Foundation-Southern Regional Chapter,missing:provider_name,provider_name
126950da-2c39-4cfd-8e54-31650d9def22,SILA Post Secondary College Scholarship,missing:provider_name,provider_name
1272d32a-129b-4ecc-86f2-c82c9b1b11c9,New York State Scholarships for Academic Excellence,missing:provider_name,provider_name
128333e2-0936-40ba-ae24-3aab768afd7a,University of Wolverhampton Sanctuary Scholarship,garbage_phrase,
1288418e-46a7-4f5e-87a5-9aac7ed351e1,NWCA Scholarship Foundation,missing:provider_name,provider_name
12898a44-94ad-4ce0-9a94-d3e19ec044fb,Minnesota Indian Scholarship Program Guide,missing:provider_name,provider_name
1293430d-5b8b-42c2-8aab-4f02dfb1a92d,Louis C. & Amy E. Nuernberger Memorial Scholarship,missing:provider_name,provider_name
1298e48f-d524-4784-b252-2c3c68b1ae53,Couch Oil Cares Scholarship USA 2026 Apply,missing:provider_name,provider_name
129a67d5-ad0b-44d4-b9b7-3e38739ad987,Julie Walter Memorial Scholarship Guide 2026,missing:provider_name,provider_name
12b16a24-b8bd-4b51-9985-191fc86607b9,Vermont Federal Credit Union Educational Scholarships,missing:provider_name,provider_name
12b6ecb7-99fc-4db5-aa1b-153e7734b5e9,Frank Sydenham Scholarships,garbage_phrase,
12c8c213-eb69-4ecd-8ff7-758a03cf115a,Toshiba/NSTA ExploraVision Science Competition,missing:provider_name,provider_name
12d2ff5f-1b1f-4854-87ae-f21951485f49,Monash International Tuition Scholarship (MITS),garbage_phrase,
12d547a7-cdf5-413d-bead-2bfb2428a272,DCU for Kids Memorial Scholarship,missing:provider_name,provider_name
12de6cea-4f35-493f-8b9e-0753c428d45d,Anchor Endowed and Administered Scholarships,missing:provider_name,provider_name
1319df9a-ef24-4779-add6-cb9ee14502ec,Breaking Barriers Scholarship - Denver Metro,missing:provider_name,provider_name
1328641b-4c7b-4984-bf63-36d16d370925,The Alexander Foundation Scholarships Guide,missing:provider_name,provider_name
132e23e8-0630-4990-90dc-5214e7e925fd,ServiceScape Scholarship,garbage_phrase,
132e260c-9c6f-4034-970e-443993c3ec43,The Whetstone Family Foundation Scholarship,missing:provider_name,provider_name
134fc115-2472-4a45-8211-11d60e9c5c95,Dr. Jason and Nicole Green College Scholarship,missing:provider_name,provider_name
137665f5-56cd-4009-aa25-621ae8a0d3fa,Stegall Charitable Educational Foundation Scholarship,missing:provider_name,provider_name
137a9ad2-2389-434c-8d68-2af362c3297b,Gerald W. & Edith F. Wallace Scholarship,missing:provider_name,provider_name
13874e34-29e5-4438-af47-d19dfedb36d4,WiNUP Fellowships,missing:provider_name,provider_name
13c69c45-921d-4755-bd99-9c3abd0f21dc,The Rick and Sherry Murray Medical Futures Scholarship,missing:provider_name,provider_name
13d047e7-6915-46fc-aa13-7f51a4108830,Asylum Seeker Scholarship,garbage_phrase,
13d3770d-3c39-4c20-a880-1fc88e3825b8,The KEDGE Business School Scholarship,garbage_phrase,
13e28cb3-4074-4a6a-a3e5-f7fadaa89230,CMU Sport Management Graduate Award,garbage_phrase,
13f3f0b3-0d22-4a0c-a4c6-89cb3b6d6fcc,Sustainable Agriculture & Forestry Scholarship,missing:provider_name,provider_name
140a67a4-1adc-40cd-b2e8-367c55c65600,Beta Sigma Psi - University of Illinois Christian Leadership Award,missing:provider_name,provider_name
1420cb58-825d-4b2b-b614-5c5620a8a3f0,Alpay Scholarship Exhibition,missing:provider_name,provider_name
1455b319-3506-42d1-b5b9-8b519abaf1b7,Dartmouth College - International Scholarship,garbage_phrase,
145c2e20-4f56-4e13-899c-5274e72575c0,Thomas D. Urmston Scholarship,missing:provider_name,provider_name
14620074-17cf-4594-8905-9c21ca320320,Chadron State College International Transfer Tuition Waiver,missing:deadline,deadline
146ad67e-7b18-4115-a9c7-fde95b976d29,Refugee Scholarship,garbage_phrase,
147414ba-c10c-4de4-8f17-619b7a2ad4ff,"IAPD Scholarship: Eligibility, Deadline, Application",missing:provider_name,provider_name
14748a70-50d3-44b3-8ab3-40c7e7039610,Business School International Postgraduate Scholarship,garbage_phrase,
14949f29-7c13-474b-87c2-02840709a2ed,Kappa Alpha Theta Scholarships,missing:provider_name,provider_name
14d554e0-15ec-422c-ba87-66e70ee49a8d,Tschudy Family Scholarship,missing:provider_name,provider_name
14fa694d-3200-47da-a9a8-2dd638bc7efd,AICPA Foundation Two-Year Transfer Scholarship,missing:provider_name,provider_name
14fc4268-cda6-4fac-aaa6-3f0a98194c18,German Parliament Scholarship Programme 2026 for Young Africans,garbage_phrase,
151535dc-976a-488e-8fe6-4cd29dcf2071,Sofia Blanco Scholarship for Childhood Cancer Survivors,missing:provider_name,provider_name
15355a32-ea58-453f-8b0b-9b9c7ca98105,AKA RDO EAF Scholarship,missing:provider_name,provider_name
153993e0-ac7d-40c9-9cec-bc5e6906b2c7,American Florists' Exchange Scholarship Guide,missing:provider_name,provider_name
156d877c-b870-4169-9773-62a393de1cba,Clem Hill Memorial Scholarship,garbage_phrase,
1573fc71-2738-4e1c-849b-494f02abd409,AISES A.T. Anderson Memorial Scholarship,missing:provider_name,provider_name
1590e9ce-0cda-44b4-9dbf-ed769dda69f7,Transform Together Scholarships,garbage_phrase,
1596c95e-cad6-4027-9dcd-bcad6c4a2287,Robert C. Prevette and Teresa H. Powell-Prevette Endowed Scholarship,garbage_phrase,
159a9217-6762-403e-b48b-871690b77df2,Kentucky Teacher Scholarship Program Guide,missing:provider_name,provider_name
15a4e8cc-7cb4-4b6c-b9c5-7d44de412704,"MSSA Scholarship Program: Eligibility, Deadline & Apply",missing:provider_name,provider_name
15a9d765-e4c1-4dca-801f-2a12d5302f21,"$1,000 Music Major Scholarship Eligibility & Deadline",missing:provider_name,provider_name
15c0be35-7a33-4b1e-8a99-dd058ea9ed2f,"National Merit Scholarships: Eligibility, Deadline, Application",missing:provider_name,provider_name
15fdc0fa-32e3-4378-810d-8c0214e28691,GdF Scholarship for Women in Business,garbage_phrase,
1602ae4a-c33d-4f4e-a91e-efc6323afc1f,MPOWER MBA Scholarship,garbage_phrase,
16156707-3e44-4e85-a6ca-c4cb8126dffc,Scholarship for Master program in Public Relations and Advertising,missing:deadline,deadline
1622e0ca-0d4b-40d3-8f11-f3aea57b026b,Kids' Chance of Florida Scholarship Guide,missing:provider_name,provider_name
164ad409-2549-490a-96e3-fd0e7ff251b0,The Andy Pearson Scholarship Program,missing:provider_name,provider_name
166ffcb3-53a2-4b19-bfb2-c492c93a720c,South Carolina LIFE Scholarship Program,missing:provider_name,provider_name
169c7d35-8268-4833-8960-d28414ce5483,Marcy Houses Memorial Scholarship Fund,missing:provider_name,provider_name
169da56e-c65b-48c7-8d56-30e2546c1c24,Staton Scholarship,garbage_phrase,
169f7256-df6c-4bd5-8823-1d914e236ad1,"Growing Up In America Art, Essay & Video Contest",missing:provider_name,provider_name
170b630d-7ace-406f-a7e7-cb4d32a2f6cb,Carl N. and Margaret Karcher Founders' Scholarship Program,missing:provider_name,provider_name
171301f5-a821-4ffc-8235-3d7e4ef25d22,"Straight ""A"" Scholarship: Eligibility, Deadline & Apply",missing:provider_name,provider_name
171ecdfb-08f8-4d8c-b3bc-4c5a1ae0f632,Fight The Flame CRPS Awareness Scholarship,missing:provider_name,provider_name
1727f7bb-e6ee-427b-8cc1-65176dfb1e39,Data Lab Scholarship for MSc Data Science for Politics & Policymaking,garbage_phrase,
1735ec48-e926-4eb4-96a6-855a75443b07,Charles H. & Esther P. Miller Scholarship,missing:provider_name,provider_name
17487a25-942c-495b-b469-e9101ab72d70,Summer Studentship Grant,garbage_phrase,
17825f40-f4ba-4a68-b7f0-89c5090a13a0,The Women's Empowerment Scholarship,missing:provider_name,provider_name
178e0c8d-f059-45c0-9c0a-7433fec13803,Holt College Scholarship USA 2026 Apply,missing:provider_name,provider_name
17adca09-1eec-4f4b-826f-3b4234a1c058,Graduate LLB Scholarship (Canada),garbage_phrase,
17bab147-5610-4819-b493-bad1fc930e7c,Roman & Jennifer Borrego Micro Scholarship,missing:provider_name,provider_name
180baef0-1d28-4ffe-be41-e59424b4d87a,Alumni and Family Scholarship (January 2027),garbage_phrase,
1813603f-81ef-4861-a22e-dca58a946c59,INSEAD Kung Family Scholarship,garbage_phrase,
1818213d-4df3-4bee-8b3a-74024e021471,GRCF Dorothy B. & Charles E. Thomas Scholarship,missing:provider_name,provider_name
181cc663-ef77-41cf-9e58-bf98449d2d06,New Jersey Tuition Aid Grant,missing:provider_name,provider_name
18285c71-eab9-4915-b18a-dc7b0c911be2,Research Training Program (RTP) Stipend,garbage_phrase,
185b59c7-e065-4b87-99eb-fea8552377b5,JCF Shirley and Robert Raymer College Scholarship,missing:provider_name,provider_name
186d86ad-4d04-40f9-93bc-df449295e39d,SJCF San Joaquin Society for Human Resource Management Scholarship,missing:provider_name,provider_name
187dd59a-a67d-48c5-9a1b-7de0f93ed269,Ed and Virginia Donaldson Surface Science Fellowship,garbage_phrase,
18b34c4e-e286-41e9-941d-65bebfd43a2e,Women in STEM Academic Scholarship,missing:provider_name,provider_name
18dafa30-ddb6-4fa8-b8ff-57111da63aef,Collaboratory Scholarship Program,missing:provider_name,provider_name
18ed2216-d728-4fa2-a0e7-ff5f1e57523c,Dr. Lorraine G. Spranzo Memorial Scholarship,missing:provider_name,provider_name
18f5ea2f-8f09-4d4f-8846-4fa83168d19e,Air Force Association Scholarships,missing:provider_name,provider_name
18f9efab-13bf-4bc2-8f4b-9ab120422d22,College Club West Scholarship,missing:provider_name,provider_name
191cb7c9-c451-4581-8546-821491fc36d0,"Karis S. (Powell) Woodward, RN Nursing Scholarship",missing:provider_name,provider_name
1954334d-129c-4ef9-9a4a-29df0ab258e1,Tiffanie Marie Dixon Scholarship,missing:provider_name,provider_name
1996f534-f9db-4d07-872a-cd7d5fe50db8,Florida Engineering Society High School Scholarship,missing:provider_name,provider_name
1a4e2aa6-34ae-4b7f-b414-4dfcb105e155,Afghan-American Community Organization Scholarship,missing:provider_name,provider_name
1a537caf-d583-41b9-9ce8-4d8fe4da56e7,Scholarship Program for international students - Livinfrance,garbage_phrase,
1a53889f-61f0-4213-95a2-6ffbc45b61e8,Wyoming LDS Foundation Scholarship Guide,missing:provider_name,provider_name
1a53ce92-a19f-440d-ab34-ed3da5e5f2c1,Global Excellence Scholarship,garbage_phrase,
1a570e02-1e1a-4596-b452-de8d791a885a,Northwestern Mutual Childhood Cancer Survivor,missing:provider_name,provider_name
1a5aa765-413e-43e3-8697-9d43a38415bc,Arnold W. Fritz Scholarship Eligibility and Deadline,missing:provider_name,provider_name
1a5dd53f-2157-4234-8f2f-587a173ae6ee,Parents With Passion Scholarship,garbage_phrase,
1a79eaed-f720-464b-a5c0-565d4788ae31,Joseph H. and Mildred C. McManus Scholarship Guide,missing:provider_name,provider_name
1a7f15c3-4b46-4dfd-8177-ef5e5b222133,Postgraduate Scholarship for Asylum Seekers,garbage_phrase,
1a9079a9-0a3e-4a07-a442-2a7076fbba8b,Data for Good Scholarship,garbage_phrase,
1aa49789-fe7a-4465-bb86-3b8818439faf,American Advertising Federation Pittsburgh Scholarship,missing:provider_name,provider_name
1ab5ffa6-1623-449d-a801-8bcf92799622,KDDI Foundation Scholarship,garbage_phrase,
1ac2be47-6c5b-4bb1-835b-4b988e2f8bfd,CVBIA Young Designers' Scholarship Competition,missing:provider_name,provider_name
1adaa91c-1998-44b4-9154-2853b1eb2dc1,Dinah and Jessica Nichols Scholarship,garbage_phrase,
1aee6b90-2a7e-443b-b7a7-b30eaf1ccda4,Istituto Marangoni London 20th Year Anniversary Scholarship,garbage_phrase,
1af6518e-6ec9-41ee-bba2-6b17fa12a95b,Drake-Williams Steel Scholarship,missing:provider_name,provider_name
1afa3839-028d-4da5-8bb5-5c3a751d3d55,Grand Traverse Alumni Chapter Scholarship,garbage_phrase,
1b70ca9e-6fa9-41e5-a19d-a232b0ffa407,The John Lepping Memorial Scholarship Guide,missing:provider_name,provider_name
1b8cb646-e0f5-4dc5-873e-8a9da8b69ca3,AAUW American Dissertation Fellowship,missing:provider_name,provider_name
1b991967-56be-4463-84f8-2bd3dfc42ece,Oskar Karl Forster Scholarship for Books and Learning Materials,garbage_phrase,
1baa9c6f-5ee4-4b8a-88a4-133a3c6af702,"ABA Member Scholarships: Eligibility, Deadline, Apply",missing:provider_name,provider_name
1bbc8e23-8ae3-401d-ac2a-c2689c4d6264,Cooke Undergraduate Transfer Scholarship,missing:provider_name,provider_name
1bbf4f1a-7f7c-4946-a5a6-6d3ee9b7f00d,The New School Competition,garbage_phrase,
1bcb52f0-0729-49d3-8ff6-639054f7dba7,Florida Rentals Annual Dream Vacation Scholarship,garbage_phrase,
1c13de4e-0a71-4cca-a239-7da4109c6d50,GyanDhan Engineering Scholarship,missing:deadline,deadline
1c190d47-281a-4b21-9b7c-08592f388f88,Oneness Scholarship USA 2026 Apply,missing:provider_name,provider_name
1c301bf0-1990-4c38-bc04-369f015db2ee,Jennifer Casey Alderman Legacy Scholarship Guide,missing:provider_name,provider_name
1c34a01d-8e88-4c61-96e6-3ed7197a66b7,Justin Troy Page Memorial Foundation,missing:provider_name,provider_name
1c5037f3-f6f1-4c7a-ab4b-6b96f9f91c15,American Australian Association Veterans Scholarships,missing:provider_name,provider_name
1c64af31-2a41-468f-a819-e469bbd92113,Carl del Signore Foundation Graduate Scholarships,garbage_phrase,
1c8bf73d-5ce3-43d1-a925-03f96bc9f4ab,Rockport Music Scholarship USA 2026 Apply,missing:provider_name,provider_name
1c9a0bfa-9bf1-4e61-89d0-93a9b23c75b1,Bushnell University Esports Scholarship,missing:provider_name,provider_name
1c9d8fdc-6120-4f60-a6e1-6d77938d03b0,TheJournal.ie MSc Management Online Scholarship,garbage_phrase,
1ca2b51e-5d80-4e0e-ab90-9c4f18ce17a0,Hendrick Scholarship Foundation,missing:provider_name,provider_name
1cbe9ae7-598a-4fcc-b83c-66970df6e68c,Society of Actuaries Hickman Scholar Program,missing:provider_name,provider_name
1cbf5521-0e0c-4df8-a0b3-691f539ab970,The Ernst Scholarship,missing:provider_name,provider_name
1cd19850-a95b-4bdc-90c6-8a06b99f18f6,Richard Allen Martens Endowed Scholarship for Military Personnel and Families,garbage_phrase,
1cd9bfb8-e9d7-400d-900d-0a82fd5b0536,Polish-American Arts Association,missing:provider_name,provider_name
1ce5bb45-f769-407e-8dbc-efd4dc205942,MSc Global Healthcare Leaders Scholarship,garbage_phrase,
1cedc6e3-9c9b-4ce5-a5d4-aeaf238b8884,The O’Neill School of Public and Environmental Affairs,garbage_phrase,
1d12359e-c0bd-461f-8519-04b3f06510de,American Indian Services Scholarship,missing:provider_name,provider_name
1d172a00-3c9e-41d7-805b-1089f6ff45cc,Illinois CPA Society Accounting Scholarship,missing:provider_name,provider_name
1d34bc67-f42a-4f4c-817c-b349a2dea338,Watson-Brown Foundation Scholarships,missing:provider_name,provider_name
1d4e506f-90e4-43ff-82a6-d439df7977f2,Sharda Hindu Scholarship,missing:provider_name,provider_name
1d6bc97f-cf77-432d-9952-99354f099c0b,Richard T. Gates Engineering and Technology Scholarship,missing:provider_name,provider_name
1d7c95b3-9192-42e7-a6ce-80fa4ad7117f,San Diego AEP Student Scholarships,missing:provider_name,provider_name
1d9b0e78-7682-437f-832b-dbbee09a930f,Tina E. Yeh Community Service Fellowship,missing:provider_name,provider_name
1dbd73c7-0337-4074-86d0-24fd793dfc2f,FAITH Scholarship for Academic Excellence,missing:provider_name,provider_name
1dc57d44-bc64-45ec-9497-05d047363af1,Med School Insiders Balance & Wellness Scholarship,garbage_phrase,
1dd20726-9d07-4a63-a77a-b8a65995b8d8,Murphy Memorial Scholarship USA 2026 Apply,missing:provider_name,provider_name
1dfb3060-3bd4-466c-a1cf-19f4ae9d1b79,Architects League of Northern New Jersey Scholarships,missing:provider_name,provider_name
1e3f1fd9-f4e3-474b-952f-c94420f5efa5,James E. Hornak Endowed Award,garbage_phrase,
1e4c882f-b6ab-4d7e-947f-d7d2f1daa5cc,Purdue Club of Southern Arizona,missing:provider_name,provider_name
1e7617b2-a455-40a2-8af3-7ce3bb0e4b77,TheDream.US Opportunity Scholarship Guide 2027,missing:provider_name,provider_name
1e844a34-a40d-4a8b-bf3c-7f641efa1987,Kids' Chance of Michigan Scholarship Program,missing:provider_name,provider_name
1e920230-d6a3-4cde-aef1-1aecd63cf33f,Thomas and Ethel Mary Ewing Scholarships (Travelling Research),garbage_phrase,
1ea5b35b-909e-4bb4-bc3e-9bfb827ce116,Education Studies Department Excellence Scholarship,garbage_phrase,
1eaa1a9f-dd99-48fc-8b1e-57b3d51710e4,Ray Muse History Scholarship,garbage_phrase,
1ebc8c5e-d198-4e9b-a7e9-e29f085f0903,Mas Family Scholarships,missing:provider_name,provider_name
1ef479d7-31ea-49b2-9519-eb8519305891,SigEp Western Carolina University Balanced Man Scholarship,missing:provider_name,provider_name
1ef7eb13-3fc1-439f-8155-1fcbbc40165b,FRC National Security Scholars Program Guide,missing:provider_name,provider_name
1ef97be7-b802-43d3-bbe8-8317565bda50,"Nat Moore Scholarship: Eligibility, Deadline & How to Apply",missing:provider_name,provider_name
1f132944-4350-4274-8396-40da3b35be37,Professor Barbara Raw Scholarship for MA in Medieval Studies,garbage_phrase,
1f1b7c3a-e0cc-43ea-b7a5-1607af25b84d,Gator Bowl Charities Award of Excellence Scholarship,missing:provider_name,provider_name
1f296ed8-7c87-4440-996a-c18340244642,Mississippi Tuition Assistance Grant,missing:provider_name,provider_name
1f2aebec-1840-4dc6-9183-7eb226d646dc,The Goddard School Anthony A. Martino Memorial Scholarship,missing:provider_name,provider_name
1f43032b-6764-455d-8793-06a8e796486f,The Alexander Mackie Research Fellowship,garbage_phrase,
1f93e2f4-8f00-430d-b4c4-5fe49287ef6b,The Bill Walsh Scholarship,garbage_phrase,
1f963822-9403-4c33-a3a2-533abf100f0d,ASNE Scholarship Program Eligibility and Deadline,missing:provider_name,provider_name
1f978dc6-cada-4430-b56e-e72fc304fb71,TFND Video Essay Scholarship Contest,missing:provider_name,provider_name
1fc8fd29-b0de-45b8-a849-fa94aafcea93,J & J Trujillo Memorial Scholarship Guide,missing:provider_name,provider_name
200f5e88-5fa2-4254-9483-42059cf76756,Count Basie Center's Arts Impact Scholarships and Awards,missing:provider_name,provider_name
202dc99a-0b49-4faf-86da-0f7143b5ad7b,"GRCF Armando ""Frank"" Quaglia Veteran's Scholarship Guide",missing:provider_name,provider_name
2053bd1c-e042-40d1-b012-a278e46e3016,Cutler-Sametz Choral Arts Scholarship,garbage_phrase,
20600313-3274-4169-bc24-f43b3d3aabad,Kristina J. Hutchins Memorial for the Study of Women’s Literature,garbage_phrase,
20664eee-51df-42a7-9361-43bfadb0dadc,Chevening - UK Government Scholarship,garbage_phrase,
20a12011-b835-444f-bf07-f19557547139,Tempe Diablos Scholarship,missing:provider_name,provider_name
20b82751-16fe-43e7-b139-c4a1712a5106,Mica Hammond Fund Education Reimbursement For Special Needs Fami…,missing:provider_name,provider_name
20ebc77a-a70a-42ff-be5f-36adde2867dd,Dr. Zuhair Ahmad Hassan Memorial Graduate Scholarship,garbage_phrase,
20f19aa4-4e97-4108-af01-ec09b728d954,Point Foundation Community College Scholarship,missing:provider_name,provider_name
20fc6eae-9b94-4b44-b93c-e55014f1e372,NC Education Lottery Scholarship,missing:provider_name,provider_name
2105a144-9e12-479b-bbaf-0a3d53f25330,Outdoors Communicators of Kansas Harper Memorial Scholarship,missing:provider_name,provider_name
21119672-b71b-4684-aaef-e6a92f18f17b,Sage IT Scholarship,garbage_phrase,
212582d3-d27e-429d-a7ad-7f7f67b9de6b,Chronic Boss Scholarship,missing:provider_name,provider_name
213840b7-d854-4835-82d6-cd907866e4f7,GRCF Peggy (Kommer) Novosad Scholarship Guide,missing:provider_name,provider_name
21666b0c-a3d2-4ac9-a66d-01bc20a6e42e,IWEA Environmental Career Scholarship,missing:provider_name,provider_name
2175a08b-fb54-4856-b294-e692bc16416b,English-Speaking Union Luard Scholarship,missing:provider_name,provider_name
218c310f-90bd-4595-955e-51f11b2bdd8c,GRCF Fred and Lena Meijer Scholarship,missing:provider_name,provider_name
21a0a336-a83b-43d2-83f9-d9c787b23610,Executive Transition Program Scholarships,garbage_phrase,
21caf394-6b1a-4354-83ff-c0644c09e1d4,Janet E. Henry Scholarship,missing:provider_name,provider_name
21d99aad-ab3a-4936-a17c-d29fc5f482ce,Santa Rosa Ninety-Nines Aviation Scholarship Guide,missing:provider_name,provider_name
2223d20f-6d59-4d3a-b996-df0f80c1f273,Balanced Man Scholarship - Stevens Institute of Technology,missing:provider_name,provider_name
223cc281-0ae3-487f-a53c-6563cf7f226c,Allamanda Garden Club Horticulture Scholarship,missing:provider_name,provider_name
223cd900-7652-4923-8159-f95970ec0a55,The Charles Mackie Scholarship,garbage_phrase,
22418895-cd21-4c25-a6cf-4582af5e7942,Hajja Razia Sharif Sheikh Scholarship,missing:provider_name,provider_name
22505381-6cb0-4e01-914b-1a72953c0cc2,Bourses Admission D'excellence,garbage_phrase,
225dbe22-9117-4b7f-b26f-6b92ee42b0a6,Vice-Chancellor's International Scholarship,garbage_phrase,
2282f2df-62a8-4430-a41a-8a5444c3865a,Banatao Family Filipino American Education Fund,missing:provider_name,provider_name
22889c5d-e7d1-42dc-b870-538073f9b104,Epilepsy Reach Education Scholarship Program,missing:provider_name,provider_name
229e0de6-b621-4c72-9e44-eb26671e05db,LGBTQA+ Fashion Scholarship USA 2026 Apply,missing:provider_name,provider_name
229f04e3-c338-4b09-974b-088d8b1832ef,"Kent LLM Solicitors’ Practice Scholarship (Canterbury), September 2026 entry",garbage_phrase,
22a8037f-a092-4b8f-bc15-9b3778f2a59e,Korean American Scholarship Foundation-Southwestern Regional Chapter,missing:provider_name,provider_name
22aa3f7d-07ee-4b1a-94a7-6cb106418997,International Masters Scholarship,garbage_phrase,
22b641c1-fcb1-4f6a-9c23-ba1e9e9e3c3d,Patricia J. Adkins Youth Leadership Award Guide,missing:provider_name,provider_name
22c96bc2-9a9b-4973-bda1-97864d16ebb8,GRCF Geraldine Geistert Boss Scholarship Guide,missing:provider_name,provider_name
22cad87a-efde-4ab5-b231-87f772f59e5b,International Academic Opportunity Scholarship,missing:deadline,deadline
22ce1f2f-901f-4f03-b72b-148a65c24649,AFCEA San Diego County Scholarship Program Guide,missing:provider_name,provider_name
230389ea-021d-4ee1-880a-0f40e1d46b79,ABA Diversity Scholarship Eligibility & Deadline Guide,missing:provider_name,provider_name
231eb880-e4f0-4ea3-bb60-94bbb072cd02,Renaissance Scholars Program,missing:provider_name,provider_name
235ca866-4715-45b5-9b0a-b01f044a9ed9,David F. Ludwig Memorial Student Travel Scholarship,missing:provider_name,provider_name
2361b68e-43c7-44d3-ad7a-3a01a3f68139,Dr. Juan Andrade Jr. Scholarship for Young Hispanic Leaders,missing:provider_name,provider_name
236df739-e267-4cf5-9548-1d4ffd0bf8d7,Pioneers of Flight Scholarship,missing:provider_name,provider_name
23795cca-a5d2-4f77-9c42-813f57549c23,Help America Hear Scholarship,missing:provider_name,provider_name
2393c154-d741-487f-b393-b4aaafa7c32e,CalendarBridge Future Innovators Scholarship,missing:provider_name,provider_name
239529f4-ca72-4d8b-966c-dc0ad37dbdbc,Barbara Huber Scholarship Program 2027,garbage_phrase,
23e071d9-26a5-4007-a265-a03dc54703b6,National Conscience Month Essay Contest,missing:provider_name,provider_name
2400f545-03a3-4fdd-90d6-e5a6c693e461,Berea College No-Tuition Promise Scholarship,missing:provider_name,provider_name
24227d42-fc43-4c9d-9c4f-3d64caa92d8d,Tilford and Jane Gribble Memorial Fund,garbage_phrase,
24273bc8-952d-4e41-b780-4fd219cddada,Academic Achievement Scholarship,missing:deadline,deadline
2436341a-391b-47cd-8a3f-29017dac060d,WISE (Women in STEM Excel) Scholarship Guide,missing:provider_name,provider_name
243cb400-7a6d-4235-9d81-9902318fe3eb,ANU Law Careers and Employability Travel Grant,garbage_phrase,
243de38e-29a2-493e-8127-a915f138a651,Momeni Foundation Scholarship USA 2026 Apply,missing:provider_name,provider_name
244aa507-712f-4388-9df1-d8265aeaf4c3,Ohio News Media Association High School Journalism Scholarship,missing:provider_name,provider_name
2468fa39-54ea-4b68-b6cd-0524a8f7d921,Kids' Chance of New York Scholarship Guide,missing:provider_name,provider_name
249c992b-7d0e-447e-b7ca-0a3fe220ad78,National Scholarship Programme Of The Slovak Republic for Master Students,garbage_phrase,
24d0116e-d97e-47e4-926a-44156a78d378,The John F. & Edith L. Wilsterman Foundation Scholarship,missing:provider_name,provider_name
24d89c75-caae-47f9-a950-0e43275576a6,Thomas F Baldwin Endowed,garbage_phrase,
24eeb0fb-ca40-4166-ac66-b933180e90ad,Student Volunteer Award,missing:provider_name,provider_name
24f31e45-f877-47e1-857a-0c388f00041c,Kenneth & Margaret Deane Scholarship,missing:provider_name,provider_name
25079f7f-5fd0-4247-8006-c2d563479bf2,IIT Transfer Student Scholarships,missing:provider_name,provider_name
250d7e57-e7d4-426f-bd04-06ac21f0a002,Goldsmiths International Postgraduate Scholarships,garbage_phrase,
252e799d-fecf-42b1-9b8e-58952d0d0099,University of London Scholarship,garbage_phrase,
2546863a-8e49-42c0-8903-8b4782bdc2af,Undergraduate International Excellence Award,garbage_phrase,
254e6162-6867-45e5-aa55-fa6657e1581f,The ISA+21 Airline Type Rating Scholarships,garbage_phrase,
258f0366-dfaa-4910-b02a-fe5b30dd3ce0,CMAA Mid-Atlantic Chapter Scholarship Guide,missing:provider_name,provider_name
259d0705-f05c-4136-b93f-5fa1fe9a13cb,Be the Change the Veterinary Profession Needs Scholarship,missing:provider_name,provider_name
25ae691b-45e2-45cc-89b9-dc29d608da4b,International alumni discount for Medicine (Graduate Entry) BMBS 2024 entry,garbage_phrase,
25c2155b-30b1-4131-9f14-0bc19d34761c,Deborah T. Killinger Scholarship,garbage_phrase,
25e2ba41-dc56-4bda-8066-ae661abf9101,McDonald's TMCF Black & Positively Golden Scholarship,missing:provider_name,provider_name
26215590-5683-4e70-9555-c051f901aee8,Research Paper Contest For Everyone,missing:provider_name,provider_name
262fccb4-2ed2-4562-b32a-465e719b42a8,Bobby Phills Scholarship Fund,missing:provider_name,provider_name
264e6691-5b90-4dba-8f6b-430da910b1b2,Saint Martin's University International Student Merit Scholarship,missing:deadline,deadline
2665b630-4d93-441d-ba4c-ff74947e21b1,Religious Liberty Essay Scholarship Contest,missing:provider_name,provider_name
266a8413-4496-42e7-a9b7-77db5dbd043c,GRCF Orrie & Dorothy Cassada Scholarship Guide,missing:provider_name,provider_name
266b069b-ceb5-453b-bf86-55e2442371f5,Linda Craig Memorial Scholarship,missing:provider_name,provider_name
26806646-f197-4b69-82ae-83ee4767e48e,GRCF Stephen Lankester Scholarship,missing:provider_name,provider_name
268f656f-58f4-40a7-a12f-d2cc5e42e3a7,The Amirana Scholarship,garbage_phrase,
26aec74f-6975-4468-aa87-ca21006af444,Thomas and Ethel Mary Ewing Scholarships,garbage_phrase,
26b74a91-8a66-4005-a582-edd4e697a8d0,Rikkyo University International Student Scholarship,garbage_phrase,
26e0f781-2e23-4dba-abb5-584e550c6405,WSOS Baccalaureate Scholarship Guide and Deadline,missing:provider_name,provider_name
26eccacb-1ccd-4fa1-acea-4e9b713c25e4,Herman J. Neal Scholarship Eligibility & Deadline,missing:provider_name,provider_name
26ef1c6b-ce3b-4916-9b1f-a03453476c76,MCA Failure Fair Scholarship,missing:provider_name,provider_name
270a201e-7172-4402-a0bd-c14c6670c544,Discretionary Fund,garbage_phrase,
270d2872-8096-4f7f-a659-872ce7dd0996,Arne O. Lindberg Scholarship,garbage_phrase,
2716d231-4145-4c3b-9a9a-2a3290f374b9,Germany Scholarship (Deutschlandstipendium),garbage_phrase,
27230931-aa91-484d-bc23-261982e47831,MBA Impact Scholarship,garbage_phrase,
27554250-6632-4aa4-8fe7-3aafd5d09dea,International Student Award,garbage_phrase,
27562493-6b90-4a83-aa0f-8d67965bca07,Bob Peart Graduate Scholarship in Terrestrial Parks and Protected Areas,garbage_phrase,
27a8f407-b321-4a11-af2e-3484811448b7,Burt & Becky Whedon Memorial Scholarship,missing:provider_name,provider_name
27bb058f-28a5-44b8-aaeb-b242bae5a7c1,Unpublished Writer's Award,missing:provider_name,provider_name
27bbabce-59d6-48bf-862e-dabf4e8cf071,Florence McKenzie Chair,garbage_phrase,
27c1cbcf-3d51-40a2-a615-587ea277f794,Scholarship in Memory of Michalis (Mike) Polydorou for Master/PhD Level Students of Computer Science,garbage_phrase,
27c32b42-eb8e-46ec-b78c-f97a6a637c30,HSF Scholarship,missing:provider_name,provider_name
27d196f7-103b-4540-a434-8be48ec8b216,Pursuit of Excellence Scholarship deadline 2026 USA,missing:provider_name,provider_name
27ea50f3-9a45-4b55-8eb6-a6469183abac,Ralph G. Norman Scholarship,missing:provider_name,provider_name
27eca22e-2961-4407-a901-0968a59e1e43,The Hardship Fund,garbage_phrase,
280a9c37-4651-44fd-848c-ab8e7fa968f3,Haberman Fund,garbage_phrase,
281632ae-ae03-400c-8c35-62be83170bcf,Elks National Foundation Emergency Educational Grants,missing:provider_name,provider_name
2826c27f-61d1-45eb-9825-12199381afcc,WPS Technical College Scholarship,missing:provider_name,provider_name
282aeeb6-fdd8-407a-b956-99c3c1dc2942,BBB Chicago Educational Foundation Scholarship Guide,missing:provider_name,provider_name
288e3f05-7352-4ff6-99c1-7f780b638d0b,GeneTex Scholarship Program USA 2026 Apply,missing:provider_name,provider_name
28934d42-eadb-46c5-809e-fe41e772aea7,Mary Mallon Memorial Scholarship,garbage_phrase,
28c27def-1b89-4459-b4c2-20236f5d9c01,Costco Employee Scholarship,missing:provider_name,provider_name
28c34419-e95b-4d4a-ad02-bd6e882f4679,Massey University Doctoral Conference Grants,garbage_phrase,
28c7e32c-5444-4513-bd11-084bf453d587,"Centro Legal Hispano de Las Vegas Drive Smart, Live Safe Scholarship",garbage_phrase,
28c9f391-9378-4f14-9c3a-588f7de146ff,Richard K. Degenhardt Belleek Collectors' Scholarships,garbage_phrase,
28c9f39e-e205-4cde-9f41-772dabc86c7d,Chevening Scholarships,garbage_phrase,
28e6eee5-54ca-4b26-968b-712970016663,ISNA Dr. Abdulmunim A. Shakir Scholarship,missing:provider_name,provider_name
290aa779-a153-41ff-abf8-01c9c1b84554,Mount Laurel Garden Club Scholarship Guide,missing:provider_name,provider_name
29201db3-c6a5-46d5-98dd-427e9f5b6504,Eric W. Peet Memorial Prize in Medical Ethics,garbage_phrase,
2922b3f5-8333-41d1-94ec-57b6ac7fb736,CBA of GA Julian & Jan Hester Memorial Scholarship,missing:provider_name,provider_name
292b765d-3eb0-48ca-9496-9d10e0230d73,BPW Virginia Ruff Scholarship for Continuing Education,missing:provider_name,provider_name
29368c7e-89f5-4f38-99e5-3e23ea97e62b,Beyond the Cure Ambassador Scholarship,missing:provider_name,provider_name
295cde85-c88a-4ff0-acfb-8608cc7623a4,Tom and Maureen Fairlie Scholarship,garbage_phrase,
2965bc67-d6eb-4977-ab57-d86d45a02568,International Ambassador Scholarship,garbage_phrase,
299a40ea-4231-4fab-9aa7-438a415e6610,PlagiarismSearch Essay Contest,garbage_phrase,
29ac5670-1691-4e33-8b26-d7c72bdab808,Fund The Future Youth Scholarship,missing:provider_name,provider_name
2a111485-c700-4731-9d5d-ae712cfee7de,Richard R. Tufenkian Scholarship Details,missing:provider_name,provider_name
2a36874c-ec8b-4b6d-8cf4-261008d3d0cf,Foundation for Jewish Philanthropies Academic Scholarships,missing:provider_name,provider_name
2a3a99a6-a960-4044-8aad-e7f2005f3906,TheDream.US National Scholarship Guide 2027,missing:provider_name,provider_name
2a3c90e9-1eee-41c9-a154-23bcf805a3b5,SWE Golden Gate High School Scholarship Program,missing:provider_name,provider_name
2a40db19-0552-41ab-b0fa-c958e66e9024,Ohio JCI Senate Foundation Scholarship,missing:provider_name,provider_name
2a45a4d9-0d53-4068-b44e-3221916df782,Royal Canadian Legion Masters Scholarship in Veteran Health Research,garbage_phrase,
2a4d4e7c-16c8-48de-9b44-2648be3504f4,NRA Civil Rights Defense Fund Youth Essay Contest,missing:provider_name,provider_name
2a8596a9-524b-4e97-a366-3eeb9abb1ce5,New Zealand Plant Protection Society Conference Travel Grant for Students,garbage_phrase,
2a876169-f23a-4cec-bf31-50248fd12642,Montana Space Grant Consortium Graduate Fellowships,missing:provider_name,provider_name
2a915eaf-35bf-4f27-ac29-9a267f58065b,"Paul S. Mills Scholarship: Eligibility, Deadline, Apply",missing:provider_name,provider_name
2a9d2ecd-db3b-4f81-8724-640e1d1c6662,Tom Behm Award,garbage_phrase,
2aa19bbb-99a7-4a18-9bf0-5df186896ce3,Scholarship for the most promising self-funded freshmen,garbage_phrase,
2aa8a91c-3c9a-495a-b4e9-ccbc206d36d4,Lift Up Our Voices Scholarship Guide & Deadline,missing:provider_name,provider_name
2aa90292-f48d-4afe-95d6-7cf405e3dc4b,James T. and Rose M. Perryman Family Foundation Scholarships,missing:provider_name,provider_name
2aba1fbf-e8b7-42e3-9b9d-281c5121444f,The Brooke Elaina Thomas Memorial Scholarship,missing:provider_name,provider_name
2abe14a8-0681-4746-9c8f-320878c97829,East Kings County Alumnae Chapter Scholarship,missing:provider_name,provider_name
2ac79f7e-376d-4511-872f-4985754bb031,ASCE New Hampshire High School Scholarship,missing:provider_name,provider_name
2afcea96-6654-47fe-ab95-8aa5d0c51572,Paul L. Beckett Fellowship in Public Administration,garbage_phrase,
2b06bd74-82ac-4a83-82b5-9fcd1fbbcd63,Take Care of Texas Video Contest,missing:provider_name,provider_name
2b0a7efd-b713-4f90-8839-5599bfbc793c,Adventuresinlove4Andie VEDS Scholarship,missing:provider_name,provider_name
2b109ff0-52ac-4cdf-bd29-b583b7b6cb5a,Early Application Discount,garbage_phrase,
2b3d7bf4-923a-4c2f-ac4d-c4ad12d40be5,Alabama Environmental Health Association Scholarship,missing:provider_name,provider_name
2b462a98-e938-49de-af24-2dc3ae275b27,Massey University Master's Research Scholarship,garbage_phrase,
2b91f2d9-a0b1-4892-aac4-e5aba91f6650,CFMA Portland Chapter Scholarship,missing:provider_name,provider_name
2b985298-c3f5-4b8d-8143-c18dcd674eb1,Chinese Government Scholarship - Type A,garbage_phrase,
2bae7482-3990-4e1f-b99c-8cc469a5a1d8,Cornell University Grant,missing:provider_name,provider_name
2bb6f028-adfe-4597-b508-91f577b0bac4,Beth Carew Memorial Scholarship,missing:provider_name,provider_name
2bc88aad-76ed-490a-8b15-836cd27b4814,The Vice-Chancellor’s Excellence Award for International students - September 2024,garbage_phrase,
2bce8910-442a-4f33-95bb-e3cf23531f47,Delete Cyberbullying Social Media Scholarship,missing:provider_name,provider_name
2bd976b9-3ef0-41f2-8aae-6f91f78aec9b,Explore America Travel Scholarship,missing:provider_name,provider_name
2bdf603c-1add-476a-82e3-973dc0394394,The LasikPlus “My Vision” Essay Scholarship Contest,missing:deadline,deadline
2bf9fad0-faf2-4276-8531-3e2057c3b51d,Annual Sphinx Competition Scholarship Details,missing:provider_name,provider_name
2c11e0a2-f836-415d-9d01-139e9b7b0dc1,BLK Men in Tech Scholars Program,missing:provider_name,provider_name
2c5b0bcd-3a5f-4682-a11b-74eca2eed8fe,BBB Students of Integrity Scholarships,missing:provider_name,provider_name
2c5c9a17-8563-409b-8dca-abfa0a37f3bf,New Hampshire Higher Education Scholarships for Orphans of Veter…,missing:provider_name,provider_name
2c605643-ae6c-4c2f-900f-94d0da3c7634,Lorenz Family Inclusion Award,garbage_phrase,
2c681de9-39e8-4c95-a72f-6475e3385f23,Alumni Engagement Innovation Fund 2026,missing:provider_name;garbage_phrase,provider_name
2c82a55a-43c1-4f88-be6f-e231fc2bac9f,NJCTS Youth Scholarship,missing:provider_name,provider_name
2ca72f07-17e1-414e-bffc-79859a576716,Balanced Man Scholarship - Indiana University,missing:provider_name,provider_name
2ccefbf8-163f-4ae7-b603-a3b1ace56432,Ernst Walter Nennemann Scholarship,missing:provider_name,provider_name
2cf9cdee-1414-4fac-8585-4636f21ffaa2,Sussex Graduate Scholarship,garbage_phrase,
2cfde760-3d41-419b-9563-68a93c6417b9,The Barrows Family Scholarship Fund,missing:provider_name,provider_name
2d5e8fab-a300-4648-aebc-4039df875d6c,American Wine Society Educational Foundation Scholarships,missing:provider_name,provider_name
2d781b9c-a3f0-4e47-bd6c-8a0c1efa0f5d,MBA Achievement Scholarships,garbage_phrase,
2d9b4aa7-8ba0-49ec-9537-8f0ec1ed240a,GRCF Altrusa International of Grand Rapids Scholarship,missing:provider_name,provider_name
2dea2953-87dc-465c-955c-b3fe72ed4dbd,Pearl Elegance Foundation Scholarships,missing:provider_name,provider_name
2e098f43-65da-4878-a17f-5572790db0d3,JCF Nathan J. and Virginia H. Friedman College Scholarship,missing:provider_name,provider_name
2e1a538b-18ca-4780-ba71-8d335b69fcfa,The Graydon & Myrth Fox Scholarship,missing:provider_name,provider_name
2e35baaf-fbdc-4689-a559-3f3728201a8e,Don E. Neuburger Memorial Scholarship,missing:provider_name,provider_name
2e57b913-e481-433c-aa49-351f9494215f,Georgia HOPE Grant Program,missing:provider_name,provider_name
2e711ea1-b327-4e95-9e67-381f1ec6acc5,Ambassador of Aloha Scholarships,missing:provider_name,provider_name
2e81e378-da40-4de5-92ad-388e036676f0,Korean American Scholarship Foundation-Midwestern Regional Chapter,missing:provider_name,provider_name
2e92e29b-ca75-48aa-9065-456e1f9f8f60,The Sekforde House Trust Scholarship,garbage_phrase,
2e964219-71d6-4d9e-9bec-dbe6e07985e6,RMHC Scholars Scholarship Program Guide,missing:provider_name,provider_name
2e984703-d9eb-4187-b09c-d5a920fdcdd0,GRCF Christine Soper Scholarship,missing:provider_name,provider_name
2eac50bf-4a6c-420f-998b-533211f606d7,"NYS Memorial Scholarship: Eligibility, Deadline, Apply",missing:provider_name,provider_name
2ecfc81a-b288-42c3-9dc4-badd3a0e22d5,Ivy & Pearls Scholarship,missing:provider_name,provider_name
2ed98d48-72d3-4a7b-9dd0-263e539c3264,Ashtabula County Agricultural Scholarship Fund,missing:provider_name,provider_name
2edc3f3a-3bda-4832-8bac-0ef4f2fa583c,HACU & Southwest Airlines ¡Lánzate!/Take Off! Travel Award Program,missing:provider_name,provider_name
2ef3841d-848a-4724-958c-3d5c90d818eb,"ACEC California Scholarship: Eligibility, Deadline & Apply",missing:provider_name,provider_name
2ef9e19b-975c-4071-858a-9a570a1608a4,Middle East History Research and Scholarship Fund,garbage_phrase,
2efcbbe9-10bf-4682-acb8-25dd6d1f41e2,AU Graduate Level Student Bursaries,garbage_phrase,
2f1a3fb7-ebe9-443d-bd0c-847058412117,Australian Government Research Training Program (RTP) Scholarships,garbage_phrase,
2f271555-2754-45ed-9442-20a5eba590aa,University of Miami Ronald A. Hammond Scholarship,missing:provider_name,provider_name
2f2859b6-f17d-4845-a8c7-f27f248d91b4,Change Your Path Award,garbage_phrase,
2f3ea2e3-6345-491b-bdfd-4c2c28154f53,Virtual New Life Ministries Scholarship,missing:provider_name,provider_name
2f62cfab-f0e5-489f-af99-74045e6b4ac7,Eileen Kraus Scholarship,missing:provider_name,provider_name
2f7a1ebf-efd8-49d4-bf63-6384ed63e9e2,Marguerite Black Memorial Endowed Scholarship,garbage_phrase,
2f82fa3f-1a45-4a33-b472-708d1e72a500,International Partnership Scholarship,missing:deadline,deadline
2f94ad34-bc3f-4d51-9873-ab12a3aa43da,Houston Livestock Show and Rodeo Go Texan Scholarship,missing:provider_name,provider_name
2fcf3e58-33ec-4647-8992-e586036a5bbb,Glenn A. and Jane L. Grad Scholars Endowment,garbage_phrase,
2fe60645-d526-4d9c-94e2-aa3a43847b2b,Friends of the California State Fair Scholarship Program,missing:provider_name,provider_name
2fe652cf-4647-442e-bd67-7eb6ca899291,"Women in Sports, Tech & Entertainment Scholarship",missing:provider_name,provider_name
2ff4e3b4-83a6-4534-8073-ebaba7c0dc33,International Security Policy Scholarship,garbage_phrase,
30083a32-c251-4f01-a0de-0b43e981d1aa,Wells Fargo Team Members Dependent Children Scholarship Program,missing:provider_name,provider_name
301f55a7-b6a2-4bea-a005-c0abeb28e3ab,VFW Sport Clips Help A Hero Scholarship,missing:provider_name,provider_name
304d2df4-42c9-4947-b07e-e2103dc7bb25,Edward T. Conroy Memorial Scholarship Program Guide,missing:provider_name,provider_name
304ef818-689b-45c2-8db5-544ef71c08d8,Hindu Temple Educational Scholarship Program,missing:provider_name,provider_name
3059819e-b82d-4d83-8abd-24a94197ae74,Nan and Leon Gundersheimer Endowed Scholarship for Educators,garbage_phrase,
3069ff12-094e-4fae-b0c1-343a30adb999,Spanish Language Journalism Master's Scholarship,garbage_phrase,
307b0d99-33d3-4049-90fe-098b3a6ad78b,Stanley Sinclair Bequest Scholarship,garbage_phrase,
3090a79e-8215-4587-9617-8eb6de64c257,Vice-Chancellor International Excellence Scholarship,garbage_phrase,
309b9d5c-9444-4d00-b19d-4c880275dbcd,OnenessRun Scholarship USA 2026 Apply,missing:provider_name,provider_name
30a0a6b5-654c-45ae-b525-27b88576fbb5,Hill County Master Gardener Scholarship in Horticultural Studies,missing:provider_name,provider_name
30b3a67f-fe00-436e-aac4-56e435677e04,JVS Chicago Scholarship Program: Eligibility & Deadline,missing:provider_name,provider_name
30e1e474-a2bd-4e8b-9d61-92bafe93e2e9,Dr David Perel Medical Scholarship,garbage_phrase,
30e74919-fd35-4501-84e7-fd308feb37b6,"The Kevin McManus Law ""Overcoming Adversity Through Sports"" Scholarship",garbage_phrase,
30f23e90-e1fa-4be2-9237-5a1f7f9a7bc1,Carolyn Wilson Dialysis Patient Scholarship,missing:provider_name,provider_name
3124165f-82bb-4e60-9357-b0d618aa0e79,The Rotary Club of Wellington North Inc Scholarship Awards,garbage_phrase,
312b406e-a998-4065-bccd-f0e26df8f3cb,Gertrude E. Hasbrouck Memorial Scholarship Guide,missing:provider_name,provider_name
313af0eb-9e71-4ad4-a69f-8af8045c05cb,Keisha Y. Brown Angel Wings Fund,garbage_phrase,
3142bff9-5349-43fa-9655-5bfab17bbb4a,Bayar Fellowship,missing:provider_name,provider_name
316880f9-9d9a-4b97-9fc4-46d2085a7c5e,William Hills Scholarship,garbage_phrase,
318d0f6b-5924-4afb-b650-d7187948a548,JCF Brandenburg Education Scholarship,missing:provider_name,provider_name
31a23cf2-26d3-4031-ba59-8ee87a60636c,NCAIED 40 Under 40 Awards USA 2026 Apply,missing:provider_name,provider_name
31bbec14-3da0-4645-b2e5-7c399110dc4a,"Achieve Atlanta Scholarship: Award, Deadline & How to Apply",missing:provider_name,provider_name
31bea4a3-2903-4f27-b61e-ce5dec4c0a24,Bart Pitman Music Scholarship,missing:provider_name,provider_name
31cb9ac1-74eb-463f-853f-1129a2138d21,Twins Days Festival Twinsburg High School Scholarship,missing:provider_name,provider_name
31d3a1b8-b2e2-40f2-8cb4-6f6f5980121d,HGP Essay Contest,missing:provider_name,provider_name
31e0aea5-1b84-4405-aa27-2666967eca76,Felician College Phi Theta Kappa Scholarship,missing:deadline,deadline
31fa120e-49d7-4666-81c4-cee278743de6,Scholarship in Regolith Science,garbage_phrase,
32052bd8-d843-4c85-9bdc-6380f22b8a65,PAMS Laraine Forry Memorial Scholarship Award,missing:provider_name,provider_name
321be722-9abd-46fa-884c-66a7e411aad7,"ACB-Ohio Scholarships: Eligibility, Deadline, Apply",missing:provider_name,provider_name
322c025c-86d3-46d7-9281-1e9133e9f2ce,Merit scholarships for international students enrolled at Universität Hamburg,garbage_phrase,
324e55fe-896e-4236-8292-f96ccaa2bbec,Beaty Martinez Foundation Scholarship,missing:provider_name,provider_name
325738d6-e001-451e-8012-a19bc5284e89,Kylie Murray Memorial Flight Training Scholarship,missing:provider_name,provider_name
325e7d69-a951-42df-bf41-6de86535eda8,Prince of Wales' Cambridge International Scholarship,garbage_phrase,
327254ba-891b-4ca9-8498-c214f27202a5,Felician College ACES Alumni Scholarship,missing:deadline,deadline
329687a3-41cd-469b-b393-1bed43352e25,Economics Excellence Scholarship,garbage_phrase,
32a15d95-0f3f-4cf7-b1c2-8e047c2a363f,Fintech Innovation Scholarship,garbage_phrase,
32a2b46b-b7a0-4e9c-9823-d7bcf8bee04c,Chevening Scholarship,garbage_phrase,
33014f57-078e-4b1e-932d-8750bb6c9e9f,Sybil Brooks Carlton Scholarship,garbage_phrase,
330e6acb-2d92-4bb3-92fe-4f2a7faea280,Blue Umbrella Waterproofing & Foundations Scholarship Fund,garbage_phrase,
33108405-4cb6-4566-93c9-85c4b82633b3,College Photographer of the Year Award,missing:provider_name,provider_name
3310e2f9-2733-48b1-9fab-991282cf0784,Keynote Emerging Artists of Promise (KEAP) Awards,garbage_phrase,
3319c9fc-b261-4890-a61b-30787599eeaa,Washington State PTA Scholarship,missing:provider_name,provider_name
331a77f8-a6db-4610-8b72-4e87a95f8b23,International Student Scholarship September entry,garbage_phrase,
332f5d5b-2199-4682-8d85-71f8a53d6521,LCU's Scholarships,missing:deadline,deadline
333fa041-f47a-40cc-a70a-adea27749295,The Phyliss J. McCarthy Scholarship for Excellence in Writing,missing:provider_name,provider_name
335725be-5a1e-4f62-a38e-897808ed55e5,M.R. Hellie Memorial Scholarship,missing:provider_name,provider_name
3358f10d-1454-4413-bc02-39fa83fab473,Ralph W. Shrader Graduate Scholarship,missing:provider_name,provider_name
3388120d-e022-46c2-9a0e-b067f8d8f5d1,John Deere Dealer Scholarship Program Guide,missing:provider_name,provider_name
33a1aee9-a151-4cdb-97d8-341a5711a323,Dick Martin Scholarship,garbage_phrase,
33c46e09-a074-4ab0-b3a9-957299c2e3e8,Allegheny County Medical Society Medical Student Scholarship,missing:provider_name,provider_name
3405a8a6-afb2-4a9a-87e0-156dcb9df45a,COFEM Mexican American Dream Scholarship,missing:provider_name,provider_name
342c295c-9d7e-4220-8455-12e7b57a25f6,Mature Students Hardship Fund,garbage_phrase,
343bd6f1-3f91-4507-ab50-05364af22e34,International Recruitment Office Scholarship,garbage_phrase,
343c3681-17bb-443c-a027-af1a40c944d4,Duke University A.B. Duke Scholarship,missing:provider_name,provider_name
343e81d1-8b46-4481-941d-9fd7c47a700e,Peter and Nan Liubenov Student Scholarship,garbage_phrase,
34625fda-0154-4d74-93db-f466b665e3a1,Better Business Bureau of Delaware Student Ethics Scholarship,missing:provider_name,provider_name
3468a39a-3496-4ed9-a284-405bc5b47372,BBB Student Ethics Scholarship Award - Connecticut,missing:provider_name,provider_name
3488de74-83b9-4f8c-83a5-1032ee2a66a1,ACF Woodcock Family Education Scholarship Guide,missing:provider_name,provider_name
348b2ecf-e0d7-4f7a-b077-3876aadf92b4,"Michael ""Gio"" Giordano Helping Professions Award",garbage_phrase,
34a71c98-a6dd-42d2-864b-06e952146d21,Farm and Ranch Depot Scholarship Program,missing:provider_name,provider_name
34aedd85-ffb6-41c8-8757-a7d6e89a0085,Central New York STEM Scholarship Guide,missing:provider_name,provider_name
34b6d692-4ffb-423f-aaa6-9ba6ff65ccaa,Bath Global Excellence Scholarship,garbage_phrase,
34cd3c98-efbc-4715-84d4-e695c2b6ad84,Sara Scholarship USA 2026 Apply,missing:provider_name,provider_name
34cd6b53-809a-4df1-8ddd-9d0b403ac515,Incline Friends Scholarship Program,missing:provider_name,provider_name
350b0eb4-0285-4a00-bed5-f02937e37e7c,Anchor Scholarship Foundation,missing:provider_name,provider_name
351a1ede-a3d5-49a2-9bc5-a614885ef83f,Nicholas A. Pennipede Memorial Scholarship,missing:provider_name,provider_name
352ace76-5302-43d6-b201-f349b282aaf6,Mildred Sorensen National Scholarship,missing:provider_name,provider_name
353759d3-8eb9-4caf-8351-af49e90a23c6,McDonald's Tuition Assistance Scholarship Guide,missing:provider_name,provider_name
353c59d1-8797-47e7-8d2d-e3b51b6771e0,"Clarence ""Big House"" Gaines Reynolda Rotary Scholarship",missing:provider_name,provider_name
35433226-0519-4418-8c83-b9a618fc173e,FOZA Scholarship for Maternal Mental Health Awareness,missing:provider_name,provider_name
35a95a89-cfb2-46e9-8156-1b0cec88a55c,AWS John C. Lincoln Memorial Scholarship,missing:provider_name,provider_name
35d292df-f105-4974-ad26-10d685e50cc1,North Carolina Space Grant Undergraduate Research Scholarship,missing:provider_name,provider_name
35de3182-3655-44a6-b83f-7c0f37743728,OISS scholarship,garbage_phrase,
363c51d9-cc52-4967-b033-9b993cf17444,Elizabeth R. England Visual Arts Scholarship,missing:provider_name,provider_name
36653e64-79ad-4506-aac7-59211da42458,Master of Commerce Scholarship,garbage_phrase,
3690b68d-45a4-447e-a35e-8f5df9fdaf9b,FCI Agriculture Scholarship Program,missing:provider_name,provider_name
36a61696-fc90-47c0-8fb2-16d65285efb2,Think For Yourself,missing:provider_name,provider_name
36d711c8-fa68-404c-a868-44bc36e04909,Mel C. Marshall Student Scholarship,missing:provider_name,provider_name
3706927a-e9f2-40f0-8915-1a6a3bb43184,Fisher House Foundation Scholarships for Military Children,missing:provider_name,provider_name
3728f402-e4d3-4b40-8748-7a78d2698af6,Brittany Bowers Beauty & Brains Scholarship,missing:provider_name,provider_name
374606ad-bf1f-4ee0-a394-d47e97b3e53c,Stelios Scholarships,garbage_phrase,
376cee31-8bc2-4426-b0e6-388d60b8274c,Oü Skeleton Technologies Master's Study Scholarship,garbage_phrase,
378794af-a795-4b81-833b-cd0c59aff12f,"Myrtle Siegfried, MD and Michael Vigilante, MD Scholarship Fund",missing:provider_name,provider_name
379d95c3-01ae-46eb-a373-9c97cec60b89,Rangitaane O Manawatu Scholarships,garbage_phrase,
37ac6dd0-3691-4f4d-b85e-106f3fbc6061,Stipendium Hungaricum Scholarship Programme,garbage_phrase,
37ca09e6-59f3-4206-9d30-7e3197e608d0,William D. Aiken memorial Scholarship History,garbage_phrase,
37e7ffe5-6e7a-46d5-a32a-decfee982608,Delaware Scholarship Incentive Program,missing:provider_name,provider_name
380c76f9-12b8-4243-b0c7-580e01f8ec01,University of Southern Indiana International Merit Scholarships,missing:deadline,deadline
38140e7b-dd2d-4645-8c3d-5a9ca7d2ff2f,George and Alice Gallagher Scholarship,garbage_phrase,
38149600-48c7-4ed5-9803-2a318351f927,American Legion Baseball Scholarship,missing:provider_name,provider_name
384a7f3c-97cf-4f0c-94c8-1ec0519bef22,Scholarship for Online Programmes,garbage_phrase,
384c7e99-ab62-43b2-bc8a-db6c41006ef6,NZDA National Game Animal Research Fund,garbage_phrase,
38539415-5f43-4fa5-9c42-5229c535a65f,SJCF Robert & Catherine Lagorio Scholarship,missing:provider_name,provider_name
385e9946-9efd-49e5-b4a3-a8cee51771d4,Jerry Dominguez Scholarship Fund Details,missing:provider_name,provider_name
387d8422-ed7b-406b-9db3-7f63db61520f,"Omics Discovery Grant: Eligibility, Deadline & How to Apply",missing:provider_name,provider_name
38812a5d-2e4a-4af7-bb19-953ba4947600,Florida International University Presidential Scholarship,missing:provider_name,provider_name
3884eba6-e651-4abf-ab57-40e565522bd7,Mary Naegeli Memorial Tree Farm Scholarship,missing:provider_name,provider_name
3895c87c-49c0-424f-862f-e17c6b68d342,Bursaries for MSc in Intercultural Communication for Business and the Professions (ICBP),garbage_phrase,
38aa5aaf-da52-4d81-973a-969684586c1e,USPAACC Asian American College Scholarship,missing:provider_name,provider_name
38b205e2-7dc9-491b-aa3d-dd4762489da5,UC Berkeley Balanced Man Scholarship,missing:provider_name,provider_name
38d8ed07-29a6-4ffd-8056-45c22e25dd67,Philadelphia Injury Lawyers P.C. $500 Scholarship Essay Contest,garbage_phrase,
38f25038-e5aa-4a3c-bff4-6748ed39f987,CIEE College Study Abroad Scholarships,missing:provider_name,provider_name
38f9b6a3-8dac-4c71-b8fe-d2bf570124dc,Dr Pepper Tuition Giveaway,missing:provider_name,provider_name
3918c8ae-03cb-44a5-9d32-fdae5bf8a979,Sociology Departmental MA Scholarship,garbage_phrase,
3928c678-534f-4714-aac9-4d80b71af2e8,Lisa Higgins Hussman Scholarship,missing:provider_name,provider_name
392b2b4a-9e09-4ec0-a1ea-58ff23bdf326,Texas Society of Professional Engineers DFW Mid-Cities Chapter Scholarship,missing:provider_name,provider_name
392df51d-f7f5-44ad-8e2b-1efcca727239,State of Maine Grant Program,missing:provider_name,provider_name
3930f087-1233-47ae-8ce4-ae1be4fe4373,Sieben Edmunds Miller Criminal Justice Scholarship,garbage_phrase,
3932c30a-927a-46b1-a1c3-2ff9f49c80a4,East-West Center Graduate Degree Fellowship,missing:provider_name,provider_name
393b2cac-1533-463f-b2b1-31a4d96952df,AAUW - M. Ruth Evans Memorial Scholarship,garbage_phrase,
39790172-243e-4dfb-aafb-61941a3e618a,"Charles W. Frees, Jr. Scholarship",missing:provider_name,provider_name
397c2226-c461-4cff-89ac-ad74b2b0f578,Florida Farm to School Essay Contest,missing:provider_name,provider_name
399d2754-fafd-41c2-ad10-a7dc535503c6,School of Health & Psychological Sciences Dean's Scholarship for Academic and Clinical Excellence,garbage_phrase,
39a2a9f4-3fc7-45db-8df6-82714c34c711,Delaware Educator Support Scholarship Guide,missing:provider_name,provider_name
39ad3ef8-e89a-4600-af48-32ec14603b83,Omni Law P.C. Scholarship For Students,garbage_phrase,
39f164f0-4230-4938-a21a-5f6936fb703e,Don Schmidt Scholarship,missing:provider_name,provider_name
3a341d72-684c-440a-baa7-b00de962f7b1,Epsilon Tau Pi Foundation Soaring Eagle Scout Scholarship,missing:provider_name,provider_name
3a4a310b-c63a-4d5e-bbb5-2cecc2f602f8,National AG Day Essay Contest USA 2026 Apply,missing:provider_name,provider_name
3a783ecb-5404-4ae5-b222-6a9237354075,Depan International Freshman Student Scholarship,missing:deadline,deadline
3a919fa9-2d69-40e5-b7be-bd785dac2bb3,ASPCA Veterinary Scholarship Program,missing:provider_name,provider_name
3aa725a4-b8d8-4551-ac41-0a45cdda7740,American Indian College Fund TCU Scholarship Program,missing:provider_name,provider_name
3ab05555-796a-4afb-9a75-5f38bdabf3b7,ICASE Presidential Scholarship,missing:provider_name,provider_name
3abe5d22-056a-474a-8a77-e6f8656f9361,Luis Reuss Scholarship in Membrane Research,garbage_phrase,
3ac66c35-83d8-4397-b816-8579193fac6c,KTH Scholarship,garbage_phrase,
3ac7bbb3-6fe8-40c8-ba0b-38bba949e11d,Norristown Garden Club Scholarship Guide,missing:provider_name,provider_name
3ade1c23-12fa-46a5-a448-b31d5069c553,Bay Area Minority Law Student Scholarship,missing:provider_name,provider_name
3adfbcf0-3312-4573-a43a-05bab8935b85,Federation Merit Scholarship,garbage_phrase,
3afbec16-a4e5-4c98-8b04-7010c34e6379,PAFMG Annual Pre-Med Scholarship Awards Guide,missing:provider_name,provider_name
3b295d4a-13b2-4825-b1a8-ef94903117b0,Auger & Auger Disabled Scholar Award,garbage_phrase,
3b4b58e7-b765-43f5-9dde-abd758b4e8c6,NBCUniversal Tony Coelho Media Scholarship Guide,missing:provider_name,provider_name
3b7aae3d-19dc-463c-86ad-4ff842bb7899,Faculty of Science Masters Scholarship for International Students,garbage_phrase,
3b7d5037-fc7a-4edf-881c-2c4c5fd303f6,China University of Petroleum Scholarship,garbage_phrase,
3b820200-e6fc-4853-b295-fb38cfcad65d,LION scholarship,garbage_phrase,
3b9751ff-993e-446e-a360-effec139fa10,Central Methodist University Academic Scholarships,missing:deadline,deadline
3b9bdc0f-cba2-4512-abdc-10f3a48207bc,Ira Rosenzwog Scholarship,missing:provider_name,provider_name
3bb74ef0-6490-4f7a-a04d-45e71476d223,International Scholarships Award,garbage_phrase,
3bea326a-ee79-45fc-8cbe-09b5d7276c00,Brooklyn Injury Attorneys P.C. Essay Competition $500 Scholarship,garbage_phrase,
3bfa45d5-2b0c-4787-bd3d-f87a89a3a9d5,Faculty of Science Diamond Jubilee Scholarship for International Students,garbage_phrase,
3c21404a-241d-4c1c-9395-52584c643235,Global Pathfinder’s Scholarship,garbage_phrase,
3c2f55be-197e-44f1-aae3-acb2925fc54b,Amberscholar Scholarship,garbage_phrase,
3c4328b9-a09d-409f-9c86-f43f8b47ac0b,Pacific Gas & Electric Company PrideNetwork ERG Scholarship,missing:provider_name,provider_name
3c4b847d-808b-463c-ae1a-5dd8560cd2ec,Trade Skills of Tomorrow Scholarship Guide,missing:provider_name,provider_name
3c50e4ba-af7a-43c7-bea0-fe0606476bf7,John Boom Graduate Scholarship,garbage_phrase,
3c54faa3-ab7e-4e6d-b0a1-ac2c25f54fb5,ACF James Ledwith Memorial Scholarship,missing:provider_name,provider_name
3c76c32a-0d0a-48be-a926-c44da5018125,NL Scholarship,garbage_phrase,
3c7bb330-170f-4f6e-b030-9511532eb945,Marketing/Public Relations Scholarship,missing:provider_name,provider_name
3c8557b1-c219-410a-895a-1fc811c32019,Dr. Jay and Diana Griesser Endowed Scholarship,garbage_phrase,
3ccacc2b-6d89-47b8-90a6-9015dbd9d063,Peppy Moldovan Memorial Award USA 2026 Apply,missing:provider_name,provider_name
3ccbdf66-bd66-4ef4-bd79-f7c0f66416c7,Federation Pathways Scholarship,garbage_phrase,
3cf7fa0e-3098-46c2-a649-b7600ed1be82,Transfer Student Scholarship,missing:deadline,deadline
3d4ce2b0-424e-49e3-98b8-02ed70d29875,Lana McLaren/Richard Reynolds Memorial Scholarship,garbage_phrase,
3d5fd3e1-fdad-45fd-8545-d1cda6eabcc9,TANF College Scholarship,missing:provider_name,provider_name
3d76936a-7d4c-41ba-aa3f-a73a7af7d6a1,Richard J. Bea Nursing Scholarship Details,missing:provider_name,provider_name
3d9a09f2-d568-41e5-bdc0-b5e8d5eff766,New Jersey State Golf Association Caddie Scholarship,missing:provider_name,provider_name
3da67cc6-4527-4e94-b4d7-14f3aa5b79b6,Chevening Scholarships,garbage_phrase,
3da71c7c-6dce-40aa-94a3-68dad63a02d9,Matsuo Bridge Company Ltd. of Japan Scholarship,missing:provider_name,provider_name
3deb2ac5-06b6-4077-a12b-2955e60dfd3a,Festival da Cultura Portuguesa,missing:provider_name,provider_name
3dec4b74-c434-4066-a429-fff29775f07d,SJCF Bill Pollard Jr. Scholarship,missing:provider_name,provider_name
3e065c7a-6e00-4ad6-9d0d-fa86ca2dd0f9,NCSCLS Student Scholarship Fund,missing:provider_name,provider_name
3e0a441c-93e7-4888-9268-577222251bc7,Sanctuary Scholarship,garbage_phrase,
3e1ff132-a141-4bb7-9a7f-ea050ab63c84,AQHA Excellence in Equine & Agricultural Involvement Scholarship,missing:provider_name,provider_name
3e2a3e97-6f15-40fc-98fc-dc03e665ecc3,Michigan Nurses Foundation Scholarships,missing:provider_name,provider_name
3e5ab596-0fbc-4b41-9d56-52e083f7a0d6,GRCF Carolyn Gallmeyer Scholarship,missing:provider_name,provider_name
3e9cd545-2685-4c4f-9cb4-1d311ef6acbf,"TEXAS Grant Program: Eligibility, Deadline, Application",missing:provider_name,provider_name
3ea9b4aa-8bbb-4e94-999a-575b35993b83,Illinois Engineering Initiative Scholarship,missing:provider_name,provider_name
3eb242a1-0d01-4a50-8bff-8483121ad796,75% Global Scholarships to study Online at Uni of South Wales,missing:deadline,deadline
3ec53be6-c690-4b9f-a326-6c6167812101,John Frazer Scholarship,garbage_phrase,
3eca3d1d-ffba-43b7-8f26-a17ed0982809,Louise Tumarkin Zazove Foundation Scholarship Guide,missing:provider_name,provider_name
3ef5253b-1228-46fa-8e44-128dc31ca6b0,"Brandon Walker ""BW"" Memorial Scholarships",missing:provider_name,provider_name
3f0f0e29-aef1-48e7-adc0-0c6b14636b00,Arkansas Single Parent Scholarship Fund,missing:provider_name,provider_name
3f2530e5-5c9a-487f-9300-c726248134eb,Dr. Roderick A. Scofield Scholarship in Meteorology,missing:provider_name,provider_name
3f2d4a9e-1e6e-42dc-aa11-b575ce9b24c0,Utah Jiffy Lube Teen Driver Scholarship Program,missing:provider_name,provider_name
3f2fbb04-fd9c-4ece-af46-72aa1147d5a0,Ruth M. M. Wesley Endowed Scholarship,garbage_phrase,
3f5624f0-1888-4702-be15-2f5f4754d04b,IAAI Scholarship Foundation Accounting Scholarships,missing:provider_name,provider_name
3f71248b-e862-4ad9-b521-1d58bc34e34b,Korean Government Scholarship Program (KGSP/GKS),garbage_phrase,
3f7ba5fd-ad88-4328-b344-bbe7402584b9,Italian American Executives of Transportation Scholarship,missing:provider_name,provider_name
3f7ee030-7ab0-47d4-9dac-4595676928d0,"Shook & Stone ""An Ideal Lawyer’s Portrait: Representation Matters"" Scholarship",garbage_phrase,
3f8b7066-c62d-4ad7-ae66-74592d25b2e0,Henry O. Peabody Scholarship Program Guide,missing:provider_name,provider_name
3f9b5937-f96c-4186-8952-0d47a00f795c,John Lennon Scholarships,missing:provider_name,provider_name
3fa26940-b11d-4fa7-8188-65a24ff32954,New York State ProStart Scholarship Guide,missing:provider_name,provider_name
3fac5d29-ddb8-4104-86d8-09459c295526,Emmett and Mary Avery Scholarship,garbage_phrase,
3faca6d1-849d-4700-87df-cce6d8082d49,Dr. Syngman Rhee Scholarship Guide 2026,missing:provider_name,provider_name
3fb52d25-f0b0-4b61-93bb-d52636b409cf,Rose Klein Award in Algebra and Probability for the Secondary Teacher,garbage_phrase,
3fb67f67-5d72-4dee-a61b-1d395fff3677,Strathclyde Business School Full Time MBA Scholarships,garbage_phrase,
3fb8fbd6-c118-4701-be0b-2776667adadf,Pennsylvania Society of Public Accountants Scholarships,missing:provider_name,provider_name
3fcc6a37-530e-4a43-bf8d-ceaeca472e54,Korean American Scholarship Foundation-Northeastern Regional Chapter,missing:provider_name,provider_name
3fd093db-464c-492c-93a7-c3ee5703e58d,Simpson Scholarship in Egyptology,garbage_phrase,
3fdec308-e388-47a2-9d04-cc24b01030ab,Apollo Beach Woman’s Club Scholarship,missing:provider_name,provider_name
3fdf7030-a2b0-4fb6-b350-4bec6dc73725,AIANTA Tourism & Hospitality Scholarship,missing:provider_name,provider_name
3fec54ff-4b44-428f-aa3d-1a2fd95133ff,AAUW Educational Foundation International Fellowships,missing:provider_name,provider_name
401a5252-4c6c-44fa-911c-d0a9a4d0bb04,King-Barton Scholarship,missing:provider_name,provider_name
40387979-a67f-4658-bdb3-950bc251bbc1,National Eagle Scout Association Merit Scholarships,missing:provider_name,provider_name
40587851-cdf5-4784-af0f-06671603106d,Mary Fran Carroll Traditional Scholarship Guide,missing:provider_name,provider_name
40cf9c5f-8ae3-44ca-8d5e-5e728b0e4ec2,Merit Scholarship,missing:deadline,deadline
40e1b531-b805-4ba0-92c6-f1f0a5feafa7,Balanced Man Scholarship at Cleveland State University,missing:provider_name,provider_name
40e53766-355b-415a-a422-18a915407a77,Adam Charles Ports Foundation Scholarship Guide,missing:provider_name,provider_name
4110697c-b05d-4193-be83-c45875bd263a,"International Summer School 2018, University of Edinburgh",garbage_phrase,
411c7cce-3f08-4635-bb08-2a17d9153f3e,Carolina Panthers Graduate Scholarship,missing:provider_name,provider_name
412b8d25-1e48-4ae4-b3f2-551a2bfeac38,International Response Scholarship,garbage_phrase,
4132730a-933d-4f03-95d5-64847a90b3dc,Hattie Lundgren Scholarship,garbage_phrase,
4142ff5b-26d1-4e55-b0ca-44a79c572058,Contra Costa County NOW Scholarship,missing:provider_name,provider_name
41441e54-286d-4b0c-ba20-b3ce06d3e536,University Scholarship,garbage_phrase,
41572179-500e-4706-bc8a-83f36b5c22dc,Ruth Abernathy Presidential Scholarship,garbage_phrase,
416c19f5-11bd-4ce3-b3ae-9630e1662f47,Gordon and Thelma Rutherford Memorial Scholarship,garbage_phrase,
41971f8e-18b7-4e3c-8f1a-9361b32b0b0b,The Chronicle Diversity in Media Scholarship,missing:provider_name,provider_name
41a9724a-7dfa-4fab-99dd-c52f825b4f00,Horatio Alger National Scholarship Guide 2027,missing:provider_name,provider_name
41c3dec5-750c-43cd-b813-b82b62f9d237,Sports Scholarships Scheme,garbage_phrase,
41c47a85-f9d3-424a-b2f9-d8d8f21eedcf,Financial Literacy Scholarship Competition,missing:provider_name,provider_name
41c50a02-0ea9-4f15-a952-7ad3b287e97b,Scholarships for Citizens of Priority Countries for Master's degrees,garbage_phrase,
41d2f7bb-b83e-4e85-b8ca-32d8523256aa,"FUEL Scholarship: Eligibility, Deadline, Application",missing:provider_name,provider_name
41e07180-1136-4019-8ec4-127e5c88b8f9,Maine Grocers & Food Producers Association Scholarship,missing:provider_name,provider_name
41eb7022-aa6d-45b4-af20-3903e0a79ac5,TAU Lowy International Scholarship Fund,garbage_phrase,
41f0597d-1b36-4a3a-be16-9b6dd2ace799,The Taryn Lewis Memorial Scholarship Guide,missing:provider_name,provider_name
42067463-78ee-4b17-847d-f3806f6d7001,Kids' Chance of Maine Scholarship,missing:provider_name,provider_name
420b0233-dea2-4a15-8a84-47eb0077fb40,Millie Brothers CODA International Scholarship,missing:provider_name,provider_name
4210bc8f-adaf-49ad-9b5b-fd28638674e0,Visas For Future Annual Scholarship,missing:provider_name,provider_name
421d4fc7-47b2-4360-a88b-29411b5b622e,Bernowski Scholarship Trust Fund,missing:provider_name,provider_name
42340ac6-59e0-40af-8fe7-b9b5a92fac59,Baby360 Nursing Scholarship USA 2026 Apply,missing:provider_name,provider_name
4261a14a-8045-4bab-8d4d-97b6ece82170,Frontline Families Scholarship Program Guide,missing:provider_name,provider_name
427cb7ad-3eb6-4a64-8c5c-5ac196f6d718,Southampton Sociology and Criminology Postgraduate International Scholarship,garbage_phrase,
428a052b-de8b-4964-805b-36de6d814478,George B. Brain Administrative Leadership Award,garbage_phrase,
4295f105-13b6-4fea-99de-7e83a370d7eb,Morwick Scholarships in Water Resources Engineering,garbage_phrase,
42acce1c-76e3-4e6f-a315-9b672129cd17,Alan & Mary Jo Lincoln Scholarship,missing:provider_name,provider_name
42c63700-30de-463e-b871-0b66a51d2b53,Jennie (McDowell) and Harlan Layton Scholarship-Lancaster Co,missing:provider_name,provider_name
42c7b19f-bc48-4fff-a3ab-21b629e0ddde,GAEP Environmental Scholarship,missing:provider_name,provider_name
42d1ac8b-e0dd-4889-81ff-86a8866c49ea,Pinay Aspire Scholarship USA 2026 Apply,missing:provider_name,provider_name
42eb4356-0122-4b2c-b3d4-94f185aba69c,Jessamine S. Henderson Foundation Scholarship,missing:provider_name,provider_name
42fcfb1b-cb67-4bed-ba96-38ab41734fea,Summer Labroots Research,missing:provider_name,provider_name
42fe4deb-6d60-479d-baa1-d3eec2e18aec,Better Business Bureau Students of Integrity Scholarship,missing:provider_name,provider_name
4307a861-7e18-4b06-a526-ca3b6214d74b,Seabee Memorial Scholarship Association Scholarships,missing:provider_name,provider_name
4317f7a0-617e-43da-b3c9-f9f3a57bd135,Excellence Programme (MSc/Non-EEA),garbage_phrase,
4331fe26-c1f0-4ad8-81b1-43ded92ff6cf,Southern California Association of Governments Scholarship Program,missing:provider_name,provider_name
433f5db7-c651-4726-b851-dd42c74f6db1,Dumitru Golea Goldy-Gemu Scholarship,missing:provider_name,provider_name
43467641-8f90-4402-920a-d95beb13d21e,Queen Elizabeth Commonwealth Scholarships 2026/2027 – Cycle 2 (Fully-funded),garbage_phrase,
4347c1f8-b410-4ad3-9159-bd0e4837ee79,Guardian Trust Master's Scholarship in Commerce,garbage_phrase,
434de7e3-f1be-4a69-b719-6daa2dea5fd0,Stephanie H. Greene Memorial Scholarship,missing:provider_name,provider_name
4357f059-0d09-4ff5-8742-d36c2f5d9a3c,Scott Richards Memorial Scholarship,missing:provider_name,provider_name
43597c59-1798-459a-ba65-5090b9c8cb0f,"GLA Hubbard Scholarship: Eligibility, Deadline & How to Apply",missing:provider_name,provider_name
435e2fca-a4c3-45b2-a2d4-6fe79668d83a,Tongariro Memorial Award,garbage_phrase,
4382a77e-85c2-41b2-9f08-03678ed7c358,The Parker Family Scholarship,missing:provider_name,provider_name
43835807-afb1-4fc4-a13c-acfa67cdb0df,Māori Cancer Researcher Awards,garbage_phrase,
4388d7af-9340-4f21-a6de-ef4214ebed72,Tupelo Elvis Fan Club Scholarship,missing:provider_name,provider_name
439b0028-6e6b-4c4d-a3dd-de6c1fe1cfdd,Boatman King Scholarship Foundation Guide,missing:provider_name,provider_name
43a4d1cc-e55c-4dc8-9fad-4215105169e9,Alaska Space Grant Program- Undergraduate,missing:provider_name,provider_name
43a73808-68ef-498d-a271-408df50c8e40,Christ the Teacher Institute Catholic Scholar's Program,missing:provider_name,provider_name
43d9350b-c86c-492c-9a55-543695688b42,Bluegrass Indo-American Civic Society Scholarship,missing:provider_name,provider_name
4411b57a-71d7-4936-9565-1542a0c37124,Australia Awards Scholarships,garbage_phrase,
441ffb92-4a22-4cb5-a002-568430ea8b6c,American Public Transportation Foundation Scholarship,missing:provider_name,provider_name
442a8cbb-8670-4cc7-b6bc-19fd6583bc4d,Aalto Incentive-Based Scholarships,garbage_phrase,
442fbe6c-81de-4b16-8dd4-1fe1657b50c5,Elizabeth Anne Ala Scholarship Eligibility & Deadline,missing:provider_name,provider_name
444ee9e9-d690-42ae-8162-6ad4e87a4ea8,NATAS Chicago/Midwest High School Scholarships,missing:provider_name,provider_name
44563450-7e93-4bd0-b226-28d85807924e,NCCAVS Scholarship Opportunity for Qualified Students,missing:provider_name,provider_name
44692c45-e816-4b19-bc73-1348e9ab9fd2,VABA Aviation Scholarship,missing:provider_name,provider_name
446afca2-fca5-4a16-9dfe-cf6f5930fe1c,CIEF Scholarships in Architecture,missing:provider_name,provider_name
446ca5d8-cfb4-40f2-9632-4625f94746c6,"College of Arts, Technology and Environment MA Scholarship",garbage_phrase,
44a2ee20-e947-4088-8d38-c48e32c48338,NZ Fruitgrowers’ Charitable Trust Postgraduate Scholarship,garbage_phrase,
44a5e0ab-7da4-4b2c-bb3e-7df8eed80f05,Matt Heuertz Scholarship Program Details,missing:provider_name,provider_name
44cc59fa-9bcb-45e4-a8ee-abe8268f3c6f,Public Relations Scholarship USA 2026 Apply,missing:provider_name,provider_name
44d1f642-6600-4ea5-9f6c-885280e1f1d1,Anthony Muñoz Scholarship Fund,missing:provider_name,provider_name
44e2be3e-8189-4b62-b65c-aab4fa0c6bf6,Early Confirmation Award,garbage_phrase,
44f26e39-8f73-421e-9039-2baa74ca14e7,Youngstown Press Club Scholarship,missing:provider_name,provider_name
45220ef1-3039-4daa-99f9-96067b428bec,The Eileen O’Mara Walsh Scholarship,garbage_phrase,
4524604a-ad52-48b2-b6ea-c4bc7ba20d71,Academic Advantage Scholarship Grant,missing:provider_name,provider_name
452ff6e6-20ac-48c2-a6b6-a06399783a7d,ROJ Postsecondary Scholarship Eligibility and Deadline,missing:provider_name,provider_name
456e71f6-64c2-4c5a-a6a8-3487874de64e,D.J.'s Hero Scholarship Awards,missing:provider_name,provider_name
45c991db-35aa-4773-89be-e1f7fc3c6479,Somewhere MBA LGBT+ Scholarship,garbage_phrase,
45d1103d-f664-438b-8bb4-7a219ddfcba6,Henry Kelsey Research Scholarships,garbage_phrase,
4603f734-4119-445a-a1a0-e728fe11885b,Randall Silcock Grant,garbage_phrase,
4605a125-a1b9-470d-ae96-62e9b42b1971,BELOvEDS Nania Foundation vEDS Scholarship,missing:provider_name,provider_name
46060520-92f0-49f1-8af0-ac72c85477cb,Duke Award Scholarship,missing:provider_name,provider_name
460e05f2-1c12-4cff-ab94-e285bdd1603e,Chinese University Scholarship Program,garbage_phrase,
460f250f-ace8-4299-8e57-e8f414ce73c6,Chappie Hall Memorial Scholarship Program,missing:provider_name,provider_name
4615c7b9-695d-4ba1-aff2-718ed8e3ceaf,HCRI Low & Middle Income Countries Online Postgraduate Bursary,garbage_phrase,
461aafc0-2cfb-4d27-9c85-db68cc36115d,Engineering Alumni Scholarship,garbage_phrase,
464b7300-a77a-4114-9ea8-9e5d28159b60,Talents 4 UniTo Scholarships,garbage_phrase,
466f4e2f-f028-45ba-9886-2c363a7b3aa8,ScienceSaves High School Video Scholarship,missing:provider_name,provider_name
46779388-c546-477e-9c2f-f171cb956304,"eQuality Scholarships: Eligibility, Deadline & How to Apply",missing:provider_name,provider_name
46cde608-c245-4314-bc8a-7596342c5c3e,New Zealand Plant Protection Society Research Scholarship,garbage_phrase,
47071791-b8d1-4bc5-8716-ae12277b870c,Psychology Graduate Alumni Scholarship,garbage_phrase,
4713222f-51a6-4d30-8e87-df660dc1b018,Housing Support Fund,garbage_phrase,
47445efb-aedc-4929-9a13-e8e1e518d44f,Marocchi Memorial Scholarship USA 2026 Apply,missing:provider_name,provider_name
47641d56-69b1-45ab-9188-765b246b4c3c,Contra Costa Association of Realtors Scholarship Guide,missing:provider_name,provider_name
4796fca6-5cd3-4175-8f00-05983e449044,Alex Lindsay Memorial Award,garbage_phrase,
47dfab5c-eda3-480a-b408-3b29cfba1c9b,Connecticut Roberta B. Willis Need-Based Grant,missing:provider_name,provider_name
47e24dc8-765a-4ed6-b095-fa9afd3bccb7,Massey Business School Promising Student Assistance Bursary,garbage_phrase,
48020415-334d-4e4c-a789-beccbbf28648,Haug Family Scholarship,missing:provider_name,provider_name
4805cbf5-33eb-4168-8b88-c7d22cdbc2d8,Master's in International Business or Management 2018,garbage_phrase,
48097414-a7ab-4abc-8237-8e465280b637,The Harold and Gwenneth Harris Endowment for Medical Humanities Scholarship,garbage_phrase,
481b95f2-28e1-4009-86ef-3b5c26aa56e3,Eddy and Jeanny Berges Family Endowed Graduate Scholarship,garbage_phrase,
484cc4c7-fdbb-4467-82d5-d56e507af422,University of Miami Stamps Scholarship,missing:provider_name,provider_name
48503055-bfe8-491a-909b-92686f868124,Korean American Scholarship Foundation-Eastern Regional Chapter,missing:provider_name,provider_name
48580aad-65cf-4ba0-be35-0608921f9864,AU Career Advancement Award - Graduate and Undergraduate,garbage_phrase,
485e43e4-487b-4dd8-9c98-3d6289884992,The DYB Scholarship Program,missing:provider_name,provider_name
486e0dee-2a5d-49d1-b6f5-363392c5c382,Brad Fowler Memorial Scholarship,missing:provider_name,provider_name
48781c9a-3686-4326-a054-c76e137f4aa4,Claire M. LaPlante Engineering Scholarship Guide,missing:provider_name,provider_name
488b2541-ad0e-4ada-95ed-d00b14e2e2d3,Critical Language Scholarship Program,missing:deadline,deadline
489314ff-2470-46b7-9cbb-259fd7fbed4a,Joseph H. Weingart Memorial Scholarship Guide,missing:provider_name,provider_name
48b01f47-93eb-4741-86ef-605d5fc6456c,Golden Key Undergraduate Achievement Award,missing:provider_name,provider_name
48cd0daf-4353-4250-9e6d-d1d4a76fed64,Curtin Global Talent Scholarship,garbage_phrase,
48ed5cb0-ceb5-4f37-824e-772a7ea94133,Chevening Partnership Scholarships,garbage_phrase,
48fb4d18-e053-45ba-96d5-2c6efc43954d,Advocates for African Americans Carolinas Scholarship,missing:provider_name,provider_name
49178721-1555-4248-a21f-60341bef2371,DAR American Indian Scholarship,missing:provider_name,provider_name
492480f6-6421-4d14-9c32-cbc8cc7c7700,Chevening Scholarships,garbage_phrase,
492c6ca7-c09b-4227-835b-a70ab0c7f51f,"$5,000 Grad School No Essay Scholarship by Sallie",missing:provider_name,provider_name
49353cdc-efd0-4b45-abd5-71c1e00a2341,Cassandra Toroian Scholarship,garbage_phrase,
4936a95d-9324-4db7-a96e-64b7b1e29e73,Paula Gmelch Scholarship in Educational Leadership,garbage_phrase,
4939eae9-06d3-429e-9bb8-8de5e2e38cb2,Canyon Institute Arizona Resident Scholarship Guide,missing:provider_name,provider_name
493ab6db-57ba-427d-86f2-ada8bf1f40fe,Virginia Tuition Assistance Grant Program,missing:provider_name,provider_name
494d6731-1c24-480e-811e-f2c578917081,AL Diablo Valley Community College Scholarship Guide,missing:provider_name,provider_name
494ecd21-2651-47b6-853d-b27f1c94c689,The Royal Brougham Foundation Scholarship Guide,missing:provider_name,provider_name
495dcd1d-5e26-4a3e-8294-d6cfcd65f600,Sigma Small Grants,garbage_phrase,
4968a68b-02b4-412f-afd7-8fc1bd9ead7a,Lloyd Osborn Scholarship in Applied Mathematics,garbage_phrase,
49c6a8f9-b4d6-40af-a8f1-c1aa6800dbde,Music Scholarship,garbage_phrase,
49d1665f-739c-473e-9a3b-8558e4bd3ae1,Sponsoring True Advocacy for Challenged Youth Scholarship,missing:provider_name,provider_name
49d56f69-474d-4b6c-b2c5-51167c60d09e,Gladys Heintz Memorial Scholarship,missing:provider_name,provider_name
49f63e70-5c68-4f9e-a3f7-bbb66c206033,Bishop John W. Hamilton Scholarship,missing:provider_name,provider_name
4a21a32e-68f5-4370-9307-a6ca02dc38fe,Les Dames d'Escoffier Colorado Chapter Scholarship,missing:provider_name,provider_name
4a25924d-2452-43b9-b919-33e1818982f3,Wells Fargo Stacey Milbern Scholarship Guide,missing:provider_name,provider_name
4a3e8d4e-782a-49d1-8183-8d74c8d2ce37,CBC Spouses Education Scholarship,missing:provider_name,provider_name
4a47c442-e279-41c4-af04-94b95540b5fa,Hustle and Heart Scholarship,missing:provider_name,provider_name
4a66d4d0-7431-4af0-804f-76fe85b9c79d,Helene and Nat Schoen Endowed Business Scholarship,garbage_phrase,
4aabcd1d-8b39-41bd-b33d-6b6c95a0fddf,"JMF Memorial Scholarship: Eligibility, Deadline & How to Apply",missing:provider_name,provider_name
4aad23e7-6238-4231-9d04-d0669cb9d44f,The Israel Student Authority (Olim),garbage_phrase,
4acdba42-198c-4a44-ba94-bdfb1307a2d3,Educational Opportunity Scholarship,garbage_phrase,
4ad893e3-d8bc-4895-a369-685b85d08eee,Delmar Foundation Scholarships,missing:provider_name,provider_name
4adca78a-ac76-4113-9105-f95ddd869407,Row Zero Data Analytics Scholarship,missing:provider_name,provider_name
4ade50ea-f46f-490d-86a1-68b6635044f3,The Outstanding Achiever Award,missing:provider_name,provider_name
4ae88740-f7f0-4a23-a972-4431c9822abc,Blue Sky Engineering Annual Scholarship,missing:provider_name,provider_name
4b00ce20-ce57-4bd4-af00-e2a98dffc2c5,International Postgraduate Taught Merit Scholarship,garbage_phrase,
4b17e703-04d4-46b4-9ac5-18c89add6cb0,Donna Easter Student Ethics Awards,missing:provider_name,provider_name
4b18b6b0-181e-48db-90ba-6728c3bffc1d,The FAB Scholars Scholarship,missing:provider_name,provider_name
4b449aee-209f-474a-aedd-7970e80f5f69,American Public Transportation Foundation Scholarship,garbage_phrase,
4b5e7c52-54a7-40a5-9882-2794286698a7,Alumni Scholarship (January 2027),garbage_phrase,
4b99e36d-d40c-44f1-a099-d2fba4009769,Scholarship of the German National Academic Foundation,garbage_phrase,
4baf00d0-142f-43ba-9a47-370f62c3146c,Marian Brennan and Hedley Harrison Memorial Scholarship,garbage_phrase,
4bcff18d-cd53-4f76-8487-ee309e0f71af,ACU Sport and Exercise Science Honours Scholarship,garbage_phrase,
4be87eb4-7fc7-494f-be03-950e7d195f8c,Oxford-Wolfson-Marriott Graduate Scholarships,garbage_phrase,
4c29a3e3-c26a-4759-b725-ede53d26762a,International Postgraduate Scholarship,garbage_phrase,
4c378432-0473-447d-b23c-4dd52a0d58d9,Texas Tuition Equalization Grant Program (TEG),missing:provider_name,provider_name
4c586ac6-44dc-47ac-8c0b-1d33c87e7340,LPGA Chevron Changing the Face of Golf Scholarship,missing:provider_name,provider_name
4c8e096c-8766-4ddb-bd10-1389248d1ceb,Women in Business Leadership Scholarships,garbage_phrase,
4cbdc859-758e-4626-a30d-26ead7de9e10,MBA Merit Scholarships,garbage_phrase,
4cce8a0f-a7a2-4840-8ba6-9b07b40162cd,Barbara Weightman Scholarships,garbage_phrase,
4ce2866d-1876-447d-8d7c-2e2373684852,Doodle for Google Scholarship,missing:provider_name,provider_name
4cfa240c-ac77-4029-99b4-26a6558156ae,WeberEdge International Scholarship,missing:deadline,deadline
4d0e4b45-bf5b-4499-839e-808a071acc3c,Central California Asian Pacific Women Scholarship,missing:provider_name,provider_name
4d1585e0-320a-41c0-abf3-eeee921b6572,Ens-international,missing:deadline,deadline
4d23633a-0cf8-40e0-96b4-bac4b59e95a8,Pittsburgh Penguins Foundation Scholarship Guide,missing:provider_name,provider_name
4d244a65-c15b-4e3a-bb01-6df656f45407,Needs-Based Scholarship - Short Courses for U.S. Students,garbage_phrase,
4d429d17-1f22-4e5a-8916-f0713387a422,Rhode Island Saltwater Anglers Association Scholarships,missing:provider_name,provider_name
4d48c611-8dfa-4f53-b830-d5774a660e1a,Constitutional Officers Association of Georgia (COAG) Scholarship,missing:provider_name,provider_name
4d506310-d75c-4c7b-953a-4ea1b69210c5,Accident Compensation Corporation (ACC) Postgraduate Scholarships,garbage_phrase,
4d5661b3-1e99-4f21-977b-fd5e18d6d3d2,Human Rights Scholarship,garbage_phrase,
4d5be39d-daef-46bb-b108-7c676dc511b0,Amberscholar Scholarship,garbage_phrase,
4d77c711-383a-42fb-8488-8444a6567eaa,Mary C. Rawlins Scholarship,missing:provider_name,provider_name
4d78ba62-0336-4b52-88f1-760c40bf5962,AUC Excellence Scholarship Program,garbage_phrase,
4d8a715d-bbbd-4e99-9fa6-83317f60b34c,"Lee E. Schauer Scholarship Eligibility, Deadline & How to Apply",missing:provider_name,provider_name
4db872ce-1b9e-459a-bd1d-fc948842673f,Prince Kuhio Hawaiian Civic Club Scholarships,missing:provider_name,provider_name
4dbbb4ac-0c03-4423-87d9-2979bd995ef8,Vistula University Merit Scholarship,garbage_phrase,
4dd33187-8225-4429-a580-a78ee4e0b3c2,Guardian Scholars Foundation Scholarship,missing:provider_name,provider_name
4dd4fe07-fd5d-4eb7-a178-b301ce4d02a7,"LEADS! Scholarship Eligibility, Deadline & How to Apply",missing:provider_name,provider_name
4ded19e7-5784-4ca9-ae2a-441d09a788a3,Aaliyah Lee Scholarship,garbage_phrase,
4e0e70d9-3052-4ef7-a80a-4169bbc58369,The Carl James Dunlap Memorial Student Award,missing:provider_name,provider_name
4e1ef489-ceab-4cdd-b7a0-aa2beef2db00,Master of Finance and Investment Management Outstanding Women Scholarship,garbage_phrase,
4e2253e2-3255-4585-af10-46b48f53422a,Graeme Samuel Dementia Research Award,garbage_phrase,
4e30492a-19b1-44e0-a6f6-12a12d2da038,Stephen L. Keller Scholarship Eligibility & Deadline,missing:provider_name,provider_name
4e31db8b-8869-4def-93c4-5509062c6e7a,SJCF John and Francesca Vera Community Leadership Scholarship,missing:provider_name,provider_name
4e6b3f15-72ce-41ef-8d9b-8684c5b0d4c3,Scholarships for Foreign University Students,garbage_phrase,
4e7576b0-5559-4040-8e49-0f62ca3745c8,Ron Brown Scholar Program,missing:provider_name,provider_name
4eac6da3-da6f-4079-8523-3310ceed1961,CPA Endowment Fund of Illinois Scholarship Guide,missing:provider_name,provider_name
4eb05c2a-7467-41ba-a5bf-dc0c0d5454e5,Print and Graphics Scholarship Foundation,missing:provider_name,provider_name
4ece6194-a9e4-4142-8569-9a783525464d,Univision Houston Beca Scholarship Guide 2027,missing:provider_name,provider_name
4ee7f5b1-6c51-4efd-bbea-6d66970251e7,Kris Paper Legacy Scholarship For Women In Technology,missing:provider_name,provider_name
4eea381d-0518-4ce0-b3a7-b9a137c0dd1f,CARe Graduate School’s Master scholarships,garbage_phrase,
4f0ed4fe-4933-4bae-9b29-51d6ce70d853,Michigan Sugar Company Employee Scholarship,missing:provider_name,provider_name
4f1df382-f7f5-43e1-af40-f75e5e9fcde9,Charles J. Hasbrouck Memorial Scholarship,missing:provider_name,provider_name
4f2b3eb1-da60-4591-90b7-622219142d1b,Laurel Arts League Scholarship,missing:provider_name,provider_name
4f488e4b-e77b-44a4-9ca4-a5153f2376e1,Natural Disaster Relief Scholarship,garbage_phrase,
4f588056-3215-421b-b4ff-8e66d23bd901,Frank L. Greathouse Government Accounting Scholarship,missing:provider_name,provider_name
4f703643-ee83-433f-a09c-f8617d96996b,Hawaii Association of Public Accountants Scholarship,missing:provider_name,provider_name
4f718be8-71dc-49c4-85f2-e485799d5bbc,Lillian and Arthur Dunn Scholarship,missing:provider_name,provider_name
4f772bea-eea5-42e7-9c3b-acb24ef13bde,Leonard F. Hartwig Scholarship,missing:provider_name,provider_name
4f77a3ca-9d6e-4e51-91c0-833f6cb9c2d9,HBCU Week x FOSSI STEM Scholarship Guide,missing:provider_name,provider_name
4f8eb3fd-952d-44a1-9392-e4c31419441d,Norman Cohen Memorial Scholarship,garbage_phrase,
4fa44a15-b3f3-436b-9c29-b37eaf0946c6,Margaret C. Stednitz Scholarship,missing:provider_name,provider_name
4fa880d9-acb4-4fa1-a767-636bb64e1d84,Morris Family CMU Endowed Scholarship,garbage_phrase,
4fb681a7-fdf8-453a-a338-95f76b1dfc8a,American Australian Association Graduate Education Scholarship,missing:provider_name,provider_name
4fbff240-9c82-4535-a622-5446a17ab3fe,American Council of the Blind Scholarship,missing:provider_name,provider_name
4fc73193-c3fb-4695-9e0b-1f58b5ac9b6a,ATSS Roadway Worker Memorial Scholarship Program,missing:provider_name,provider_name
4fd8e38a-e0e4-44f2-bf6d-002ec791b95a,"Esperanza Scholarship: Eligibility, Deadline & How to Apply",missing:provider_name,provider_name
4ffb152a-f157-4b6f-9ae9-070485395af4,Arts Scholarships,garbage_phrase,
5008dca3-2752-4995-a307-8e16cc5904c2,JCF Helen B. Lewis E. Goldstein Scholarship Guide,missing:provider_name,provider_name
500d634a-337d-4a0f-9cef-1ecf5ed3080e,Tatiana McIntosh Memorial Scholarship,missing:provider_name,provider_name
501b568b-52d5-4ad4-a670-1f2f0645b727,CBSCA Scholarship,missing:provider_name,provider_name
5025ddae-1ab9-466d-9af9-70ce7d3218d4,Erasmus Mundus Scholarship for Master Program Geospatial Technologies,missing:deadline,deadline
50403deb-c817-4c20-a021-bf7b4a7faacb,Barry L. Carey M.D. Scholarship,missing:provider_name,provider_name
505d6930-59e2-445b-bb52-4caa90ecc525,Patsy Takemoto Mink Foundation Scholarship,missing:provider_name,provider_name
507420d8-d8a8-4e43-9c39-281f9c5cc96c,Law Students,garbage_phrase,
5079f423-680f-45dd-a507-098174fe24e7,University of Haifa Need-Based Scholarship,garbage_phrase,
5089849a-2691-445f-9b27-0640e76fc2b7,Robert Miller Scholarship USA 2026 Apply,missing:provider_name,provider_name
50921caf-0e9b-4999-98d5-ba7e113c3d5f,Technopolis UK Masters Scholarship,garbage_phrase,
50bb8800-a48a-4db5-93a3-d9310fe9324a,Leeds Beckett International Student Scholarship,garbage_phrase,
50bdfa50-bce7-4a39-b3bf-e7997041a3a2,10kclub.io Scholarship,garbage_phrase,
50bf34a8-e702-4270-b41d-aefb8a0ad3a5,Harvesters Scholarship Foundation Scholarship,missing:provider_name,provider_name
50d14219-4418-4e2a-aba2-5d717e543101,It's My Heart New England CHD Awareness Scholarship,missing:provider_name,provider_name
50ee2625-8c3c-47db-9c10-2f045ff6e9a9,Healthcare Scholarship,garbage_phrase,
5138df30-9e71-4895-9563-5a7ef8ab7a97,Wealth by Health Steps for Change Scholarship,missing:provider_name,provider_name
51432760-2ee5-44b8-83a7-d7131becaa4f,APIQWTC Scholarship,missing:provider_name,provider_name
517d28af-346d-4c1e-b7c7-a90afb378e66,"NYLPRW, Inc. Scholarship for Puerto Rican Women",missing:provider_name,provider_name
518857f7-8cf8-40c7-afe8-5f176ab00d02,Leonard HL Blinn Scholarship,garbage_phrase,
51924078-906d-476b-92f7-f24cbb1778d2,Dissertation Research Travel Scholarship,garbage_phrase,
51b7c477-9bfa-4b81-9e16-c702cbceecf0,Jon Yi Education Scholarship USA 2026 Apply,missing:provider_name,provider_name
51d1f1da-a3cb-4a3e-9850-8ec2a71c597f,Johnie D. Smith Memorial Scholarship,garbage_phrase,
51db618a-baca-4b7c-81f2-5bc8d8ae070c,DeNise Scholarship Fund,missing:provider_name,provider_name
51e7d86d-2835-4b3f-90d8-08c3104b22d8,New Mexico Engineering Foundation Scholarships,missing:provider_name,provider_name
52000591-30f3-46a8-be95-399c3a2acd44,CMAA Undergraduate & Graduate Scholarship,missing:provider_name,provider_name
520afa32-94b3-49e3-9d4b-c8e29e57360d,William Hunter Sharpe Memorial Award,garbage_phrase,
522479bc-60f7-43c8-9175-4b9e0180c385,Support Creativity Scholarship,garbage_phrase,
52343b24-f7ef-4bd9-b882-c493061bfe7a,"CU Succeed Scholarship: Eligibility, Deadline & How to Apply",missing:provider_name,provider_name
5257dda9-6099-4e7e-8ba6-eb177f1d477a,Prince George's Community Credit Union Scholarship,missing:provider_name,provider_name
526e0fe5-ab6e-4abb-b01e-2360a1130493,Postgraduate Scholarship,garbage_phrase,
5292a586-5a8d-40a7-8fc8-6129c5b3ba75,Zonta Club of Jamestown Scholarships,missing:provider_name,provider_name
52a20522-fc0b-4f00-84ef-5ea529f01f98,ERP Study Scholarships for Graduates of Economics and Business Administration,garbage_phrase,
52bd60fb-8f06-4e45-9dd7-36c816a14729,Ohio News Media Foundation University Journalism Scholarship,missing:provider_name,provider_name
52bdda91-6780-4357-9228-4a748586ccb8,Duane Watson Scholarship for Exceptional Character in Agriculture,missing:provider_name,provider_name
52d577b5-08bb-43bb-9757-970dc024c568,Jim Dempsey Foundation Scholarship,missing:provider_name,provider_name
52e96584-52a2-4b4f-a429-2f0e5f5d8faa,Plains Anthropology Society Native American Student Award,missing:provider_name,provider_name
52f3aca3-d2db-4fd2-bb9a-23cc07f126e3,Jim Borden Memorial Scholarship Guide 2027,missing:provider_name,provider_name
53466a61-50cc-48a9-a3bd-699e827353d9,American Australian Association Arts Scholarships and Grants,missing:provider_name,provider_name
53720b79-0555-4b20-aaf4-7969d99268d1,Larry Lee Overseas Study Scholarship,garbage_phrase,
53772d19-6ab1-43f6-86e0-9d8cf05d2f0c,Boland Injury Lawyers Essay Competition Scholarship,garbage_phrase,
5378029a-0cb4-4dc5-bdd5-a8a335f7a17c,"Thomas A. Brady, MD Comeback Scholarship Award",missing:provider_name,provider_name
5382d330-2db3-454c-98c9-621a26fa0341,Lambert And Annetje Van Valkenburg Memorial Scholarship Competition,missing:provider_name,provider_name
5394f12c-9d93-48e7-bd2f-b2e2753b402f,Peter W Sheehan Scholarship,garbage_phrase,
539b5609-043c-4421-a69f-8ffe10b9ab13,Herb it Forward Scholarship Eligibility & Deadline,missing:provider_name,provider_name
53afddc4-0916-453c-b95c-f98e08b84a68,Ethical Torch Essay Scholarship,missing:provider_name,provider_name
53b76a10-d93a-4c59-aee9-b750d77a6833,SCA Student Fauvette Loureiro Memorial Scholarship,garbage_phrase,
53cb6bad-feb7-47fc-9d08-ae9d4e2382a9,George & Stephanie Suddock Foundation Scholarship,missing:provider_name,provider_name
53dc49cf-6f4f-4bae-b3e9-0d1c3ad5610e,PSGC Statewide Undergraduate Scholarship Guide,missing:provider_name,provider_name
53f77f50-0f89-4ba1-9c47-bd4009a656d8,ACES Scholarships,garbage_phrase,
541fe523-0c5a-4df5-8bf1-8b03dd6020fd,BVIN Agent of Change Scholarship,missing:provider_name,provider_name
542c3fce-a688-4b81-9f97-895fa50b81d6,AWP Small Press Publisher Award,garbage_phrase,
543a3fab-ddee-4469-a5ba-3811e52711d4,Intoxalock Drunk Driving Prevention Scholarship,missing:provider_name,provider_name
54486273-60a4-44c3-80c1-0a9488e14c9e,Joseph Sumner Smith Scholarship,missing:provider_name,provider_name
54685ef9-5c56-4163-945b-8158cdc193f4,Future Leaders Scholarship Program by NAAAP Philadelphia,missing:provider_name,provider_name
546e8d10-0f24-4f58-a123-dd819134b4dd,FMC Ice Sports Skaters Scholarship,missing:provider_name,provider_name
547b920c-c536-4701-b56a-0f7e948cb451,New Futures Scholars Program Scholarship Details,missing:provider_name,provider_name
548468a2-1005-4c70-bdbb-075ac0609e4b,TLMI Academic & Vocational Scholarship Guide,missing:provider_name,provider_name
548ef9d4-217e-4360-9b6d-c269b8bae50b,Ontario Graduate Scholarship (OGS),garbage_phrase,
5499bde4-ab65-418d-aa6b-19434c02f134,Middle Eastern Studies,garbage_phrase,
54a0e3d7-58ac-40ce-9382-d01e709622d0,The Citadel Incoming Freshmen Scholarships,missing:provider_name,provider_name
54b76906-45da-4078-bb8b-1b9dabc663a5,American Indian College Fund Full Circle Scholarship,missing:provider_name,provider_name
54b92e27-17cd-469b-8ebb-73ea68d0a036,Classic Center Cultural Foundation Visual Arts Scholarship,missing:provider_name,provider_name
54ee86d2-ccae-412d-89f8-bf7738ac14f7,Milton L. Greenebaum Scholarship,missing:provider_name,provider_name
54f2a304-da23-489d-95ee-699ee15b2e79,Brian Pearson Memorial Scholarship,missing:provider_name,provider_name
550e1994-eafd-48c9-937e-82af2a6a0912,Action for Nature International Young Eco-Hero Award,missing:provider_name,provider_name
55287099-f8b1-4a99-9bf7-d2a61d1422fc,IIA Heartland-Iowa Scholarship,missing:provider_name,provider_name
553846b4-1a1e-45b0-8ee0-8354a5c519c8,Osage Nation Higher Education Scholarship,missing:provider_name,provider_name
55402252-bf9d-4220-ad74-e38bcbab9d53,Getchell New Play Award,garbage_phrase,
5548b064-782b-44a8-93e9-1127a622d600,Charlie C. Turman Scholarship Guide and Deadline,missing:provider_name,provider_name
555f7852-513c-460f-b6fd-d1c8b430ab05,Rikkyo University Global Scholarship,garbage_phrase,
5563aead-f06e-4f4e-9dea-45d8e4c89dc3,Linly Heflin Scholarship,missing:provider_name,provider_name
559f4f71-a6d8-45c1-af0c-79ac18e32ce4,Vice-Chancellor international scholarship,garbage_phrase,
55a31143-d9b4-4c6d-b678-9dff0f54319e,Student Exchange Scholarship,garbage_phrase,
55a9a831-d63d-40d4-a53b-5931221ca84c,School of Humanities Research Support Grant,garbage_phrase,
55b6e0de-2493-4d0d-87bd-530cfe17a648,AIEF Graduate Scholarship Program,missing:provider_name,provider_name
55c3a76e-e9ef-4514-8a0f-45fa646c8f22,Cuidado Casero Foundation Nursing Scholarship,missing:provider_name,provider_name
55da130a-2886-4673-b782-8b418f807552,Scholarship America Essential Visionaries Fund,missing:provider_name,provider_name
55dd75b7-3a31-4682-b4a1-41664a4f3285,Santander Conecta Scholarships,garbage_phrase,
55e2b599-462d-48b0-ba8e-e00a7b6eaf60,ACPA Randall/LaRossa Scholarships,missing:provider_name,provider_name
5605a96f-5dd0-4189-b49d-57983d5f0fbd,Racial and Social Justice Scholarship,garbage_phrase,
562d35c4-1343-4edc-881d-c7fd81d32512,Provident Foundation Scholarship Eligibility & Deadline,missing:provider_name,provider_name
563b212d-8f6c-4113-946f-8c084765c509,NSTA Local Impact Scholarship USA 2026 Apply,missing:provider_name,provider_name
56409585-f8c7-400d-b1d1-4351a7d2bc2a,Toys for Kids Hendu Education Scholarship,missing:provider_name,provider_name
56491557-3d46-4db7-97ca-b9e8c2455951,Richard H. Pierce Memorial Scholarship,missing:provider_name,provider_name
5662a514-2b10-4e80-91db-12114263cec7,Florida Firefighter EMS Scholarship,missing:provider_name,provider_name
567c7881-6cc2-43ca-8e9f-498bebd29a07,Bruce and Marjorie Sundlun Scholarship,missing:provider_name,provider_name
56c3bff8-5e38-4e8b-9098-6847eafec7c9,"NCAE Dr. Martin Luther King, Jr. Scholarship",missing:provider_name,provider_name
56c96232-5686-4067-816f-0e47ac61181f,Eric Dostie Scholarship,missing:provider_name,provider_name
56d0c5d9-3c74-494e-ac03-c5608488fb16,TCCP Women in Tech Scholarship Guide,missing:provider_name,provider_name
56e93f57-19a3-402e-9e41-fbf065629f4f,AES Engineering,garbage_phrase,
57311185-a236-48dc-aaf0-99e7bfa57f7a,Rhodes Scholarship,missing:provider_name,provider_name
57311c4b-7064-4728-b274-e551e5c5ec2f,Lincoln-Lane Scholarship,missing:provider_name,provider_name
5764a678-4a0f-4218-9d30-e8661bc6b21f,NWAG Georgia Scholarship USA 2026 Apply,missing:provider_name,provider_name
5764e591-642a-480a-b02e-c12e226ce1ac,Chongqing Municipal Government Mayor Scholarship,garbage_phrase,
5765fe58-49cb-44d7-93be-3442b341d6e2,Heart of D91 Go On Award USA 2026 Apply,missing:provider_name,provider_name
5766bf29-57f8-480c-bb36-73cee6ca96b3,UNCF Montgomery County Scholarship,missing:provider_name,provider_name
577a2bb1-9270-44d0-b266-4f8f9f3f6252,FFC Scholarship,missing:provider_name,provider_name
5792202b-2be5-4629-8a96-b0557d4710e5,Proffitt Brewer Scholarship USA 2026 Apply,missing:provider_name,provider_name
5807eeb2-0c3e-4dad-89a5-9e0813624cd0,United Methodist GBHEM General Scholarships,missing:provider_name,provider_name
58208a6e-63a9-405a-891b-58dfff47f1d9,JLT Scholarship,missing:provider_name,provider_name
5838be4a-1c4e-4177-abe4-0a81c3b74903,Women in Esports Scholarships,garbage_phrase,
583a6377-7d9b-47da-8abd-1035138ee692,International Essay Competition,missing:provider_name,provider_name
583dc2ce-4a5c-4be2-b500-7b830c0bda0c,Inter-Tribal Council Johnson-O'Malley Scholarship,missing:provider_name,provider_name
5843e645-cd6f-4928-a5e2-dc6b07590437,"National Academy of Television, Arts & Sciences Scholarship",missing:provider_name,provider_name
58496027-fc72-4922-bbb0-c2bd71a671ef,NDS Mike Lancaster Sophomore Merit Scholarship,missing:provider_name,provider_name
58791789-5b8c-4789-981c-f1ea4a7580a0,Imperial Excellence Scholarship,garbage_phrase,
588d1b76-4856-49dd-87f3-ce1e72d66085,Alyssa Sandmeier Foundation Creative Writing Scholarship Competition,missing:provider_name,provider_name
58a36c2c-0315-452a-9ac5-f7f9b29668a8,"Selby Scholarship: Award, Deadline, Eligibility",missing:provider_name,provider_name
58add6f1-fa22-4a27-89a1-a811d0b3717e,Delta Sigma Theta Mary Murphy Scholarship,missing:provider_name,provider_name
58bc3bae-a4fa-4de7-a953-db27299bc343,Nissin Foods Good Neighbor Scholarship Guide,missing:provider_name,provider_name
590a9f6d-a7cc-4181-8b2e-202c4ba2b378,Benjamin A. Gilman International Scholarship,garbage_phrase,
5918b8a0-c057-4c40-98c1-67db43390b91,SJCF Stockton Student Athletes Scholarship Fund,missing:provider_name,provider_name
5931cd86-0663-4cb5-854f-639cac19fefe,MacSon Entrance Scholarship,garbage_phrase,
5951d09f-3c78-4ab0-845a-f2afb17f5f51,Mississippi Eminent Scholars Grants Guide,missing:provider_name,provider_name
5953dfb5-db73-4fea-a086-98868f374c5e,"$2,000 No Essay Scholarship by Sallie",missing:provider_name,provider_name
595c4549-6265-4019-b923-ca82acb57f0a,Eagle Scout of the Year Scholarship Guide,missing:provider_name,provider_name
596d086d-7852-4549-b292-f98e39ce7b65,Tri Kappa Beryl Showers Holland Fellowship,missing:provider_name,provider_name
5973534c-3f02-4dea-9e5b-7f9726d4ca46,LZACC Scholarship Program USA 2026 Apply,missing:provider_name,provider_name
598d757e-2109-4841-9dc9-776432a21e90,Australia Awards Scholarships,garbage_phrase,
5995805e-f903-4242-a924-f0d79ce9c36e,Jewish Community Foundation Scholarships Guide,missing:provider_name,provider_name
59a911d9-3b26-48ca-b113-a0fa52615306,Harvard University - MBA Scholarships in US,garbage_phrase,
59b646bc-d30c-45df-ba94-c2ff11354db5,James R. Hoffa Memorial Scholarship Fund,missing:provider_name,provider_name
59de57e3-dc00-47b0-9c6f-028eb57cd9e8,AU Graduate Student Scholarship,garbage_phrase,
59f80106-f8cc-4312-a0fb-b783e35a5894,International President’s Scholarship,garbage_phrase,
5a068bd4-ebb1-4274-afb5-0124f7f393cf,Don Diego College Scholarships,missing:provider_name,provider_name
5a4fc3a6-c436-452b-ad0c-9dc9a0bcca46,NCJW Colorado Section Scholarships,missing:provider_name,provider_name
5a6433e8-c7ac-4c6c-8f87-9717a848805d,Logan Thomas Family Memorial Scholarship,missing:provider_name,provider_name
5a652c19-f4bf-4d87-b3f3-02a73aeb86e7,Dr. H. A. Logan Scholarship,garbage_phrase,
5a8621ba-0968-485b-87a5-e4bef0da1836,SJCF Arturo Vera Art Scholarship,missing:provider_name,provider_name
5a8a45ba-504c-4b02-bd29-8e33e7380081,Bishop John Bryson Chane Scholarship for Social Justice,missing:provider_name,provider_name
5a927c09-7369-441f-949b-75b499be6f73,Morris J. and Betty Kaplun Foundation Essay Contest,missing:provider_name,provider_name
5a9b089e-1585-4bc1-8c92-ccfa2c9f6822,Aspen Thrift Shop Scholarship,missing:provider_name,provider_name
5aa4e8ce-6576-4c68-8996-eb835dfe3819,Otsuka Toshimi Foundation Scholarship,garbage_phrase,
5ad63ddf-d823-4c2b-95c5-0283c41b1b00,Nebraska High School Senior Scholarship,missing:provider_name,provider_name
5af3b27a-0dba-415b-b4ca-6e7bc6fc2e0c,GDF Scholarship for Future Entrepreneurs,garbage_phrase,
5b0f73d1-f19e-4496-bce5-b6fbe748b4f5,PMI Robert J. Yourzak Scholarship Award,missing:provider_name,provider_name
5b25cf3a-b0d2-4c27-8a99-4ea71671a142,The Rosemary Samios Research Awards in Celtic Studies,garbage_phrase,
5b297370-11ae-41fc-befb-16bd22f476a1,Americans Against Gun Violence National High School Essay Contest,missing:provider_name,provider_name
5b29ad50-a92c-4a4e-8f71-3cb6932fd8c5,Shawn Carter Scholarship Foundation,missing:provider_name,provider_name
5b5b0c37-2df7-41a5-bc6d-e3e9c7cd0098,oxyGEN with AT&T National Scholarship,missing:provider_name,provider_name
5bb8e970-03ec-427d-8da2-5937075d3eaf,MGA Foundation Women's Scholarship Guide,missing:provider_name,provider_name
5bd3775a-af7a-469b-9be1-ba86d3e1eb0c,South Carolina Federal Credit Union Scholarship,missing:provider_name,provider_name
5bf62fff-d59c-44a0-9245-0641cc8930f4,PMI Phoenix Chapter Scholarship,missing:provider_name,provider_name
5c0dfb71-b3b7-4fb1-ac78-fbc542b48aa0,Supply Chain Scholarship Program,missing:provider_name,provider_name
5c1240a9-5b48-4754-9dd9-6e8cb41e56c7,Tony Regalado Memorial Scholarship,missing:provider_name,provider_name
5c1a753a-59d8-4961-a387-e2e0a01b30df,DAAD Graduation Scholarship,garbage_phrase,
5c23ea78-8190-48b2-a1ff-27cc51d2c303,West Virginia Higher Education Grant Program,missing:provider_name,provider_name
5c363d6d-9406-4544-a75a-e64b925a6d10,Minnesota State Grant Program Guide 2026,missing:provider_name,provider_name
5c53df7e-0291-4afc-83df-06f81b40253a,Sierra Nevada Chapter DAR Scholarship,missing:provider_name,provider_name
5c6959c0-df7a-421f-9920-7be32adf9624,GyanDhan Scholarship,missing:deadline,deadline
5c741414-ddb8-4579-b1d2-fa00802326a4,Sekforde House Trust Scholarship,garbage_phrase,
5c79e8d0-ab40-4195-82ea-5944760acc92,"JSSA Scholarships: Eligibility, Deadline, Application",missing:provider_name,provider_name
5c8b67cb-eccc-4605-9fcc-0c4ec5cc6e63,"David Cesarani, Kobler Scholarship",garbage_phrase,
5c8cfd3c-fe4f-44ff-9b8f-f5760867668e,Office of Special Education and Rehabilitative Services (OSERS): Rehabilitation Services Administration (RSA): Training of Interpreters for Individuals Who Are Deaf or Hard of Hearing and Individuals Who Are DeafBlind; Assistance Listing Number 84.160D,missing:provider_name;garbage_phrase,provider_name
5c9931c0-61aa-4751-ac5f-7ef6fcfcac3c,Mary Kay Crouch Outstanding Graduate Student Scholarship,garbage_phrase,
5cccad72-d491-4c91-900c-987cd95c3137,Arnold Green Endowed Scholarship in Education,garbage_phrase,
5d27a729-b253-4a8f-9a5a-0a4924b5254e,Social Action Scholarships,garbage_phrase,
5d2a5a21-2040-4d7f-93b8-571a2379b9d4,Provost Scholarship for Global Diversity and Academic Achievement,missing:deadline,deadline
5d37e777-2297-4cf0-8458-4e99d560a6a9,KMF Foundation Professional Excellence Scholarship,missing:provider_name,provider_name
5d7f6e0b-37ad-44be-b013-09c0922b3c49,Aspiring Scholar of Yorba Linda,missing:provider_name,provider_name
5d8b23ce-3c1a-4442-be06-672f985f4450,Into Progressors Scholarship,garbage_phrase,
5db14259-e7ae-4152-ba0c-5299a0531f74,"Thomas C. Woods, Jr. Scholarship",missing:provider_name,provider_name
5db88861-3305-4d84-bfb3-4203d66470e4,Scholarship Foundation of Santa Barbara,missing:provider_name,provider_name
5ddaf605-2e4d-4660-bde3-8d13aacdbd34,Thrive Causemetics Los Angeles Wildfire Recovery Scholarship,missing:provider_name,provider_name
5ddcb9fa-b568-48f1-b82c-cbab349456a7,Rural Health Scholarship,garbage_phrase,
5ddee292-8672-4dce-b9d4-28d71c12c933,Benjamin A. Gilman International Scholarship Program,missing:provider_name,provider_name
5de1e041-2d7b-4b3f-a4d4-d11bc7764bde,Ethics and Tech Scholarship Application Guide,missing:provider_name,provider_name
5de5162c-d4d2-4788-9b4a-86ee0ed99ea8,Ebell/Flint Scholarship application deadline 2026 USA,missing:provider_name,provider_name
5deab353-271e-42f7-b179-986a1d7ea0a5,Shirley L. Gross-Moore Endowed Award,garbage_phrase,
5df13633-7b95-423b-b5f7-37d1fb5495e2,EPOC Environmental Scholarship Fund,missing:provider_name,provider_name
5dfd4515-5293-40e0-ab58-4fb4acd983ad,Interstellar Research Group Scholarships Guide,missing:provider_name,provider_name
5e23c066-9ff8-4428-903e-314dd960bd5d,Columbus Citizens Foundation Scholarships,missing:provider_name,provider_name
5e293d7e-7ed6-46b3-821c-792b2f87e7d6,GRCF Hackett Family Scholarship,missing:provider_name,provider_name
5e2c8f67-68c8-48ea-81bc-90abdad12b21,John S. Carasik Scholarship,missing:provider_name,provider_name
5e2db6d9-cc39-4aaf-bd2a-8f9f792c1475,Upakar Indian-American Scholarship Foundation,missing:provider_name,provider_name
5e79a8eb-710c-4b30-b73d-57ae5a3738e5,IUMF High School Senior Scholarships Guide,missing:provider_name,provider_name
5e7e7abc-6822-485f-8fd6-254ae6108902,Jordan & Cara Odo Leadership Scholarship,missing:provider_name,provider_name
5e87f47c-0dc0-4686-abff-74110c5f3b8e,Eiffel Scholarship Program of Excellence,garbage_phrase,
5ea10d00-f66c-45e5-9613-b0cb868234a8,Margaret S. McCready Memorial Scholarship,garbage_phrase,
5eaeaed3-b078-4f85-b225-c023fdb75c64,Every Dream Scholarship,missing:provider_name,provider_name
5eb9de7d-733f-46b7-aefc-7bcaf1646b8e,Energy Analysis and Policy Student Scholarship,garbage_phrase,
5ec15143-33b0-42bc-8e59-54eaa0fb66b0,Parkinson Association of the Rockies Eric Wright Memorial Fund,missing:provider_name,provider_name
5ee4140a-1bf4-45bd-9d3c-11ab6534d70b,Bradford-Sullivan Forest Landowners' Association Scholarship,missing:provider_name,provider_name
5ee9625c-809f-443d-a732-194c78146ac6,AAUW Hilo Nursing Scholarships,missing:provider_name,provider_name
5ef534bb-b32a-4f2a-8050-dd2385aaad01,Southwest Georgia Farm Credit Scholarship,missing:provider_name,provider_name
5ef6ec17-950a-427f-ad28-32c520660282,Pacific Gas & Electric Company Veterans ERG Scholarship,missing:provider_name,provider_name
5f24daef-40ac-4bde-a43b-41b89911842b,TUMS Multiple Sclerosis Fellowship,missing:deadline,deadline
5f283c83-8799-44cc-9ebc-06eb8fbd828a,Baer Reintegration Scholarship,missing:provider_name,provider_name
5f9c56a3-76e3-408c-b180-de53977f1c20,The Haque Law Wings of Expression Scholarship,garbage_phrase,
5fa301ce-cfcb-4d8e-bfa2-5ea433b1982b,Bucks County Roadrunners Great Strides Scholarship,missing:provider_name,provider_name
5febc9b0-e7b3-44bd-bc02-ea01798519b0,Alisa's Angels Scholarship,missing:provider_name,provider_name
5ff08266-eec7-46a7-ac87-16952245d0d6,Vietnamese Academic Excellence Award,missing:deadline,deadline
5ff1ed97-b7fb-49da-82ae-c1457076da05,California Broadcasters Association Scholarship,missing:provider_name,provider_name
5ffc83e4-af9c-4a71-9599-786a0795134f,Climate Action Scholarship,garbage_phrase,
602037c2-0d09-4a62-8a08-5b3052267bcd,BBB Life Lessons Essay Contest,missing:provider_name,provider_name
6023cba8-5971-4d93-b607-158933675582,Patina Network Community Scholarship,missing:provider_name,provider_name
60268611-aa25-4b4b-808f-fec87b5bb7e9,Quaker Foundation Scholarships Guide 2027,missing:provider_name,provider_name
60372d20-a389-457d-b15e-6500fac99008,WTS-NH Undergraduate Scholarship,missing:provider_name,provider_name
60380505-9f25-41b7-abbf-38948c629358,561 Build STEM Scholarship,missing:provider_name,provider_name
6040d9a5-b281-49f7-860b-37b4bb716512,JLR Outstanding Community Service Scholarship,missing:provider_name,provider_name
6046ad63-1bb0-4b3c-86f8-d7d8ea5d000a,New York Pass Scholarship,missing:provider_name,provider_name
604b0ba7-b9e1-4253-a075-8ae8d0197e66,NAACP Agnes Jones Jackson Scholarship,missing:provider_name,provider_name
604b2eba-7cd4-49ef-bb47-80af58b9727a,International Students Scholarship,garbage_phrase,
60545c70-9d12-45d1-9f82-a96d82366207,Building Bridges Scholarship,garbage_phrase,
605eadcf-81cb-460f-a764-e8424fd62ced,"West Virginia Engineering, Science and Technology Scholarship",missing:provider_name,provider_name
6097fb76-8357-4488-b46f-e3dc4ae2f99b,Taipei Medical University - Graduate programs,garbage_phrase,
609e0209-40e3-4efd-9645-3cff2db1cc1f,CAP Cadet Flight Scholarships Guide 2027,missing:provider_name,provider_name
60b5fc2d-5d70-4419-92bb-0263caeff454,Bill H. James Foundation for Aspiring African American Engineers,missing:provider_name,provider_name
60cee6e4-96d7-43a4-995c-f6effde0766c,Justice in Rural Communities Scholarship,garbage_phrase,
60cf6e6d-dbf4-4fc6-b53a-a1629c182601,Diller Teen Tikkun Olam Award,missing:provider_name,provider_name
60d29cf6-18de-4d66-b326-16b56dee383a,Southampton Business School MBA Excellence International Scholarship,garbage_phrase,
60e21341-c328-4ad0-a49c-c4b6e6a91411,New Hope Women of Today Scholarship,missing:provider_name,provider_name
60fe4123-9160-46c0-94fa-fd63baa14308,GIST Scholarships,garbage_phrase,
610d5ffd-5750-4e88-8862-a2fb01df4561,Reston Community Players Scholarships,missing:provider_name,provider_name
61261b47-cfd4-4831-8527-8dfddbb5e455,Kendra Ruestow Atherton Memorial Scholarship,missing:provider_name,provider_name
61845a42-796b-4b7c-95d4-df20cb052d61,Episcopal Diocese of Long Island Scholarship Guide,missing:provider_name,provider_name
6187ba55-5f6c-497f-b0b1-56f88fbed2d7,Mary Eddy Gover Award for Scholastic Excellence,garbage_phrase,
61cf9b82-7a44-47dd-ab4e-a21ef52b5d35,DMA Scholarship USA 2026 Apply,missing:provider_name,provider_name
61e06706-7e3b-45d4-a271-9422bb7203c7,Undergraduate programs taught in Vietnamese,garbage_phrase,
61e7a6c6-52a1-45cb-a706-e0b165fa9488,New Zealand Seniors Aged Care Futures Grant,garbage_phrase,
61e857ce-3da9-43d2-b433-8944b1e2444c,The Lyons Aviation Foundation Scholarship,missing:provider_name,provider_name
61f5122c-09ea-4eaa-8b7d-0ea4ceef7e21,Sport Scholarships,garbage_phrase,
620a490d-d393-4315-9d10-d5ef50e78383,New York Grace LeGendre Fellowships Guide,missing:provider_name,provider_name
624f0784-f997-495d-9472-c46760726150,Katherine Mullinax Memorial Scholarship,missing:provider_name,provider_name
6250723e-2879-463d-a7ab-504648b6e883,National FFA Scholarship Program,missing:provider_name,provider_name
62571196-80d4-45d3-a628-e1e0d6831ca0,MSc Education (Early Childhood Practice and Froebel) Scholarship,garbage_phrase,
62628868-efd4-4d5d-b44f-efb6a5d01125,Emma E. Buckley Scholarship,missing:provider_name,provider_name
626d2c0a-269a-4845-a794-926846509368,Alaska Airmen Scholarships,missing:provider_name,provider_name
629743ad-1c93-4767-a0fe-9c2ae4610b64,Marine Corps Scholarship Foundation,missing:provider_name,provider_name
62af902f-ff78-4ffb-9a33-ca8791855d95,Al-Maktoum College Living Support Scholarship (January 2027),garbage_phrase,
62ba3666-dc48-43b6-bbe0-da1a3c4872e8,Vice-Chancellor's International Postgraduate Scholarships,garbage_phrase,
62c1a6a9-b675-4ab5-b14c-a6bb3a6a20c0,Long Beach Rotary High School Seniors Scholarship,missing:provider_name,provider_name
62d01aaa-a5ea-443d-b9d8-b01d4346f9dc,Stan and Siu Berry Family Lifetime Friendship Endowment,garbage_phrase,
62e74b74-1bde-4b72-b64d-34bdfbbc07d2,VWEA Undergraduate Scholarship Guide 2026,missing:provider_name,provider_name
6319026b-4e50-4f08-8dde-58cd71bb7e74,WTS Baltimore Undergraduate Scholarship,missing:provider_name,provider_name
6350d3a9-d212-46d1-9e19-2bafd8bb892b,The Maureen D. Keller Undergraduate Scholarship,missing:provider_name,provider_name
63a8aaf3-e3aa-4f00-85c6-2030d94780f4,Leroy Olsen Counseling Psychology Scholarship,garbage_phrase,
63d39ba3-df18-4879-aa51-4871e35ef122,Christopher Mark Pitkin Memorial Scholarship,missing:provider_name,provider_name
63d8c8bf-334d-472b-a3d0-61ba3aca5829,Ambia Architecture Graduate Scholarship Fund,garbage_phrase,
63dbc6db-d70e-4cbf-950b-5168fd9b8cd1,ODU Work-Study Award,missing:deadline,deadline
63fc333b-4136-4edd-a1dd-241c450882c1,10X Digital Marketing Scholarship Guide 2026,missing:provider_name,provider_name
6419f03e-dd09-40f6-87c2-965b4960bd1b,Linda Tirado Scholarship for Photojournalism and Journalism,missing:provider_name,provider_name
642bf009-3b27-47cd-ba86-938ded47836f,Frank and Irene Potter Scholarship,garbage_phrase,
6473f8d5-1d49-4d34-ae4f-3629c6284338,Tuition-Free Business Administration and Computer Science,missing:deadline,deadline
64940d0b-79c9-45ae-a8f7-9272d8a8aea6,Junior League of the Great Lakes Bay Region Scholarship,missing:provider_name,provider_name
64a56f4c-e90d-4aa1-99c9-4493a4d3df38,OneChoice Futures Grant,garbage_phrase,
64a5c6d8-c29e-4d59-8b91-2e3472cec816,Kalman Award for International Heritage Studies,garbage_phrase,
64b98132-e9b9-4f54-bc89-a0847735902f,NL Scholarship,garbage_phrase,
64bb18f5-31a7-4fd0-a7f5-99195708902a,NAWIC Chapter 96 Scholarship Eligibility and Deadline,missing:provider_name,provider_name
64bc3b17-3b24-497f-929e-3c486ba5e0f7,NSYSU Scholarships,garbage_phrase,
64d1df90-af63-4704-90a6-005306863df4,The Dental Accounting Group Business Leadership Scholarship,missing:provider_name,provider_name
64dd40de-a05e-42ce-9c5d-f574d7b28e79,Navigate Your Future Scholarship Guide,missing:provider_name,provider_name
64ddaa4f-c397-46cb-9343-c4becb42a0f1,Curtin Global Future Leaders Scholarship,garbage_phrase,
64f8505f-df92-4414-a344-36d0d0b0257b,Maude and Alexander Hadden Scholarship Deadline 2026 USA,missing:provider_name,provider_name
64fb20df-1933-42da-b288-2cdb74c4c410,Youthlinc Utah Young Humanitarian Award,missing:provider_name,provider_name
64fbdf4c-7b79-41c9-ba3c-e8830bc7cfbc,Scholarships for international students - University of Bayreuth,garbage_phrase,
6514aa12-b6c3-4b7b-b841-6c75872982fc,Raymond S. Chase Scholarship,garbage_phrase,
652a90a0-4cd5-4e14-94ed-ea52d1931b20,United States Navy Memorial Scholarship,missing:provider_name,provider_name
6532a9ec-b436-4a68-93f5-ac71154cd628,Sports Scholarships,garbage_phrase,
6588c256-520d-4d46-84ba-ccb19dad18ba,Roswell Woman's Club Scholarship Guide,missing:provider_name,provider_name
65891262-e94f-4cb9-bbaf-27c36e773eaa,Sprak Design Scholarship Program For Visual Art Excellence,garbage_phrase,
65ac3a34-cea1-4846-8b44-4aada11bcabc,University of Auckland International Student Excellence Scholarship,garbage_phrase,
65d46d2e-7048-49ab-b978-ed0edbd21efb,Taiwanese American Scholarship Fund,missing:provider_name,provider_name
65e348ca-4d65-4572-aca7-7ded8e66315d,Rose City Scholarship,missing:provider_name,provider_name
65e768e7-2ebe-486c-8906-2e4425caa177,"LMC Scholarship Program: Award, Deadline & How to Apply",missing:provider_name,provider_name
65e889ef-05f8-40e3-9771-d005d55970b0,"Ralph and Irene Gray Scholarship - Page, NE",missing:provider_name,provider_name
6606aff2-8ae6-420c-9b4f-34735d0f18db,WCU Sustainability and Badge of Honor Scholarships,missing:provider_name,provider_name
662b91c7-150b-4771-b2c3-71ab20c089fb,Felix and Juantia Rhue Scholarship,missing:provider_name,provider_name
66582e0e-db79-417e-9ee9-4c0578a322a6,Ohio Township Association Scholarship,missing:provider_name,provider_name
66630a5c-1b55-46fe-8306-2ebf5d57df17,LeCoMASE Fund Scholarship Eligibility & Deadline,missing:provider_name,provider_name
6665acb0-67fe-430d-9dc2-8881661ebec2,Red Thread Foundation Scholarship,missing:provider_name,provider_name
668b64e1-3dd9-4f40-83cb-a1c4d06eab06,Brest Business School Academic Excellence Scholarship,garbage_phrase,
669bd717-124e-4e42-8aa4-4abda67bb239,"Scholarships for Graduate Business Studies at ALBA, Greece",garbage_phrase,
66cf1598-1f4f-40de-8d7b-577aec5287b5,ARRL Charles Clarke Cordle Memorial Scholarship,missing:provider_name,provider_name
66f74ea0-132a-4077-ac01-4449095e05b3,"The Simmons and Fletcher, P.C., Students With Disabilities Scholarship Contest",garbage_phrase,
670651dc-6ea6-4c89-9509-6e5661c7f0b0,Detroit Chapter of ASHRAE's Joseph B. Olivieri Scholarship,missing:provider_name,provider_name
676309b0-6e07-4ceb-a87a-2e78aa00e486,Pacific Gas & Electric Company Samahan ERG Scholarship,missing:provider_name,provider_name
67658473-efb6-4609-b1ce-b7d48dce19de,Governor's Urban Scholarship Program,missing:provider_name,provider_name
676d578e-51a7-4b5c-9165-a00f00ea279c,M.Sc. in Nursing Management,missing:deadline,deadline
6771e2e8-8e07-4639-a48a-2f7938455a85,Car Covers Scholarship USA 2026 Apply,missing:provider_name,provider_name
67736e75-7010-4c8e-bfea-88028d3d8bc7,AFCEA ROTC Scholarships USA 2026 Apply,missing:provider_name,provider_name
67777c63-ad2f-4764-96bf-f93a574dd043,Social and Solidarity Grants,garbage_phrase,
678f8528-f5f4-4feb-9982-08ae622f6002,Jody Stowers Scholarship USA 2026 Apply,missing:provider_name,provider_name
67b07eac-699f-4568-bd33-90a1c2d136ed,Bruce F. and Ildiko B. Meyer Memorial Scholarship,garbage_phrase,
67c56f6c-b191-4887-b5be-98a7febe470b,Ebb and Flow Bursary,garbage_phrase,
67c8b4e6-9807-487c-9be9-3c5df52cc0c1,Hope Through Learning Award,missing:provider_name,provider_name
67d3719d-baaf-451d-89ea-0345c04b3f62,NCWIT Award for Aspirations in Computing,missing:provider_name,provider_name
67fc7af1-be00-4b17-adbd-4f078d7d87d3,Virginia Tech SigEp Balanced Man Scholarship,missing:provider_name,provider_name
681b6275-7e3b-4694-9cf0-f585c0bd78d2,HBCU Week x LexisNexis Risk Solutions Scholarship,missing:provider_name,provider_name
682a527d-ca35-4f43-aa5c-c2728381329c,Digital Governance Scholarship,garbage_phrase,
6883b600-57d2-41d3-bf9c-a8021296d05f,Dr. T.J. Endowed Fellowship in Chemistry,garbage_phrase,
688b0ed7-6e52-4f91-82ab-e2c34267f7a5,Regeneron Science Talent Search Scholarship,missing:provider_name,provider_name
6890be50-74aa-42bf-b160-b3a350429b8b,South Dakota Opportunity Scholarship,missing:provider_name,provider_name
68cf19a4-917c-4b2f-a7a9-8b274015cb6e,NDSGC Lillian Goettler Scholarship Guide,missing:provider_name,provider_name
68ddc366-2a95-44e4-9aa9-7c1e5a57f587,Beta Sigma Psi University of Illinois Lutheran Scholarship,missing:provider_name,provider_name
691b0fd1-ba40-425b-b590-09c4d5d33528,Dr Helen Marchant-Pritchard Memorial Scholarship,garbage_phrase,
691d2a83-a85f-4bf4-a920-2e852f0d58e0,Etta Losee and W. Newland Reilly Scholarship,garbage_phrase,
691d7b68-cab2-4e51-a39e-03bff3475120,Homaro Cantu Scholarship deadline 2026 USA,missing:provider_name,provider_name
69250188-1c5a-4c8f-8be2-9d1faffe2230,Chinese Government Scholarship - Type B,garbage_phrase,
69263313-20ba-4a04-bed3-a2cad4660740,AIACM Scholarship USA 2026 Apply,missing:provider_name,provider_name
6942978f-afd7-4878-9fa1-dc8f773eb8ed,Christel Larko Music Scholarship,garbage_phrase,
6944eaec-07cd-43ad-a07d-ac9eaf0334fc,American Indian Science and Engineering Society Scholarships,missing:provider_name,provider_name
6959d585-2045-48df-b84b-62dff31a69a3,The Rising Scholar Award USA 2026 Apply,missing:provider_name,provider_name
69752acb-855c-4d8e-8959-6353adbbdbeb,Silver Cloud Foundation Scholarship,missing:provider_name,provider_name
6982d443-6ee6-4219-b3f4-beb63ad2b408,WCC Continuing Education Scholarship,missing:provider_name,provider_name
6994adf0-8175-4942-8ebd-1e7a7dbce0a9,Also-Known-As Adoptee Excellence Scholarship,missing:provider_name,provider_name
69976ac3-c96d-4e31-be93-c44a9f7adc78,William Hernandez Memorial Scholarship,garbage_phrase,
69a4f1e7-7841-4284-b41a-fb43a2cef6f3,"""Make A Ripple, Change the World"" Kindness Action Competition",missing:provider_name,provider_name
69abaad0-5c10-47f5-bdb4-f3391f150f1c,Nellie Martin Carman Scholarship Guide & Deadline,missing:provider_name,provider_name
69bf00c5-0825-460c-b1c2-40367eebf90b,Civil Air Patrol Academic Scholarships,missing:provider_name,provider_name
69c92168-7c31-41c6-bedf-61ecec1a9b47,Ford Transfer Scholars Program,missing:provider_name,provider_name
69cb6326-8cbf-48e0-88fe-60498588f6f6,Georgia Public Safety Memorial Grant Guide,missing:provider_name,provider_name
69d4145a-4898-458b-b14a-419c1d5b8758,International Education Fund Scholarship (IEFS),garbage_phrase,
69ffe583-f2e4-4637-b349-d68235e92f81,Charlotte Yates Family Scholarship,garbage_phrase,
6a4f5fa2-5eea-44e6-b6c3-f4a2bd4948ff,The City Law School Scholarship for Academic Excellence,garbage_phrase,
6a6b378f-07a2-4e54-8d4c-cc7860688e0c,Colonel Nate Smith Scholarship,missing:provider_name,provider_name
6aa8df01-52d3-410d-bb43-c3fcf944fa95,LPGA Renee Powell Scholarship,missing:provider_name,provider_name
6aab1a3f-5cdd-411b-a8b7-54ca7b11874b,Hearts for Community Service,missing:provider_name,provider_name
6abc5160-1407-4494-8131-f1ed1034f5f3,"Paul E. ""Truck"" Tremain Memorial Scholarship Program",missing:provider_name,provider_name
6abe1be7-b355-4809-bd9f-93b3d1bc874b,Ronald Reagan Presidential Foundation Scholars Program,missing:provider_name,provider_name
6ad8c9d9-d05c-4736-b5a8-a97f872817a0,Wayfinder Society Student Mini-Grant,missing:provider_name,provider_name
6aeb6d21-8dcf-401e-bdd2-a9ce8d66e75d,ACU Nursing Honours Scholarship,garbage_phrase,
6af3d752-04aa-4d73-a0ce-74abe8684823,Massey University Foundation Peer Scholar Award,garbage_phrase,
6af8831c-1920-4b16-83b9-894a928d91f4,David Armanasco Scholarship,missing:provider_name,provider_name
6b175023-889f-4bb8-92ae-5ab43594ac61,"RERF Veteran Stipend: Eligibility, Deadline & Apply",missing:provider_name,provider_name
6b1e81ed-2c3f-4e38-80a7-bb7ec15bdaca,Japanese Government (MEXT) Scholarship for Graduates (University Recommendation (SGU)),garbage_phrase,
6b36a566-5bf8-46d3-b2d8-b2a9e8e95544,John F. Kennedy Profile in Courage Essay Contest,missing:provider_name,provider_name
6b474841-777b-49b2-90d7-8ea48a12c583,Stuart Hall Scholarship,garbage_phrase,
6b5f982c-c4df-41f3-95ec-03d442ecaa22,Greater St. Louis Artists Scholarship,missing:provider_name,provider_name
6b742884-7d86-4226-b94b-6eaf15f3de79,Martha J. Branch Scholarship USA 2026 Apply,missing:provider_name,provider_name
6b85fbeb-1a9e-400b-89d1-f1e889a4720d,Ccb Global Bridges Scholarship,missing:provider_name,provider_name
6b8a5b5d-a829-41e0-aab3-457b4fdc4caa,BCBSRI Employee Dependent Scholarship,missing:provider_name,provider_name
6b8d62ff-f1b8-4539-a6c3-242db6ac963f,HFFA - Let your Talent Shine,missing:deadline,deadline
6b90c847-67e6-4c91-acb9-a0cd9651beb3,College Now Traditional Scholarship,missing:provider_name,provider_name
6b92664f-3b83-45fc-8924-7881e0193ca4,Polonia Institute Historical Scholarship Competition,missing:provider_name,provider_name
6bb95b42-abaa-4b60-8508-15e66b14fa7a,GRCF Vivian M. Kommer Scholarship Guide 2027,missing:provider_name,provider_name
6bdf06d7-3f5b-4229-b4f9-25b539dce3a4,Scholarship for Doctoral Degree in Sociology,missing:deadline,deadline
6bf6f243-4d74-47cc-bb0a-652d3a84abb0,NJ Space Grant Consortium Undergraduate Summer Internships,missing:provider_name,provider_name
6c0d3680-23ab-4ed9-887f-a15f62613024,Firm Foundation For Life,missing:provider_name,provider_name
6c1bfb57-3931-440d-ad45-be0646505841,Chin-Yueh Bursary,garbage_phrase,
6c3b5fa9-7091-4f25-9fe6-181d500213c8,Len Barnes AAA Michigan Fund Award,garbage_phrase,
6c53fb7c-0844-4725-a7c6-7ede01f94da5,James and Nan Farquhar Performing and Visual Arts Endowed Scholarship,garbage_phrase,
6c583db1-a881-4a23-9017-803db4d00980,Alumni Scholarship,garbage_phrase,
6c666733-5019-4b4b-9a82-84e59cc3ca7f,"Niche $25,000 No Essay Scholarship Guide",missing:provider_name,provider_name
6c730ef4-d9d8-4f28-bb35-c5f8a447e1ea,United Way of Long Island Scholarship Guide,missing:provider_name,provider_name
6c8154cb-18e5-41de-a326-6ae27de67c36,Kappa Scholarship Endowment Fund Guide,missing:provider_name,provider_name
6cacb62c-2e2a-4739-a56a-c6cea29313c9,Leone Crawford Travel Grant,garbage_phrase,
6cbcdbbd-72d3-4709-811c-5d4013903224,Ronald and Luellen Newmann Award,garbage_phrase,
6cbf71c8-f4bb-4942-b0e2-dcce24044c4c,The Winston-Salem Foundation Scholarships,missing:provider_name,provider_name
6d5ddae2-51f7-4746-a853-c80e0d71a5d2,Hellenic University Club of Philadelphia Scholarship,missing:provider_name,provider_name
6d6d81f3-89c9-4863-802b-bb9163fe471f,Ohio Safety Officers College Memorial Fund Guide,missing:provider_name,provider_name
6dd1d68f-bf73-4deb-8705-1a170a5d4f61,Frank Scott Endowment,garbage_phrase,
6e1f8658-776c-4ebe-88b2-66f9e5b1f697,Chelsea Arts Club Trust MA Materials and Research Award Kingston School of Art,garbage_phrase,
6e2b838a-9b43-48e9-b9be-a73773747237,NINA Journalism Scholarship USA 2026 Apply,missing:provider_name,provider_name
6e4076fc-57a3-41ea-bd2f-57549ecbd872,Elizabeth Horvath Swimming Scholarship Fund,missing:provider_name,provider_name
6e497236-843b-4aab-ac85-27f91b561b06,Fair Chance Scholarship,missing:provider_name,provider_name
6e4c761e-8c13-4d5b-985e-616a14f78ec9,MOGA Energy Education for Michigan Scholarships,missing:provider_name,provider_name
6e5d4c6e-fbc7-4f00-a810-5551b6217371,"NJCPA College Scholarships: Eligibility, Deadline, Apply",missing:provider_name,provider_name
6e61da1b-6a6a-413b-afd8-47d80b2da6fe,NHS Learning Support Fund,garbage_phrase,
6e71ec12-1451-4099-98ec-21e988e3584b,TACTYC Scholarships USA 2026 Apply,missing:provider_name,provider_name
6e8ed6bb-3db4-410d-a026-1ffa98481830,Bright HEROs Educational Enrichment Program,missing:provider_name,provider_name
6ea3cb7d-72d6-4916-8a32-7dea85e81f15,String Scholarship for High School String Students,missing:provider_name,provider_name
6eb22b18-29ef-4d53-a718-12773833f8f2,Linda Canaday Memorial Scholarship,missing:provider_name,provider_name
6eb982b0-c7f8-4866-9697-a6c196e20e30,Reason One Mentorship and Scholarship Program Guide,missing:provider_name,provider_name
6ed5c24c-3d6a-47bc-a3fd-08b912c6e92a,Hertz Foundation Graduate Fellowship,missing:provider_name,provider_name
6f2e7083-905f-45bd-b343-61d09983a2cf,Ph.D. in Community Oral Health,missing:deadline,deadline
6f3af8a1-bc49-4b56-bdd4-a504a7a9b952,Barbara A. Cooley Master’s Scholarship,garbage_phrase,
6f4200b0-ef57-4057-b292-d3dfe6785fdc,Wyoming Space Grant Undergraduate Fellowships,missing:provider_name,provider_name
6f90dfcd-f857-494c-a038-25e70426d8a5,UNCF STEM Scholars Program Scholarship,missing:provider_name,provider_name
6f954fef-f670-4030-ae2f-fd1de766fdaa,Building Forward from Home Scholarship,garbage_phrase,
6f98aa13-d320-4ef5-be24-f954335ccc74,NPG Undergraduate & Graduate Essay Scholarships,missing:provider_name,provider_name
6fc21056-5cc5-40f5-b37a-a86e7149e2f8,Marin County Bar Association Legal Scholarship,missing:provider_name,provider_name
6fc8d3ab-5f62-464e-b682-6fdc7fd7b74e,Illinois Triangle Scholar-Leader Scholarship Guide,missing:provider_name,provider_name
700130bb-0a07-4792-9c10-3cbe7f6bcbe9,QUOTA New Zealand Educational Scholarship,garbage_phrase,
70094906-8854-4138-a54d-568e1732a85f,Freeman-ASIA Award Program,missing:provider_name,provider_name
7017f148-bf79-45c6-97ea-505bf0e865af,National Federation of the Blind of Utah Scholarship,missing:provider_name,provider_name
701a964f-463e-4f85-82c8-6af38c47f957,Clark (Mile-End) Bursary Fund,garbage_phrase,
7050d71f-1026-474b-b8f1-1933f9fd115e,Kimberly Coffey Foundation Memorial Nursing Scholarship,missing:provider_name,provider_name
708800ba-008d-47d5-9058-910383cc280c,Ramage Law Group Adopted Child Scholarship,garbage_phrase,
70d8120a-aeec-4bab-a348-95042cbd8c17,Regione Veneto Scholarships,garbage_phrase,
7143b25e-78c0-4ca9-898c-8d2e48e7eb07,Marshall Scholarship,missing:provider_name,provider_name
7144bc1a-c5a4-48ae-8e33-235d7dad4708,The Michael Joseph McEnery Memorial Scholarship,garbage_phrase,
714d729e-ed6c-40d5-af24-28ae89b341cd,U.S. Stockholm Junior Water Prize,missing:provider_name,provider_name
714e9c2f-ea51-4367-946e-fd8e9da76db2,BPW Alice Mahone Scholarship,missing:provider_name,provider_name
716801bb-9899-4a70-8334-657328f32525,S.I.S.T.A.s of Middle Georgia Scholarship Guide,missing:provider_name,provider_name
717e40d1-39c7-4203-bd39-f2cc7e5e4b8f,Barbara G. Laurie Scholarship Program,missing:provider_name,provider_name
717f6ee7-8c20-415e-857b-439d8ffeec34,National Society of Accountants Foundation Scholarship,missing:provider_name,provider_name
718252f0-9d13-4caf-9ff0-94bc8d976aba,Cambridge University MBA Scholarship,garbage_phrase,
71c33aab-4ccf-4645-a97b-66b171575689,The New York Pass® Education Scholarship,garbage_phrase,
71d3fd22-b8fb-46cd-9584-34ae78dafbb4,"AAUW Sacramento Scholarship: Eligibility, Deadline, Apply",missing:provider_name,provider_name
71fec436-55a3-45c7-a888-f9409e694b95,Peace & Prosperity Education Scholarship Guide,missing:provider_name,provider_name
7224f7cd-da0e-4763-a8d3-165c8ae19793,Bill Banke Scholarship USA 2026 Apply,missing:provider_name,provider_name
7227e0c5-6116-4585-a9c6-a09c2bd88650,Margaret Sheffield Lutherer Charitable Foundation Scholarship,garbage_phrase,
722d8cf8-dcb8-4ae7-b443-5969af2b6706,Calculated Genius STEMinist Scholarship,missing:provider_name,provider_name
7257b0c8-fb93-4922-92de-93526ef9006b,Muriel Smith Scholarship,garbage_phrase,
72689c51-3e7b-404b-849a-a8ba36fc3ebf,Beirut Veterans of America Scholarship,missing:provider_name,provider_name
729f547e-2e63-4a22-8fbc-8744e8da5473,Lisa Michelle Memorial Fund Scholarship,missing:provider_name,provider_name
72b2733b-be90-4ab6-a5e6-d67dc3b6ea2e,KYTESOL ESL/LEP Student Scholarship Opportunity,missing:provider_name,provider_name
72cf7592-25d8-41d4-88a0-0f52f6dba000,Veterinary Technology Scholarships,missing:provider_name,provider_name
72e1a28c-8e84-4c42-8abc-09112e04fdfc,Al-Maktoum College Living Support Scholarship (September 2026),garbage_phrase,
72ed999d-e2d1-46d5-9899-241a8fe04a89,BU Sport Scholarship,garbage_phrase,
7308e5b4-83eb-4756-8c6f-6435b7258d80,Gary R. Bierlein Memorial Scholarship,missing:provider_name,provider_name
73317ae4-d9d8-41f6-913d-0cf213c03541,Metropolis of Boston Scholarships,missing:provider_name,provider_name
7331d19e-421b-4203-b29f-f8fa0953c8aa,AAUW Aurora Colorado Branch Scholarships,missing:provider_name,provider_name
733e1eec-2049-41ca-973b-2e0623941f70,Elizabeth M. Mauro Reimbursement Program,missing:provider_name,provider_name
73644e8b-1097-441f-b42f-f56bb5028d4f,AI Innovators Undergraduate Scholarship,missing:provider_name,provider_name
73a84f77-9fdb-4820-895f-f8e557e1878c,Alice C. Coapland Scholarship,missing:provider_name,provider_name
73dd7518-1abe-4bea-9024-d78e3f4e4958,PLS Foundation Scholarships USA 2026 Apply,missing:provider_name,provider_name
73e58a2f-2faa-4488-8a01-f82af64a7f6d,George Washington University Merit Scholarships,missing:provider_name,provider_name
742fdd18-d599-4441-8ff4-eeac0113e7f2,Denes I. Bardos Award USA 2026 Apply,missing:provider_name,provider_name
74384a79-7bb6-4c70-98ca-4a7509caa937,PEGTV Courcelle Scholarship USA 2026 Apply,missing:provider_name,provider_name
74759992-4c2c-4110-ba8c-717c3c4124e7,Singhaus Scholarship for the Performing Arts,missing:provider_name,provider_name
747eb8d3-6978-422d-b54b-6e4c643cf028,Research Excellence Scholarship,garbage_phrase,
748ee3ed-a862-474b-b226-322f5607c335,Chevening Scholarships,garbage_phrase,
74a88540-fbfd-48a5-8946-6b7401e095e9,Kansas Military Service Scholarship,missing:provider_name,provider_name
74b83b6f-5324-481f-931c-3d3392f5fa4c,General James H. Doolittle Scholarship Fund,missing:provider_name,provider_name
74cd2b13-b880-4106-a8d3-6429bcf2162d,CrowdStrike NextGen Scholarship Program,missing:provider_name,provider_name
74ce32cd-60b9-4690-834d-5b5b0020777d,Barbeques Galore Scholarship USA 2026 Apply,missing:provider_name,provider_name
74e53336-410d-4012-bf7c-9e4110a596c9,CREW Orange County Scholarship Eligibility and Deadline,missing:provider_name,provider_name
74f4444c-d8cb-49d4-827a-f2c7f14f2476,Northeastern University London International Students Scholarships,garbage_phrase,
74f5222c-2830-41ff-b6b8-6679481223d7,Ahmad Hakemi Scholarship for Physician Assistant Students,garbage_phrase,
750a8af4-4a89-449f-b5fd-eb6ced3fad9a,Make Noise Today Scholarship USA 2026 Apply,missing:provider_name,provider_name
750f01b2-456b-4343-b280-df4fd53b2dc2,Clair A. Hill Scholarship,missing:provider_name,provider_name
7540e42d-5f2a-41ef-b690-e2224b820408,Ambassador Scholarship at Heidelberg University,missing:deadline,deadline
75443de3-0015-4b8e-b39c-aeb9a02a2dc5,Spingarn Alumni Association Scholarship Program,missing:provider_name,provider_name
7552f6f1-6b7c-412c-8b18-d6917a31fcbd,Chautauqua Region Community Foundation Scholarships,missing:provider_name,provider_name
755f3970-0113-402e-b202-1f74be4f34c3,UNSW Business School International Pathways Award,garbage_phrase,
755f48c3-a40e-46a3-a071-dd0ad77055da,Bags of Love Foundation Scholarship,missing:provider_name,provider_name
756756fc-14f8-4421-827e-0d3963fb50e3,Luce Scholars Program USA 2026 Apply,missing:provider_name,provider_name
757850f0-2f96-418a-9370-f647309fe26d,Senator Gwen Margolis Scholarship Journalism and Media,garbage_phrase,
7591a119-c312-4205-86c8-389879d77731,Casting Your Future - UAW Local 668 Scholarship,missing:provider_name,provider_name
759d666f-c04d-4d14-b1ff-da784abf0f33,Basil and Ella Jerard Endowment,garbage_phrase,
75d4c14f-d473-448c-a0eb-0a765daf69c9,Humboldt Area/Wild Rivers Community Scholarships,missing:provider_name,provider_name
75dd48e0-8765-426e-801c-58932dc32933,The Chicago Lighthouse Lader Family Scholarship Program,missing:provider_name,provider_name
7609e488-c40e-4abb-a343-a3958beeedfa,The Columbians College Scholarship Guide,missing:provider_name,provider_name
760a3ed9-57a0-4750-90a1-a2c7c87be681,LERMI Supports Law Enforcement Scholarship Guide,missing:provider_name,provider_name
76215774-b649-4913-b67a-0dd0201870b5,Higgs Scholarships,garbage_phrase,
76467220-a5c9-4d2a-bdb0-f56215ee5c4d,Oklahoma Tuition Equalization Grant Program (OTEG),missing:provider_name,provider_name
76814dca-6cb1-4e5d-97f7-d0064003fa76,Cherokee Nation Foundation Champion At Large Scholarship,missing:provider_name,provider_name
76b3c9b0-2c2e-4345-9c49-4aa41b5f2918,Kevin L. Allen Memorial Scholarship,missing:provider_name,provider_name
76b7defc-b93c-4be5-919a-fb8bf90220bc,Mr. Julia Henriëtte Jaarsma-Adolfs Fund Scholarship,garbage_phrase,
76c98c97-56f7-447a-ba5b-786a8a61e9c4,MCK Americas INC. Scholarship Fund Guide,missing:provider_name,provider_name
76d7b9d1-20ea-490c-ba8e-e5599db29009,"YouthCon Scholarship: Eligibility, Deadline & How to Apply",missing:provider_name,provider_name
76e695d0-497e-411c-92c2-520e8d5ae93a,Support for Maine Students Scholarship,missing:provider_name,provider_name
76fc7671-6e98-4725-83f2-e98a88c2b7f7,Walter and Laura Scott Horticulture Scholarship,garbage_phrase,
76fd64e0-86ff-43fa-9ce1-a5cf9f4941b6,School of Health & Psychological Sciences International Excellence Scholarship,garbage_phrase,
772fca53-b5d4-459f-9a38-41cc690dfe30,Alumni Discount,garbage_phrase,
775a4f8d-acf9-47c1-9a8f-1338ba95a898,Phi Kappa Tau Foundation Scholarships,missing:provider_name,provider_name
775caf19-629c-4ff7-afa5-6dc617b0ef0f,Lanford Family Highway Worker Memorial Scholarship Program,missing:provider_name,provider_name
775e3886-8164-43d4-928f-9aa9339217c0,ACHE Military Educational Benefits,missing:provider_name,provider_name
776a81c3-ac69-49cf-96df-572ad89e0d12,Margaret Howard Hamilton Scholarship,missing:provider_name,provider_name
7777a299-f6bb-4d2f-bccd-9c499cc668e6,Financial Scholarships,garbage_phrase,
777f84ed-7bf4-48f0-91fc-dadef9a4233e,Delft Blue Water Leader Scholarship,garbage_phrase,
77906242-04a5-45c6-a0f6-ccf660daea8c,Catherine Devereux Brandstrader Scholarship,missing:provider_name,provider_name
77a1cdeb-f79f-4b54-9ec8-4fcd2cef8e14,"Fluid Power Scholarship: Eligibility, Deadline, Apply",missing:provider_name,provider_name
77ad2100-3368-4b5f-ac0d-6fca99d1f625,Vice Chancellor's International Scholarship,garbage_phrase,
77b43e37-ace2-4881-82fc-62998a00af71,York County Conservation District Scholarship,missing:provider_name,provider_name
77c32028-4770-491b-9816-1ad367d2aac7,Uandes Economic Scholarship,garbage_phrase,
77c57910-f5a1-4335-a3bc-1e0c62a1fde2,TDTU Scholarship for International Students in the 2024-2025 Academic Year,missing:deadline,deadline
77db92f0-5b1a-4be3-9e58-1f0576de925d,Sault Tribe Higher Education Grant,missing:provider_name,provider_name
77dbf6f6-0847-4b6f-bd4f-fbf1ec70e19c,NZTR McKenzie Future Leaders Scholarship,garbage_phrase,
77de8d84-3515-4daa-8ad5-c6dfb357b060,GRCF Donald J. DeYoung Scholarship,missing:provider_name,provider_name
781c438e-1870-4183-8f6c-c5ed13fcf979,IELTS Morgan Terry Memorial IATEFL Scholarship,garbage_phrase,
7834dd34-b381-4603-9e14-5c188df31e0b,Melvin G. and Mary F. Keller Scholarship,missing:provider_name,provider_name
785b97ca-f7ab-437b-8689-91ede15d73d4,IOE-Colfuturo Scholarships,missing:deadline,deadline
78659c24-600d-48ac-8a62-171bf8ce433c,Minnesota Masonic Charities Undergraduate Scholarships,missing:provider_name,provider_name
78745c62-2ae4-47e2-93b1-bbb34945777e,Global Connections Grant - Free On-campus Housing,missing:deadline,deadline
788067fd-2268-42a3-855a-25302eea815f,Construction and Project Management MSc Scholarship,garbage_phrase,
7883c36d-10e5-447b-bc54-980e3cc6c7c8,Warwick Law School LLM Scholarship,garbage_phrase,
7891eb7a-5270-4413-a83a-e66f57e68b97,RTDNF Pete Wilson Scholarship Details,missing:provider_name,provider_name
78cbe6eb-084f-4e6b-8981-36dbc6421776,Ted Adams Trust Nursing Scholarship,garbage_phrase,
78d70b11-0951-4d4e-8132-04c1c27514c5,NARI Cares MN Scholarship USA 2026 Apply,missing:provider_name,provider_name
78e6b2b3-170d-42df-9482-31610e20d589,Lehigh University Merit Scholarship/National Merit Scholarship,garbage_phrase,
78e6fe9b-3826-43c7-840f-b39b63fae090,GRCF Economic Club Business Study Abroad Scholarship,missing:provider_name,provider_name
78ef63aa-0ba7-4a42-9d71-a1ad6a41e10a,The CRWA Annual Scholarship Program Guide,missing:provider_name,provider_name
78f5a823-2e15-4600-835e-a13de793a80c,Senior Women Academic Administrators of Canada (SWAAC) Graduate Student Award of Merit,garbage_phrase,
78f8bf57-d557-492d-9345-6d081832450b,Tim Sloan Teammate Scholarship,missing:provider_name,provider_name
78f9e812-accb-409c-b081-0d654205be7d,Construction Roundtable of New Jersey Scholarship,missing:provider_name,provider_name
78fa1872-f37d-4955-80f9-351a0ca2741a,Applegate Jackson Parks Future Teacher Scholarship,missing:provider_name,provider_name
792509ca-277b-4695-908a-fc24dae7d9b3,NSCCF Scholarships,missing:provider_name,provider_name
79324a4a-63ff-4647-b9e7-d88285c38ef9,Helen and L.S. Wong Memorial Scholarship Guide,missing:provider_name,provider_name
79508530-4afe-46d6-b78f-a140fb1973fc,Study a Master's in Europe Scholarship,garbage_phrase,
796fe40c-4d01-4880-8508-4d2996212d2c,MCF Lydia R. Laurendeau Scholarship Fund,missing:provider_name,provider_name
79723b34-0f9d-4e5e-83bd-a443a437fdbb,Illinois Restaurant Association Educational Foundation Scholarship,missing:provider_name,provider_name
798061f3-a06a-4981-9892-e3a05f55c33a,Tagaloa Scholarships,garbage_phrase,
79840d4f-b461-4be3-a2d2-6888761090d0,Thomas J. Watson Fellowship,missing:provider_name,provider_name
7998152c-c43d-4d22-8354-7667d7c9bbc4,M. A. and Lila Self Leadership Academy Scholarship,garbage_phrase,
79b8bd96-c92f-4526-bde7-13c767eb3dba,Delete Cyberbullying Mental Health Awareness Scholarship,garbage_phrase,
79cebd55-36e3-4577-90e6-dce8acf3c891,Keith L. Maxwell Memorial Scholarship,garbage_phrase,
79ddbd3f-2f56-4a20-a28c-9b825fff5e22,North Texas Seniors who have Relocated Scholarship Guide,missing:provider_name,provider_name
79ef6b5c-22d2-4820-8132-cfbc6a7ff829,Catherine Southwell-Keely Travel Grant,garbage_phrase,
79f2c869-83b2-406f-8142-022ead54a7e3,University of Wisconsin Balanced Man Scholarship,missing:provider_name,provider_name
7a0be740-e39f-4395-82bc-aa999384a61d,Women in STEM Scholarship,garbage_phrase,
7a122a3b-7ee7-4dd5-92fa-c578609544f4,American Battle Monuments Foundation Past is Prologue Essay Contest,missing:provider_name,provider_name
7a42e4e0-e331-474a-918f-24ac15a0a4f1,PAIS Double Degree Scholarship,garbage_phrase,
7a498528-6167-4941-8cbf-b3fe47671e27,Pacific Gas & Electric Company Access ERG Scholarship,missing:provider_name,provider_name
7a5de528-00cb-4977-9cd0-78478070d9b7,CSC-UQ PhD Scholarship (China Scholarship Council),garbage_phrase,
7a7b89b4-ce8f-488a-99f1-924567030d43,FCFP Scholarships,missing:provider_name,provider_name
7a8b298e-ebc2-4809-9d31-55fc6162abde,Hoffman Law Firm Academic Excellence Award,missing:provider_name,provider_name
7a926695-162c-4178-bec6-eb28b0ee23a2,Global Opportunities Regional Scholarship,garbage_phrase,
7a963f8d-df93-4617-ac99-f27bd41b7c8a,Deobold B. and Marcella M. Van Dalen Scholarship Fund,garbage_phrase,
7aa6a363-eb04-4b71-ade9-efd5b5e5644a,The Criswell Davis Scholarship,missing:provider_name,provider_name
7aa7b031-59f5-4a79-8809-050bc60da7fb,The Law Offices of J. Price McNamara Path to Perseverance Scholarship,garbage_phrase,
7aa92763-1e52-44a7-af02-3005a8ce1e15,Pinsky Law New Venture Development Scholarship,garbage_phrase,
7b12902e-0d52-4255-b165-754949a1e24e,Aspen Promise Scholarship Eligibility and Deadline,missing:provider_name,provider_name
7b135e13-81c8-434e-bac7-8e67259fdbd4,Chemistry Biology Health Graduate School Master Scholarships - Université Grenoble Alpes,garbage_phrase,
7b27e60c-a49e-48c4-931b-fb1b91ba15ca,Friends of Moraine Hills State Park Scholarship in Environmental Studies,missing:provider_name,provider_name
7b28d70b-54c3-472a-b45d-e68f461532a2,Early Bird Acceptance Grant - International Students,garbage_phrase,
7b293db9-2eb5-4a56-a603-bfbf0fc29520,IDIL Scholarship,garbage_phrase,
7b2be00a-51b5-4395-a843-15024f10cb52,Buildgirls Scholars Program,missing:provider_name,provider_name
7b4e1404-c2a5-4484-9d2d-a6b1f38eeef5,Media Alliance of Houston Scholarship Guide,missing:provider_name,provider_name
7b54db9f-9cff-4c74-8ad5-6e9ed7952941,Engineering International Masters Scholarships,garbage_phrase,
7b73f313-2871-4fcf-914a-d6f3d4f5a203,GSLMTC Mary Joan Wolf Memorial Scholarship,missing:provider_name,provider_name
7b7a7aa4-9a3a-4dc9-9377-91657cb17fcb,The BAME in Higher Education Ambition Scholarship,garbage_phrase,
7ba698d1-f728-4ca1-8d1e-3a843b1a2308,Akron BBB's Laws of Life Essay Contest,missing:provider_name,provider_name
7bc919d7-e8e9-4b21-9d6f-8b7feee39535,Corporate Communication & Branding Scholarship,garbage_phrase,
7c15c37e-ca8c-4bd1-a99c-f86c31fd053f,"DCAS Scholarship: Eligibility, Deadline, Application",missing:provider_name,provider_name
7c29dee2-4dac-4fcf-876a-358662227eab,Chicana Latina Foundation Scholarships Guide,missing:provider_name,provider_name
7c2a3807-ebe3-484e-a51e-16bc658dbd62,Longwood University Honors Scholarships,missing:deadline,deadline
7c4a745c-d29e-42c0-8f54-d17504d4a37d,Civil Air Patrol William E. Hanna Scholarship,missing:provider_name,provider_name
7c69efea-d0f9-4f55-8a52-4abf2db91bdc,Bourses KPMG-ESG,garbage_phrase,
7c6fd739-839b-4ddd-9e79-528f592b6161,Chancellor's Masters Scholarship,garbage_phrase,
7c857e97-3e62-4545-8ccb-98d106074330,Metro & NJBA Trades Scholarship Guide 2026,missing:provider_name,provider_name
7cb2d2f7-efad-4cab-baaf-862023ed19c5,Harold and Iris Abel Honorary Scholarship,garbage_phrase,
7cbe6638-b4d1-40c8-8fc7-5dca224dd5f3,Leiden University Excellence Scholarship (LExS),garbage_phrase,
7ccc3372-95df-43e0-8735-f8c884caae28,GRCF Thomas D. Coffield Scholarship,missing:provider_name,provider_name
7cd504c3-11cc-4fb7-b612-44d86e536405,Mastercard Foundation Scholars Program at Makerere University 2026/2027,garbage_phrase,
7cef840b-4945-4885-89ba-9ca88e8eb9f0,Rise Foundation Scholarship USA 2026 Apply,missing:provider_name,provider_name
7cf73170-29df-413a-9382-3ccabf9e0a67,Arthur and Louise May Scholarship for Young Engineers,garbage_phrase,
7cfa6508-ee98-46db-9a91-9b3c65540a8b,RPW Political Studies Scholarship,missing:provider_name,provider_name
7d0e3dc7-413d-427e-be69-f8c18c38af80,Ted & Holly Rollins Scholarship Deadline 2026 USA,missing:provider_name,provider_name
7d14071f-33bc-489a-b254-1f22baf75aa8,CouponBirds Help To Save Scholarship,missing:deadline,deadline
7d1b7e81-bd67-4afb-9322-5eebc9d2458d,Dr. James L. and Evelyn Ribbs Hutchinson Medical Scholarship,missing:provider_name,provider_name
7d44d929-68ff-42b6-8e56-2b3a5a2493e5,Ingvar Kamprad Scholarship for living expenses,garbage_phrase,
7d45bec3-6dd3-49c8-8fa5-64eb4f367f6c,Massport Memorial & Diversity STEM Scholarships,missing:provider_name,provider_name
7d7c37a1-b6ee-4054-ac2c-ba38394b82ef,Burlingame/Gerrity Horticultural Therapy Scholarship,missing:provider_name,provider_name
7dac8766-658c-41f3-865d-c55333082e20,Dean's Excellence Scholarship Programme,garbage_phrase,
7dae948a-f93d-4cf1-b914-ebd9517015cf,Vince Dooley Scholarship,missing:provider_name,provider_name
7dc65474-f925-4aae-945d-78f4a5e58b09,Duke University B.N. Duke Scholarship,missing:provider_name,provider_name
7ddd05eb-1123-4d1c-b718-b21463d35928,Hoffman/Roupe MS Scholarship,garbage_phrase,
7df1085d-c636-4fe8-8fde-743623260f59,Helmut Veith Stipend,garbage_phrase,
7df22fd2-2cae-48be-b800-ef9daa8c08e4,Nurse Practitioner Healthcare Foundation Scholarships,missing:provider_name,provider_name
7e12bc78-9f5b-4b79-920f-38bffe491aa4,Regis College Anniversary Scholarship,missing:provider_name,provider_name
7e1e8fb5-adab-49dc-b1f0-fc08cbe92d04,San Diego Foundation Scholarships Guide 2027,missing:provider_name,provider_name
7e257315-de92-45cf-ace9-d64de2dd8c5e,The Mckenzie Family Scholarship Guide,missing:provider_name,provider_name
7e31ed15-31cc-4762-9c80-9dd9daa25a74,John Fischetti Scholarship USA 2026 Apply,missing:provider_name,provider_name
7e5890e3-e853-4621-9664-4178e30e125c,Strategic Management for Global Business Business Scholarship,garbage_phrase,
7e91ecd6-9c30-4d32-b28a-06887105bcf7,SMDSC Gilman Montgomery French Scholarship,missing:provider_name,provider_name
7eaef008-90c7-4c0d-b55e-f826c8f0f307,Tampa Bay OWIT Scholarships USA 2026 Apply,missing:provider_name,provider_name
7eaf699b-ac95-44f3-83cd-b421921d7176,Sanctuary Scholarship,garbage_phrase,
7eb68f63-5236-437b-beab-36244c4d3008,Harwood Farm Trust Scholarships,garbage_phrase,
7eec6c4f-d8f5-4687-b869-fa297910f469,The Koppinen Family Scholarship,garbage_phrase,
7f1bec35-2f1d-4a71-996d-a11102bf7cf0,Carolinas Chinese Chamber of Commerce Scholarship,missing:provider_name,provider_name
7f204567-919c-4d93-a0dc-ac88e5e94149,Military Commanders Scholarship Fund,missing:provider_name,provider_name
7f25e0d5-cd5e-462f-bc2a-c7e404b2d731,M.B.A. Students,garbage_phrase,
7f2be1de-08d3-4642-878f-ff4f5638c7e2,UQ Refugee and Humanitarian Scholarship,garbage_phrase,
7f3fab4c-574e-4cf2-90bb-4562c20788a0,JCF Gail Karp Orgell Scholarship Guide,missing:provider_name,provider_name
7f446271-944c-47ea-9474-dc39fb94b5c3,WIRE Jenny Ballard Opportunity Scholarship,missing:provider_name,provider_name
7f58a469-34b8-49b3-9c89-75ae9e7c9ea1,Creative Arts Scholarship,garbage_phrase,
7f5c3a93-9e4b-4e7c-a222-0d5ab96c696e,Rose Sullivan and Rebecca Morales Memorial Scholarship in Criminal Justice,garbage_phrase,
7f5c75c5-0c1d-4568-a559-1f9715a74b08,Chevening Scholarships,garbage_phrase,
7f5ca846-e69c-4ccf-bc6a-6464982d0834,Constitutional Study and Scholarship Program Guide,missing:provider_name,provider_name
7f6d4fd0-fdf9-41c3-8b5a-56077cdec49e,BWISE Scholarships USA 2026 Apply,missing:provider_name,provider_name
7f6d6056-cdda-4d23-84a7-95c7c4efebc6,Frank Luscher Endowed Graduate Scholarship,garbage_phrase,
7f891b74-d462-4a10-b02a-c106be47aa58,Andrew Budraitis Foundation Lehigh Valley Scholarships,missing:provider_name,provider_name
7f8f884c-1de1-4cb8-bbf0-608c7f9d4003,Patrick W Guerrette Memorial Scholarship Guide,missing:provider_name,provider_name
7fad1540-ed26-48fd-826c-0ae9980be9e7,Szweda Scholarship of Recover Michiana,missing:provider_name,provider_name
7fc02f31-236d-4fb8-ba67-fff55ae492d5,John Orr Research Award,garbage_phrase,
7fdb986c-2a5e-4815-a757-ee1d0d2af3ab,Allied Van Lines Scholarship USA 2026 Apply,missing:provider_name,provider_name
80016e81-f706-45b0-bee3-cdaf63b041f7,LPGA Phyllis G. Meekins Scholarship,missing:provider_name,provider_name
801ad826-41f2-4f08-8e2b-fbdacc771ee0,AAUW Seattle Undergraduate Scholarship,missing:provider_name,provider_name
802dea98-8b6a-4b46-81f0-daf8e0712797,European PhD Flavor Research Bursary for first year PhD students,missing:deadline,deadline
8049e728-de75-4872-8d76-3282998a2fc8,Ertegun Graduate Scholarship Programme in the Humanities,garbage_phrase,
8053320e-4484-4c14-8120-d928a2aedf35,"TUMS Doctor of Dental Surgery (D.D.S.) Program, September 2018",garbage_phrase,
80624944-4f76-40ba-a046-208be6dd6a20,Education Scholarship for Wisconsin Sickle Cell Patients,missing:provider_name,provider_name
80750ab6-8ffa-470c-9e89-6f569f542aef,LASF Scholarship USA 2026 Apply,missing:provider_name,provider_name
807ad45b-aa95-4589-9a5a-dc2a2541a646,Mastercard Foundation Scholars Program at Pan-Atlantic University (PAU) 2026 (Fully-funded),garbage_phrase,
80c3b86a-05cd-4252-9149-fa8fb7b32e42,SAE Engineering Scholarships Guide 2027,missing:provider_name,provider_name
80c5e5e0-0710-464c-8ecc-86879ee76e57,Sustainability and Social Impact Scholarships,garbage_phrase,
80cae69e-207e-4f80-8fb1-d8f4430f9bd7,Joanne Pransky Celebration of Women in Robotics,missing:provider_name,provider_name
80f382b3-3194-4b1c-ae42-6140e83f0120,Memo I'm Still Here Epilepsy Scholarship,missing:provider_name,provider_name
812ca28f-78e0-458e-b99d-c9585543bc96,Team See Possibilities Scholarship Guide,missing:provider_name,provider_name
813bf86e-ee86-4356-95a1-48f2b1a60028,Two Ten Footwear Foundation Scholarship for Footwear Employees,missing:provider_name,provider_name
8141a0f2-9f24-437e-a9b0-9e245ce72bbe,Crawford Family Scholarship,garbage_phrase,
8143c292-df19-4af5-9d7d-31332ade9453,Science Global Ambassador Scholarships - China,garbage_phrase,
81479cc1-b60f-46b8-ad8b-9234fc83af42,MSc Applied AI and Data Science Scholarship,garbage_phrase,
8162a891-e2be-4931-b20d-bfd378f4bcba,Ethan Saylor Memorial Scholarship,missing:provider_name,provider_name
81743b7e-12d1-4aa6-a588-62ced24e12e5,Alice C. Groth Endowed Scholarship,garbage_phrase,
8176f0f2-7b97-4d28-96cb-12af501b33be,AAUW Mt. Lakes Area Branch Scholarship for Women,missing:provider_name,provider_name
81790a2f-e6cf-44c4-82e5-b0a147ce30a3,Kids’ Chance of Virginia Scholarship,missing:provider_name,provider_name
81acfac9-222c-4db7-82be-62aa4cf475a6,Matt Fong Asian Americans in Public Finance Scholarship,missing:provider_name,provider_name
81b9f896-ef8e-4509-86b5-0f27e1454a3f,UMSA Foundation Scholarship Eligibility and Deadline,missing:provider_name,provider_name
81bf595d-fd39-4324-9739-3b35bda957bf,Wisconsin Architects Foundation Out-of-State Study Scholarship,missing:provider_name,provider_name
81cedd82-86c8-464e-a714-6a096d923750,Virgil and Darlene Roush Scholarship,missing:provider_name,provider_name
81dcf599-9786-4c8e-8872-1771ee8bea73,International Dean’s Scholarship,garbage_phrase,
81fa5385-d8b0-4582-a53f-60d51c2e23ad,Russell Cole Memorial Lighting Design Competition,missing:provider_name,provider_name
81fbdae5-4570-4a37-a89c-a4ee616adf94,"Lawrence ""Uncle Bo"" Campos Scholarship Guide",missing:provider_name,provider_name
82191068-f875-4952-99f0-7cfbe242f690,AQHA Margaret A. Haines Telephony Scholarship,missing:provider_name,provider_name
822dd9bd-47dc-414a-a6f4-69edae240027,TUMS Fellowship Program in Critical Care Medicine Pharmacy Practice,missing:deadline,deadline
827295e2-8f11-45c0-ab42-ae3685ed9124,BBB Student of Integrity Scholarship - Western VA,missing:provider_name,provider_name
82758192-36f5-4a79-92f1-2e4f032f2a8b,GRCF Grand Rapids Scholarship Association Guide,missing:provider_name,provider_name
828b01ee-2533-4e43-a434-93adf77489b4,Civil Air Patrol SPAATZ Association Aerospace Leadership Scholarship,missing:provider_name,provider_name
8291025c-1583-4f32-a029-05ad786098ba,Ohio Realtors Charitable & Educational Foundation Scholarship,missing:provider_name,provider_name
82af1efb-f218-4c6a-a0e7-53b15cb42a73,MBA Leadership Scholarships,garbage_phrase,
82bb6199-96d5-455c-966c-2e6d8d718766,STEM Stars Actuarial Scholars Program Guide,missing:provider_name,provider_name
82bc325f-64a4-45f2-a7f5-810c11d96bec,Early Application Scholarship,garbage_phrase,
82e4f9c9-5d46-44a2-b6ae-9b6d0972fc83,China University of Geosciences Chinese Government Scholarship,garbage_phrase,
82f83d39-f38b-405e-aaa0-39a71b844d5d,Music Scholarships,garbage_phrase,
831310d2-50f4-4532-8d66-dfa1c7bdcd4d,Brunel Family Discount,garbage_phrase,
831b8ea6-8d7e-4c70-9a71-6257259b571d,The Still Our Children Scholarship,missing:provider_name,provider_name
833adc37-2190-441b-b949-dfc10fc2d817,Chevening Scholarships,garbage_phrase,
83497813-3cac-4516-9d74-f0ced906fe5f,Merit Scholarships,garbage_phrase,
8362dcf6-f845-4beb-a04b-173907d3ff91,Southampton Education Civic Scholarship,garbage_phrase,
8369b263-9bff-4fd6-9195-7d76c382bc35,Balanced Man Scholarship- University of Virginia,missing:provider_name,provider_name
839dabc2-1d32-49f8-8b11-3d1bde393e72,"$10,000 LevelUp Gov Contest Scholarship Details",missing:provider_name,provider_name
83b6a83a-e870-45ec-846b-da3bd7e15cc1,ANZMES research funding opportunities,garbage_phrase,
83b78ecc-777b-4ab1-a726-54d1f49deda8,New Beginnings Award,garbage_phrase,
83bb3afc-756c-4919-b108-500f22504e3a,The Scottish Rite Scholarship Foundation,missing:provider_name,provider_name
83e6b23f-dddb-4746-ab77-4e10209e9f33,American Legion Legacy Scholarship,missing:provider_name,provider_name
842706a6-7d71-4642-a7db-6b2871f2bb4f,FRA Americanism Essay Contest USA 2026 Apply,missing:provider_name,provider_name
845d99ec-bdd6-4fdd-a2de-a48045b3431a,Military Family Support Trust Scholarship Guide,missing:provider_name,provider_name
846b6817-e203-47b4-8c72-a9f79abd6f38,Reel Fathers Rights Fathers’ Advocacy Scholarship,garbage_phrase,
8471c7d5-695c-4f05-937f-aa3b95507d91,Greater Than Gatsby Annual Scholarship,missing:provider_name,provider_name
84747de9-fd9a-43cc-b3ec-1559de007417,Tūpuna Maunga Authority Research Scholarship,garbage_phrase,
84976536-975f-4769-bd1d-65c4a96ba3d6,ASCAP Foundation Leiber and Stoller Scholarship 2026 USA Apply,missing:provider_name,provider_name
8497adc0-673f-4171-9e39-5c38c11f0de9,ACU Nutrition Science Honours Scholarship,garbage_phrase,
84aeb811-b554-4752-83bc-e79be2e3ec5e,Vice-Chancellor's Scholarship,garbage_phrase,
84b41818-d804-420e-a297-d6019f23e541,Spectrum of Opportunity Scholarship,missing:provider_name,provider_name
84c27e7d-bbbe-4b69-8868-b4d2ff34a39c,The Virginia W. Smith Scholarship,missing:provider_name,provider_name
84de2b3e-afa0-4747-88ac-16afd97f9833,Digital Inclusion Programme,garbage_phrase,
84eee96e-769b-41c3-86cb-7862b3801313,ASAHP Scholarship of Excellence,missing:provider_name,provider_name
84fda58d-925e-45a8-bda0-17f79ff362d0,Desire to Inspire Scholarship Eligibility & Deadline,missing:provider_name,provider_name
85168b76-9444-4f95-bff7-5210d8f6803d,Swing Phi Swing EmpowerHER Scholarship,missing:provider_name,provider_name
852d3819-c15f-4443-b455-3afc319fcfdf,YPE SF Bay Area Scholarship Eligibility & Deadline,missing:provider_name,provider_name
85316935-f271-4df7-9d54-78dcffdf3bbc,Rod McPherson Memorial Rural Scholarship,garbage_phrase,
85351833-2ccc-4a61-82bb-bb2b19aed1d5,"America’s 911 Foundation, Inc. Scholarship",missing:provider_name,provider_name
85387e54-ab67-4f4e-858e-773b55d89361,Anna V. Waters Scholarship,missing:provider_name,provider_name
85465287-98b8-4296-ac06-4cdb15c24ea4,PAMS Julie Sullivan Memorial Scholarship Award,missing:provider_name,provider_name
8554eaa5-8567-45e5-b3ed-8d04eb596d89,Fighting the Nursing Shortage Scholarship,garbage_phrase,
855b6425-88ae-4244-9c57-2ce5f88a0024,Marine Band Concerto Competition for High School Musicians,missing:provider_name,provider_name
858236b9-8168-4207-8087-be1f19b2d4ba,War Years Reunion Endowed Scholarship,garbage_phrase,
858a3776-4eef-43a9-b3e7-422752c6298e,SIT Fund,short_title,
858e43a4-7bb3-4291-adc5-73c6e8daa707,VSA International Young Soloists Competition Guide,missing:provider_name,provider_name
859878a0-8047-4b59-8e67-06a64c1d8702,ASCLS- MN Scholarship,missing:provider_name,provider_name
8599cf63-743d-485f-ab4e-bd97b27f0f41,School of Health & Psychological Sciences Dean's Scholarship for Academic and Clinical Excellence,garbage_phrase,
8599e5ab-1496-4d2e-9f7f-f08ae99bb3fe,GRCF Grand Rapids University Prep Founders' Scholarship,missing:provider_name,provider_name
85c5b741-0397-4eb7-a902-67b001ded2e1,Students With A Heart Foundation Scholarship,missing:provider_name,provider_name
860f3161-2ff5-4707-83a6-d12108d7989a,Harold and Muriel Berkman Marketing Scholarship,missing:provider_name,provider_name
8615887b-65e8-4e69-8f00-51b2f8acc910,Governmental scholarships of the Slovak Republic for Master's Students,garbage_phrase,
861e582b-adcc-4bd6-b7d9-888aded5628b,Vocational School Award,missing:provider_name,provider_name
8638645d-9649-46a1-8520-bdfed54465f6,GriffithLaw Injury Lawyers The Road Ahead: New Driver Preparedness Scholarship,garbage_phrase,
8649eb40-ebc0-4472-bba3-45c7556060c6,Agriculture Education Foundation Scholarship,missing:provider_name,provider_name
864b5622-9a7d-4655-9e02-5906b496dcf8,Pacific Gas & Electric Company ERG Scholarship Guide,missing:provider_name,provider_name
866de38c-ab16-4e20-8172-3d42df176ff2,HBCU Organ and Tissue Donation Advocacy Scholarship,missing:provider_name,provider_name
866ef2c6-e03a-4ae8-a275-b8c9fefac9c1,MLF Domestic Students Scholarship Guide 2026,missing:provider_name,provider_name
8683345c-8c14-4f42-9b26-7b51dd6f55d9,Live Your Dream- Utah Single Mother Scholarship,missing:provider_name,provider_name
86856c15-a4f6-4339-bc7b-76110bb7689c,Fellows Foundation Scholarship,missing:provider_name,provider_name
8685ec37-cb95-48f1-a9da-5b3148c879c0,Estonian National Scholarships,garbage_phrase,
86868f7e-b355-4c89-a9a3-1c31d9886cc8,Nanyang President's Graduate Scholarship,garbage_phrase,
86949319-85f8-46d6-949c-2c59edd0dd99,Department of Philosophy PGR Financial Hardship Fund,garbage_phrase,
86b9f1be-3ddd-4a20-a7eb-abea18a3e819,BTH Scholarship for Prospective Students,garbage_phrase,
86bb31a4-9b74-4bf5-bdfe-b4cade1d8429,Scarlett Family Foundation Scholarship,missing:provider_name,provider_name
86ca6b7b-e31f-4898-850c-efd534b59186,Zespri Horticultural Scholarship,garbage_phrase,
86cc8bb4-f2fb-476f-a61c-cc8185335ded,Kosciusko County Community Foundation Scholarship,missing:provider_name,provider_name
86d5b641-be92-4ae1-9448-0ea5253de38b,Jack & Julie Narcolepsy Scholarship,missing:provider_name,provider_name
86e662ba-36af-4bde-9566-385de9710f86,W.O. Davis Memorial Scholarship,missing:provider_name,provider_name
86eee064-db3f-4b82-98db-dfa54c924041,Love Your Career Scholarship USA 2026 Apply,missing:provider_name,provider_name
874a3376-48d6-4626-966a-ca93e1c4369b,USA Lacrosse Tewaaraton Native American Scholarship,missing:provider_name,provider_name
878f274e-ffd0-450d-89f1-00175053530d,Keep Your Chin Up Scholarship Fund,missing:provider_name,provider_name
879d2668-d7d1-4490-9592-a565cc45c29b,The Weston Scholarship USA 2026 Apply,missing:provider_name,provider_name
87d9ee99-1158-4dab-96f8-6626901ee626,The ISA+21 Financial Scholarship,garbage_phrase,
87e3059c-2b7b-42b5-bf62-abe693c55779,Alice P. Gast STEM Scholarship,garbage_phrase,
87e45e14-c2a2-4bc6-a40f-37a1a503778b,Merle Hinkle Memorial Scholarship,missing:provider_name,provider_name
87ee1cf4-61b7-4ec1-9fe3-7aefe12e6efa,Associated Subcontractors of MA Trade School Scholarship,missing:provider_name,provider_name
880d9011-25d1-43e2-a713-ddf95380132d,APS Minority Travel Fellowship Awards,missing:provider_name,provider_name
88284939-1d89-457d-a4ce-538cfc6c9805,Iowa 4-H Foundation Scholarships,missing:provider_name,provider_name
883acb62-a92a-4320-b3c0-5135629d5d7e,John Joseph Brandlin Memorial Scholarship Guide,missing:provider_name,provider_name
883f1a3c-6433-455e-bf35-8d2ba7564a2e,"Andrew ""Sparky"" Seever Scholarship",missing:provider_name,provider_name
88445e9f-320d-42f9-938b-c1a7487a4bd2,PFLAG Follansbee-Hansen Scholarship Guide,missing:provider_name,provider_name
885b28e9-0327-4a62-8182-54093cd26c31,Partner Colorado Foundation Scholarships Guide,missing:provider_name,provider_name
887d892a-f64b-493a-9a97-4d15b852f2e8,Page Education Foundation Grants Guide 2027,missing:provider_name,provider_name
888e5765-ace6-47de-80f2-1dd94f50994c,"Opus Scholarship Program: Eligibility, Deadline & How to Apply",missing:provider_name,provider_name
88982750-4123-4c62-943f-06c9a6d025c1,Sasha Roberts Scholarship,garbage_phrase,
88a621a2-9ef6-4c31-8799-05d076eccbd3,Fondation J. Armand Bombardier Scholarship (MBA),garbage_phrase,
88b7ccea-0cac-4c95-b75e-d050a9831cb6,MSA Law Enforcement Scholarship Eligibility & Deadline,missing:provider_name,provider_name
88d4cbf3-df5d-4f7f-bc75-d94b9199b87f,AICPA Fellowships for Doctoral Students Guide,missing:provider_name,provider_name
88d5b2f8-6b75-4211-80ce-3adc861f118a,Dr. Charlena M. Seymour Scholarship,missing:provider_name,provider_name
88db9e7a-2b22-4798-a464-20ca452a788f,NLBHA Josie Torralba Romero Scholarship Fund,missing:provider_name,provider_name
88e09822-9824-4716-bd66-3268ce2e512e,NHA Past Chairs' Legacy Scholarship,missing:provider_name,provider_name
88e9d6ad-230d-4f07-8746-534a948ebf0d,American Legion Auxiliary Spirit of Youth Scholarship,missing:provider_name,provider_name
88f49c75-3285-4b45-a3b2-8fec0441ca7a,Drever Trust MSc Scholarship,garbage_phrase,
89083272-b142-45bc-9477-37a4aaa89433,Lycoming County Medical Society Scholarship Guide,missing:provider_name,provider_name
8920feca-2f60-49dc-b37d-1323100da8a0,George and Androulla Vasiliou Scholarships,garbage_phrase,
8939cb8d-3599-48a9-861c-32ca4db3e000,Wilmington Women in Business Fresh Start Scholarship,missing:provider_name,provider_name
894cb4ea-b152-41d5-8180-61db19f0ea9d,Black & Ethnic Minority Scholarships,garbage_phrase,
894d74e9-4f3e-4193-a0c2-5acb2134c069,Austin Alliance for Women in Media Scholarship,missing:provider_name,provider_name
8960b61e-0a87-48aa-a129-062122a71148,AAUW Naperville Area STEM Scholarship Guide,missing:provider_name,provider_name
89757045-f267-45ca-9a90-58d297de39fe,UAL Home Postgraduate Scholarships,garbage_phrase,
89ce4012-a71d-4250-9ec5-915a02501e16,IUMF Westmar Scholarship,missing:provider_name,provider_name
89f4a08c-eb76-4e64-8376-ca4286a61c12,Aero Club Foundation of Washington Scholarship,missing:provider_name,provider_name
8a0b489b-f433-46d0-b878-a5a6e93ad7e5,Michigan Youth Livestock Scholarship Fund Guide,missing:provider_name,provider_name
8a0ca629-cb64-4f6e-8360-da3377324d0d,HCBA Colonel Archer B. Battista Veterans Scholarship,missing:provider_name,provider_name
8a2661d9-2d7b-4b00-a5de-a2137c73f173,Unboxing Your Life Video Scholarship,missing:provider_name,provider_name
8a2bc6ad-dfe1-4217-8d76-1e7667ea456a,FBSA Merit Scholarship,missing:provider_name,provider_name
8a52c056-8ab0-4220-bd5c-57430a8d9aae,This Is Me Scholarship,missing:provider_name,provider_name
8a54f4f4-b3f4-45bb-960a-28ba8dfeebd3,Charles Letts Memorial Scholarship,garbage_phrase,
8a612907-fe47-48e6-af45-fa1beae0840d,School of Health & Psychological Sciences Dean's Bursary for Professional Advancement,garbage_phrase,
8a8a6fa1-f559-415b-b4c8-e8d82ffc7028,Eastern Orthodox Committee on Scouting Scholarship,missing:provider_name,provider_name
8ab09724-5891-4ad1-b562-54cef1616246,Editor World's 2026 First-Generation Graduate Student Scholarship,garbage_phrase,
8ab730fe-cc64-44bd-9d52-63287f00ad22,Corky McGuinness award in Musicology,garbage_phrase,
8acbd8f8-1dfc-4c91-b1c8-762ceea38412,Full Scholarship for High School Students,missing:deadline,deadline
8ae4555b-600f-4a62-ae90-8ba06704b864,Hope Starts Here Scholarship,missing:provider_name,provider_name
8aebe8fe-0d45-44ee-934d-9378386d44c8,BOBS from Skechers Paws for a Cause Design Scholarship,missing:provider_name,provider_name
8b0cfa69-92ed-4fd6-8a05-9cc4bdce2739,SVCF Krishnan-Shah Family Scholarship,missing:provider_name,provider_name
8b379062-007f-42fe-a804-4c3485734312,Abundant Commitment Scholarship,missing:provider_name,provider_name
8b63e420-c157-4898-9c10-192974aea21e,MECA Scholarship USA 2026 Apply,missing:provider_name,provider_name
8b6cff80-f1b1-43d3-b23d-669d6417fb93,Sigma Phi Epsilon Balanced Man Scholarship- University of Memphis,missing:provider_name,provider_name
8b9e0027-56db-4d6d-8a0b-3f52d808eca8,Lila Engberg Scholarship in International Development,garbage_phrase,
8bf5610e-e355-4ad0-8a31-041fb2eb7bdd,RTK Scholars Program USA 2026 Apply,missing:provider_name,provider_name
8c17cb08-afb2-47a1-8432-89932b54c5b1,Deborah S Wehman Scholarship,garbage_phrase,
8c8bb946-4d52-49f9-9d21-740425434b1b,NL Scholarship,garbage_phrase,
8cb924a7-352f-4cd7-b692-5007cb2e89c7,WV State Fair Junior Livestock Show Scholarships,missing:provider_name,provider_name
8cc2f38f-980f-45a8-822c-3831a2a84dbc,Philadelphia Foundation Scholarships Guide 2026,missing:provider_name,provider_name
8cdad2c1-8f68-4fc2-8203-afe3e8750694,Thomas A Muth Endowed Fund,garbage_phrase,
8cecb752-df22-4f6b-92cb-a5a8a4f001cd,Sahara Hope Scholarship For Women Empowered To Change The World,missing:provider_name,provider_name
8ced91f2-05b4-49bd-848e-d75c942151e4,Pinewoods Scholarship for Ambitious Students,missing:provider_name,provider_name
8cf1fcab-3a03-444a-933f-2d387f36b7ba,"Postgraduate Scholarships for MPhil in Race, Ethnicity and Conflict",garbage_phrase,
8cffd606-062f-4a66-adf2-f31f87fd5520,Edward E. Cannon Memorial Scholarship,missing:provider_name,provider_name
8d0373c9-c11e-4edb-afbe-b35b00e4d104,Cooke College Scholarship,missing:provider_name,provider_name
8d0feb2a-5f16-49e2-88bf-b8e7b226cc72,ECF Fellowship Partners Program,missing:provider_name,provider_name
8d15854f-bfcc-402e-9886-fb1f7b1f7bcb,Riddet Institute Summer Scholarship,garbage_phrase,
8d19656b-48cd-4694-96da-6438e07583c4,Edward C. Bryant Scholarship Application Guide,missing:provider_name,provider_name
8d1b5a85-5ad6-48ac-92ce-0e10cc40a19b,Charles and Dorothy Wein Memorial Scholarship,missing:provider_name,provider_name
8d416dd7-eb4d-4ad8-83cb-654b164de251,Pat Hearn Award of Excellence in Palliative Care,garbage_phrase,
8d6334c0-56f6-445e-8bff-c239e913ac9f,Derrick Rowlandson Memorial Award,garbage_phrase,
8d6e1701-c394-41c8-9a16-f21cfbd6b3a1,Scholarships for citizens of Kazakhstan,garbage_phrase,
8d795db1-8596-4fbb-b894-105d3a926f66,Jack Scura Fund Scholarship,missing:provider_name,provider_name
8d7bb740-6e2d-405b-9a2d-420243740e2e,Central/South American Scholarship,missing:deadline,deadline
8d93a6b2-24d7-4e90-b5aa-fee31ca9fdc7,Faculty of Arts and Social Sciences Postgraduate Scholarship for Asylum Seekers and Refugees,garbage_phrase,
8d9ae9f0-90ab-455c-80fe-9f7fd65106a4,USTA Foundation Scholarships,missing:provider_name,provider_name
8dbc2c97-ebbf-468e-8b01-e1d9d46bef23,Malik James Final Act Foundation Memorial Scholarship,missing:provider_name,provider_name
8dbcb8ef-9359-40ed-b926-74207d240dde,Ruby Lee Progression Scholarship,garbage_phrase,
8dc1c257-52df-455e-a879-56c6f4831e55,SMAC Cancer Fighter Scholarship,missing:provider_name,provider_name
8e015065-67af-44e0-be95-7048c3759cbd,Bessie Mathew Foundation's Education Assistance Program,missing:provider_name,provider_name
8e02a331-ce48-413f-9c47-b9c8afb1a47e,Kids' Chance of Massachusetts Scholarship Program,missing:provider_name,provider_name
8e04a4a8-33ce-4ffb-bc61-b4ae6bf3f6db,Tom Olen Memorial Fund Scholarship Guide,missing:provider_name,provider_name
8e053e04-d1b7-473f-8051-8c38b0413006,Steve and Cheyenne Currall Global Scholarship,garbage_phrase,
8e1bf86c-0d73-44d4-9beb-83bee082021b,CSF Fiesta Queen Scholarship and Pageant Guide,missing:provider_name,provider_name
8e382d80-eb13-4ffc-8625-5e503ba7efa6,Melvin Fields and Zelda Holsinger Fields Scholarship,garbage_phrase,
8e744943-c59f-49fe-bc62-ab738bb1409c,Nashville Sounds Foundation Scholarship,missing:provider_name,provider_name
8e7988c1-bed0-4b25-bdc4-579d030daabf,"JWV MI Charles Kaye Z""L Scholarship",missing:provider_name,provider_name
8e7d6aa8-930d-46cf-9957-407239860104,South Carolina Teaching Fellows,missing:provider_name,provider_name
8e840607-a8e7-4e12-8383-a498a2b69e08,"$1,500 Annual Video Contest Scholarship",garbage_phrase,
8eae20cf-1e67-4215-a652-fb0a7926b1f4,Freyberg Scholarship,garbage_phrase,
8ed647c2-0714-4d69-94fb-a1aab8b4d559,Tourette College scholarship,missing:provider_name,provider_name
8edc9396-4b92-4354-a77f-d59e234a7314,George L. Watters Memorial Scholarship,missing:provider_name,provider_name
8eed7277-7fdc-4a74-a421-f9fa871ab83e,State Scholar Plus Scholarship,garbage_phrase,
8ef10776-a431-4ee5-a2a3-ec1ff753122a,Colleen Farrell Gerleman Scholarship,missing:provider_name,provider_name
8f1b06a2-85d8-4232-9b0e-c16603026a61,Salem Glen College Assistance Program,missing:provider_name,provider_name
8f1f1499-4083-4280-9671-9ed1c8872227,Data Science for Management Scholarship,garbage_phrase,
8f31408d-b463-421b-b3a6-9a3787715e35,PHF History Scholarship USA 2026 Apply,missing:provider_name,provider_name
8f42f9ca-2913-45d6-9f45-f508c8e2195d,Graduate Gem Scholarship,garbage_phrase,
8f4ad936-a5bd-4ddc-a830-9ef31ad42e09,Jamaican Women of Florida 4 Year Scholarship,missing:provider_name,provider_name
8f4aefcd-6185-45a9-a533-cc3f791fb96e,Georgia Engineering Foundation Scholarships,missing:provider_name,provider_name
8f98fc6a-9ba1-448b-8d85-b9a643009d1e,Kentucky Nursing Incentive Scholarship Fund,missing:provider_name,provider_name
8fa03bc2-b746-4899-9bdd-d2f0c2089764,International Titanium Association Scholarship Program,missing:provider_name,provider_name
8fc1b27a-1305-4fb3-9730-9645570c082f,Clarendon Scholarships,garbage_phrase,
8fc598d9-740c-4e7f-a265-3a086bc92e31,Charles L. Hebner Memorial Scholarship,missing:provider_name,provider_name
8fd00684-cc03-4573-8663-4c97f046fc4d,Mary Hill Davis Ethnic/Minority Scholarship,missing:provider_name,provider_name
8fd09e96-d8fc-4aeb-a5d4-c1096ed8d747,30% Club UCC CUBS Executive MBA Scholarship,garbage_phrase,
8fd3d6bb-9de3-4e20-bcfb-77ddeabfad16,Betty Hansen National Scholarship,missing:provider_name,provider_name
8fd882b8-952a-46d4-9b98-41b7646f77a7,James Gaertner & Anne Marks-Gaertner Fine Arts Scholarship,missing:provider_name,provider_name
900844ae-5535-4e98-8ae5-670b4f71ce70,Brown Hudner Navy Scholarship Guide and Deadline,missing:provider_name,provider_name
90180244-2c4d-4405-9380-cd30c99f1208,Oregon Sports Hall of Fame Scholarships,missing:provider_name,provider_name
90499006-0612-46e0-9567-56537853187c,Rhodes Scholarships for New Zealand,garbage_phrase,
904d1670-bfe9-4b96-aa35-946448a19898,The Martin and Antoinette Gorski Endowed Scholarship in Radio and Nuclear Chemistry,garbage_phrase,
9055576f-6189-4ce1-b726-78b6db10aebd,The MyUS Community Scholarship,garbage_phrase,
9067abaf-c569-4fe2-b670-b02f96b415f0,Sgt Juan Calderon Jr Memorial Scholarship Guide,missing:provider_name,provider_name
906ab8ee-7c38-4236-9ee1-b84b94919563,The Iris-Samuel Rothman Scholarship,missing:provider_name,provider_name
906f8f98-c444-4df2-a4a4-33ff36af5387,The McCall MacBain Scholarships at McGill,garbage_phrase,
90800650-3cdf-4ce6-aa82-59274693b42b,Builders League of South Jersey Scholarship Foundation,missing:provider_name,provider_name
90bc37ed-9d06-4b56-96fa-9ad0ba4694e1,Balanced Man Scholarship - Georgia Institute of Technology,missing:provider_name,provider_name
90c4c909-939e-4c14-828d-3ec4c72fdafb,Les Gruber Memorial Scholarship,garbage_phrase,
90d16d90-898b-4b74-96a6-3b5d3dc36130,PMI Tulsa Chapter Scholarship USA 2026 Apply,missing:provider_name,provider_name
90d9ae01-a6aa-4f44-9723-e2fa349141cd,Protect American River Canyons Essay Contest,missing:provider_name,provider_name
910e4ffa-0928-48d4-b481-674f090ce8f3,National WWII Museum High School Essay Contest,missing:provider_name,provider_name
912dd66a-dc57-4a89-b203-c862d34c6fd3,Riley I Whitelaw Memorial Scholarship,missing:provider_name,provider_name
915b4703-055e-4eab-97ca-e685fa94e136,Deakin Sanctuary Scholarships,garbage_phrase,
917394b4-2a37-409e-b59a-a2bc91050957,Chick-fil-A Community Scholars Scholarship Guide,missing:provider_name,provider_name
91b2f218-628c-4dd2-891d-c46801931fe0,Adlerbert Scholarships,garbage_phrase,
91efb47e-8e81-43cd-add3-599dfbd5f2ec,The Karl Kahrs Scholarship,garbage_phrase,
92041baa-1a26-4515-a33e-97181b033bc3,Jim DePalma Scholarship,missing:provider_name,provider_name
920b8449-3ea6-48c8-9a53-de24bfe044b5,Women in Logistics and Supply Chain Management Scholarship,garbage_phrase,
9221ea9e-aaa6-4689-ab3a-61fb51cd1f66,STEAM Scholarship,garbage_phrase,
92264ea3-7a81-4240-ab91-332edbe04ecb,Joan Lawrence AM Scholarship Endowment,garbage_phrase,
924459d8-4f48-4907-89f9-9396cdb49cbb,Kentucky Tuition Grant,missing:provider_name,provider_name
9273ba56-1fb2-4893-a45e-a60d999ce63c,BIA Cares Scholarships,missing:provider_name,provider_name
927c26be-692a-47f6-bde9-9207f64eac43,Marki Lemons Ryhal Education Advancement Scholarship,missing:provider_name,provider_name
927f6fd3-ecce-4799-a540-3a0005a7a142,2K Annual Drug Rehab USA - Mental Health Scholarship,garbage_phrase,
929d5015-9f72-4df4-bcf9-da0c07fcc1b5,The Lisa McNeice MILE Award,garbage_phrase,
92f05c0e-80c8-42a4-bcaa-298f80e06942,The Nick Maughan Foundation Scholarships,garbage_phrase,
930fe4d6-a069-4319-9ac2-ba04997b6434,Virginia Arts Festival Model NATO Challenge,missing:provider_name,provider_name
933361a2-7949-4210-a6c1-97c9b3153afd,Cards Against Humanity Science Ambassador Scholarship,missing:provider_name,provider_name
93392b65-e724-47cb-a7d8-01af83240d4e,5Rivers Foundation Scholarship,missing:provider_name,provider_name
934db4f9-f2e8-4148-959a-f936accaef1f,Virginia Mediation Network Andrew R. Pizzi Scholarship Link,missing:provider_name,provider_name
935f0068-cc22-4583-b093-1e4dd869c206,"""TIGER"" Excellence Scholarships",garbage_phrase,
9363ec7f-3c60-405d-8d2a-836acd06ab61,JLMC Youth Non-profit Scholarship,missing:provider_name,provider_name
93655495-38c6-4d50-91d0-85e1eb1e3eff,AAUW Carlisle Higher Education Scholarship,missing:provider_name,provider_name
9365cbd1-b3ef-4159-9a7f-5f7d38db92c3,Scholarship for degree and exchange study in Estonia,garbage_phrase,
936c6cb5-68f3-45ae-ac0e-4dc7e07b74fe,"AFCEA Washington, DC Chapter Scholarship Guide",missing:provider_name,provider_name
93b25202-8031-4d7c-8217-3f8ea479e75f,Featherstone HBCU Scholarships at Coppin State University,missing:provider_name,provider_name
93b2786d-1161-44b0-b9e6-f77825019e6d,Kaiser Permanente Northern California Medical Student Scholarship,missing:provider_name,provider_name
93d2f412-5602-4063-9723-b6bdcd3e6f6c,Heiwa Nakajima Foundation Scholarship,garbage_phrase,
94004ae8-67cf-4597-8e2a-4fbea63f36be,Readington Home School Association Scholarship,missing:provider_name,provider_name
941743a3-a8ac-4b6d-84b8-bf9bf99ae426,Odyssey Scholarships,missing:provider_name,provider_name
94457243-1dd0-4db7-a42c-8d4f5960aba2,Saatchi Diversity Scholarship: Eligibility & Deadline,missing:provider_name,provider_name
9445d91c-41f8-4906-9a62-d2fd28a54051,Dean's Scholarship,garbage_phrase,
94659174-aa97-4434-bba2-715b16d29961,Arab-American Women's Business Council Scholarship,missing:provider_name,provider_name
94668c6e-70c2-442e-96c8-2d283d783b6e,Alexander McQueen Scholarship,garbage_phrase,
946d7758-d1bf-4f8e-9404-2577a9a7b8d9,John Venhuizen Scholarship USA 2026 Apply,missing:provider_name,provider_name
9487b5e3-3b89-4770-a2db-3ef9af4eaf08,Reading Real Estate Foundation (RREF) MSc Bursary,garbage_phrase,
948c8d19-0da1-4eec-b54b-7619d91cd2cc,LGBTIQ+ OUTbio Scholarship Program Guide,missing:provider_name,provider_name
949f9b6d-c081-48ec-b328-4c677a8efc37,Texas Resident with Autism Scholarship,missing:provider_name,provider_name
94a6ca4e-8dbf-43d1-9f9f-fc241755f68f,Landesgraduierten-Stipendien,garbage_phrase,
94adca19-9afa-40db-b527-1de56f1a9638,SOAS Access to Learning Fund,garbage_phrase,
94b36bdc-7c10-402e-9368-f23e33148504,ACF Carl F. Scott Scholarship Fund for Tucumcari Lodge No. 27,missing:provider_name,provider_name
94bbc8a3-2098-49b3-a9b4-c59b24ff3d16,Ruby Leora Balduf Endowed Scholarship,garbage_phrase,
94c33ffa-908c-4072-908b-3aaf9b18547b,Americans United Student Contest,missing:provider_name,provider_name
94c744cc-8482-4cda-82b2-66d94321e59c,ROB Foundation Scholarship USA 2026 Apply,missing:provider_name,provider_name
94d38cd2-8e3f-42ac-9148-a3c9fde844ab,Al Neuharth Free Spirit and Journalism Conference,missing:provider_name,provider_name
94e891c3-e0f6-4a9d-847e-e6bacd9b4e56,The Sweetheart College Award,missing:provider_name,provider_name
951993c3-2fbe-4ecf-bcd7-bcd5844620c8,Scholarship for Foreign Students Studying in Japanese Graduate School (Honjo Scholarship),garbage_phrase,
95240489-0138-4d65-ad2d-1a7dc1719e45,Saint Patrick's Scholarship Fund Guide 2026,missing:provider_name,provider_name
9529338c-81e8-4125-92ff-054031b2d3e2,Life on Purpose Scholarship,missing:provider_name,provider_name
952aa69f-c462-4fa9-850c-cc3893abc2b6,National Military Fish and Wildlife Association Scholarship,missing:provider_name,provider_name
9530402f-3981-4831-9392-a015a1cc9cdd,Austin Lodge No. 12 Academic Scholarship,missing:provider_name,provider_name
9538e1be-3ae6-4db9-92a5-65230b19c3d3,ARC Centre of Excellence for Plant Energy Biology Jan Anderson HDR Supplementary Scholarships,garbage_phrase,
958c7b6b-f230-45f6-b09b-b8df81fc45ac,National Federation of the Blind Merit Scholarship,missing:provider_name,provider_name
959951e9-d366-411e-8e7b-49b5d118af73,"Federal Pell Grant: Eligibility, Deadline, Application",missing:provider_name,provider_name
959b8e36-21fb-47f3-bff8-b5249dbc4cbc,Black Future Leader Award,garbage_phrase,
95d348d9-0e7b-409e-807a-76759e7ec3fd,Federal Supplemental Educational Opportunity Grants (FSEOG),missing:provider_name,provider_name
95d6057f-c406-48bb-8d79-b9be4d13220b,Estelle Beaumont Ellison Scholarship,missing:provider_name,provider_name
95d85c8a-225d-4675-88c4-f9135dc56c05,Lithuanian Foundation Scholarship,missing:provider_name,provider_name
95e9cc9b-b145-44f0-877a-ceb2af127fca,Species On The Edge 2.0 Social Media Contest,missing:provider_name,provider_name
96079a04-f9d1-4c7f-963d-aa60edd99aa1,SEE Education Foundation Scholarship Guide 2026,missing:provider_name,provider_name
961e4af5-2e14-4d6a-adb1-e04feb6fec4d,Distinguished Career Award,garbage_phrase,
963418b4-32d5-49d4-8f01-ac7a0610ff90,Duke University Trinity Program,missing:provider_name,provider_name
96353ca3-16ba-46fc-a88c-b47debc89164,Houston Marathon Foundation Scholarship Guide,missing:provider_name,provider_name
963f8185-03ed-4878-a10a-52b44e66682e,SVCF Scholarships,missing:provider_name,provider_name
964a797f-11d6-4bb5-b921-c4203b4d9813,Singing for Scholarships,missing:provider_name,provider_name
966c8e48-5aaf-4e5f-ae05-507348fd7c89,International Cooperation and Development Scholarship,garbage_phrase,
9686f817-bad4-4901-9b79-eb55c18aaa9d,The 1916 Bursary Fund,garbage_phrase,
96d2644c-b90b-49b4-a66a-1b853ab2b799,The Evelyn Hill Pender Memorial Endowed Scholarship,garbage_phrase,
96d4730d-4e42-48c9-9e73-561228fc7674,Richard & Colleen Burns Scholarship,garbage_phrase,
96d4b3e5-85d5-419c-8d1a-027d7f82f3c9,Pukehou Poutū Scholarship,garbage_phrase,
9708e18e-328c-44df-b6bb-098d49eb347b,CollegeCounts Scholarship Program,missing:provider_name,provider_name
973cf1ca-ff43-47e0-8699-b88cef89f1d0,Unity Lodge 3 Scholarship USA 2026 Apply,missing:provider_name,provider_name
973ef1c5-f080-4317-8b35-12087fdd0fc9,John J. Bologna Memorial Scholarship,missing:provider_name,provider_name
97513db1-307b-47b9-930e-42c74f87e7bd,APCF State Bank of India (California) Scholarship,missing:provider_name,provider_name
97557787-e5ab-41c9-b1dc-c06944382cbf,National Research Grant,garbage_phrase,
9761d94e-0b1d-4239-87b8-a2ef46e58846,Care4Kiddos Fundraising Scholarship,missing:provider_name,provider_name
978483f4-a6ce-4c49-9650-be99593e53b7,BOC Sciences Chemistry Scholarship Program,garbage_phrase,
97939532-8469-40b3-a96c-676be378fa35,AL Diablo Valley High School Scholarship Guide,missing:provider_name,provider_name
97ab0df1-9e3f-4327-9b98-33545aa2be4d,Smith Scholarship,missing:provider_name,provider_name
97bb170b-b8b6-4ede-a4dc-c2fba0406458,Study Abroad Scholarship Program - Diversity Scholarship,garbage_phrase,
97e13019-1b78-4c07-867f-7e888ded7573,Pennsylvania State Grant Program,missing:provider_name,provider_name
97e95074-7573-4c37-8d13-c0cc359f8251,"OCCACCF Scholarship: Award, Deadline & How to Apply",missing:provider_name,provider_name
9804adce-f161-41a9-8f45-e153e8b5159c,Lisa Kaminski Memorial Scholarship Guide,missing:provider_name,provider_name
98345464-4323-46fe-8bcf-b53621cf2541,Anidjar & Levine Community Service Scholarship,garbage_phrase,
98399439-fdc4-48c2-b267-25e1c22fcc21,Dorothy Dubois Walker Beach Scholarship,missing:provider_name,provider_name
9844a5ab-4f6c-4e65-a233-38680d67a9ce,Mary Rita Batesole Environmental Education Scholarship,missing:provider_name,provider_name
98454e10-71a7-4a9f-899f-03b01bc095f1,BU Music Scholarships,garbage_phrase,
98612407-e88f-4bf0-8e8b-cc06b898e557,Axel Adler Scholarship,garbage_phrase,
9861a1fb-a9d3-46be-b9ad-66d87ee8e1c9,New York Women in Communications Scholarships,missing:provider_name,provider_name
9883973b-243e-4b15-9e17-5d029d33048b,Gill-Elliott Scholarship USA 2026 Apply,missing:provider_name,provider_name
9890fb88-12a8-4e5e-96da-7d1b4a0efa66,Waukegan Park District Scholarship,missing:provider_name,provider_name
98a1f227-3ea0-4fac-90ac-95d0bce04ee7,Coca-Cola Scholars Program Scholarship,missing:provider_name,provider_name
98e83253-09ff-4cef-b8bb-58e93f98fdb0,SAME Seattle Post & PSE&SSF Scholarships Guide,missing:provider_name,provider_name
98f5ea7b-5c4e-40eb-bff5-3db57bfdfcd6,Blue Umbrella Waterproofing & Foundations Scholarship,missing:provider_name,provider_name
98f856ec-ad21-4be6-86de-d5deb9b60725,Japanese Government (MEXT) Scholarship for Graduates (University Recommendation (Priority/General)),garbage_phrase,
99039254-3b1c-48fc-937b-84c50060f0cf,Quad City Engineering and Science Council Scholarship (QCESC),missing:provider_name,provider_name
990af988-24a0-49fe-bd74-6c5bf9e6eac4,Worthington Scholarship,missing:provider_name,provider_name
99141502-78b9-4953-9a33-2d523c9ad316,TxDOT Conditional Grant Program Guide 2027,missing:provider_name,provider_name
99145773-6fc4-41c7-95a3-dcaafde5637b,Climate Stripes Scholarship,garbage_phrase,
99194400-7ff7-47a9-8750-3af89a620a88,NCCF Legacy Scholarship Eligibility and Application Guide,missing:provider_name,provider_name
991a71f9-facc-46be-9f3b-caf635113496,Black Skeptics First in the Family Humanist Scholarship,missing:provider_name,provider_name
991d6f3e-bae4-4871-afa7-ef2eccc4e9a7,APCF Cathay Bank Foundation Scholarship Program,missing:provider_name,provider_name
993a17e7-f057-45c4-aacb-ff98d11d4305,Andre A. Blay Film Scholarship,garbage_phrase,
9945b3ee-2f26-4bb6-8526-59f9a5c4e591,Newark (Delaware) Rotary Scholarship,missing:provider_name,provider_name
997dcccb-967c-4d53-82c2-f7b290f37d8a,The Kevin Boushel Memorial Scholarship,garbage_phrase,
99bcd851-b88c-4bfa-9f99-9fc637cfbcd7,Guy M. Wilson Scholarship,missing:provider_name,provider_name
99cf1c04-3b77-4676-9b0f-de9c4ac561e4,ANU Master of Philosophy Scholarship,garbage_phrase,
99d36513-91f7-4ea0-b2f2-d49a94e48d33,Goldberg-Miller Public Finance Scholarship,missing:provider_name,provider_name
99dec5c7-7e2d-4d94-93db-aa7d8d965ae9,Ida Foreman Fleisher Scholarship Guide and Deadline,missing:provider_name,provider_name
99fb43ef-196a-41e8-a9eb-8fed28de1fd3,Massachusetts Foster Child Grant Program,missing:provider_name,provider_name
9a04d012-6a7c-4872-ba92-4860709dcadb,Herman J. Deutsch Memorial Fellowship,garbage_phrase,
9a0a4c0e-b7f2-4ab7-93b5-89e3c99bca28,Houston Bar Association Auxiliary Law Student Scholarship,missing:provider_name,provider_name
9a0d6901-717a-4c84-b53c-dce00462ec30,AITCOY Undergraduate and Graduate Scholarships,missing:provider_name,provider_name
9a291bd7-7a91-46c2-8ddd-855296bffbcb,F.L. McEwen Scholarship,garbage_phrase,
9a74c523-175b-4944-87fd-d0775a749faa,The Ryan J. Gibbs Business Scholarship,missing:provider_name,provider_name
9a781d2c-5988-4f9f-aa05-5268b5c1fe79,"PG&E NuEnergy Scholarship: Eligibility, Deadline, Apply",missing:provider_name,provider_name
9a79cae2-e529-4d76-8497-5f334f7f42de,7X24 Exchange Rocky Mountain Chapter Scholarship,missing:provider_name,provider_name
9a99ab30-4067-414b-82be-0c1a3450bf9a,International Academic Achievement Scholarship,missing:deadline,deadline
9aa8348a-3c78-4de6-8c14-e6820a0ea7f1,Papy W. Saygbay Scholarship USA 2026 Apply,missing:provider_name,provider_name
9abded68-ec77-4c7a-938b-38a39baa021e,"Murray Watson, Jr. Scholarship Application Guide",missing:provider_name,provider_name
9ac3db2c-e2da-41e8-b09e-9a56c9d059c8,Mildred M. and Ralph R. Gilpin Scholarship,garbage_phrase,
9ae01dbb-70ae-40f5-be81-3143b305d158,Vietnamese Physician Association of Northern California (VPANC) Scholarship,missing:provider_name,provider_name
9b1b965f-1660-401e-96c7-84f803f96c3e,Nebraska Veterinary Medical Association Scholarships,missing:provider_name,provider_name
9b40a3f5-62fd-4c09-846c-0827e3949fbf,Fulbright-Cardiff University scholarship,garbage_phrase,
9b619c19-457a-4859-a654-a000cb48b3fd,GRCF Harry and Lucille Brown Scholarship Guide,missing:provider_name,provider_name
9b68b29d-505a-4531-a98b-c5357850eef2,Kentucky College Access Program Grant (CAP),missing:provider_name,provider_name
9ba1975d-a4e3-4082-b601-5799e37fc013,GRCF Keith C. VanderHyde Scholarship,missing:provider_name,provider_name
9ba3b32e-7a8c-4061-8d05-4f014782d602,TRSRM Foundation Scholarship,missing:provider_name,provider_name
9bcf6220-c64e-404c-abd9-2573bfb4d893,Sole-Parent Household Chip Scholarship,garbage_phrase,
9bdb696d-e17d-4b1d-8dc3-e7fef2735c2b,MBA Scholarship at Heidelberg University,missing:deadline,deadline
9be1aed3-11df-4dda-a414-cde5e715266f,Sebastian Arnold Hope in Recovery Scholarship,missing:provider_name,provider_name
9be46a80-c2a5-4ab3-a414-4ce191cdd7e3,Oxford-Pershing Square Graduate Scholarships,garbage_phrase,
9be636fb-7450-4bd8-b4a4-d7d40157599d,International Chinese Language Teachers Scholarship,garbage_phrase,
9bede55c-91e8-41e3-9705-ba29c585cf0d,University of Florida ELI Tuition Waiver for Enrolled Students,missing:deadline,deadline
9c0ba035-14b2-4f34-bf80-76ca8c885c97,DAAD STIBET I Graduation scholarships,garbage_phrase,
9c1305b4-58b2-4bcf-bd04-04d20cc1bcb8,John Spiegel Theatrical Artist Award,garbage_phrase,
9c1598b6-d61b-4d66-886b-d3f5b842da3f,CSJR Postgraduate Student Bursary,garbage_phrase,
9c2e6964-7865-435a-b921-c147b8ba4a4f,National Consortium of Specialized STEM Schools (NCSSS) Scholarship Program,garbage_phrase,
9c33a4ee-d280-4fc9-96b3-a1873577f3e4,The Lacek Group BIPOC Scholarship Guide,missing:provider_name,provider_name
9c65826c-a9b9-49a5-8917-29f16ca52744,ACF Bryan Cline Memorial Soccer Scholarship Program,missing:provider_name,provider_name
9c73e4b0-0cd1-4f4f-a85f-9a3dae280513,The U.S. Armed Forces Award,garbage_phrase,
9c8b0787-d6b3-4f24-8598-e9072817049c,Nicholas Anthony Aroney Research Fund,garbage_phrase,
9cb3e3f0-2706-4001-b1d2-9516c56d9d43,East Bay Community Foundation ACUMEN Scholarship,missing:provider_name,provider_name
9cc3932d-1017-4cdb-9c36-af4ce655e25e,SVCF Deblinger Family Scholarship Deadline 2026 USA,missing:provider_name,provider_name
9cd79e98-cdd7-429b-9341-509076fa4ed1,OSCPA Oregon University & Community College Scholarships,missing:provider_name,provider_name
9ced240b-df62-4174-af58-5f26779e0b3a,Commander Newell S. Rand Jr. Scholarship Program,missing:provider_name,provider_name
9d071d3a-720b-4dd8-933c-977131037615,McDonald’s HACER National Scholarship,missing:provider_name,provider_name
9d1d51e9-0c63-4093-9792-608b5c8663b9,Elma I. Lighter Scholarship,garbage_phrase,
9d2e5138-1465-4868-b3e0-8a7eb914801b,Saint Therese Youth Volunteer Scholarship Guide,missing:provider_name,provider_name
9d34bd04-6ec6-466e-943e-695c81731a1a,WID Michigan College Scholarship,missing:provider_name,provider_name
9d887800-35c3-4c5e-908c-d4c3b5c5102d,HBCU Week x Michael S. Purzycki Changemaker Scholarship,missing:provider_name,provider_name
9dbbe7ad-ffdc-40ab-a1f4-4ed58c624e6d,CMP Scholarship,missing:provider_name,provider_name
9defd33f-4abb-4efc-bd12-64aed92c3c39,PanHellenic Scholarship Foundation,missing:provider_name,provider_name
9e22ad84-4120-4ab7-964b-a8b0712f9dff,LA County Committee of Bar Examiners Accredited Law Schools Scholarship,missing:provider_name,provider_name
9e2ce08e-b8f4-434e-946f-309fbae148e0,Vice-Chancellor's Postgraduate International Scholarship,garbage_phrase,
9e428baa-0c7f-488e-b04f-a4df802a6409,GRCF Lavina Laible Scholarship,missing:provider_name,provider_name
9e4f5904-bf4d-4b7a-97f4-87b31013e99c,Maryland 2+2 Transfer Scholarship,missing:provider_name,provider_name
9e9bfe45-b553-4e70-bbdc-a238473f7022,Tom Coughlin Jay Fund Foundation Scholarship,missing:provider_name,provider_name
9ebbc9c0-2102-4a88-a333-c3a6c5bcb2e6,GRCF Black Men Building Resources Scholarship,missing:provider_name,provider_name
9ec41323-cb9a-4a02-a84b-f3f2fa349631,San Antonio A&M Club Scholarship Guide,missing:provider_name,provider_name
9ec88b26-9c1e-47eb-aeee-f690165ca1ca,Jim Sanders Media And Leadership Scholarship,garbage_phrase,
9edcb074-809e-40f6-8310-169412500cad,CryptoRunner Scholarship,garbage_phrase,
9f06266f-94f8-4868-915b-b4d021a61a19,Temple Hoyne Buell Memorial Scholarship,missing:provider_name,provider_name
9f479f49-f105-4832-9e77-c6cfdbf061f2,Millie Patton Tissot Memorial Endowed Scholarship,garbage_phrase,
9f5932cd-591a-4a96-a4bb-ef80958e93e6,Ramsing Family Endowed Scholarship Fund,garbage_phrase,
9f76f825-2bcd-454e-9323-9b1f2fa9a9ee,Ronald W. and Bernice F. Finch Scholarship,garbage_phrase,
9f7d2080-2f90-4785-b73e-571ea7c44425,EASS Patrons Higher Degree Research Award,garbage_phrase,
9f892ddb-ce9d-4a3e-a938-a80d4997d062,My Friend Linkin Scholarship USA 2026 Apply,missing:provider_name,provider_name
9f9a24d2-1bfd-42ff-b756-2faf9e2d9659,Michael A. and Sandra S. Clark Scholarship in Environmental and Science Journalism,garbage_phrase,
9fc14592-7108-4a67-86f3-1f67c846df98,Logan Scholarship in Architecture,garbage_phrase,
9fcbcc4f-cccc-4539-a57d-2c8155003584,Chadron State Eagle Rate,missing:deadline,deadline
9fccb96e-0293-406e-835f-3be766a7d649,Navy League of the United States Scholarships,missing:provider_name,provider_name
9fde7917-77b1-4f68-9336-9beff1a242c5,WSGC Undergraduate Scholarship Eligibility & Deadline,missing:provider_name,provider_name
9fea304a-c6ef-4fc9-97a9-39259325537e,Arts for Life! Scholarship,missing:provider_name,provider_name
9febf41f-5565-4b73-8710-d3a5709d87db,J and K Climate Change Scholarship,missing:provider_name,provider_name
a0081754-63bd-49c7-84b2-fbca2c748f09,Haniel Scholarship,garbage_phrase,
a01f4889-2e09-41ad-88e9-ba093daf32df,College of Education Scholarship Fund,garbage_phrase,
a02f7ca5-8830-4634-a298-102354fcb607,The John Burns Award for Courage and Perseverance,garbage_phrase,
a034562f-a057-4a93-bcaf-9bb5547e2fbe,Business School Master of Business Analytics – Women in STEM Scholarship,garbage_phrase,
a037648c-4656-4c6c-83bd-64766b0defa2,UWF Elmira K. Beyer Scholarship,missing:provider_name,provider_name
a03b8665-16af-4f86-92fb-a3f11101cd1a,Good Practices Award,garbage_phrase,
a03cb2b1-0379-41ee-adc2-56d883d1a7a0,LinkedIn Possibilities in Tech Scholarship Guide,missing:provider_name,provider_name
a04dbc96-8272-4c3d-bf17-4348d098453c,Jefferies-Park Scholarship,missing:provider_name,provider_name
a052aa59-636f-4f9c-9200-5eed4ac82fe3,Balanced Man Scholarship,missing:provider_name,provider_name
a05aafbd-4d6a-4178-aad4-c90b0123e1e0,Vice Chancellor's Postgraduate International Scholarship,garbage_phrase,
a05fd9d2-f841-4579-8efe-38185cbbbdd2,Madeline Rosenthal Goodwin Memorial Scholarship,missing:provider_name,provider_name
a0952636-8f58-407a-90a4-3117865b20a6,Justice Solutions Group Future Mentors Scholarship,missing:provider_name,provider_name
a0ab8ac6-68ca-4d07-8a46-ca0b5ecd0cef,Pacific Gas & Electric Company Black ERG Scholarship,missing:provider_name,provider_name
a0c90853-f403-41e5-bf2d-d4593ec118f8,IAEE Helen Brett Scholarship USA 2026 Apply,missing:provider_name,provider_name
a0d74073-0279-4dbf-be8c-e4dc68fa7558,Charles & Orene Hinds Scholarship,missing:provider_name,provider_name
a0f31a61-b2ac-4a7e-947b-7616e7c9f7a6,Eiffel Scholarship,garbage_phrase,
a0f57cb1-5c7a-4c93-89eb-be1abefa2da9,Alliant Credit Union Members Scholarship,missing:provider_name,provider_name
a111481e-e03a-4451-98da-35215a5b64ce,Frances Crawford Marvin American Indian Scholarship,missing:provider_name,provider_name
a113f5a8-43c0-441f-9fe0-e6e34e651c73,Sports Grant,garbage_phrase,
a124f2c8-0614-4d72-bc68-20ae619ec24a,The Reverend and Mrs F W A Roberts Prize,garbage_phrase,
a1669677-b899-4526-934b-f9af0e3d2d36,Mon Health Medical Center Foundation Scholarships,missing:provider_name,provider_name
a1722802-5f7a-49e2-950f-c6268058a553,William M. Landeen and Claudius O. Johnson Scholarship,garbage_phrase,
a178b465-6101-4a9f-a325-5a1331c16352,Euphradian Foundation Essay Scholarship,missing:provider_name,provider_name
a1ca8c49-23f9-4e74-9ec3-0e913461090a,Global Scholarship,garbage_phrase,
a1d5f945-b6c2-4e51-83e1-0f0f299255d5,International Student Housing Grant,missing:deadline,deadline
a1f2eb71-ec3a-4f7e-88e7-fb795434eaef,Hugo and Irma Oppenheimer Biology Department Award,garbage_phrase,
a211168b-1944-426f-b3ea-0267bcd6b0a4,John McArthur Geography Research Scholarship,garbage_phrase,
a21b7baa-cc5d-48a9-83ab-9c58b9c2c6f7,PAVE Essay Contest and Scholarship Program,missing:provider_name,provider_name
a2270ff3-381b-4227-952c-cfd0f4939cb3,Family bursary,garbage_phrase,
a23fc5a6-ef4e-4516-8178-5b7f90822675,Sandy (Moore) Smuts Endowed Scholarship Fund,garbage_phrase,
a244eb1f-4e84-453a-aba8-82aa21e5fdf5,Steven R. Smith Memorial Scholarship,missing:provider_name,provider_name
a2614fe3-8dae-412a-9c91-5997d47cacbb,California Law Enforcement Personnel Dependents Grant Program (LEPD),missing:provider_name,provider_name
a2728250-e541-43e2-8111-733f5a483cbf,Military Child of the Year Award Scholarship Guide,missing:provider_name,provider_name
a275e550-b4bc-4cc9-be45-96cd3988d98d,Gloria Barron Prize for Young Heroes Guide,missing:provider_name,provider_name
a28c1a67-a749-488d-abf4-5c4baaad120f,AAUW Re-Entry Women Scholarship,missing:provider_name,provider_name
a2a148db-2edd-4d77-994f-b40070adda6e,"Zonta Milwaukee Scholarships: Eligibility, Deadline, Apply",missing:provider_name,provider_name
a2a7cf14-a8d2-48c3-9143-436cf873a5f0,LC Music Scholarships USA 2026 Apply,missing:provider_name,provider_name
a2cb9295-7554-45fb-84a4-de9bb38e9f69,TUMS Clinical HIV Fellowship,missing:deadline,deadline
a2d2dbec-b629-4bf1-a423-65e12dd47db8,Walter Byers Postgraduate Scholarship Program,missing:provider_name,provider_name
a2ecd416-bc7d-43a6-9aa1-cffb403ced7c,National Space Club and Foundation Keynote Scholars Program,missing:provider_name,provider_name
a2ed559a-0760-4304-91d6-f8940bb67c15,The Cover Guy Annual Scholarship,missing:provider_name,provider_name
a306063f-52e4-445e-941b-79e3c73a34ec,Nola Cook Scholarship USA 2026 Apply,missing:provider_name,provider_name
a321e838-9d2d-4b6c-af60-d9f12741189b,CollegeXpress Spring into Cash Scholarship,missing:provider_name,provider_name
a34d7678-67b2-4891-a205-bfab5d42e91f,Fire Auxiliary Scholarship Program,missing:provider_name,provider_name
a36bc592-f9b2-4f9c-800d-85617c81b25e,GFWC Massachusetts Pennies for Art Scholarship,missing:provider_name,provider_name
a3718eba-30ac-4702-934e-6adcc99c46b0,The SQI Construction Trades Scholarship,missing:provider_name,provider_name
a391335a-cd57-46a2-96a0-c986185df4e3,UAIC Native American Scholarship Program Guide,missing:provider_name,provider_name
a397db73-278c-4608-b486-e5102b9b8b59,Scholarship for Sporting Excellence,garbage_phrase,
a3aa1256-34ea-4429-9d37-f4813d1f6c66,"Entrance Scholarship (for all School of Engineering MSc program applicants, except MSc FinTech)",garbage_phrase,
a3aed186-3a73-476b-a63a-ba1f79e5fc03,Suzanne Aubert Tertiary Scholarship,garbage_phrase,
a3bebcff-baec-411a-aa9d-78c74903415d,Aspen Ross Legacy Foundation Scholarship,missing:provider_name,provider_name
a3d25068-4d53-4c20-87da-caec22e9c9a2,Global Excellence Postgraduate Scholarships,garbage_phrase,
a3efb6dc-e5f7-4754-a3e0-1e234057333b,PMI New York City Chapter Scholarship,missing:provider_name,provider_name
a401def2-592e-4a85-b359-41ab019da8fb,Indiana Trail Running Association,missing:provider_name,provider_name
a409a0c0-96c5-43c7-9eb3-a14f490438ab,Jaci and Darryl Schoen Textbook Scholarship,garbage_phrase,
a4165ead-31ce-4ac1-9639-16f3073da741,Nan Tien Institute Buddhist Studies  Scholarship – International Students,missing:deadline;garbage_phrase,deadline
a420784b-d7b0-4e9f-b436-85b0926f0f77,KFC Foundation Scholarships,missing:provider_name,provider_name
a42416e2-282e-4207-8c9c-e55f98114284,Alabama Golf Association Women's Scholarship Fund,missing:provider_name,provider_name
a4247887-0a24-4e15-a439-f9ab894057ce,Women's Western Golf Foundation Scholarship,missing:provider_name,provider_name
a43dd0c0-768e-4d24-8681-dc7910e60489,University of Cincinnati Balanced Man Scholarship,missing:provider_name,provider_name
a485217e-5462-4f90-b94e-03f24e34fefe,"INKAS ""Rising Star” Scholarship",missing:provider_name,provider_name
a48cc04e-43d1-4375-8089-9a8f8d517de0,AIA Northeast Illinois Scholarship,missing:provider_name,provider_name
a48dbaad-1b10-4522-9531-870daf4a2d8d,Sandy DeAngelis Study Abroad Scholarship,garbage_phrase,
a4915986-0008-41cb-a4a3-9bf7ac634714,Mennonite Aid Plan Scholarship,missing:provider_name,provider_name
a492aec1-9925-4c57-827a-1e7683e9e4ff,Retriever Academic Award for Incoming First Year (merit based),garbage_phrase,
a4b4e448-ce41-45db-8074-6d57d6fc1a35,Brent Willis Scholarship USA 2026 Apply,missing:provider_name,provider_name
a4f41071-11ef-47fb-ab30-c0abf9c7661e,Georgia WISH STEM Scholarships,missing:provider_name,provider_name
a54728f1-ec77-4b1a-9a30-4792cfcafd80,Maryland Tuition Waiver for Foster Care Recipients,missing:provider_name,provider_name
a5556360-8042-4f44-8ee3-6c1f631c2755,Obadiah Joel McCarthy Memorial Scholarship,missing:provider_name,provider_name
a5632b51-5dca-4466-a6d8-3f1942b8c571,Vali Berlin Entrepreneurship Scholarship,garbage_phrase,
a5760467-4925-49af-a00b-f13629382e2d,Meeting Street Scholarship Fund,missing:provider_name,provider_name
a5a1cabb-f68e-442b-baf0-1f4dee0775fa,College JumpStart Gratitude Scholarship,garbage_phrase,
a5a7c890-9501-4334-83da-1855af5b1f5a,UPS for DownS Scholarships,missing:provider_name,provider_name
a5b78d4f-4068-4c63-8f4f-9fb5f16243aa,Avon-Miami Lodge #542 Higher Education Scholarship,missing:provider_name,provider_name
a5bce8ca-bf6a-4cf3-a730-cf4e6d4b1653,Phonathon Annual Award,garbage_phrase,
a5fbdf32-b669-4817-8969-038a5c03b5be,Harriet Fitzgerald Scholarship for Women,missing:provider_name,provider_name
a608d7df-83bc-4031-8395-57097c505c4b,The Deval Family Scholarship,garbage_phrase,
a627e40c-18a9-4f80-86bf-a554a4754713,The Jeremy D Stovall Perseverance Scholarship,missing:provider_name,provider_name
a65a983d-ad28-4e8a-8c55-8740b5acabb8,Erling-Persson Scholarship for International Students in Public Health,garbage_phrase,
a666be02-4b65-4c2a-9b55-a385fb630bc3,Taco Bell Live Más Scholarship,missing:provider_name,provider_name
a689504a-a3b5-4bc6-93b7-208aa680a058,Bonner Scholar Programs,missing:provider_name,provider_name
a6940ce0-c529-41be-82da-352ec14de4c2,Hawkes Bay Fruitgrowers' Association Charitable Trust Horticultural Scholarship,garbage_phrase,
a6b41688-a641-42eb-a5d6-039c8426128d,PMI Silver Spring Chapter Scholarship,missing:provider_name,provider_name
a71ff18f-3657-4dc4-b871-8486f3a70034,Carrington-Philbert Black / African American U.S. Undergraduate Scholarship,missing:provider_name,provider_name
a7249bfb-9c6b-4e11-a1a3-b5df422e28eb,General Dynamics Land Systems Military Scholarship,garbage_phrase,
a7367d69-22d0-46ea-9e97-e227781c9f13,Gigi and Louise Gartner Scholarship,missing:provider_name,provider_name
a737a166-ceda-4fcc-a837-bb027c3d864f,Energy Research Supplementary Scholarship,garbage_phrase,
a73ed17e-7eac-4f25-96cc-3c3700ca2a9e,UEA+Sport Individual Scholarship,garbage_phrase,
a73fc67f-9243-4cfe-a4b6-9bd5a23f5b66,Assistance in Case of Financial Difficulty (LMU Nothilfe),garbage_phrase,
a7476527-4980-430b-8613-998caf23a2a8,Chicago Coalition for the Homeless Scholarship,missing:provider_name,provider_name
a74c281f-6134-43f0-9fe7-68782e56203d,Sage Michaela Lucas Timing is Everything Scholarship,missing:provider_name,provider_name
a754f1a1-a1e0-408a-a888-600d554dbf89,George and Mary Josephine Hamman Foundation Scholarship,missing:provider_name,provider_name
a75c79db-95b7-4791-ba78-96fa344f713d,The Earth Prize Competition,missing:provider_name,provider_name
a75ed4d0-1423-4b71-828e-bb0d549bd5aa,The White Rose Scholarship,missing:provider_name,provider_name
a77202cf-c931-4f99-8250-627ce4c916a3,Natalie Marc Surpris Scholarship,missing:provider_name,provider_name
a789ed42-56a2-436b-b6ad-368ed00bc4e0,Transform Rhode Island Scholarship,missing:provider_name,provider_name
a79128cb-e9d9-484c-8ec0-539e8100cfe9,Oregon Chafee Education and Training Grant Guide,missing:provider_name,provider_name
a7b2ef74-937f-4581-9644-29ca06b1a378,Coloradans for Nebraska Scholarship,missing:provider_name,provider_name
a8078d43-59c1-4c50-b944-8e22b3e78079,JCF Elaine and Barry Gilbert College Scholarship Guide,missing:provider_name,provider_name
a81c9bb2-993d-4b61-8eaa-f10bc26ccba8,Meyer & Bowden Scholarship,garbage_phrase,
a8206089-20f3-4449-85ef-68535faa4101,MBA Scholarship Stockholm,garbage_phrase,
a8257af5-378f-473b-9c1a-327b10816529,Bill Cowden Memorial Aviation Scholarship Guide,missing:provider_name,provider_name
a82ffe1e-5a43-4c1f-8f57-aea763213836,Genoa U.S. Indian School Wolfe Family Scholarship,missing:provider_name,provider_name
a8325524-3e55-498f-8b67-00c4cc5a0af6,TUMS One year fellowship in Interventional Radiology,missing:deadline,deadline
a83300f7-7e85-4dde-a4e1-22e3a2e75b4c,Ramblers Scholarship for LGBTQI Student Athletes,missing:provider_name,provider_name
a84b5449-b85b-4708-b36b-a86428e0ae7a,Keisha Bodden Scholarship Eligibility and Deadline Guide,missing:provider_name,provider_name
a8574a60-fb45-4ef3-8465-4e30c03ff18e,Justin Magnuson Justice Reform Foundation Scholarship,garbage_phrase,
a857f297-d1b1-4e94-8068-77f8acd1cb55,WABO Scholarship Program,missing:provider_name,provider_name
a862cf80-7fa8-45e6-b927-50062d4b6e31,Dream Chaser Scholarship,garbage_phrase,
a8849f5c-deb7-4963-b561-e8aec49f0e02,Agaram Tamilar Essay Scholarship,missing:provider_name,provider_name
a895c9ee-3ace-46bc-a2fa-8c00006f082b,Mary Fran Carroll Non-Traditional Scholarship Guide,missing:provider_name,provider_name
a8a20aa9-a978-4ad7-bc30-3d454b31aa77,MFMA Academic Scholarship USA 2026 Apply,missing:provider_name,provider_name
a8a3c745-821f-4868-897d-042b552797fb,Professor Victoria Atkinson Medical Student Scholarship,garbage_phrase,
a9161a3d-eea7-4136-ba2f-171d15e30ebc,The Lacek Group Scholarship | Eligibility & Deadline,missing:provider_name,provider_name
a9190683-e36f-4890-82bb-cfc80b9a393a,Ohio War Orphan & Disabled Veterans' Children Scholarship,missing:provider_name,provider_name
a91933d2-277b-4113-801f-38e1372b5c2f,"Montford Point Marine Association Washington, DC 6 Chapter Schol…",missing:provider_name,provider_name
a91b827e-74bb-4660-8fbe-72cb265727ef,"CouponBirds ""Help to Save"" Scholarship",garbage_phrase,
a91bbc29-0478-40eb-bf9a-a6d506e858c6,AAUW Returning Scholar Scholarship Guide 2027,missing:provider_name,provider_name
a942379a-a224-4495-9d21-a1b6f23ad996,Dallas Center for Architecture Foundation McDermott Traveling Fe…,missing:provider_name,provider_name
a943a0b1-9276-4de3-9415-995683f5d2bb,The Foundation for Seminole County Public Schools Scholarship,missing:provider_name,provider_name
a97435f2-3f67-4e0a-aaa8-ffd6518d786d,Ohio News Media Association Scholarships,missing:provider_name,provider_name
a97d18c2-6e96-431c-a04b-ffb1aefd987d,Ailie Donald Scholarship,garbage_phrase,
a9d771e4-4dd9-4fac-bdb2-b41dec148fba,RGU SPORT Scholarship,garbage_phrase,
a9e844e6-4508-44ff-9885-5268adb786a9,Christian Missionary Scholarship Foundation,missing:provider_name,provider_name
a9ec335c-f940-4ec7-83c0-fab6c053c6e7,Mark Kilroy Foundation Scholarships Guide,missing:provider_name,provider_name
a9fe7391-752a-4487-8915-457bdd37942f,Scholarships in India,missing:deadline,deadline
aa044bca-9892-4219-add9-b85ddd71869f,Second Chance of Florida Foundation Scholarship,missing:provider_name,provider_name
aa09015f-db1d-45b0-8dfc-056808b36767,Craig D. Butler Scholarship,missing:provider_name,provider_name
aa13ef0a-812c-4984-8d41-cab4ece059ac,AgWest Customer Scholarships Eligibility & Deadline,missing:provider_name,provider_name
aa200417-0d3a-47cf-828c-1f578fd5f84a,Coase Scholarships,garbage_phrase,
aa30f05a-3331-464e-84d9-a13ce6bfd8d0,Energizing Tomorrow's Leaders Scholarship Guide,missing:provider_name,provider_name
aa3198c7-0583-4b57-9043-d61ead6fb9fb,Smile Train College Scholarship Program,missing:provider_name,provider_name
aa65d344-2c1e-4207-86aa-5b6e6a66f905,Cal Grant C Award Program,missing:provider_name,provider_name
aa85a857-2392-42e0-b58d-e5547e74d405,Lucile Murray Durkin Scholarship Guide 2026,missing:provider_name,provider_name
aa9c1ccd-6498-4b77-b090-921c1c12d2c0,Celtic Scholars Scholarship,missing:provider_name,provider_name
aaa5c58c-5c95-42cf-8375-4378808748b9,The AW Bridal Scholarship,garbage_phrase,
aaa5de3a-b657-41cf-80c3-cb74f705d680,William D. and Jewell Brewer Scholarship,missing:provider_name,provider_name
aaab1f84-6ac6-4e9e-a6b7-668d63bc6e86,Jazz at the Ballroom Scholarship,missing:provider_name,provider_name
aac3306c-ad10-4168-b988-c75db1a29284,A Second Chance: How My Accident Changed My Goals for the Future,garbage_phrase,
aacf008f-b81e-4bf4-8fb1-bf34cd0a68a3,Colonel Kathleen Swacina Scholarship,missing:provider_name,provider_name
aaf19d94-d442-4934-a088-56e26815de64,The Bernie Scholarship Awards Program,missing:provider_name,provider_name
aaf1abe0-997d-4dd5-8bc6-a823b45b2d8e,Edith Langdale Scholarship,missing:provider_name,provider_name
aafa3122-61a6-44a0-a78c-4186e26f74b0,Miller-Manchester Endowment in the College of Education,garbage_phrase,
ab0371be-b843-41cc-8bbf-b1e10b2d0a7f,Thomas A. Krug Geosyntec Memorial Scholarship,garbage_phrase,
ab132aa8-650b-4bd5-8c44-a31f8e47c74d,Renaissance Scholar Distinction,garbage_phrase,
ab3804dd-3e84-49b7-917d-733e5c931917,Western Colorado Horticultural Society Scholarship,missing:provider_name,provider_name
ab4183dc-c4b7-467e-a804-71e4aed17c6e,Faculty of Science Placement Enabling Grant,garbage_phrase,
ab47a468-8ab7-47f1-8ae9-b2fd922fb8e9,J.C. Cote Scholarship,missing:provider_name,provider_name
ab5552e8-fc93-486d-b7b5-29efad8cef37,Dick & Chris Draper Scholarship,missing:provider_name,provider_name
ab58ab6a-3718-45c2-b27e-23b6f636777a,AIA Silicon Valley William R. Hawley Scholarship,missing:provider_name,provider_name
ab598d17-e79f-4252-a783-589704e5adca,ILLCF Scholarships,missing:provider_name,provider_name
ab697a1c-0bcc-4901-a8e3-4ef02e4a9adb,Denis and Pat Protti Scholarship,garbage_phrase,
ab777aee-5ec6-4b5d-b5dc-7137eff16a31,Red Egg Marketing Scholarship USA 2026 Apply,missing:provider_name,provider_name
ab8a3cf4-cee1-4f97-b8ff-b7fc6674aee4,GRCF Gerald M. Crane Music Award Scholarship,missing:provider_name,provider_name
ab8a6809-4746-4726-9366-de1d936a6d3e,International Welcome Scholarship 2026,garbage_phrase,
abab81e3-c47c-4191-9082-7ef2e3246505,Kiwanis Club of Carefree Foundation Scholarships,missing:provider_name,provider_name
abad4066-3dc7-4684-b71f-9a24fc8f9f09,Headliners Foundation Scholarship Guide 2027,missing:provider_name,provider_name
abb5585d-8549-4726-82e3-47f81f129247,Southampton MA Holocaust scholarships,garbage_phrase,
abc7c601-37dc-4aa1-99be-31590b5737b7,Regional Scholarship - International Students,garbage_phrase,
abd4b55a-a4bb-4a67-b2ef-7027878d2857,Hong Kong PhD Fellowship Scheme,garbage_phrase,
abfe2888-c6d4-43a8-a7c9-9f8ac4b263b5,Arts Management Scholarship,garbage_phrase,
ac2b7e17-1edc-451a-9187-856e753bb0f7,GGU Worldwide Scholarship (UHUB),garbage_phrase,
ac2ceede-60d5-44a2-8eda-346371277f6d,WTS Portland Scholarships,missing:provider_name,provider_name
ac428641-30e5-4126-a2f2-f586bea6cfb9,Maryland Senatorial Scholarship,missing:provider_name,provider_name
ac667f92-7dc4-4922-ab9f-63478f5c8ac1,"Frederick W. Schaerf, M.D., Ph.D. Neuroscience Scholarship",missing:provider_name,provider_name
ac9aeb10-5250-4785-8aab-efedef5bb3c4,GRCF Gladys Snauble Scholarship,missing:provider_name,provider_name
acd363b3-3935-4dff-99d0-60cb60dcf681,"Alumnae Panhellenic Association of Washington, DC Scholarship",missing:provider_name,provider_name
aceea5f4-68e7-4d33-b8f8-f43162965cb6,Department of Physics & Astronomy Travel Award,garbage_phrase,
ad0421f4-eb83-43bb-820c-857b7d4c3379,Ninth Circuit Civics Contest Scholarship Details,missing:provider_name,provider_name
ad07fbc4-0259-4c57-81f7-68fb06d571c4,"Huebner Scholarship: Eligibility, Deadline & Apply",missing:provider_name,provider_name
ad32d9fc-a0db-4a29-a5ec-80801def58bf,Rae Lee Siporin Scholarship for Women,missing:provider_name,provider_name
ad35c98b-270d-4d7b-a81b-dd8ae01a7938,International Student Scholarships,garbage_phrase,
ad4eb85c-660a-4981-b780-c801e4c88c69,ATE Ballistic Helmet Scholarship Fund,missing:provider_name,provider_name
ad5a4630-dd12-488a-b948-c7217628572a,SoFi Scholarship Giveaway,missing:provider_name,provider_name
ad64230c-da12-437b-9ccc-ac0166800a4a,Altrusa International of Corvallis & Central Willamette Credit Union First Generation Scholarship,missing:provider_name,provider_name
ad649737-a79f-43b5-931e-ffff30c0351f,Shannon O'Daniel Memorial Scholarship Guide,missing:provider_name,provider_name
ad90e9d4-be91-497e-ac00-82ed7f306389,Ethel Rose Charney Scholarship in the Human/Animal Bond,garbage_phrase,
ad986072-e3bc-4fd9-9a74-1976d82ecd61,The Martha’s Vineyard Community Foundation Scholarships,missing:provider_name,provider_name
ad9d717c-78ce-4088-8f2f-a92580f37047,"Ruth F. Wallace Scholarship: Eligibility, Deadline & How to Apply",missing:provider_name,provider_name
ada53d8b-f400-46ed-85d7-a84d2c2e585d,Atsuhiko Tateuchi Memorial Scholarship,missing:provider_name,provider_name
adaca928-81e4-4f5a-98e0-01a811fb0416,GRCF ATHENA Eileen DeVries Scholarship,missing:provider_name,provider_name
adb87077-90fa-4259-81e1-2d1f35e9bb41,Academic Excellence Scholarship at University of Alberta,missing:deadline,deadline
adc2067e-c508-4382-9713-d1656e048a3e,AGA Boston Chapter Walter Frese Scholarship Guide,missing:provider_name,provider_name
adc90fcd-f4ba-45c5-8cb4-39c2dd60148c,VisaEnvoy Scholarships,garbage_phrase,
add2d31b-768a-417a-9c12-6e33f1998470,GRCF U-M Alumnae Club (University of Michigan) Scholarship,missing:provider_name,provider_name
addc844b-1c7f-4626-904e-d171c37f13cd,Queen Square Ion International Excellence Scholarship,garbage_phrase,
adeb6deb-6036-4251-95c2-8e73782d2a3b,Dominique Abrioux Graduate Scholarship,garbage_phrase,
ae0690db-317f-443f-8dfc-df93565fa7c5,Carter Roger Williams Scholarship,missing:provider_name,provider_name
ae0ed30d-f10b-4805-a5cc-692d35552d49,"META Foundation Scholarships: Eligibility, Deadline, Apply",missing:provider_name,provider_name
ae16ae63-9ae3-4224-8a15-9ae25f9d7efc,"BJC Scholars Fund Eligibility, Deadline & Application",missing:provider_name,provider_name
ae34806a-8309-48eb-9b4f-b6387dd18078,Air Force ROTC Scholarships,missing:provider_name,provider_name
ae74624d-f930-4cd7-b829-7c93d8525077,David Arver Memorial Scholarship,missing:provider_name,provider_name
ae8b921b-14e5-4ba6-9a53-5947b2cb6acd,The ALKU Scholarship,missing:provider_name,provider_name
aea96105-6f69-4fc1-9b00-030955fd0ec4,"$1,000 All Star Verified Scholarship",missing:provider_name,provider_name
aedbef1f-e83c-4890-aa09-033657e7e7ae,North Central Massachusetts Chamber of Commerce Scholarships,missing:provider_name,provider_name
af05c334-3792-400f-844e-4f518909f581,Community Foundation of Northern Illinois Scholarships,missing:provider_name,provider_name
af1e2000-1b32-4883-97e8-382d4d125e5e,Albert Harris Scholarship,missing:provider_name,provider_name
af511a06-9f4c-41fe-b2f0-03846558a725,ICAFS Student Training Opportunity and Project (TOP) Grant,missing:provider_name,provider_name
af5ea918-2033-439e-92fd-fe3f5f3e33de,Greater Seattle Business Association & Pride Foundation Scholarships,missing:provider_name,provider_name
af6b0240-d15d-4dbf-99a2-b6cdd62d418e,Global Excellence Scholarship Postgraduate (September 2026),garbage_phrase,
af6ff299-1e57-419b-bfab-8d805b2238e8,CoreNet Global Academic Challenge 2016,missing:deadline,deadline
af8057d5-8d60-4939-8901-cd1083d3fa78,NJCPA High School Senior Scholarship,missing:provider_name,provider_name
af8ef1b4-7cb5-4680-a371-c983d4aab2aa,Research Excellence Scholarships for Cross-disciplinary Training (One-Year),garbage_phrase,
af9bc3c4-c369-4b8e-a7b2-74f21c74813d,Ravensdown Hugh Williams Memorial Scholarship,garbage_phrase,
afda9f82-c426-48a5-aa54-7a7d36c02b9a,Clara Louise Kiser Memorial Scholarship,missing:provider_name,provider_name
b01ebb19-21db-4cec-824c-994bf587ce7a,BBB in Western Michigan Trust Scholarship,missing:provider_name,provider_name
b0251aa5-4f2c-461d-b116-44fb3f46deca,MD & DC Credit Union College Scholarship,missing:provider_name,provider_name
b02eeaa1-a059-4d1d-ba20-25a9b1f00250,Student Advocacy Scholarship,missing:provider_name,provider_name
b032f101-d712-4817-92ed-26ccbd9d3761,WTS Minnesota Dan Meyers High School Scholarship,missing:provider_name,provider_name
b03f73ae-ff38-41b3-915c-59abba965b84,Henry George and Sons Scholarship,garbage_phrase,
b04a23c4-de90-4879-a9af-7032ba238b84,Zeta Tau Alpha Scholarships and Grants,missing:provider_name,provider_name
b053e8e7-2796-4c2c-992e-8ec85d8cccf7,vCISO Cybersecurity Scholarship,missing:provider_name,provider_name
b058c140-4a26-4833-9b39-ea3548eda523,SLU Scholarships,garbage_phrase,
b0848a19-819d-4bac-b6d9-47c5671c1268,New Jersey Brain and Spine Healthcare Scholarship,missing:provider_name,provider_name
b088b591-2cb7-4a37-91b2-1031f41e0fa9,Sussex Alumni Award,garbage_phrase,
b0a369f8-ab8b-4d2d-9967-6165be0a25bb,Parle Endeavors Scholarship Eligibility and Application Guide,missing:provider_name,provider_name
b0d4621c-f2a0-4e48-ad18-25de7aeee2a3,Dennis Lang Award for Disability Studies,garbage_phrase,
b10d1c89-1b2d-4bb0-adc7-87bd96f3b900,Suncoast Music Scholarship Eligibility and Deadline,missing:provider_name,provider_name
b1197b2a-3b73-400a-8e98-da1ec651e3b1,Beta Sigma Psi University of Nebraska Lincoln Scholarship,missing:provider_name,provider_name
b11cf156-4f47-4dcc-9169-4745ca9d2cd6,Intro Journals Project,garbage_phrase,
b12370c6-2874-495e-b279-dc35393d4788,Featherstone Scholarships at the University of Baltimore,missing:provider_name,provider_name
b129b8de-978b-48c3-b761-dab98b697373,Robert E. Martin Collegiate Scholarship,missing:provider_name,provider_name
b1319b8f-f328-4892-b69e-8550cb08a9dd,Andrew Q. Peschard Memorial Scholarship,missing:provider_name,provider_name
b149feaf-03c3-4f33-bcef-0dbca58721c9,Society of Women Engineers - Lehigh Valley Section,missing:provider_name,provider_name
b1571244-fb8c-4263-9279-9e1c60cbf101,Pacific Gas & Electric Company Women's Network ERG Scholarship,missing:provider_name,provider_name
b1737b71-1271-4d56-b0ed-c57c54595a19,Passion to Succeed Student Scholarship Guide,missing:provider_name,provider_name
b197e676-c9c4-4113-8e09-571dc4c90855,AAHA Lou Manzione Scholarship,missing:provider_name,provider_name
b1983cea-9fa0-4fca-9e3f-cbe57b6333ca,American Legion National High School Oratorical Contest,missing:provider_name,provider_name
b19c4c65-4751-451a-9387-01fb680c3f30,Renate W. Chasman Award Scholarship Details,missing:provider_name,provider_name
b1a1bbf3-3fd5-4595-ad39-3516f436bf29,NL Scholarship,garbage_phrase,
b1ab7a54-133d-4937-a438-225cb1b5022b,Arkadelphia Promise Scholarship,missing:provider_name,provider_name
b1c035e3-eedb-4061-a929-8067e4f7800b,Dolly Parton Songwriters Award,missing:provider_name,provider_name
b1c82c79-3774-4392-b34b-7d78d093836e,Emily’s Light CF Foundation Scholarship,missing:provider_name,provider_name
b207b5de-35e3-4ff4-bfb0-964c22072993,Tzu Chi USA Scholarship,missing:provider_name,provider_name
b20991f1-4fcb-4d1c-9563-ac4b7a4c9e2c,PSGC Graduate Research Fellowship Guide 2027,missing:provider_name,provider_name
b2441daf-6c4b-4a87-a63f-94d73f0c9c05,Sir Robert Jones' Refugee Daughters’ Scholarship,garbage_phrase,
b2736a5a-8742-468e-a98a-74ed61ccf0ea,Laughing at My Nightmare Academic Scholarship,missing:provider_name,provider_name
b27c3d0e-2dba-46b4-b18b-0083b6b98cd8,George S. & Stella M. Knight Essay Contest,missing:provider_name,provider_name
b2811e11-6727-4f25-a289-524cb27c9778,Zonta Young Women in Public Affairs Scholarship,missing:provider_name,provider_name
b2828ae3-dc02-498d-b432-6e70158239a1,Dorrance Scholarship,missing:provider_name,provider_name
b284887b-7134-454f-8479-e85093a33a68,Harlem Bling Annual Scholarship,garbage_phrase,
b285ae29-a6cb-4fbc-a690-1bd8e3798dd8,Linnaeus University - Summer Academy Scholarship,garbage_phrase,
b2a98f2a-d52f-435b-bfd0-14f3af8a0777,Energy Science MSc Scholarship,garbage_phrase,
b2ca0cdd-b9d1-4cd1-aabb-8c7530770823,Mac Hyde Brownfield Scholarship Program,missing:provider_name,provider_name
b2d8d938-a9a9-4cfa-9f4c-1e4287a1d777,International Masters Scholarship,garbage_phrase,
b2f3e556-2b34-4df9-bf93-53c39d06b294,CWGA Priscilla Maxwell Endicott Scholarship Fund,missing:provider_name,provider_name
b2fd3173-106c-41f3-bf9e-4cd86837bfe4,HACCOF Scholarship Grant Eligibility & Deadline,missing:provider_name,provider_name
b305e50c-e8ba-4d71-a2a1-9b3a874ad0a0,Society of Professional Journalists/Los Angeles,missing:provider_name,provider_name
b329a3da-2594-43ee-9272-cd2cda8abf97,Kids' Chance of Tennessee Scholarship Guide,missing:provider_name,provider_name
b330e088-2678-44b8-bcf4-4ed5a5165653,Sato Scholarship,garbage_phrase,
b34ac347-dba3-4b75-9e28-0931a1571805,Women's Transportation Seminar (WTS) Tampa Bay Scholarship,garbage_phrase,
b385cd46-7938-46ae-a4f7-17f17e7cef30,The Nathan L. and Suzanne K. Wolfson Merit Award,missing:provider_name,provider_name
b388b3e3-cd07-4035-b224-1700adf6c165,Karen Mashburn Environmental Scholars Program Guide,missing:provider_name,provider_name
b38c6f27-b7c9-4c78-a69b-b1061838049f,College Women's Club of Pasadena Scholarship,missing:provider_name,provider_name
b3f83ad9-3b64-4400-a435-fbeef4872dca,Jamie Bax Memorial Scholarship Eligibility & Deadline,missing:provider_name,provider_name
b3fbef94-20b2-4340-9220-55021707d0bd,BPWI Educational Foundation Incoming Freshman Scholarship,missing:provider_name,provider_name
b3fcc1a5-f4c6-4b0d-9b6e-39244f57127b,Arthritis Champions Scholarship Guide 2027,missing:provider_name,provider_name
b41bc497-f472-4ba0-a5fa-9ceae5b382e2,Generation Hope New Orleans Scholar Program,missing:provider_name,provider_name
b41f8159-020d-44dd-b32e-2ff6b075d10e,U.S. Western Digital STEM Scholarship,missing:provider_name,provider_name
b427c9ae-309f-45b3-87fb-19210eec37cf,Archibald Rutledge Scholarship Competition,missing:provider_name,provider_name
b432b72d-1b41-406a-b784-4c7e19453041,Concord University Freshman International Academic Award,missing:deadline,deadline
b440a482-d407-4207-b0e3-c764da7bfd24,Tony V. Grey Legacy Scholarship | Eligibility & Deadline,missing:provider_name,provider_name
b455e3ee-bc52-48cf-9cfa-0d528457fc72,National Federation of the Blind Scholarship - Texas,missing:provider_name,provider_name
b457f091-6e1e-455f-850f-824f5c60acee,ETH Zurich Excellence Scholarship,garbage_phrase,
b462bde4-797d-4955-b448-6fa1f12e1b5e,St. Boniface Young Artist Showcase,missing:provider_name,provider_name
b47692dd-4a44-4df5-a4fd-888742d06e63,Kimpact Charitable Foundation Grants,missing:provider_name,provider_name
b48c23de-6b61-4f8f-b52d-73496ef3ed31,Test Scholarship,missing:description+provider_name+deadline,description|provider_name|deadline
b4971cdf-0571-47fa-805a-8d666a600e7c,Victor & Verna Johnson Scholarship,missing:provider_name,provider_name
b4a25dd4-0359-4d65-b927-19de75b7c224,Raydon Graduate Research Scholarships,garbage_phrase,
b4a90aa8-2760-4cdd-9361-004afa35135d,Florence Olive Courville Scholarship,garbage_phrase,
b4c4e2c0-5be7-427f-a1f4-d1f67c53df2e,Won Buddhism Chicago Scholarship,missing:provider_name,provider_name
b4c8eb4e-6074-424a-8dce-7d6f16079b85,Rocky Mountain Coal Mining Engineering/Geology Scholarship,missing:provider_name,provider_name
b4d1db4a-704d-4db7-afaa-16bae572a90e,Jeffrey D. Sollender Scholarship,missing:provider_name,provider_name
b4eef8af-b845-4d71-924c-e493c77ef0c8,MBA Student Scholarship – International,garbage_phrase,
b4f14b5e-fae6-4480-bcc5-a34d7eb8037d,Create Real Impact Contest,missing:provider_name,provider_name
b4f452ff-dc7b-438d-bc4e-0b10d16066dd,1st Formations Business Scholarship,garbage_phrase,
b4f4f0a4-f089-4beb-bb30-01ac6db4c028,Balkhi Foundation Higher Education Scholarship,missing:provider_name,provider_name
b500835e-7abe-4ab4-96ae-d478a0ca778d,Thomas H. Macbride Leadership Scholarship,missing:provider_name,provider_name
b5099646-8c9d-496b-8143-17c73a0f7031,Rhodes and Marshall Scholarships Internal Application,garbage_phrase,
b50f9a5d-84e3-4962-ae89-ec9bd131587a,Bezos Scholars Program,missing:provider_name,provider_name
b51d10c6-84e1-4916-afc1-fb0b5a301834,UMBC’s Premier Scholars Programs,garbage_phrase,
b521ecf8-539c-4c4f-92c8-8421150ad181,BPWI Educational Foundation Returning Student Scholarship,missing:provider_name,provider_name
b52c2ab3-5f5e-4b53-9280-935e0e7301b8,KWF Grant,short_title,
b535c51c-9c3e-4510-a9c4-b6242d6118f4,PRSA Chicago Michelle Flowers Diversity Fellowship Program,missing:provider_name,provider_name
b54fc76c-06e6-465c-bd15-1c12c39fa7f4,Laila Uthman Scholarship USA 2026 Apply,missing:provider_name,provider_name
b553b17b-b329-4b23-be95-65b9ba1e3542,National Cherry Queen Program,missing:provider_name,provider_name
b588bb43-e3bc-4e13-84ea-79d0fedc7cb5,Otto and Joan Hirschfeld Scholarship in Medicine,garbage_phrase,
b58feca1-e834-4eb8-aed0-0e893948ff50,New Jersey Injury Lawyers P.C. Essay Contest,garbage_phrase,
b5a21b4b-52cc-4c4c-b0eb-ba153bbea181,Joseph U. Bottalla Scholarship,missing:provider_name,provider_name
b5af8b72-d587-4721-8483-5918b448e44b,MIT THINK Out of the Box Scholars Program,missing:provider_name,provider_name
b5b490d4-6057-42c2-acd8-ca2754a6422e,Herbert Hoover Uncommon Student Award Guide,missing:provider_name,provider_name
b5cb8220-080d-437c-b37e-1bbead433488,Annie Ibok Scholarship,missing:provider_name,provider_name
b5d9b62a-d2a0-44d5-a383-13fe0cebdce3,Sprak Design Program for Graphic & Web Design,garbage_phrase,
b5da3534-b763-4879-9a35-76d1e4469290,Study excellence Scholarship,garbage_phrase,
b605033f-0946-4248-a16d-1157148a400f,American Contract Bridge League Educational Foundation Scholarship,missing:provider_name,provider_name
b6167aa0-c116-4ee3-b9c8-bc445e03cdef,First Amendment Freedoms Art & Essay Contest Scholarship,missing:provider_name,provider_name
b622a80d-eb1c-4b15-b5bb-2e42eb2ec616,STEAM Sports Foundation Scholarship deadline 2026 USA,missing:provider_name,provider_name
b628f143-4e04-4772-8435-ea88b5fef85d,My Projector Lamps Scholarship,missing:deadline,deadline
b67687f7-49d8-455e-b6cc-2bab95a61f27,Chris Goughnour Scholarship,missing:provider_name,provider_name
b68bd509-47c7-44d1-94fc-7f3442ebb158,Junior League of Detroit Community Scholarship,missing:provider_name,provider_name
b6aaa055-2596-4c62-a16f-6032c36c2764,NATAS Chicago/Midwest College Scholarships Guide,missing:provider_name,provider_name
b6aec478-e152-40e8-8f38-819c8957792f,Fred Rogers Scholars Program,missing:provider_name,provider_name
b6ee16aa-6771-48c1-a520-5daa61880c80,Vermont Retail & Grocers Association Scholarship,missing:provider_name,provider_name
b6f21b00-759b-4676-bbe7-5071933c685f,DEB Foundation Scholarship,missing:provider_name,provider_name
b6f7a0c8-847d-4cd9-9100-54c45c128d79,WCADC Visual Arts Scholarship Guide 2026,missing:provider_name,provider_name
b6fef4c7-5018-401c-ba06-63e9132e6ace,Calflowers Scholarship,missing:provider_name,provider_name
b7019b6c-831f-4cbf-b898-7548375c449e,Employer Partnership Scholarship: Surrey Executive MBA,garbage_phrase,
b71218b3-6a0f-4f49-9c86-4e4dda946cbd,Brenda Brown DeSatnick Memorial Scholarship,missing:provider_name,provider_name
b71d1981-2a4e-4caf-a997-5a3d876341e6,International Excellence Award: Postgraduate September 2025 entry,garbage_phrase,
b722126f-ea6d-4866-956d-8fcea3ed3230,Tom and Mary Lou Friesen Scholarship,missing:provider_name,provider_name
b726849f-c4fe-4679-b9d0-82b16b11f6d7,UW Stevens Point $1000 Logo Design Competition Scholarship,missing:provider_name,provider_name
b72af255-7548-4c0b-80b9-036642d7cb20,Mickie L. Edwardson Endowed Scholarship in Memory of James Lawrence Fly,garbage_phrase,
b73d5ec3-7a3b-4fd4-ac4d-28a65b45a79c,Sussman-Miller Educational Assistance Award Program,missing:provider_name,provider_name
b7537b99-6c1b-497d-86da-85f88bf4de14,David C. Lizárraga Fellowship,missing:provider_name,provider_name
b7698248-a2a1-4513-9eba-1612e2bd78e0,Harding Scholarship,garbage_phrase,
b776b20b-31a1-429b-8cb6-89110603db73,Summer Hardship Fund,garbage_phrase,
b783de27-e2e4-4f28-9f2c-6fbea7539af6,GRCF Michael J. Wolf Scholarship,missing:provider_name,provider_name
b78c1bdd-0e78-450e-bcd0-96c1b3b25bd0,Sigma Phi Epsilon NY Delta Balanced Man Scholarship,missing:provider_name,provider_name
b79cfa58-5892-4769-9ab8-e8c65c81ba76,Orel and Marie Winjum Scholarship,missing:provider_name,provider_name
b7b73f36-005f-4fd8-bcec-ef91db49f325,Gad Heuman Postgraduate Bursary,garbage_phrase,
b7fd2c00-c98b-472a-b254-7d6fd287ef28,CGCS Bernard Harris Math and Science Scholarship,missing:provider_name,provider_name
b7fe102f-c300-448a-b072-93bae8b0433d,P.E.O. International Peace Scholarship (IPS),garbage_phrase,
b817ab23-002f-4724-a713-59a44e070180,National Rice Month Scholarship Contest Guide,missing:provider_name,provider_name
b844427b-f7cf-4e2e-9a8d-4571aad20044,George and Lois Whetham Scholarships in Food Systems CSAHS,garbage_phrase,
b84456eb-ab49-467f-a9a2-a840c7cfdc92,PFLAG Council of Northern IL 2026 Scholarship Guide,missing:provider_name,provider_name
b8619af4-88b8-4d5a-8d20-4fe5070959b3,Global Scholarships,garbage_phrase,
b8759fde-62e8-473b-bfbb-6596d7312c56,Plainfield Muslim Women for Better Society Scholarship,missing:provider_name,provider_name
b876c3a2-4977-4e91-bb12-839b65b5be3f,Agrawal Fellowship for Resilient Scholars,missing:provider_name,provider_name
b8867771-213f-4398-8579-7527e4b39bc7,Portland Chinese Scholarship Foundation,missing:provider_name,provider_name
b887606b-028b-418e-a5d2-87260470e2ac,Yvonne Robertson Price Annual Award,garbage_phrase,
b88d1d32-12c1-44d2-9e84-20b1169e0035,Joan Johnson Graduate Fellowship Award Guide,missing:provider_name,provider_name
b89460c1-a877-4f95-8dcb-2bdb49c7bb38,Colorado Women's Education Foundation,missing:provider_name,provider_name
b8bb9600-629c-4af5-b4a3-a0810b888186,Idaho Opportunity Scholarship Guide and Deadline,missing:provider_name,provider_name
b8dbc1af-a8a6-4c92-aeed-15d9d7fa3cdb,Saroj Lal Scholarship,garbage_phrase,
b8ee8af0-bd02-4339-bbb2-fa31467c84d7,Oviedo-Winter Springs Lions Club Scholarships,missing:provider_name,provider_name
b8f84847-7978-489d-bbb5-9686017fbe1a,ISACA ILLOWA Chapter Scholarship,missing:provider_name,provider_name
b8f998a1-3402-4f64-bf89-447f76688adf,NFU Mutual Centenary Award,garbage_phrase,
b9067d38-7b14-49df-ad0b-dccf8cd8b30c,Folds of Honor Higher Education Scholarship,missing:provider_name,provider_name
b90ae1c6-9693-461c-9759-1c8bf397880e,LPGA Chevron Dinah Shore Scholarship,missing:provider_name,provider_name
b9275e41-91ea-4345-acab-36ffae2647df,Nacca Scholarship USA 2026 Apply,missing:provider_name,provider_name
b9284abe-2c3e-4a9d-a6af-4ede967909c9,Professor Colin Eaborn Chemistry Scholarship,garbage_phrase,
b93efe16-7b12-408a-ae2f-54ef35ce80f5,The Raymond Hsu Scholarship,garbage_phrase,
b95c3c60-9088-420b-b309-b55c13d0b2dd,IESEG School of Management Merit Based Scholarships,garbage_phrase,
b96d1e29-f70e-42d8-bce4-b84a4c3eddf0,Eagle Scout Competition,missing:provider_name,provider_name
b972f17f-11fd-426f-92e7-17dc50ae835f,U.S. Naval Intelligence Essay Contest Scholarship,missing:provider_name,provider_name
b97cad8f-696b-42c9-b275-76ec5ca213f1,President’s Scholarship for World Leaders,garbage_phrase,
b982cf8f-cc8d-4c59-a798-d23944a02812,Global Excellence Scholarship,garbage_phrase,
b996db04-573e-4286-9af9-84c22b581b1e,New York Farm Bureau AG Youth Scholarship Guide,missing:provider_name,provider_name
b9b625bd-e604-4781-8301-caf76b987fab,Gloria M. Hall Leadership Award,garbage_phrase,
b9c24a03-85d7-4168-bb5e-b8a0fab826e3,Pearl Berlin Scholarship Fund,missing:provider_name,provider_name
b9da6dea-dbe2-4713-b427-b85649635d76,Scholarship Foundation of Santa Barbara Honors Scholarship,missing:provider_name,provider_name
b9fae0c1-12b2-417a-876b-cd3c6114964b,Edinburgh Global Online Learning Masters Scholarship,garbage_phrase,
ba25ef5b-40f0-4533-80f8-1042ed5d0d42,International Student Scholarship at Coe College,missing:deadline,deadline
ba2d3386-fc83-4851-908c-ac163f94c0c7,Milton Fisher Scholarship deadline and application 2026 USA,missing:provider_name,provider_name
ba4dd5eb-e848-4bb2-bcc9-e050ad81796b,White Rose Scholarship USA 2026 Apply,missing:provider_name,provider_name
ba727c8e-06d6-410d-b733-151681f46ed3,Howard Club of Southwest Florida Scholarship Guide,missing:provider_name,provider_name
bab1f9f9-8b0e-4d5a-a7e9-752bc50148e1,Tukwila City of Opportunity Scholarship,missing:provider_name,provider_name
bab62c8e-3e34-42b2-a08a-0d8fa9f944d2,GBHEM HANA Scholars,missing:provider_name,provider_name
babfd610-271d-4992-b213-b9af6ff1c73f,Centre for Gravitational Astrophysics Merit Scholarship in Gravitational Wave and Space,garbage_phrase,
bafa091a-84e6-46ab-83cc-277cc3b913c7,Howard P. Rawlings Educational Assistance Grant,missing:provider_name,provider_name
bb22410d-34c5-46b0-b614-6d8bbbb30db8,VFW Voice of Democracy Competition Scholarship,missing:provider_name,provider_name
bb237615-8c7f-4ce4-9f31-632a520edff4,LaSPACE LURA Program Scholarship Details,missing:provider_name,provider_name
bb85a4ad-e994-4df7-920e-952c4d280f3f,"Scott A. Gunder, MD, DCMS Presidential Scholarship",missing:provider_name,provider_name
bb92f5ae-97fa-4f36-8306-caacf3de01ec,SOAS Master’s Scholarships (International),garbage_phrase,
bb9ef457-ed28-432a-a4b0-efd8db935942,Dick and Mary Earle Scholarship in Technology,garbage_phrase,
bbb2a42c-b018-4b7b-b970-7e586f0af181,International Postgraduate Coursework Completion Scholarship,garbage_phrase,
bbb3bc48-ae84-48f3-9fe5-daa2de46bf65,Myra L A Taylor Memorial Scholarship Guide,missing:provider_name,provider_name
bc0c0eeb-ccbd-4414-88d7-5d0c61db0728,The Kenneth Denbigh Scholarship,garbage_phrase,
bc4287ec-cb49-4f64-8bbe-9e27cae47a67,Al-Maktoum College Hamdan Bin Rashid scholarship,garbage_phrase,
bc55f378-868f-4ab5-87d6-4a80443ca8df,Michelle Obama Award for Memoir,missing:provider_name,provider_name
bc681508-85cf-403f-860f-bffb5f52f33b,Michigan American Legion High School Oratorical Contest,missing:provider_name,provider_name
bc738ced-6c7a-430f-94a2-6dd0fc829ebd,Oregon-Idaho Conference Ethnic Leadership Award,missing:provider_name,provider_name
bcd7da21-9019-402b-b662-fa9b9328de08,Iranian-American Scholarship Fund,missing:provider_name,provider_name
bd198ca4-7eed-45a3-848e-ce22ebf9e2f6,Freda Bage Fellowship,missing:deadline,deadline
bd1c75d7-abc4-43ac-80da-7809dc74314f,Michael and Debra Hayes Endowed Scholarship,garbage_phrase,
bd5df6f3-9d98-46d3-9064-75be47066536,MPOWER Monthly Scholarship,garbage_phrase,
bd60d2cd-4248-4ddd-a61c-33c8467f9d9a,"BAMM Scholarship: Eligibility, Deadline & How to Apply",missing:provider_name,provider_name
bd7f713a-1e5d-4126-b996-086917db63bb,Alumni Scholarship (September 2026),garbage_phrase,
bd843273-991c-49a4-b181-2aad80a4cac2,Gabriela Blanco Scholarship for Siblings Childhood Cancer Survivors,missing:provider_name,provider_name
bd8ef4d8-0e73-4546-ac21-6a83954394a8,California Assn. of Collectors Educational Scholarship Foundation,missing:provider_name,provider_name
bd9644d0-e54a-4480-834b-139b54d21b27,Hawaiian Financial Federal Credit Union Scholarship Program,missing:provider_name,provider_name
bda33df1-f0a4-473d-8ebe-2a7348b9abda,Charles Esplin Scholarship,missing:provider_name,provider_name
bdb4f9cf-1745-4294-ba6d-97468711f205,Single Parent Degree Program Scholarships of Northwest Arkansas,missing:provider_name,provider_name
bdbbb731-e163-4cb9-abe5-4b23888d34fe,Arctic Physical Therapy Scholarship,garbage_phrase,
bddbc10a-8b1c-490d-b38a-e2c7f987568c,AMA Houston Penny Todd Scholarship,missing:provider_name,provider_name
be0acd64-850e-435c-a095-7cca38b5218a,GRCF Economic Club of Grand Rapids Scholarship Guide,missing:provider_name,provider_name
be49a4f6-e721-469d-a485-ec0fbfd1d4f0,Vermont John H. Chafee Education and Training Scholarship,missing:provider_name,provider_name
be656c8a-1ee4-4571-97af-ea4df80530cd,AlaskAdvantage Education Grant,missing:provider_name,provider_name
be68fcbc-f56c-46c4-8a6f-31194adc35aa,David and Dovetta Wilson Scholarship,missing:provider_name,provider_name
be7e0f33-42b8-4624-9c77-2216b2421cd3,California Credit Union Student Scholarship,missing:provider_name,provider_name
be7f3979-9dfe-4dd0-a216-0b94d240c0fb,Glenn Miller Birthplace Society Scholarship Program,missing:provider_name,provider_name
be8b2b32-91c4-485e-9a5b-b343a30631ca,Charles D. Campbell Scholarship,garbage_phrase,
be8d7230-1775-406c-bd66-ba3442604c58,MEM Scholars Program,missing:provider_name,provider_name
be8d9942-ceac-412a-99e8-c47aeb5b6084,"$1,500 Annual Students’ Presentation Crafting Scholarship",garbage_phrase,
be925ab3-d46b-441a-8bb7-79a27ca1c4e2,New England Service Scholarship,missing:provider_name,provider_name
be974e83-b803-47c7-ba27-7347f06a958c,Southampton Social Statistics and Demography Chris Skinner Postgraduate International Scholarship,garbage_phrase,
bea97789-765a-4912-8d3f-db6609162011,Candlelighters For Children With Cancer Continuing Education Scholarship,missing:provider_name,provider_name
beb81c3f-03e9-4943-836b-e480e93421b0,Korean American Scholarship Foundation - Western Regional Chapter,missing:provider_name,provider_name
becf186b-024e-4ae9-b35b-6163d8f5ab67,USA Lacrosse LGBTQ+ Inclusion Scholarship,missing:provider_name,provider_name
bf1dc2f3-015b-493c-89b6-9dd32df8b785,Reno Rodeo Western Arts & Culture Scholarship,missing:provider_name,provider_name
bf1e65ea-b15e-4189-b304-352e74c3f46e,CEFS Economic Opportunity Corporation CSBG Scholarship,missing:provider_name,provider_name
bf2689ff-23da-4ce8-bab9-062b62c00fd0,Muir Way Scholarship USA 2026 Apply,missing:provider_name,provider_name
bf46015b-7b5a-4703-a81c-63e48f1799f3,Allen Family Memorial Scholarship,garbage_phrase,
bf52eb97-e7be-416d-bf0c-0c9a30691b4b,Beverly J. Smith Memorial Scholarships,missing:provider_name,provider_name
bf553326-4dd8-4a59-8e39-ab5b37a624db,Livingston County Spartans Textbook Scholarship,missing:provider_name,provider_name
bf5f12e2-d12a-4a16-ad19-9b3e9f45c8cd,CLIC Scholarship USA 2026 Apply,missing:provider_name,provider_name
bf67f197-398e-49f5-897e-6345e13feb61,Health Research Council (HRC) Summer Studentships (Ethics),garbage_phrase,
bf76a6ed-531f-4367-aed6-47875717be98,Lady Galleghan Postgraduate Research Scholarship in Australian Literature,garbage_phrase,
bf799513-7a19-4863-9907-8b401b8c9af2,Yost Grube Hall Graduate Scholarship Fund,garbage_phrase,
bf7c4a4b-f519-424c-9c26-3691e1c5048d,Wilhelmina Barns-Graham Trust Museum and Gallery Studies Award,garbage_phrase,
bfa3dbd2-21b7-4fbc-add2-080df60df176,Modeling the Future Challenge Scholarship Guide,missing:provider_name,provider_name
bfaa398a-708e-4a36-8c95-630cc42cba04,The Fergusson Fund Media Scholarship,garbage_phrase,
bfbf73fb-bb73-40bc-a6a5-644004d4263f,Robert J. Meyer Organic Farming Scholarship,missing:provider_name,provider_name
bff3ed9a-9cbc-4053-81a0-9fdb1ca885a0,Harvard University MBA Scholarship,garbage_phrase,
bff57317-cd95-41c9-90b9-372bea240101,Edmund F. Maxwell Scholarship,missing:provider_name,provider_name
c00cf6e8-c2f9-417f-bd6b-4ae0c785caad,European PhD Flavor Research Bursary for first year PhD students - 2018/2019,missing:deadline,deadline
c01f41f3-7ad6-438a-804b-7c9e7ca36f82,Peter Lawrence Memorial Scholarship,garbage_phrase,
c02f0082-97d6-4b9e-b551-1aa5a49e4eb0,Malaysia International Scholarship,garbage_phrase,
c04db433-99d3-42cc-b055-69d11a042966,UT Austin Acacia Fraternity Fall Leadership Scholarship,missing:provider_name,provider_name
c05c0b65-4a38-44b2-8971-ad20170db4fc,Texas Legion State High School Oratorical Contest,missing:provider_name,provider_name
c083a70b-dfd3-41da-b3a7-259d3e8d1032,San Diego Chinese Women's Association Scholarships,missing:provider_name,provider_name
c0965561-08bc-41b3-a540-1cc8be164272,TUMS Pediatric Stem Cell Transplantation Fellowship,missing:deadline,deadline
c0c23a2f-f0f6-4a9b-8c8d-f4aacf82c09f,Combating Campus Issues Scholarship,missing:provider_name,provider_name
c0f2bcba-6de3-4b6d-8827-5b88baacb64a,Veterans and Family Scholarship,garbage_phrase,
c0f50db1-4cfc-4b89-b531-d985c0d92438,Pierce Butler Scholarship USA 2026 Apply,missing:provider_name,provider_name
c11684bb-97af-4335-bd57-92a6363c25bd,The Melissa Stoneberger Foundation Scholarship,missing:provider_name,provider_name
c11fd796-b820-4d08-96c3-54f61f4938e9,Returning Student Relief Grant,garbage_phrase,
c1480752-77d3-426c-a0a1-8e9c10cd5dfb,Meg Graham Scholarship,missing:provider_name,provider_name
c1514bfa-e50f-4c24-972b-72f5c48d3a10,Princeton Prize in Race Relations (PPRR) Scholarship,missing:provider_name,provider_name
c153708c-21ac-4fbe-a24e-1ea45bbdb1d3,GRCF Melbourne & Alice E. Frontjes Scholarship,missing:provider_name,provider_name
c1582d12-8464-45db-8a69-39e16351ab7e,Walter Oldershaw Award,garbage_phrase,
c16cd7c5-b4d3-4882-a659-06c0c588239e,The Emma Nylen Scholarship USA 2026 Apply,missing:provider_name,provider_name
c173f3f4-8bbd-4990-9c0d-0b8ec56cd206,Creative BioMart Scholarship Program,garbage_phrase,
c1749322-fa49-45f8-9cdb-62f8b50dcb6d,Roehampton Music Scholarship,garbage_phrase,
c190ee7d-e988-4f95-ba97-2ffc8d6fc8f9,"Alpha Lambda Beta Sorority, Incorporated Raspberry Scholarship",missing:provider_name,provider_name
c1921869-e490-4f1e-b289-85ea055aec1e,Victor G. and Eleanor F. Spaniolo Endowed Scholarship in Journalism,garbage_phrase,
c1a4d1e9-f663-4c23-b4ab-006730bcc5af,City of Regina Henry Baker Scholarships,garbage_phrase,
c1cc9afc-9f17-4510-bf2c-351b09219dce,Acacia Leadership Scholarship,missing:provider_name,provider_name
c20b8b43-86e5-497c-b015-9f659f540879,"The Patrick S. O'Neale, PE Engineering Scholarship",missing:provider_name,provider_name
c21e6b5a-1ebc-41d0-a963-8aeb8e16ec0a,Frederic and Liselotte Dumin Memorial Scholarship,garbage_phrase,
c223df51-f464-4735-8283-7aeb9538e7a2,upGrad Mission Scholarship,garbage_phrase,
c2299582-05f0-48bb-bebd-593fd752560a,Joseph W. Mills Endowment,garbage_phrase,
c25a2b8e-444d-4656-9db1-863ccf69c643,"Peter Oldani, Sr. Memorial Scholarship",garbage_phrase,
c26a8b72-9b29-409a-8e17-cae67278b226,DNCU Scholarship Program,missing:provider_name,provider_name
c2bc3039-92cf-4234-8ce1-144d25393d75,Chief Simon Kahquados Scholarship,missing:provider_name,provider_name
c2dcb636-77cb-4165-9f5a-3067fee53f7a,"Farmer & Morris Law, PLLC Volunteer Service Scholarship",garbage_phrase,
c309d5a0-78da-4533-9ce4-e4d5a4656d96,SDES Eastern Chapter Scholarships,missing:provider_name,provider_name
c328d00b-bfde-41f0-8082-6d7334e256b0,Standing With You Scholarship Eligibility & Deadline,missing:provider_name,provider_name
c32c2c91-7637-45ae-9b97-0a496a270b36,Study of borate glass crystallization fellowship,missing:deadline,deadline
c33371b0-cd23-48ad-9e79-89c3fad82ff1,Optum Infusion Pharmacy/Hemophilia of North Carolina Education S…,missing:provider_name,provider_name
c35cc814-b97f-4eb3-a708-94fadefed4c9,Frank O'Bannon Grant,missing:provider_name,provider_name
c3727ba8-d9e6-42e5-b40d-fe7f5895ca19,1st Formations Business Scholarship,missing:provider_name,provider_name
c38b0ce7-fe19-4be4-8264-f6784671315a,Cherokee Nation Higher Education Scholarships,missing:provider_name,provider_name
c3902235-c892-439c-97e7-f608c76fc89d,SJCF Avi Raina Scholarship,missing:provider_name,provider_name
c3997044-f135-4d27-874f-143b16017442,"Walter A. Hunt, Jr. Scholarship Guide",missing:provider_name,provider_name
c3ad71a1-63ec-4552-a9ec-cf5738c63884,DC Tuition Assistance Grant (DCTAG),missing:provider_name,provider_name
c3c98cbe-f944-4b2c-bf29-5c8197849261,Quincy High School Class of 1957 Scholarship Fund,missing:provider_name,provider_name
c3dd78ab-16e7-4b15-b31c-d5f37c8e16ca,"Empower Her Scholarship: Eligibility, Deadline & How to Apply",missing:provider_name,provider_name
c3e4ea86-90d5-48ba-a096-80c7dd02d636,La Trobe High Achiever Scholarship,garbage_phrase,
c3f380f0-9b6c-4555-993b-205522b3ad9f,ACHE Student Grant Program,missing:provider_name,provider_name
c3fddb4b-f1a2-4cd8-8607-11e60c0c3b7e,Massachusetts Youth Soccer Student Scholarship,missing:provider_name,provider_name
c41220c3-30dc-459b-a7d3-b613c3e8abb3,IABCH Downs Matthews Memorial Scholarship,missing:provider_name,provider_name
c41a4f7a-4d5e-482d-9ea3-52f6c487c883,Journalism Innovation and Leadership MA/PGCert Scholarship,garbage_phrase,
c4270cb5-b697-4c33-83ab-368ffad8a7ce,Merit & Motivation Scholarship,garbage_phrase,
c43daa78-459c-4b4d-a17d-e93717779e3b,Paid Placement Support Guarantee,garbage_phrase,
c4482ee3-348e-44be-af6c-34b241372c87,Schwallie Family Scholarship,missing:provider_name,provider_name
c45d95eb-d7d4-4eeb-8496-0aab2c113643,"AAIA Scholarships: Eligibility, Deadline & How to Apply",missing:provider_name,provider_name
c464e521-e1f4-492e-b49a-e18210b8b781,Sunshine Opportunity Scholarships Guide 2027,missing:provider_name,provider_name
c47ef18d-d7d5-46f1-ab76-919a60634123,Korean American Scholarship Foundation,missing:provider_name,provider_name
c497464a-5fe5-416c-bcf6-cae59bef85ab,Arnold White Memorial Scholarship,missing:provider_name,provider_name
c4a0f992-3c95-4eb1-be51-c98ea1b800fb,NCCF Survivor Scholarship Eligibility and Deadline,missing:provider_name,provider_name
c4ba05c3-1a14-4eec-9dae-ff98f1e07218,NL Scholarship,garbage_phrase,
c4bcccbf-20d5-4dc7-a51d-7be7a5321729,Harriette Glasner Social Justice Scholarship,missing:provider_name,provider_name
c4fa9192-9a8b-45b4-b649-1e19b1a1e9f1,Donald Tugby Postgraduate Archaeological Research Prize,garbage_phrase,
c51f0d27-c419-430d-b005-c2ffcb3a97d6,WGA Mary Macey Scholarship,missing:provider_name,provider_name
c5554678-1f51-4f96-8771-c32cf56cdbcd,Eve Devitt Scholarship for Human Rights,missing:provider_name,provider_name
c561cfbb-9518-4669-a41d-8f008f1637f7,Mary and Lucian Cassetta Memorial Music Scholarship,missing:provider_name,provider_name
c5634e25-d3b3-4880-93cf-68f4f9ca4563,AAUW Jeanne Gruenwald Scholarship Guide,missing:provider_name,provider_name
c563f32b-a9b0-4be5-96a7-d2e3ca1e6ec4,Ingvar Kamprad Scholarship,garbage_phrase,
c56d5fae-4f4b-407c-b8c6-01d6c07840d6,Lily and Catello Sorrentino Memorial Scholarship,missing:provider_name,provider_name
c5710630-aa95-436c-b734-c470a470f76b,Don't Mess with Texas Scholarship Contest,missing:provider_name,provider_name
c578bf5a-92f2-4b80-b87d-d92faa21c9bb,BLM² Scholarship Foundation College Scholarship,missing:provider_name,provider_name
c592936e-e744-4e7d-bcdb-a1e46dda6463,Community Foundation of the Ozarks Scholarship Program,missing:provider_name,provider_name
c59a6af4-87fa-4395-adb9-a1087dd4cec3,Kemper Human Rights Education Foundation Essay Contest,missing:provider_name,provider_name
c59f39e6-cb25-42be-81ad-a2167090c92b,Pillars Scholarship,missing:deadline,deadline
c5a68089-40d0-416a-a505-02fcd918fd73,Nancy Hall Memorial Scholarship,missing:provider_name,provider_name
c5a6809f-f175-42e4-bd9b-e61deaeb97a4,Kirtland Foundation Scholarship Eligibility & Deadline,missing:provider_name,provider_name
c5ae5c58-1a3e-44af-bd05-495fc064770a,The Restoration of Sight & Health Scholarship,missing:provider_name,provider_name
c5b14e17-8fa1-4cfb-9edd-bda6f07e1f50,Regina C. Williams Memorial Scholarship,missing:provider_name,provider_name
c5c58312-8cbb-44f8-b011-9dc8d62536ab,Climate Adaptation Scientists of Tomorrow Program,missing:provider_name,provider_name
c5e5f242-24ef-440f-89df-cff621188eb6,Liberty Graphics Natural Environment Art Scholarship,missing:provider_name,provider_name
c5f5c87a-2c27-4359-8fc9-ebaceae5c39c,"James H. Dunn, Jr. Memorial Fellowship Guide",missing:provider_name,provider_name
c5fe4630-71ed-409f-9a7c-5035bbeec432,Illinois Sheriffs' Association Scholarship,missing:provider_name,provider_name
c6118d2b-8d41-4f11-86e6-00168f36698b,Community Foundation of Western Massachusetts,missing:provider_name,provider_name
c62fc859-0663-44f1-a5bd-421bc5fd75f4,Just a moment...,missing:deadline,deadline
c6324f6d-3906-4ec2-be61-7afc82c58c55,"Robert J Frankel Scholarship: Eligibility, Deadline, Apply",missing:provider_name,provider_name
c636c8c1-8699-4183-9f59-f300652c135b,Master 2 Scholarship of the Grenoble Alliance for Integrated Structural & Cell Biology,garbage_phrase,
c64b0ff8-8e5f-4a25-a6da-ef50de008314,Georgia Mining Foundation Scholarship Program,missing:provider_name,provider_name
c65a0636-00ee-4d2c-a69f-4d23af78088f,International Futures Scholarship - 2026,garbage_phrase,
c664ce09-a596-4261-9e6a-92517e84907a,LPGA Marilynn Smith Scholarship,missing:provider_name,provider_name
c66512f9-c222-47ca-bd66-1b6406f8808d,JCF Stephanie G. Hoffman Scholarship,missing:provider_name,provider_name
c666cb4f-0dee-4ecb-9d05-9ec9d62ce890,ANU Residential Scholarship,garbage_phrase,
c681b659-4eb4-42c1-945e-c2d60d18f05a,Stimson Bullitt Civic Courage Scholarship,missing:provider_name,provider_name
c6a73bbe-fa59-442d-b403-12269b6abaf8,Sports Scholarships,garbage_phrase,
c6cf0d55-7de1-498c-81e3-4401561b79ee,Thelma Nennemann Aspegren Memorial Scholarship,missing:provider_name,provider_name
c71765f2-9be9-401c-ada8-27d32600f4c5,Beacon Scholarship for Rural America,missing:provider_name,provider_name
c74f1837-031e-4e8b-9862-2785217298e9,APIASF General Scholarship Program,missing:provider_name,provider_name
c7587d9a-ba38-4794-b6fc-da746de9c9e8,William Georgetti Scholarship,garbage_phrase,
c79b90b0-ce52-4c2d-a4ef-a1b4cb171268,Gunvant & Bharati Parekh College Scholarship Award,missing:provider_name,provider_name
c7aeb365-7bf4-4512-a907-acba5a222654,DAR Good Citizens Award,missing:provider_name,provider_name
c7c06041-94de-4710-b64a-aa2170e7445d,Yvonne A M Smith Charitable Trust Postgraduate Scholarship,garbage_phrase,
c80aab7c-1395-4a86-aecd-bacd0105fc58,International Graduate Student Scholarship,garbage_phrase,
c8210999-bf5b-417f-90f1-fb3c50e13a3f,InspirASIAN Scholarship Program,missing:provider_name,provider_name
c82e86fd-21e2-4f23-a56a-05d540eb82f7,4-H Youth in Action Scholarship Guide 2027,missing:provider_name,provider_name
c8321280-761f-4aff-9f4a-8e1e449c8555,Oregon Community Leadership Scholarship,missing:provider_name,provider_name
c833dd95-1ef2-41b5-974b-da0800eb6eaf,Jared E. Banta Legacy Scholarship,missing:provider_name,provider_name
c84e248a-cd5a-4705-8819-ffc6d38086cd,CCI Hispanic Scholarship,missing:provider_name,provider_name
c88fcb56-0e9d-49c7-a576-3e6cf506dc3b,Judith A. Presch Endowment Desert Research Scholarship,garbage_phrase,
c896ce35-f32a-4d72-b24b-ef2b05f691b6,Susan Lawrence Soldier For Life Scholarship Guide,missing:provider_name,provider_name
c8b1bbf5-09a4-45d2-8569-931fbb100dea,Otto M. Stanfield Law Scholarship,missing:provider_name,provider_name
c8cf31d7-7ee6-4602-a8c8-41c1c2a61107,Chicago Police and Firefighter Training Academy Scholarship,missing:provider_name,provider_name
c8f3efe8-9931-40a6-b864-a200899b9823,Robert Gibson Methodist Trust Grants,garbage_phrase,
c90afb7a-e424-402a-bb33-bf591b37c795,The Collegiate Inventors Competition,missing:provider_name,provider_name
c92b4ce3-c20f-4672-9d8b-1cf5f4157c5b,Margaret & Max Pumphrey Scholarship,missing:provider_name,provider_name
c97091ad-868e-4784-a2fa-9e5396690390,Air Line Pilots Association Scholarship,missing:provider_name,provider_name
c97c6e20-bbbc-4335-9829-4e308759a4ae,PACIM Rog Endowment Fund Award Scholarship,missing:provider_name,provider_name
c9c0e3b2-bf59-4956-968b-b4adbc475b03,Spark For the Future Scholarship,missing:provider_name,provider_name
c9c17950-0580-4dae-8014-6fd3c672cdae,The Annual Venus Morris Griffin Scholarship Fund,missing:provider_name,provider_name
c9c8e0fa-6549-4d7b-b4e4-682dab5c4d38,"SWIEF Scholarships: Eligibility, Deadline & How to Apply",missing:provider_name,provider_name
c9e07c51-f1fe-40cc-a2a7-fe60bf0fa040,FITBODY Pink Breast Cancer Family Scholarship,missing:provider_name,provider_name
c9e2c32e-2df3-4724-ac15-80011d683983,Lowy International Sports Scholarship Fund,garbage_phrase,
c9f35443-5625-4183-8fc9-0973bada67ac,Nashville Adventures Community Leadership Scholarship,missing:provider_name,provider_name
ca09f6d9-39d7-48db-8b61-937ccfdf5fa6,State Fair of Virginia Scholarship Program,missing:provider_name,provider_name
ca14e1af-13a2-4ed1-94ac-7e0ade17c49a,New York State Math & Science Teaching Incentive,missing:provider_name,provider_name
ca1e78f3-2684-463f-8178-62de8e07ca29,"ACF Barnes W. Rose, Jr. and Eva Rose Nickol Scholarship Program",missing:provider_name,provider_name
ca61fee8-61aa-4163-973e-5e67f9702926,Robert Logan Memorial Grant,garbage_phrase,
ca66ffa8-e5a4-4eff-b35d-f9cc1c30429d,MBZUAI Full Scholarship for M.Sc. Programs,garbage_phrase,
ca780e73-9ae0-42fd-8e0c-1e031de4f235,Robert & Jean Walsh Math & Science Scholarship,missing:provider_name,provider_name
ca87422b-fd76-47eb-beb6-c20ec1d8cb3d,Road to Safety Scholarship USA 2026 Apply,missing:provider_name,provider_name
cae8fe12-09c2-46a5-8d52-ee92d389512d,John McComb Scholarship USA 2026 Apply,missing:provider_name,provider_name
caf7c4ea-f839-4edb-93bf-1c0a58b178fb,Pedro Zamora Young Leaders Scholarship,missing:provider_name,provider_name
cafcc1b9-f573-451b-b189-fd09c788dc1a,The Wavemakers Scholarship,missing:provider_name,provider_name
cb03c830-9d35-4105-b354-0d5b900102ee,Washington CPA Foundation Accounting Scholarship,missing:provider_name,provider_name
cb04a78d-2bff-42a2-906b-ff98f63a2169,Chevening Scholarships,garbage_phrase,
cb443a43-10f6-4e65-be0f-cba97164695d,Absher Scholarship for Construction in Honor of Stephanie Caldwell,missing:provider_name,provider_name
cb4af85e-6894-4603-bceb-3df0f0956e6e,Rikkyo Promising Future Scholarship,garbage_phrase,
cb547ec0-070a-4311-9856-adb4e55e7eb2,E.L. Wagner Graduate Endowment,garbage_phrase,
cbb28f93-438e-45f3-82a5-11a3ceebfab7,Pennsylvania Chafee Education and Training Grant Program,missing:provider_name,provider_name
cbd0d859-15e0-4a50-8404-8c50d6368197,Co-funded Monash Graduate Scholarship (CF-MGS),garbage_phrase,
cc04472f-7385-4dad-9e55-017bb895c2e7,Robert D. Blue Scholarship USA 2026 Apply,missing:provider_name,provider_name
cc082585-4a03-4019-ac8c-bb9988530dd9,Gordon A. Rich Memorial Scholarship,missing:provider_name,provider_name
cc0c2b12-cf13-49a2-9d10-c230156b4aef,Balanced Man Scholarship - Austin Peay State University,missing:provider_name,provider_name
cc51f7d9-c2fa-4aba-8ea8-3cf6bee2f3ea,DAAD STIBET I for highly committed students,garbage_phrase,
cc656ff2-8a61-462c-aa50-bf0231b49daa,Lewis Summer Intern Program USA 2026 Apply,missing:provider_name,provider_name
cc87e5a2-0dc9-48b8-a9f1-aabaf16668cb,Ralph and Irene Gray Scholarship - Brunswick,missing:provider_name,provider_name
cd1e82ef-fe88-4b61-8286-4085f1cee507,JAINA Academic Scholarship,missing:provider_name,provider_name
cd638eac-ffd5-4731-9d86-9a11f87d4100,James Macquitty Scholarship,garbage_phrase,
cd6bba8a-2641-4468-827b-29cc00e80e3a,American Association of Blacks in Energy Scholarship,missing:provider_name,provider_name
cd76ce8b-6a53-4a2b-be4f-f568f1017187,Larry A. Estlack Endowed Scholarship,garbage_phrase,
cda77900-3d15-4e97-9db2-a3e7b902bb46,Diane Albertson Memorial Scholarship,missing:provider_name,provider_name
cdaf15f0-c41a-44bf-b8b6-e9d027508c53,Full payment discount,garbage_phrase,
cdb75b9c-2a08-4f49-83eb-09b0d18a049d,The Professor Mike Walker OBE Scholarship,garbage_phrase,
cdb87ecb-80e4-4b3b-b609-9f5be0be1dbc,Voice Talent Online Scholarship,missing:provider_name,provider_name
cde71d0b-2b58-49bd-84c9-75a108f4a879,Erasmus Scholarship,garbage_phrase,
ce0a7c98-b8e9-41e2-8170-047cc569bc6f,College Women's Association of Japan (CWAJ) Scholarship,garbage_phrase,
ce0bbf2f-f810-4ef0-98fa-e0450fdd9ae0,For A Bright Future Scholarship Programs,missing:provider_name,provider_name
ce32e01e-24fd-4c87-8bf8-6d2612cc64f8,BBB Military Line Ethics Scholarship,missing:provider_name,provider_name
ce351e0d-b9b9-4fff-9fe7-e2560b93f970,AAPI Marine Scholarship,missing:provider_name,provider_name
ce41876c-91dc-4302-b144-5b1532adb038,NES Scholarship Program,missing:provider_name,provider_name
ce41d209-ed39-44c9-8af6-8031ed54fcbf,Music for Youth Foundation Awards,missing:provider_name,provider_name
ce5695b2-f2dd-411c-b887-e24daa775702,Rosa L. Parks Scholarship,missing:provider_name,provider_name
ceb8776d-4192-4516-bbb8-48808c5cd5a9,Faculty of Engineering International Scholarships - Postgraduate,garbage_phrase,
ceba94df-7c6b-4108-b558-8bf36ee61ab2,VFW Scout of the Year Scholarship Guide,missing:provider_name,provider_name
cebffb86-071d-494d-8b4c-ea4253f5aee7,American Airlines Education Foundation Scholarship,missing:provider_name,provider_name
ceca6f87-f6cf-49a2-bcdc-39af721a8961,Single Parent Household Scholarship,garbage_phrase,
cedc10e7-0a81-4b2e-a3c0-44f799d1e16d,"The Tang Scholarship: Eligibility, Deadline & How to Apply",missing:provider_name,provider_name
ceee96e5-244f-46d0-9cde-2ebc777daf89,King's Community Scholarships,garbage_phrase,
cf09eaa3-2c58-426c-b6e7-030c428d1399,NeW Essay Contest USA 2026 Apply,missing:provider_name,provider_name
cf0f48be-85b2-4e50-9672-fc1915e20946,“Reducing Drunk Driving in Our Communities: What Can Students Do” Scholarship,garbage_phrase,
cf124817-52aa-47ab-afd1-f36a14f6bfc4,The Margarian Scholarship 2015,missing:deadline,deadline
cf4e5681-2714-4481-b8c2-d698087b4902,Master Mind Scholarships,garbage_phrase,
cf7d7241-6fd6-4a7d-a58a-964157c46269,Lonny and Marcia Suko Education Endowment Scholarship,garbage_phrase,
cf9753e9-b85b-4e1f-b8d5-1807045f8d5f,Minnesota Masonic Charities Heritage Scholarship,missing:provider_name,provider_name
cfb89ad8-c767-4740-9cdb-044c7004b470,Candace Mast Veterinary Medicine Scholarship,missing:provider_name,provider_name
cfd5a242-13d2-4311-8d2a-d01d02fcb887,Houston Livestock Show and Rodeo Houston Area Scholarship,missing:provider_name,provider_name
cfd9a4b2-bed9-4896-8774-60bfb0fbf9bc,Science Without Borders Challenge,missing:provider_name,provider_name
d002b7a1-626f-4f79-821d-ac12cf369d15,Empower College Scholarships Program,missing:provider_name,provider_name
d0151012-592b-48b2-9431-ac95db2b8656,"Non-trivial Fellowship Eligibility, Deadline & Application",missing:provider_name,provider_name
d01624ce-3fed-416a-85c9-580ea2793bd8,European Scholarships,garbage_phrase,
d036708c-470c-4893-85b0-6bd9ea5555ae,Horticulture NZ Postgraduate Scholarships,garbage_phrase,
d042a658-89b8-4334-b442-b0d8a45c2484,GRCF Donald M. Wells Scholarship,missing:provider_name,provider_name
d077c47b-4b68-47bf-8ec2-0fbc560259c6,Community Foundation for Greater Buffalo Scholarship Program,missing:provider_name,provider_name
d081a5fd-0c53-46c5-9d7a-1d5456af0b73,Northern Kentucky University Balanced Man Scholarship,missing:provider_name,provider_name
d08826d0-43a2-4beb-b09d-a0a3039c7bd6,International Women in Business Scholarship,garbage_phrase,
d0ab80e8-4b46-4f16-b22c-619c8d8cf3f3,Intel Scholarship For Employees' And Retirees' Children,missing:provider_name,provider_name
d0d1332a-a59c-4ca4-bbe8-991df9aafad0,International School Scholarship,garbage_phrase,
d0d75f67-0e27-4814-b40d-e6d598c05ce1,The David and Molly Pyott Foundation Scholarships in Ophthalmology,garbage_phrase,
d0d807a5-c6bb-43b3-9a9f-34ad15c42583,South Carolina HOPE Scholarship Program,missing:provider_name,provider_name
d0fe66e5-4083-4aab-a9aa-cbcfaa5dd6fc,"GRCF Jack Family Scholarship: Eligibility, Deadline & Apply",missing:provider_name,provider_name
d1034f10-8bef-42a3-8920-ad3c94f9ce96,United States Geospatial Intelligence Foundation Scholarships,missing:provider_name,provider_name
d10ad321-076f-49c0-bd4e-bd05870fd109,"Laurels Fund Scholarship Eligibility, Deadline & How to Apply",missing:provider_name,provider_name
d10fd92b-2d3d-48f0-824d-cd5f6f09a9fa,Richardson Family Scholarship,missing:provider_name,provider_name
d12947bd-7a72-435e-bab8-d40317ae9615,Marshall Scholarship,garbage_phrase,
d15ccb12-4ef1-4b39-a2aa-f49d4202da8c,GRCF Roger and Jacquelyn Vander Laan Family Scholarship,missing:provider_name,provider_name
d19befca-ca1f-42a2-9d09-97ff0643b449,Scholarship America Veteran Scholarship for Educators,missing:provider_name,provider_name
d1a0b82e-d0c8-44e0-acd1-27dd76f3c60f,C. Valentine Bates Memorial Hope Scholarship,missing:provider_name,provider_name
d1af61aa-776c-4c46-895c-68e8c6e1ef9a,Tennessee STEP UP Scholarship Guide 2026,missing:provider_name,provider_name
d1da55dc-2bde-4df9-a421-e1305e90f2c3,Sir James McNeill Postgraduate Research Scholarship,garbage_phrase,
d1ea17a4-16ae-4694-866d-df9e884af5d1,Grand Rapids Trans Foundation Academic Scholarship,missing:provider_name,provider_name
d1f7eaf0-b670-4e59-98e3-949f44f8e990,Miller Hull Partnership Design Excellence Scholarship,garbage_phrase,
d1f9cb05-52e3-4363-8f46-b975cf7fb419,Felician University International Scholarships,missing:deadline,deadline
d219dadf-0e41-4447-8248-3e6f51589ba4,International Freshmen Scholarship Programme (IFSP),garbage_phrase,
d229ecf5-26c7-47d8-9309-0fbbb3dfedf7,Pittsburgh Injury Lawyers P.C. $500 Scholarship Essay Contest,garbage_phrase,
d244beea-bb96-49ea-b836-18baa2d5e6f3,Full Scholarship - Computer Engineering field - Smart Networking Lab. (SNL),missing:deadline,deadline
d266e439-ca31-4861-8c72-ab63e486e344,"LIFGA Scholarship: Eligibility, Deadline & How to Apply",missing:provider_name,provider_name
d2afeb29-b714-4852-8d0b-16487f5e3be1,Jennings B. & Beulah G. Haggerty Scholarship,missing:provider_name,provider_name
d2b05a5e-6fe6-45ee-af6b-90f754db3cee,MBA Scholarship (Full-time & Part-time),garbage_phrase,
d2bb0996-04bf-4e93-b2b3-dd10bf39ce31,Good Tidings Community Service Scholarship Guide,missing:provider_name,provider_name
d2fa55eb-224b-4834-b432-ea7d8648d3be,Human Rights Advocates Training Program,missing:deadline,deadline
d31ec351-9ef3-436a-9d79-af9aa6a532c4,Jacob Smaus SuperHero Scholarship,missing:provider_name,provider_name
d329618e-de50-43c2-bba4-c9b33f2cbcdc,Tom Tolen Educational Scholarship,missing:provider_name,provider_name
d33ee2ac-cffb-4ef9-94fd-6d3c2588ddcc,Scott Parker Award,garbage_phrase,
d343716e-b87f-4e94-8d45-5fbcbb69933c,UNACUHCP Alexis G. Philius Scholarship Guide,missing:provider_name,provider_name
d35297d8-8924-4213-95bf-8b0bb57c33ae,Application Guide for Chinese Government Scholarship - Youth of Excellence Scheme of China Program,garbage_phrase,
d3544568-7318-4d1e-a4a6-fafbeb5e98bb,REC Community Scholarship,missing:provider_name,provider_name
d35761a3-8b1b-42ae-b8f2-080550673c64,Bradley de Glehn English Scholarship,garbage_phrase,
d3a30231-5849-4709-aae2-17378e87301d,Charles “”Chuck”” Millham Endowed Scholarship in Mathematics,garbage_phrase,
d3dbdb31-bf71-4ffe-abd8-d26e0aba0f32,Delores Pemma Scholarship,missing:provider_name,provider_name
d3f1da45-f73a-4744-b057-a4307514cde9,Dorothy B. Cook Scholarship Fund,garbage_phrase,
d400ccc7-1258-4fe8-b0df-9c71fcd4109b,Annual NYIPLEF Scholarship,missing:provider_name,provider_name
d40141db-9f66-4a3a-ab5d-1555142eec17,Phi Lambda Upsilon Chi Chapter Scholarship,garbage_phrase,
d41c8361-2a13-4824-a45d-2967d9487aeb,College Fund of Pinellas County Grant Guide,missing:provider_name,provider_name
d42d1e60-56d5-4e67-ae8b-1f2fbf11305e,Joseph Cooley High Ebenezer Scholarship,garbage_phrase,
d4498026-7dd4-44d5-9918-4fd2134a05d8,The Richard Duenckel - Toluca Lake Garden Club Horticultural Scholarship,garbage_phrase,
d470bc9c-41b7-4b70-ba79-59072a5b6d65,NOPHNRCSE Scholarships USA 2026 Apply,missing:provider_name,provider_name
d4a204ec-5e6c-49ff-a2e6-56028387ba4c,The ASAP Finance Student Scholarship,missing:provider_name,provider_name
d4a57c78-4b2e-4472-b6d5-ab4562a3f082,The Mitchell Institute Scholarship,missing:provider_name,provider_name
d4c0ae27-8923-443f-b7a3-fc6c409e520c,Carol A. Hurley Memorial Scholarship,missing:provider_name,provider_name
d4d3e771-127a-4985-be41-a46f1105cdcc,"The Omega Psi Phi Fraternity, Inc. National High School Essay Contest",missing:provider_name,provider_name
d4ff91e3-52a5-4498-b911-1647d863c0c9,Leadership and Character Scholarship,garbage_phrase,
d50abfbd-1e80-4cd9-9854-0d03b46cdf3d,Minnesota Masonic Charities Student Scholarships,missing:provider_name,provider_name
d52c8f8d-2196-4050-9bf7-3d46767a86a2,Warwick Chemistry Home Taught Master's Scholarship,garbage_phrase,
d55e148a-497d-4ec7-9b0e-e7336dc2766e,Andy Warhol Foundation Arts Writers Grant,missing:provider_name,provider_name
d56889c8-ea65-48bc-996e-10af771c6738,Miss Utility of Maryland/D.C. Scholarship Program,missing:provider_name,provider_name
d5bb3c84-71b0-479b-b6bd-3bbd1fdb0984,Eastern Washington Section (ANS) Scholarships Guide,missing:provider_name,provider_name
d5bb429d-6742-444a-a456-875a054c3262,Avicenna-Studienwerk Scholarship,garbage_phrase,
d5c13cc6-5d60-44c9-a7b7-dcf0ee462ada,AABE NJ Chapter Scholarship Eligibility & Deadline,missing:provider_name,provider_name
d5daa09b-376f-4a69-a322-f85aaa907bd7,Dr. Michael E Miller Student Competition Scholarship,missing:provider_name,provider_name
d5f9887f-a6b8-46f7-a02f-677addca0bbe,"Delaware Solid Waste Authority John P. ""Pat"" Healy Scholarship",missing:provider_name,provider_name
d6271735-5e24-4ccb-85d4-822884ac06ff,Dollar Sense Scholarship,missing:provider_name,provider_name
d63769f6-1981-4f09-aed7-b0063a9758aa,New York State Grange Cornell Fund,missing:provider_name,provider_name
d65beda4-1c8f-4ec9-8435-3268e7cc144b,Culpepper Exum Scholarship for Kidney Patients,missing:provider_name,provider_name
d65d38d5-fbc5-4c78-8fb0-3284eb8f75a9,NDS Merton Sowerby Junior Merit Scholarship,missing:provider_name,provider_name
d662dc09-5fdb-4921-85fc-736be539e88a,Get To® Foundation Scholarship,missing:provider_name,provider_name
d66584fc-76f8-4a82-b449-2bbd2d127370,Against the Grain Artistic Scholarship,missing:provider_name,provider_name
d6699a3e-33f3-4c1a-bee5-7467b87c70e7,The Joseph F. Natale Commitment to Excellence Scholarship,missing:provider_name,provider_name
d6a7a607-612e-4180-9681-419871f88e28,St Leonard's Masters Scholarship,garbage_phrase,
d6c25135-ca48-43de-8d89-9486dba0920b,Beta Sigma Psi University of Missouri Rush Scholarship,missing:provider_name,provider_name
d6c31252-3834-4aae-82fc-57ac11a151b4,Minority Teacher Education Scholarship Guide 2026,missing:provider_name,provider_name
d6e27b40-dec6-4271-ab1e-45d0fb90d36e,Emiel Griesbach Year OAC '30 Scholarship,garbage_phrase,
d6ef6234-265e-46e8-9f7d-491e3c608762,Womanspace High School Senior Fine Arts Scholarship,missing:provider_name,provider_name
d6f99bf9-8f63-41f8-83b6-aee403c6d875,Salute to Education Scholarship,missing:provider_name,provider_name
d6ff55fc-a1d8-40c1-87cf-ab2798e524fe,Alumni Master's scholarships,garbage_phrase,
d735d2c9-1778-4e8c-af16-62c7fc4e2aeb,IWSH Scholarship Essay Contest,missing:provider_name,provider_name
d73660e2-6a65-4f88-a4a3-036bd61dcaff,Welding Near You Support Scholarship,missing:provider_name,provider_name
d73e5331-5719-4d11-a9a9-d1d5e0982f5d,GRCF Dr. William E. and Norma Sprague Scholarship,missing:provider_name,provider_name
d75fde81-3244-4c3c-96f1-f072a58b551e,Gertrude M. Cox Scholarship USA 2026 Apply,missing:provider_name,provider_name
d7638406-d4a0-4a4f-a531-b366dd8b1fd0,Fourth Circuit Civics Contest,missing:provider_name,provider_name
d76ba9db-ae37-46a9-93c3-20f1000fae0c,County Antrim Grand Jury Bursary,garbage_phrase,
d76fc008-cf93-4a01-b09c-9296f4bdc3d4,Joshua David Gardner Memorial Scholarship,missing:provider_name,provider_name
d787e80f-b6fd-4464-a0d0-820296732272,IGlobal First Country Scholarship,missing:deadline,deadline
d79abd13-c1a2-4d48-acb6-dc65a7d80ff3,Romy Waterlow Fellowship Trust,garbage_phrase,
d7f5c36d-cce7-4555-afff-b7eb24f5db95,NYWEA Genesee Valley Chapter Student Scholarship,missing:provider_name,provider_name
d822334a-26d2-4797-bed7-cb7294288b3f,Biotin Xtreme Hair Care Annual Scholarship,missing:provider_name,provider_name
d84c5382-0d12-4ade-8f92-df0068885853,Charlottesville Track Club Skip Kinnier Scholarship,missing:provider_name,provider_name
d8545e0d-0e23-411f-a1dd-75e638743c24,The ProCare Health Heroes Scholarship,missing:provider_name,provider_name
d87ce03a-6fad-43a9-a6c8-3a1f3a85d4b3,Faculty of Science Scholarship for Online Masters Students,garbage_phrase,
d894893e-3419-40b5-8d52-29037e92f2e3,Vice Chancellor’s Future Leaders Award September 2025 entry,garbage_phrase,
d89acc8e-f64c-4c91-baff-cb6bf90ae580,Cause San Diego's Social Impact Scholarship Program,missing:provider_name,provider_name
d8a3f653-bff8-4f41-87fe-639dd9ae0c59,GRCF Margery J. Seeger Scholarship,missing:provider_name,provider_name
d8a8e93c-f4b8-40fd-baf1-36e4f55d1291,Robert G. and Joyce Andrew College Scholarship Fund,missing:provider_name,provider_name
d8c7ca38-3edf-486e-b0f3-72c3a3087a90,Anna and Dwight Sr. Schwab Charitable Foundation,garbage_phrase,
d8e8ff6c-3a38-4c60-9b17-466b64c3d5d9,University of Canterbury Alumni Scholarship (Non-Incoming First-Year),garbage_phrase,
d90511b3-9188-4760-8b11-41b15e44bd4d,FOKO Kotzschmar Memorial Scholarship Guide,missing:provider_name,provider_name
d91dbb37-9018-4c18-b397-7cc765a6b51f,BPW Illinois Educational Foundation Scholarships,missing:provider_name,provider_name
d95cf5f6-28b9-4641-9f3c-773e26de2150,John F. Moriarty Scholarship USA 2026 Apply,missing:provider_name,provider_name
d96180cb-d6ce-46c5-a6cb-ea223c3b4c8c,Cincinnatus Scholarship,garbage_phrase,
d988fe8b-c9db-40ac-a39b-e2ce49bc3f47,Felician College International Transfer Scholarship,missing:deadline,deadline
d9b844d8-594a-43f9-b5f2-5dd22097348b,Chicago Culinary Museum and Chef’s Hall of Fame Scholarship,missing:provider_name,provider_name
d9dd9a02-960c-44e0-b732-bd77d47a8b0f,UMHEF Scholarships,missing:provider_name,provider_name
d9eb6df0-ce08-4017-bf2a-479ddc1b9b14,Massachusetts Cash Grant Program,missing:provider_name,provider_name
d9eff1ca-c767-494f-b468-b1c399edca78,Chick-fil-A Remarkable Futures™ Scholarships,missing:provider_name,provider_name
da06541d-4a42-46fd-aa55-892b9a5d44d1,Grow the Dream Foundation Scholarship,missing:provider_name,provider_name
da0efffe-d4f4-4241-837a-5f53654e0b69,Golden Apple Scholars of Illinois,missing:provider_name,provider_name
da3a404e-14f7-4694-8785-82cb91469131,Future Financial Leaders,garbage_phrase,
da5394b1-acfb-4e48-b85c-ff06f31437cf,American Planning Association's Essay Contest,missing:provider_name,provider_name
da57065b-99db-4dfe-8886-a0dd2af569a7,Advanced Public and Cultural Diplomacy for International Relations Scholarship,garbage_phrase,
da735139-11ab-4204-98f6-e5718c74d57f,"Kenneth E. Hasbrouck, Sr. History Scholarship",missing:provider_name,provider_name
dac3ff38-fe60-4c6b-acf5-b3bb38dab9c5,NFB of MA Scholarship,missing:provider_name,provider_name
dacade35-a2a6-421b-a69e-09fa2d766225,Chi Changemaker Scholarship,missing:provider_name,provider_name
dadcc2e9-30dc-4a31-9b3b-fb1c93287abe,Falcons Nest Scholarship USA 2026 Apply,missing:provider_name,provider_name
dae130cb-c6ec-4f55-a292-132df3986deb,Crowned Princess Scholarship Guide and Deadline,missing:provider_name,provider_name
dae15c1e-6d14-4f7b-931f-b3cbf44a5f3d,Dr Paul Stuart McCarthy Memorial Prize,garbage_phrase,
dae6e883-9ba4-4431-b2aa-5268fa8ad462,Howard P. Rawlings Guaranteed Access (GA) Grant,missing:provider_name,provider_name
db18d46a-f494-4ea6-b6ec-a6feaa7a724c,Chevening Scholarship,garbage_phrase,
db3e29e0-c183-4ff4-9234-391eed02b580,New England Community Scholarship,missing:provider_name,provider_name
db4f46d1-0a35-45f9-b313-5daa6e5e0a15,Education Studies Department Winston Scholarship,garbage_phrase,
db79afff-a3da-48a9-a39c-6f0b1a4895bc,Mae B. Fleming Award,garbage_phrase,
dbc08c8c-af08-4a34-8ba8-bd1dc5d0d674,Metro New York Dunkin' Scholarship Program Guide,missing:provider_name,provider_name
dbc813d6-90d7-46dc-9fd0-8c375405598d,Cavalier Trail Riding Club Scholarship,missing:provider_name,provider_name
dbe03ad0-2e34-49de-a4b6-d81ca13b4a9c,Chevening Scholarships,garbage_phrase,
dbe3c0d6-2081-4906-9573-888aa6548197,PA Medical Malpractice Lawyers P.C. Essay Contest $500 Scholarship - 2024,garbage_phrase,
dbe98b28-179d-49f5-89b2-d38cf244e566,AQHF Youth Scholarship,missing:provider_name,provider_name
dbfb7066-25de-43ee-9ff3-3e78cf0c2bef,Digital Heritage and Landscape Archaeology Scholarships,garbage_phrase,
dc15b866-f42c-427e-bc77-0ec6ccd628c8,John M. Draughn & Trena B. Draghn Scholarship,missing:provider_name,provider_name
dc52bafd-ab54-4a89-acbb-dd0116b3a52f,The Washington Thoroughbred Foundation Scholarship Guide,missing:provider_name,provider_name
dc57e056-3188-4875-a9ff-0bce774c13c1,CDM Constructors Inc. Workforce Development Scholarship,missing:provider_name,provider_name
dc6ac260-449f-4078-b9d1-f800b371b16e,GRCF Ronald T. Smith Family Scholarship,missing:provider_name,provider_name
dc7a5dce-3857-4649-9795-8bb9520850d2,TCA College Scholarships,missing:provider_name,provider_name
dc894046-5ab0-46ab-9a45-e68ebd232078,MSc Health Policy bursaries,garbage_phrase,
dc91d0b1-1555-410f-a28e-3c165d726106,Rotary Yoneyama Memorial Foundation Scholarship,garbage_phrase,
dc97a3ca-1d6a-4a6a-9d92-74c28f38745a,Corporate Relocation Council Scholarship Guide,missing:provider_name,provider_name
dca81ae8-9abe-49f2-85dc-0fdc83b01f6f,Women at Microsoft Scholarship: Eligibility & Deadline,missing:provider_name,provider_name
dcbe048a-91d0-4e0d-a28c-b8b688b23c7a,GRCF Dorothy J. Thurston Graduate Scholarship,missing:provider_name,provider_name
dd33bcd6-b4a2-4b74-a45f-ed2256a4da78,SMA Foundation Student Scholarship,missing:provider_name,provider_name
dd3dade2-4121-40ee-933a-2d58c57d643c,Altruism + All Good Deeds Scholarship,garbage_phrase,
dd4c02bd-ef80-4eb8-9780-cad73ab14991,Trampoline & Tumbling Scholarship,missing:provider_name,provider_name
dd7b7211-524d-4fe2-bc86-611270e10483,Monthly Scholarship Series,garbage_phrase,
dd9e38fd-328f-444a-ab36-f27c25a7ba49,University of Michigan Presidential Scholarships,missing:provider_name,provider_name
dda03795-d5df-494e-a715-a27a3b0f35ef,RTDNA Mike Reynolds Scholarship,missing:provider_name,provider_name
ddb24b9f-4acc-4364-8ced-1635f1cbd7cc,ABA Academic Merit Scholarship Guide 2026,missing:provider_name,provider_name
dde80efb-2364-41f8-9c3c-02dedc92a672,Ria McBride Public Service Award,garbage_phrase,
ddef365b-2ccf-4f0a-a77e-b24d82e5d789,FMAA Scholarship Program,missing:provider_name,provider_name
ddffddd6-52c5-4b74-8f96-4ff54fe253e6,Nevada Womens Fund Scholarships,missing:provider_name,provider_name
de0b18f4-dd39-422a-b8af-e6f4e66c8470,Jackie Robinson Foundation Scholarship,missing:provider_name,provider_name
de0d255d-fc1b-47fa-8a2b-aa6ad6af1865,Elizabeth Olson Legacy Scholarship - Interior Design,missing:provider_name,provider_name
de1601a2-8279-4dd4-98c9-86a76eaac0bb,Robert Popa Journalism Scholarship,garbage_phrase,
de205ac5-8111-4ca1-8e38-13a4146fa1d8,Clemson University National Scholars Award,missing:provider_name,provider_name
de3bcb92-0be8-4a54-a1d0-e5f6f08dcc58,Beulah Frey Environmental Scholarship,missing:provider_name,provider_name
de42e6b6-c145-4a11-b0f9-02077db57f15,GRCF Camilla C. Johnson Scholarship,missing:provider_name,provider_name
de7411d1-6eb3-4740-aa2a-2759cbc6917c,"Engineering MSc International Scholarship (for international applicants only, except MSc FinTech)",garbage_phrase,
deaae618-f7cf-4278-9eb2-79d103b8e65d,Donald Biback and Family Entrance Scholarship,garbage_phrase,
dead138d-0fb4-4caa-8d64-a278a0442614,PBWC Academic Scholarship Program Guide 2027,missing:provider_name,provider_name
deb64259-f524-4d79-bde7-8001f66b73f4,YWCA Billings Salute to Students Scholarship,missing:provider_name,provider_name
debb9121-f99d-443f-8fb2-0384dfb2932c,Rocky Mountain Coal Mining Technical School Scholarship,missing:provider_name,provider_name
df0c28a0-bf1e-4ee5-a2db-fd15d745fc7c,Bar Scholarship,garbage_phrase,
df183ed7-8f76-4892-b152-89efb8c42524,Radboud Scholarship Programme,garbage_phrase,
df2bdb38-689e-4ade-bf01-7ba5c8cdc205,Ability Center of Greater Toledo Scholarship Guide,missing:provider_name,provider_name
df364ebf-991e-4b2a-a3f3-f02f5dc58cb5,Tennessee HOPE Scholarship Guide and Deadline,missing:provider_name,provider_name
df4f4c47-517a-4156-9e54-ea1a1f570bc1,Army Women's Foundation Legacy Scholarships,missing:provider_name,provider_name
df66a4e6-d7bd-4d16-83c6-faece06fd021,BAEF Fellowships for Belgians,missing:provider_name,provider_name
df99f7e5-11a0-40d8-a4f7-4a5cf63d1d12,Chevening Scholarship,garbage_phrase,
dfb1d769-9dbf-4433-ada2-702c16b66f9f,Board of Directors Memorial Scholarships,missing:provider_name,provider_name
dfcacd26-de28-4746-af9b-9ab2c6b7ceea,Charles P. Bell Scholarships and Grants,missing:provider_name,provider_name
dfcbeda8-9391-4f97-ba32-cc2a9e02baa4,PEO Chapter NB Scholarship USA 2026 Apply,missing:provider_name,provider_name
dfd72965-244e-478f-ba62-92a9d75960cf,"Alex Newton Scholarship: Eligibility, Deadline & How to Apply",missing:provider_name,provider_name
dfecbf6e-7aec-42f1-abc6-46c5c346d4c5,Vera R. Campbell Promise Scholarship,missing:provider_name,provider_name
e0001fd4-b580-4b8c-8664-aa9c8b990a50,Vasquez Law Firm DACA Dreamer Scholarship,garbage_phrase,
e0438334-4c2c-40ca-9b6e-b97afb78473c,MG James Ursano Scholarship Fund,missing:provider_name,provider_name
e044fc0d-1a84-449d-826f-19ccf45faab1,"Allegra Ford Thomas Scholarship: Eligibility, Deadline & How to…",missing:provider_name,provider_name
e0485914-55a5-4757-a300-c4d7f17552fc,Jack Kent Cooke Young Artist Award Scholarship Guide,missing:provider_name,provider_name
e06ea48a-e17a-4d97-8506-9c7c9b1d4604,Franklin H. Isham Memorial Scholarship,missing:provider_name,provider_name
e0a1c4c4-7ac2-43d7-8591-d4e405434236,The Doan Foundation For The Arts Scholarship,missing:provider_name,provider_name
e0d5692a-b81c-4c52-b81d-e8ee482a08c9,GRCF Dave & Laurie Russell Family Scholarship,missing:provider_name,provider_name
e0d69f48-14a0-4c2f-8f65-449966dea491,"Study Abroad, Summer School and Exchange student bursary",garbage_phrase,
e0def1c5-28ef-4971-a028-2d27b11b5c39,Charles E. Jones Scholarship,missing:provider_name,provider_name
e10cc79f-dc7b-4865-84a2-f388bac7588f,"NEEBC Scholarship Program: Award, Deadline & Eligibility",missing:provider_name,provider_name
e1252ae9-03f3-4e53-a219-7a7d1771a530,Claire May Band Memorial Scholarship in Physics,garbage_phrase,
e1494d62-1dd7-46c3-9821-4cbec763833c,Leonard and Betty Summers Endowed Scholarship,garbage_phrase,
e16e895f-5888-4a17-9612-49bc8d4768d3,"You Can’t Label People, But You Can Label Products",missing:provider_name,provider_name
e18a7ca6-8857-4a4a-957f-73bce465bcac,Joseph B. Ezhaya Memorial Scholarship,missing:provider_name,provider_name
e18f5565-3181-4bb1-a721-af0ec7e6f6a9,Lilly Endowment Community Scholarship,missing:provider_name,provider_name
e19fc393-b888-4b4b-a1c0-c4878d0b4063,GRCF Sherman L. & Mabel C. Lepard Scholarship,missing:provider_name,provider_name
e1a08315-6464-4da3-97ce-e6cc6994a845,AAUW Angeline Gale Scholarship,missing:provider_name,provider_name
e1ac3bc7-2012-48a4-92f3-b6fa7c8fac31,Dan Watkins Scholarship in Weed Science,garbage_phrase,
e1ebc757-d9c0-4f61-bbf1-8aa60659186f,The Mikkelson Foundation Scholarship Guide,missing:provider_name,provider_name
e1ef0279-a097-44cf-a3ac-5dcb078c8f99,"""Love of Learning"" YouTube Scholarship",garbage_phrase,
e1f98caf-6567-4761-8b62-56a4cbcddcf5,MBA Diversity Scholarships,garbage_phrase,
e20f683e-3f4e-45cb-9b32-6a0ba6d141bc,UniSC Asylum Seeker Scholarship,garbage_phrase,
e238d219-018e-46ce-a09d-ee413849017d,Betty Czekalski Woman in Business Scholarship,missing:provider_name,provider_name
e23e051b-7c13-4729-a33b-9ff151e33ff6,PACIM Polanie Legacy Scholarship Guide,missing:provider_name,provider_name
e24820aa-4925-450c-9af1-9cab87bed24b,Brenner Scholarship,garbage_phrase,
e2544a23-127d-4fdb-9c9d-435fc2b3a662,Dawn Steward Memorial Scholarship for Large Animal Vet Students,missing:provider_name,provider_name
e2747425-f151-483e-a51f-14002813f00f,Foster Love Family Fellowship,missing:provider_name,provider_name
e2a24757-1d1f-49c1-8495-e8c17deed823,Metro Youth Football Association Scholarships,missing:provider_name,provider_name
e2b1e83e-8f31-473e-96e7-306b52c83dd0,Executive Transition Program (ETP) Scholarships,garbage_phrase,
e30d487a-b136-40e0-9240-59d4485909e0,SC Wildlife Federation Scholarships,missing:provider_name,provider_name
e3135008-7d25-4648-b0af-266f6a4848bd,Ohio Section AWWA Scholarship Program Guide,missing:provider_name,provider_name
e3239c66-f620-43fb-85c5-5f430e4b8c0e,Ontario County Casella Scholarship Guide,missing:provider_name,provider_name
e37373a0-65f1-40ba-b45a-ef50f579c3b1,Maryland Part-Time Grant Program,missing:provider_name,provider_name
e39b8efd-775a-40df-9ce3-25eb08cdb0ee,Young Legal Professionals Scholarship,garbage_phrase,
e3a6f1ca-a6e9-4df5-809e-84ee719d86ac,Ohio College Opportunity Grant Guide 2026,missing:provider_name,provider_name
e3b1b26a-009b-4de9-9c71-dd4d43f4266c,Miami University Graduate Assistanships,missing:deadline,deadline
e3f379f6-9078-4f5d-951f-54181423b1cd,ANU HDR Supplementary Scholarship,garbage_phrase,
e3f93db6-893e-4b22-adf3-da18c940de85,CLA Scholarship for Minority Students Guide,missing:provider_name,provider_name
e42147d5-8759-43fc-a418-444794b77530,J.B. Lord Memorial Endowed Scholarship in English,garbage_phrase,
e4300c9b-4ffe-46ca-8929-08e4212b0e4f,Rikkyo University Tokyo St. Paul's Lions Club Scholarship,garbage_phrase,
e430f7fb-56bc-4a00-9546-efd391155027,Adolph Rzotkewicz Nursing Scholarship,missing:provider_name,provider_name
e4550f46-4e07-4988-af44-8627b948e504,Soozie Courter Hemophilia Scholarship Program,missing:provider_name,provider_name
e45c8027-8e9c-4146-91cf-0e361f9639de,WGA Celebrate The West High School Art Competition,missing:provider_name,provider_name
e4806e8c-027d-46bc-af53-8bec62836beb,Einstein Fellowship 2019,missing:deadline,deadline
e4a5f246-d922-475f-9ccf-dd36a8992137,FGSR - UR Scholars Entrance Scholarship,garbage_phrase,
e4bc4b2a-cae5-4b42-81ae-ba0473678abb,Myrna Holmquist Communications Scholarship Guide,missing:provider_name,provider_name
e4cc20c1-8de8-4bc1-946d-f3203236f8f9,New Jersey World Trade Center Scholarship,missing:provider_name,provider_name
e4e3cbec-6a16-4f15-acd0-c53a87c8dd7c,CABMET Scholarship,missing:provider_name,provider_name
e4e7b3ab-98bb-41ec-985d-c074dd230ca2,Washington CPA Foundation Associate Accounting Scholarship,missing:provider_name,provider_name
e4ede42f-0708-420a-a527-0490ef8faa2b,Florida Retired Educators Foundation Scholarship,missing:provider_name,provider_name
e4efcf46-859a-4061-9520-7b1e91c28cee,Love Like Lyndsey Loved Inclusive Education Scholarship,missing:provider_name,provider_name
e4f3d28f-0bd1-432e-85dc-eb2d42c39f10,Charles E. Peterson Prize Fellowship,missing:provider_name,provider_name
e4fd0ea6-6829-42c0-a1df-ba8757ca9486,Chicago Roofing Contractors Association Scholarship,missing:provider_name,provider_name
e50ed0d4-b754-4b5b-b28b-cfc08f73d88a,Dennis Henneke Foundation Scholarships,missing:provider_name,provider_name
e52e11ec-6db0-490a-bf40-b47ed5120422,Call to Action Scholarship Program,missing:provider_name,provider_name
e53f2ed9-6330-4795-88e6-4da2ad5e8ba1,UCL Global Masters Scholarship,garbage_phrase,
e53fee41-b9b7-4a8f-a3cc-62f323fc2d40,AEF Jodi Callahan Memorial Graduate Scholarship,missing:provider_name,provider_name
e5453f44-9219-4a16-9e4b-0081f64c247f,Anders Scholarship USA 2026 Apply,missing:provider_name,provider_name
e54797da-dad0-4d7a-9edc-98c90087fa3e,Alan and Julia Beck Supplementary Scholarship,garbage_phrase,
e55a2c28-8ef7-408b-9a5b-ba1ff7c7d556,CBA of GA McNair Family Scholarship,missing:provider_name,provider_name
e55ba557-70e2-4d94-a77c-580638ea3046,Academic Year Study Abroad Excellence Scholarship,garbage_phrase,
e58bf8c0-5894-420c-ad6c-a96aee3a7dc1,Capital News Service/Bill Cote Endowed Scholarship in Journalism,garbage_phrase,
e58f4bed-54ec-43b5-b3b5-76a78fb6ec45,Josephine Clark Tutt Memorial Scholarship,missing:provider_name,provider_name
e5900f1f-e50d-4954-ae07-d6c32ecc6d64,Wasaburo Fujimiya Study Abroad Scholarship,garbage_phrase,
e5bb919d-9973-4536-a2dd-f8315155b83a,Computational Biomedicine Project – Talo Computational Biology Talent Accelerator Grant,garbage_phrase,
e5c793d6-034e-4874-94c7-1e1f0337e69b,The Trotter Project Scholarships deadline 2026 USA Scholarship,missing:provider_name,provider_name
e5d75cf6-6335-43f0-8e18-7d8aabe0adf1,Carson Scholars Fund,missing:provider_name,provider_name
e6152812-c8af-415e-bdb7-d7e3578b4775,Sport Scholarship,garbage_phrase,
e641f905-ee55-4ed7-a136-2c2b2a03b8f4,California Association of REALTORS® Scholarship Foundation Scholarship,missing:provider_name,provider_name
e6897684-59b6-4aa1-af21-08aa76c514f8,ALCW Scholars Support Scholarship Guide,missing:provider_name,provider_name
e693e88e-ac02-4ac6-9fc7-a62d912ccd53,Faculty of Medicine Medical Endowment Scholarship,garbage_phrase,
e6b793b5-ef9f-4f23-9045-3003ea4e5f2f,"Palmetto Fellows Scholarships: Eligibility, Deadline, Application",missing:provider_name,provider_name
e6c4fdcf-ecc3-4738-a147-344b2d59aabc,Colorado Mesa University's Distinguished Scholar Award,missing:provider_name,provider_name
e6c68715-b27c-4055-94b8-8cd86de8d874,Coaching & Officiating Development Scheme,garbage_phrase,
e6d0d579-a30f-463a-a029-5f161be61d3a,AQHA Arizona Quarter Horse Youth Scholarship,missing:provider_name,provider_name
e70a5a90-a7b8-4bf9-ad56-708fed9f76d3,The Miss E L Hellaby Indigenous Grasslands Research Trust,garbage_phrase,
e71a1dcc-1d5d-4c96-8539-479f412509ad,New York State Senate Undergraduate Program,missing:provider_name,provider_name
e724997a-cc67-4fa6-838b-1e1f80de8126,Scholarship of excellence CESI Graduate School of Engineering,garbage_phrase,
e7356cdd-90b1-40be-a49f-91c9ed447c2a,Luxury Goods Management Scholarship,garbage_phrase,
e7554c33-762f-483a-aedc-2fb7315911a7,"£1,000 International Student Scholarship September entry",garbage_phrase,
e75c1381-e1cf-41aa-ae03-473281682cd7,Office of Special Education and Rehabilitative Services (OSERS): Rehabilitation Services Administration (RSA): Parent Information and Training Program ALN 84.235F,missing:provider_name;garbage_phrase,provider_name
e75ee0e5-f4c5-468a-a225-702ab5aedc89,International Marketing Management Scholarship,garbage_phrase,
e76f02d6-25da-4965-8577-a135a5e841d0,Lex Mathews Scholarship,missing:provider_name,provider_name
e77193b9-543d-4340-81da-cab8d9b604b0,"College of Health, Science and Society MSc Scholarship",garbage_phrase,
e776437c-df06-4308-9d77-9a881ea5b38a,Asama Coldwater Manufacturing (ACM) Georgia Scholarship,missing:provider_name,provider_name
e77c85f7-ab58-4fb8-b4ae-ddc4a5aff7b8,Michigan Retailers Association Scholarships,missing:provider_name,provider_name
e7a3fd96-b1ad-41bb-bffe-be9d78e82a36,EPP/MSI Undergraduate Scholarship Program Guide,missing:provider_name,provider_name
e7a89076-f74c-4875-827b-56055c78221e,The Shore Teacher Education Scholarship,garbage_phrase,
e7b1b8e4-f4a3-4fea-8625-44bda51c3fdd,"Dr. Israel ""Ike"" Tribble Jr. Endowed Scholarship",garbage_phrase,
e7bb8ee7-2379-4264-9919-f61341188b6c,"Perkins and Company, PC Accounting Scholarship",garbage_phrase,
e7ccd025-ef09-41d4-a35b-27c7605c34ec,Non-EU/EEA citizens Scholarship,garbage_phrase,
e7da8b1b-f061-4567-9a7f-b84a17c82476,HBCU Week x NFL Scholarship,missing:provider_name,provider_name
e7f7bd66-66c4-4757-b4aa-132068959e2f,South Carolina Tuition Grants Program,missing:provider_name,provider_name
e82d250b-f5f5-4d4b-9563-454e8763e3d2,Dream.Org Tech Scholarship Fund Guide,missing:provider_name,provider_name
e85081ff-8d05-441a-a2c7-a6cbe16b156b,Endowment for South Asian Students of Indian Descent Scholarship,missing:provider_name,provider_name
e8596962-d972-483f-a32b-687410817b72,KCF Kreager Family Scholarship,missing:provider_name,provider_name
e85e0686-469f-482e-b8ec-ef0d6ca3738f,Eastern Colorado Scholarship,missing:provider_name,provider_name
e85e0f83-1b92-4879-a1b7-9b187ce82c8f,Catherine Thorp-Cramb Prize in Doctors' Mental Health,garbage_phrase,
e87ec77d-f664-4f52-85bc-3370126b81dc,"AEP Student Scholarships: Eligibility, Deadline & How to Apply",missing:provider_name,provider_name
e899bf17-c577-4e3e-b92a-cce34f49e5ae,AICPA Foundation Scholarship for Future CPAs Guide,missing:provider_name,provider_name
e89e2ef0-6964-4f3e-be1c-a6440449218f,BuyingNote Digital Marketing Scholarship Program 2017,missing:deadline,deadline
e8fcc048-2cec-44ea-8e4d-2932740fd2ee,Law Enforcement Family Member Scholarship,missing:provider_name,provider_name
e932b796-ecf8-439f-b80d-5caee97826a0,Scholarship for One-Semester Study,garbage_phrase,
e94d7e4a-b7cd-48ab-8374-1679da76467f,Hildegard Durfee Scholarship,missing:provider_name,provider_name
e9530061-0c19-4afc-b71d-a6922889ac42,Mercedes-Benz U.S. International Scholarships,missing:provider_name,provider_name
e95a3fe8-d743-42d2-9358-74538df0ead6,Carlyle Greenwell Support Grant,garbage_phrase,
e969c0b4-402c-49c5-9f23-90f062275406,The ISA+21 Francesca Norris Memorial Scholarship,garbage_phrase,
e96c168f-42df-4684-a6f1-ca9318597bc5,Girls on the Run Molly Molk College Scholarship,missing:provider_name,provider_name
e97c9080-cbf9-4962-88b4-b9640308b503,Unity College International Students Tuition Waiver,missing:deadline,deadline
e98cfa4e-caaa-4c7d-81f7-4a5b4bb87dd5,New Tracks Modeling Mentoring Scholarship Guide,missing:provider_name,provider_name
e9a77a3e-7a89-4c76-a79f-ed7de4fcdeef,Geography Student Research Fund,garbage_phrase,
e9abe10f-cc10-49eb-babf-9bb1a4f61d9e,Communities Foundation of Oklahoma Scholarships,missing:provider_name,provider_name
e9bc0634-1fd3-4afe-a163-5a89e6c5fb7f,High School Senior Scholarship for Future Teachers,missing:provider_name,provider_name
e9db9549-727f-4cdd-9d65-fbe846b5647b,The Legacy Lab Scholarship,missing:provider_name,provider_name
e9e109dc-d65a-496a-aa84-a3b8cf86e835,The Arc New York Scholarships: Eligibility & Deadline,missing:provider_name,provider_name
e9e537dc-fb6f-4400-9af4-eff99900c973,Henley Business School and Reading University Alumni Discount,garbage_phrase,
e9e7c9f5-8b22-4841-b84f-58241cdefc18,"Rotary Scholarship for Camarillo, CA",missing:provider_name,provider_name
ea61a815-a8de-4009-965e-54b4a815a1fc,Ernst Mach Grant for studying at an Austrian University of Applied Sciences,garbage_phrase,
ea7e5bb1-7330-4864-a985-7fc49d5cb2e6,Minneapolis-St. Paul Post STEM Scholarship Guide,missing:provider_name,provider_name
ea83a2a1-e35c-4831-8608-979f0b63d749,Live Poets Society of New Jersey - National High School Poetry C…,missing:provider_name,provider_name
ea957fc6-2a8f-48ac-a1b1-a1854371ad3f,Temple University Scholarships,missing:provider_name,provider_name
eab7ea35-1921-4e49-bf88-acfe4b72f720,BIM Scholarship,missing:provider_name,provider_name
eb05a7ec-5b62-452c-845c-3b5a68142a7d,David Staenberg Dyslexia Scholarship,missing:provider_name,provider_name
eb33aba7-13bd-4577-b7a2-2fc3a62c861d,Monterey Bay Officer Spouses' Club Scholarship Guide,missing:provider_name,provider_name
eb613641-858c-4c55-94dc-23104d82143a,Fisher Cats Foundation Scholar-Athlete Scholarship,missing:provider_name,provider_name
eb84ba9b-b41f-494d-b44d-657112309038,PestNet Future Entomologist Scholarship,missing:provider_name,provider_name
eb89e575-ed9e-4895-a34f-36bba1a4e56c,Michael Burke Sr. Memorial Scholarship Guide,missing:provider_name,provider_name
eb95c24e-1e69-411f-94b8-60427c4e2d45,Women Empowering Women Scholarship,missing:provider_name,provider_name
ebbcd851-da03-489c-af9c-2a2e72eb6200,"Murphy & McKinney Law Firm, P.C. Criminal Justice Scholarship",garbage_phrase,
ebcdb5c1-f1cf-4402-a49c-9041374463e7,Dr Ben Tate Inspirational Scholarship,missing:provider_name,provider_name
ebdceaad-452e-40bd-8f55-b52fcc08c144,Providing Support to Young Entrepreneurs Scholarship,garbage_phrase,
ec05a483-1b69-4a10-9405-123b41746169,Westinghouse-Pittsburgh WIN Scholarship Guide,missing:provider_name,provider_name
ec25c93d-b766-48ce-a91c-47d330e1a21e,From Conflict to Growth Scholarship,garbage_phrase,
ec427068-a206-4dcc-be9e-d0ac96cef332,GRCF Donald & Florence Hunting Scholarship,missing:provider_name,provider_name
ec8d0402-9fca-4a32-a1b2-7eb4333da5ed,Margaret and Angus Hamilton Apple Research Scholarship,garbage_phrase,
ec960fe4-7e8b-43a3-90cf-f596dc6bbd63,UniSQ Community Award,garbage_phrase,
ecacba44-8e48-4452-bbe7-94aa111504ca,upGrad Futures Scholarship,garbage_phrase,
ecaed003-9085-4bbc-8daf-fe7eb97c052c,Nora's Nursery Scholarship Program,garbage_phrase,
ecf1b14c-b702-4d72-9dbb-2a57ade1a961,FMA Doug Damerst Scholarship Eligibility and Deadline,missing:provider_name,provider_name
ecf402d4-afcf-4a0f-b5ca-61fcb221b896,The Edinburgh MBA - Leadership Scholarship,garbage_phrase,
ed02f1ca-5d29-41ea-8950-9aba276ff317,"Dr. Wynetta A. Frazier ""Sister to Sister"" Scholarship",missing:provider_name,provider_name
ed226df5-faac-4a36-8069-5963bb81f861,PG&E Better Together STEM Scholarship Program Guide,missing:provider_name,provider_name
ed4437cb-0ec1-4528-a3f4-1f4fc3d571dd,Chicago Society of the Polish National Alliance Kulze Scholarship,missing:provider_name,provider_name
ed6fa680-5feb-4b02-9898-a2ef1d95ea52,Districts Make the Difference Video Contest,missing:provider_name,provider_name
ed7b7ab3-66ab-4a8c-95ef-f4ba1063415a,"GeniusCash Scholarship 2026 for Canadians (up to CA$5,000)",garbage_phrase,
ed82e65c-9251-4ebb-bfd7-7cfd1f19aa09,Dymond Shantyl Dantzler Legacy Scholarships,missing:provider_name,provider_name
ed95a9b0-4504-4fed-9697-65b651d2c985,GRCF Aim High Jerry Clay Scholarship,missing:provider_name,provider_name
ed994524-ade8-45db-b266-44c1add4f90d,Jay Kennedy Memorial Scholarship in Cartooning,missing:provider_name,provider_name
eda6cc9c-d94f-4846-bc45-7916d8191de4,Emily Lester Vermont Opportunity Scholarship,missing:provider_name,provider_name
edac0e63-b075-4d59-b6e3-6d37bf72ee85,Dan L. Meisinger Sr. Memorial Learn to Fly Scholarship,missing:provider_name,provider_name
edae22bc-4369-4f03-90ed-e8c54bb6211f,Greater Kanawha Valley Foundation Scholarships,missing:provider_name,provider_name
ede3b699-1edd-49ec-84f8-7d22596f3fa9,CentER Scholarship,garbage_phrase,
edf13087-3093-4334-8fc0-a206e9c076b8,My Story Matters: IMPACT Scholarship,missing:provider_name,provider_name
edf8ce46-df37-4de6-b66e-a2285ae7ae63,The Cooper E. King Memorial AFS Scholarship,missing:provider_name,provider_name
ee41b414-20c9-4a4a-90c0-c896d138be70,The Rosa Luxemburg Foundation's scholarship,garbage_phrase,
ee4ad313-3b2b-49d3-9317-380af03ab94e,Hearing Impaired Scholarship Guide: Eligibility & Deadline,missing:provider_name,provider_name
ee4df147-9638-4820-a2a2-32cb4a788457,GRCF Walter C. Winchester Scholarship,missing:provider_name,provider_name
ee5f45ba-3ec7-4af1-ae10-3475d8ae8771,Swiss Government Excellence Scholarships for Foreign Scholars and Artists,garbage_phrase,
ee72eeb4-500e-4d12-a63d-1d7e0648be5e,Michigan Pagan College Scholarship,missing:provider_name,provider_name
ee77574c-f710-4ac9-81db-804ae42c74b0,University of Illinois - Paul D. Doolen Graduate Scholarship for the Study of Aging,garbage_phrase,
eea1dadf-d2e3-4eeb-897d-b29a6c0622ca,NASA Iowa Space Grant Consortium Scholarship Guide,missing:provider_name,provider_name
eeb09a55-ad86-4398-a1c1-f1a861344add,UCP Be the Future Scholarship,missing:provider_name,provider_name
eeb3773e-2435-4654-af56-6757faf11174,Corinne Burton Art Therapy Student Scholarship,garbage_phrase,
eeba9733-c19e-4f2e-a520-d7b9af123d45,UNCF Northern Ohio Scholarship Eligibility & Deadline,missing:provider_name,provider_name
eedbaa42-1615-4ef7-b0bb-f6c72cfeb0a7,Elks National Foundation Legacy Awards,missing:provider_name,provider_name
ef09c2c8-6370-4404-bd8d-f9f020e4bee4,Minnesota Waste Wise Foundation Scholarship Guide,missing:provider_name,provider_name
ef0a5b85-3f5a-486e-a0a7-0f41643dd491,David Hershberg Scholarship for Summer Study Abroad,missing:provider_name,provider_name
ef43ac34-a2d6-4f4f-b237-a47f20de27f6,College JumpStart Pay It Forward Scholarship,garbage_phrase,
ef43d28f-26a9-45d9-9575-ca84eaa84aee,Alberta Blue Cross Health and Wellness Graduate Award,garbage_phrase,
ef50f2bc-d3fe-4341-9ae5-759782b82422,Study in Slovakia Scholarship,garbage_phrase,
ef52c0b1-33bb-4878-a042-d5b4aff69c05,Featherstone HBCU Scholarships at Morgan State University,missing:provider_name,provider_name
ef5b7850-270c-4a3f-9a7a-cb0b01a0ee07,Chi Omega Foundation Scholarships,missing:provider_name,provider_name
ef83f65b-5698-43a5-a532-e061efd97ced,Study Abroad Spanish Heritage Speaker Scholarship,garbage_phrase,
ef924d75-09f9-4e74-bc67-1e081fbb5868,Build A Better Future,missing:provider_name,provider_name
efa52163-b424-457c-9dc6-04e816f92a99,Reach Cambridge Scholarship Essay Competition,missing:deadline,deadline
efa5d1a0-933c-4760-8a78-636ef4d29d5c,Young Scholar's Award,garbage_phrase,
efb26e66-d248-4719-a9b0-488f81b85c84,Daughters of the Cincinnati Scholarship,missing:provider_name,provider_name
efba245e-4b63-4d03-95df-fc983d7b30d4,School of Art Scholarships for Current Students,garbage_phrase,
efca892b-9a5d-4423-8aad-0569cc18f85d,Demetrios Halikis Scholarship,missing:provider_name,provider_name
efd9dbbd-7fd9-4ae0-bd82-546eb5977596,BAFTX Undergraduate Scholarship Details & Deadline,missing:provider_name,provider_name
eff0c44c-2eba-43dc-a4da-067b81a5c975,Laura Fuoss Memorial Grant USA 2026 Apply,missing:provider_name,provider_name
f00346ab-f87d-46f9-b4e9-e5da9b4d831a,British Chevening Scholarship,garbage_phrase,
f0085f8f-23f9-4d5b-bf61-e3636faa5562,The Smooth Movers Scholarship,garbage_phrase,
f053e178-f88d-4599-b8b9-e323fa1caa32,United Voices Scholarship,garbage_phrase,
f068255c-b883-408b-8285-f4622237f17d,DCA College Scholarship Program Details & Deadline,missing:provider_name,provider_name
f06e42c2-c05f-401f-bbc6-d0d0134ab620,NENU Scholarships for Outstanding Self-Financed International Students,garbage_phrase,
f07aca47-8c13-429e-8b6b-02aa38c580db,Claudius O. and Mary W. Johnson Graduate Fellowship in History,garbage_phrase,
f07bb33d-2cf6-4f2d-8715-03143e1e4676,Indiana Engineering Scholarships Guide 2027,missing:provider_name,provider_name
f09cb500-8b7a-44b3-b6d9-085b4db293bd,Sharon Melton Myers Memorial Scholarship,missing:provider_name,provider_name
f0b49a48-b147-4044-90e8-47feec858de6,The BeMo® Diversity Advocacy Scholarship,garbage_phrase,
f0b9cf27-e550-4160-9b31-bf4827d981df,The Zelda Stedman Artist Scholarship,garbage_phrase,
f0ca3c80-d397-4f81-b4d9-109f88b23acf,Ford Opportunity Scholars Program Guide 2027,missing:provider_name,provider_name
f0da352e-f13c-4cda-86da-f10d39e55020,Ritchie-Jennings Memorial Scholarship Guide,missing:provider_name,provider_name
f0f845ec-6159-4d36-aa80-87ab8eb9a18b,Renee Hoeksel Leadership Award,garbage_phrase,
f1009afb-cd7f-4ad6-b41a-414c349085c3,Elizabeth Brennan Scholarship,garbage_phrase,
f117d638-64a3-442d-b963-2bd72f241758,upGrad Opportunity Scholarship,garbage_phrase,
f12b1667-26b3-4c66-a6cf-2e4144ca31eb,WGA Evans Scholars Program,missing:provider_name,provider_name
f15c0dea-67ba-4d6b-82f3-a6f182457fb2,International Academic Achievement Award,missing:deadline,deadline
f1a24bdc-c7fa-4cb5-9039-76d8af969c13,Santander Progress Scholarships,garbage_phrase,
f1a57ece-3ecb-4a98-8c35-4d9b65327be8,Norwegian National League Scholarship,missing:provider_name,provider_name
f1bd522f-993e-42e3-abd4-b104bb825ef7,Folsom Garden Club Scholarship,missing:provider_name,provider_name
f20836de-1182-4451-b3f0-7db2347ab441,Empowerment Through Education Scholarship Guide,missing:provider_name,provider_name
f2308a87-4197-4e89-a9c9-864405b5b8cb,Sacramento Press Club Journalism Scholarships Guide,missing:provider_name,provider_name
f2323f4e-b150-49d8-a123-9f763e5a1855,Japanese American Veteran (JAVA) Scholarship Program,missing:provider_name,provider_name
f2332918-3825-42d6-af17-c8ebc7c9cc0b,Pizza Hut Scholarship Program,missing:provider_name,provider_name
f235fef5-8b90-48a6-bc84-e9cf80842bbc,The DYMON Scholarship,missing:provider_name,provider_name
f2561a3f-c195-43ad-a85b-84d7b5783d06,Robin L. Racette Griffin Endowed Scholarship Fund,garbage_phrase,
f25e6ea3-d92e-4886-9f6a-ca769fd3fb73,Pittsburgh Promise Scholarship Guide & Deadline,missing:provider_name,provider_name
f27b24a3-51aa-4f53-b25b-8e0b3f9e42c0,Robert W. & Shirley T. Hadfield Scholarship,missing:provider_name,provider_name
f2d83698-2aa5-4baa-b48c-399a493decd0,Latinos in Finance Scholarship,missing:provider_name,provider_name
f2de57e9-3743-4463-b517-d57030f48090,ZU Scholarship,garbage_phrase,
f2ead7f8-49be-4ec2-9523-cc72efee6112,Anna N. Dosen Serbian Educational Fund,missing:provider_name,provider_name
f2f227d2-165b-4fab-a463-5e24d37e30a8,Irene Adler Prize,missing:provider_name,provider_name
f2f5230a-2856-4881-92a9-a8e707a66e39,MIT - Zaragoza Dual Degree Scholarships,garbage_phrase,
f30992b3-d1e1-4caa-96f5-b0b499b920f2,AFSCME Union Scholars Program Summer Internship,missing:provider_name,provider_name
f3104c85-6a10-4e54-b64c-352de321f9db,Fragrances & Cosmetics Scholarships,garbage_phrase,
f312273f-57a2-47ec-b261-54f24f7749fc,PMAHCC Foundation Scholarship Fund,missing:provider_name,provider_name
f351d365-21e7-4ad7-994b-c51f2a05056f,University of Sydney International Stipend Scholarship,garbage_phrase,
f35cd5b8-2278-49dd-bc34-a41e402bcfb9,"Mitchell/Tufts Scholarship: Eligibility, Deadline & Apply",missing:provider_name,provider_name
f3a1637c-17ed-438d-958d-b87c53003a95,Audria M. Edwards Scholarship,missing:provider_name,provider_name
f3adc896-1248-44f0-a838-917389763499,Tobacco Harm Reduction Scholarship Programme,garbage_phrase,
f3d890d0-6862-4418-882c-dd2cc91c69db,Essay and Art Contest on Civil and Human Rights,missing:provider_name,provider_name
f41062a9-7b7b-48fe-b352-8e406b29f651,Roger V. II Leclerc Memorial Scholarship,garbage_phrase,
f4129b8c-73fc-4555-b318-2cce8926eef4,Wells Scholars Program,garbage_phrase,
f4335fa5-9409-4fba-b861-8444c11a55c8,Fondation J.A. DeSève Merit-Based Bursary (M.Sc.),garbage_phrase,
f45a6cd1-6af2-4011-9bd7-069b040670e3,NYC Injury Attorneys P.C. Essay Competition $500 Scholarship,garbage_phrase,
f46dbde5-9f6e-47c6-b980-6acec0179372,"$25,000 Be Bold No-Essay Scholarship",missing:provider_name,provider_name
f4722880-1aee-41c0-a526-095924e7c69e,Shifters Global Innovation Challenge,missing:provider_name,provider_name
f4b4fa66-30f0-411c-9cd0-0f21eb15b951,Randall Silcock Scholarship,garbage_phrase,
f4d7ad71-b385-4223-87f2-ca195cbe8e53,"JCF S.F. Humanities, Inc: Leo Hills Scholarship",missing:provider_name,provider_name
f4de64bf-d472-4be4-80d8-448f734142cc,George D. McCoy/Bleeding Disorders of North Carolina Education Scholarship,missing:provider_name,provider_name
f4ec2a09-18b8-44b7-bfd3-dbf5494679c7,The Lady Eileen McDonald EU & International Student Fund,garbage_phrase,
f5135d00-279e-41a8-a0d6-9d3f8af0fded,Jhanae Sunflower Foundation Scholarship,missing:provider_name,provider_name
f52e9502-e6c1-4ecf-b86d-fad5459ddf8f,Girl Scouts USA Gold Award Scholarships Guide,missing:provider_name,provider_name
f537cddf-9dcb-4a7e-b388-be69e013cd88,Daniel A. Terry Scholarship,missing:provider_name,provider_name
f57239eb-ace0-46d2-8a01-5f7941bfd5c6,Credit Union of Colorado Foundation Scholarships,missing:provider_name,provider_name
f5acec0b-0f38-49cc-8797-5bbe86189d44,Brent P. Poor Memorial Scholarship Details,missing:provider_name,provider_name
f5aff6d9-a2e7-426d-8d8d-bac2adf407f3,"JFEW-CUNY Hillel Scholarship Eligibility, Deadline & How to Apply",missing:provider_name,provider_name
f5bd947a-e54c-48e4-9f39-171d9d97e424,Madere-Jones Scholarship,missing:provider_name,provider_name
f5c2c768-1c55-44b0-964b-2017c5afe6a7,Larry F. Ball Memorial Scholarship Guide,missing:provider_name,provider_name
f5d1ec5d-7025-41b5-8fe8-a0572b53bb36,Utah Music Foundation Scholarships,missing:provider_name,provider_name
f62e0b92-c30b-4729-aa97-037dcbab39b5,Robert D. Shapiro Memorial Scholarship Guide,missing:provider_name,provider_name
f65e0cbe-2cf2-4fc0-a873-471f025af902,Zack Zolin Scholarship Foundation,missing:provider_name,provider_name
f6a2fe18-490f-49ed-8e04-328cb685527e,AbbVie Cystic Fibrosis Scholarship,missing:provider_name,provider_name
f6e46125-299f-4aa2-b69f-fb56c42e3156,Chicagoland Construction Scholarship Foundation,missing:provider_name,provider_name
f6ee7b74-7bad-4dee-ae61-a3066a5e2364,Robert Wilkos Aviation Scholarship,garbage_phrase,
f7062add-731b-48e7-881b-5eab83e6cd3e,Bob Johnson Memorial Scholarship,missing:provider_name,provider_name
f7245862-fd56-46c4-97db-d127e0a19721,The Ashley R. Thompson Memorial Scholarship,missing:provider_name,provider_name
f727cf9a-f399-4cfe-87bf-0e9dd8d7b77f,MISA Student Scholarship,missing:provider_name,provider_name
f73330d6-5b14-4473-bfdc-142f73d239cd,Pedestrian Education Video Scholarship Competition,missing:provider_name,provider_name
f73545b7-01d6-47a8-8f18-24b5bfb94062,Texas Educational Opportunity Grant Program (TEOG) Guide,missing:provider_name,provider_name
f7362580-48d1-4638-aa12-471090052c50,ACI Foundation Fellowships,garbage_phrase,
f7423136-7a80-4456-a01c-892f11567f0a,Sydney Campbell Foundation Postgraduate Scholarship,garbage_phrase,
f79a52e3-5d6f-4948-bed5-5055b50024f6,University of North Carolina Johnston Scholarship,missing:provider_name,provider_name
f7b66e65-25b3-400e-986f-6ae8b176e9bb,"SCAF Adult Scholarships: Eligibility, Deadline, Application",missing:provider_name,provider_name
f7bfb76d-1137-4e38-a6b6-ba9e44464dbe,Bomberos de San Diego Scholarship,missing:provider_name,provider_name
f7c9a333-7d4f-41b6-a196-9ae408daa27e,Distinguished Design/Tech Award,garbage_phrase,
f7ed8f97-b29f-49c0-92b6-5f4036a04ff3,NJACD Memorial Conservation Scholarship,missing:provider_name,provider_name
f8246610-59ff-4e22-9dc9-9e11a7dc1c5e,Vice-Chancellor’s Scholarship,garbage_phrase,
f839f75c-a137-4093-8260-896cacfeec80,Jane Zhu Cross-Cultural Integration Award,garbage_phrase,
f8493df0-d062-4fd9-bf16-58716e8101b3,AIA Silicon Valley Ehrlich Rominger Scholarship Guide,missing:provider_name,provider_name
f84f928f-8667-4766-b6c8-295c69182ae3,Fort Worth Scottish Rite Foundation Scholarship,missing:provider_name,provider_name
f86d59c8-5f5d-4f92-917e-84cd73002f67,Chevening Awards,garbage_phrase,
f897b4d9-fa31-4050-8c5d-b0481f0c33ae,UC International Scholarship,garbage_phrase,
f8a451fd-11e0-4084-a677-a7d96b0ec657,Mississippi Space Grant Consortium Graduate Fellowship Program,missing:provider_name,provider_name
f8a8df30-6718-495a-a943-a3a7aa1c2c46,Schwarzman Scholars Program at Tsinghua University,garbage_phrase,
f8b23977-59d3-43fa-a7c4-527b25be6202,JCF Alexander M. and June L. Maisin Foundation Scholarship,missing:provider_name,provider_name
f8bf4e18-9ae7-42f0-9a72-88655ad16ff3,John Wardwell Alumni Endowed Scholarship in Sociology,garbage_phrase,
f8c12f41-81d2-499f-b451-a0dabc747fe1,NWPCU Scholarship,missing:provider_name,provider_name
f8cc06dc-752a-4e9c-adae-e7ab022cc5ba,ESA Foundation Computer and Video Game Arts Scholarship,missing:provider_name,provider_name
f8d05b71-fa97-4db8-aa1e-0724ba28f51e,Texas History Essay Contest,missing:provider_name,provider_name
f8da5345-7857-41e6-8e0f-8a34cc62a800,Gender Equality in the Market Place Scholarship,garbage_phrase,
f8eb3bf8-14d4-478a-bd7f-1e9066e1303a,MHG Compassion Scholarships | Eligibility & Deadline,missing:provider_name,provider_name
f8ece226-f121-4435-bde4-01f312be20d2,Robert Sherman Fine Art Scholarship Guide,missing:provider_name,provider_name
f903eb63-f421-4ac4-9dea-f778a424527a,Jennifer A. Carter Book Scholarship,missing:provider_name,provider_name
f91db187-314e-45c1-bd5a-be938250361f,Suzanne Billings Memorial Scholarship Guide,missing:provider_name,provider_name
f92d8d83-188e-4f0a-8420-7807cd07991a,ACBH Stipend Program for an Internship on Capitol Hill,missing:provider_name,provider_name
f92f698b-7e9e-41be-b043-5e729e99b396,WPI Transfer Honors Award,garbage_phrase,
f946ac30-368d-48e2-b2da-27ad50f1f462,Michael Curry Summer Internship Program Guide,missing:provider_name,provider_name
f949b175-401f-4b31-8cd8-2fc5e21a2fbb,Educational Testing Service Postdoctoral Fellowship Program,missing:deadline,deadline
f94c475e-25fd-419b-8b0f-ec7ee4c62ac9,Waimate Agricultural Trust Grants,garbage_phrase,
f95ce6ee-6762-4218-a993-ac484b43ad79,Sammie Lee Lewis Memorial Scholarship,missing:provider_name,provider_name
f960fb62-04ad-4493-b5f8-0fdfc7ffd8fd,Community Leaders Scholarship,garbage_phrase,
f966145c-93b2-42ea-bfbc-ecc47baec3b6,HOC Tony S. Davis Memorial Scholarship Guide,missing:provider_name,provider_name
f994affd-1920-4af0-aa4c-f727cb24e9ff,"Minecraft Scholarship: Eligibility, Deadline & How to Apply",missing:provider_name,provider_name
f9b7750c-5b45-4d20-9055-4eb2f7a25263,High Honor Award,garbage_phrase,
f9be8e79-c1ad-4e9d-897c-e03c6933561d,Felician College International Scholarship,missing:deadline,deadline
f9d7b8a0-5f78-4adb-a589-2d0568134dbc,Australian Government RTP Scholarship (International),garbage_phrase,
f9e36c4e-1544-46ad-a222-5cf0b89a7a8c,National Association Buffalo Soldier & Troopers MC,missing:provider_name,provider_name
f9fc86be-0038-4b1c-9186-70aacf2b7197,Dr. Omega Logan Silva Scholarship Guide 2027,missing:provider_name,provider_name
fa090977-94dd-41da-98bf-6a3d0027578f,John W. Ehrstine Scholarship Endowment,garbage_phrase,
fa220bdb-19cd-4f3f-9f33-03b133dad0e4,NCNSFPE Brady-Williamson Scholarship Guide,missing:provider_name,provider_name
fa2e6ca9-8abe-434e-b1b8-8bd30e1a45a2,Dick Lauber Masonry Scholarship,missing:provider_name,provider_name
fa3acb6c-52a4-4f45-9a74-c42346ad53a6,Winter School Grant,garbage_phrase,
fa666425-ab97-48a8-b8b7-439b12376853,The Atlas Prize Scholarship Eligibility & Deadline,missing:provider_name,provider_name
fa765ad0-7730-4355-989c-24cc80badd73,Mildred Culbert Kelly & Fred W. Kelly Traditional Student Scholarship,missing:provider_name,provider_name
fa9c01aa-e4b0-4a3e-ba9e-b1b799dc5800,Outer Banks Community Foundation Scholarships,missing:provider_name,provider_name
fada90fd-e424-41c7-b008-d28b3e27c4fd,Scholarship for Diversity in Media,missing:provider_name,provider_name
fadbace0-32f1-4830-966e-7bfe44d39918,Prudential Emerging Visionaries Scholarship Guide,missing:provider_name,provider_name
fadcb052-8547-42da-953b-15ff43be9483,BBB Minnesota and North Dakota Students of Integrity Scholarship,missing:provider_name,provider_name
fadd0c95-ae9c-4542-9e86-dfdc15087de1,GRCF Robert L. & Hilda Treasure Mitchell Scholarship,missing:provider_name,provider_name
faddc4c7-1105-4b51-b94a-d4645752d0cd,Women Band Directors International College Scholarships,missing:provider_name,provider_name
faf8c8a2-ef0b-49aa-bf29-fa6f738820af,"GRCF Achille & Irene Despres, William and Andre Scholarship",missing:provider_name,provider_name
fb0c875b-e25d-467b-870b-9890a5ff520b,Tom M. And Lois McBride Hougan Memorial Endowed Scholarship,garbage_phrase,
fb102962-146a-4ce5-8df3-c923840efa63,280 Group Product Management Scholarship,garbage_phrase,
fb1a4f2a-5bdd-4e50-8082-c412adb23a63,Dean’s Entrance Scholarship,garbage_phrase,
fb3adf5e-96da-4a4f-8c92-8970675a875c,SDC-Harris Education Scholarship,missing:provider_name,provider_name
fb5cd33c-b952-4eae-a171-afd7dcdc09b2,Qin Sirong and Yin Hongxiu Scholarship,garbage_phrase,
fb9ac72f-b451-42fb-b6f3-a9d1451dd21e,Margaret McNamara Education Grants - US-Canada,garbage_phrase,
fbb2610a-9f1b-4acc-8a85-61b3e6603ad4,Study Abroad Scholarship in BiH for American Minority Students,missing:provider_name,provider_name
fbc11b98-9a43-4eff-b1b3-8116fe35667d,Chevron Cyprus Scholarships,garbage_phrase,
fc01312c-5bba-468f-af05-0aa01352feb4,DerKazarian Foundation Scholarship,missing:provider_name,provider_name
fc5f12f1-026d-49cc-a4ba-776778cf400e,The Hamilton Award,missing:provider_name,provider_name
fc62003e-6976-411d-bdb1-46535ba8f931,Sue's Hope Scholarship,missing:provider_name,provider_name
fc65365d-bfad-4669-a010-3a0bb700d704,NSBE GPPC STEM Futures Scholarship,missing:provider_name,provider_name
fc8c1dd0-9adb-4249-86f4-2577c85ef35d,AIMES Awards,garbage_phrase,
fc9cfb03-3c0c-4e58-94e6-61416c7b522a,Eastern Illinois University International Student Scholarship,garbage_phrase,
fcb091c8-9653-48dd-b733-3c388650c451,Plimpton Foundation Native American Vocal Scholars Program,missing:provider_name,provider_name
fce92b86-46fe-417e-8af6-a648d29469d7,Incight Scholarship USA 2026 Apply,missing:provider_name,provider_name
fcf69b86-5315-4e54-863b-efeaf10af7b5,Standing With Her Scholarship USA 2026 Apply,missing:provider_name,provider_name
fcf87d87-6dfd-4cd2-adac-5593647fd216,Significant Achievement in Sport Scholarships,garbage_phrase,
fcf909e0-ee24-4322-becc-cafe6821fae1,The Chief Petty Officer Scholarship Fund,missing:provider_name,provider_name
fcfed9f7-f9a0-40f9-a220-97ae688925fb,IIASD Serving Others Scholarship,missing:provider_name,provider_name
fd69f867-2a56-4cb7-8015-85ca475d33e8,All-American Pest Control STEAM Trailblazer Scholarship,missing:provider_name,provider_name
fd6e2377-e2da-4272-96d2-ac1a10fb8c22,Geoff Dudley Bursaries,garbage_phrase,
fd750675-d123-48b0-ac5d-1dce1764a5d9,Alliance Medical Education Scholarship Guide,missing:provider_name,provider_name
fdaaebba-71cd-480e-a504-a80a30edde63,International Scholarships,garbage_phrase,
fdda5e67-c91b-4e54-896d-9d1989d0d4e6,Pittsburg Penguins Alumni Association Scholarship,missing:provider_name,provider_name
fe1bc137-58b3-47f5-b540-0b82b63961e0,Massachusetts High Demand Scholarship Program,missing:provider_name,provider_name
fe29929f-6dc0-4476-9fcd-f6e8744fdbd8,Sports Scholarships and Funding,garbage_phrase,
fe7bc858-cd70-401f-94a9-a1616907ba04,Dedman Essay Competition,missing:provider_name,provider_name
fec7c90d-7832-4228-b7a5-b8f1329e7f45,The Pro-Care Medical Track Scholarship,garbage_phrase,
fecbb4f0-8385-4ae5-bf60-9693ee0f2644,Tailhook Educational Foundation (TEF) Scholarships,missing:provider_name,provider_name
fefd0e25-9898-40ed-8ca7-85c92837c182,"HOLA at Microsoft Scholarship: Award, Deadline & Eligibility",missing:provider_name,provider_name
ff1c74f7-259b-49b7-b387-60c291e4e379,Dayle Wood Memorial Scholarship,missing:provider_name,provider_name
ff3e2686-81a8-4276-a896-cbbc1d2b14d4,Marylinn Munson & Bio Nebraska STEM Scholarship,missing:provider_name,provider_name
ff43d20e-b4b3-46c1-994e-5de79b2eec89,Hope For the Warriors Scholarships,missing:provider_name,provider_name
ff4fd2a7-b11b-4336-93f6-799b0fd63308,"$1,000 A Daring Path No-Essay Scholarship",missing:provider_name,provider_name
ff5a68a8-95f3-43dc-9a97-f62d3835d0b9,Omega Phi Beta Scholarships USA 2026 Apply,missing:provider_name,provider_name
ff85fce3-83ee-40ef-aae6-ff6b29762f36,April Seehafer Scholarship Fund,garbage_phrase,
ff8890d0-8a30-418c-8ae9-1a5e30c96d76,Jennifer Leigh Soper Cystic Fibrosis Scholarship Guide,missing:provider_name,provider_name
ff88ba7e-1966-46c5-be68-6bf05040a1e0,NSPE-NH State Scholarship Program,missing:provider_name,provider_name
ffbbaf35-285e-4b02-9152-8ac27621a3ee,Ad Club of Western Massachusetts Scholarship,missing:provider_name,provider_name
ffc061a7-f30c-4f3f-b3a6-f9e90cfccbcd,Future Female Leaders Scholarship,missing:provider_name,provider_name