rank,wave,slug,scholarship_uuid,title,provider,amount,deadline,category,source_url_present,en_url,indexable_en,completeness_score,risk_score,include_yes_no,skip_reason
"1","1","dr-gloria-hill-book-award-endowed-at-lewis-university-2026-dr-gloria-hill-book-award-endowe","fa9b7308-d634-4152-bfb9-2b561a94ec43","Dr. Gloria Hill Book Award Endowed at Lewis University 2026","Lewis University","Partial Funding, USD 800","10 Jun, 2026","miscellaneous","yes","https://scholarshiptop.com/scholarships/dr-gloria-hill-book-award-endowed-at-lewis-university-2026-dr-gloria-hill-book-award-endowe","yes","105","0","yes",""
"2","1","marang-gomke-jaipal-singh-munda-overseas-scholarship-2026-marang-gomke-jaipal-singh-munda-","f4e0d772-37f4-4eb2-b32e-a38a95d5f629","Marang Gomke Jaipal Singh Munda Overseas Scholarship 2026","Government of Jharkhand","Full Funding, Full tuition fee + Living allowance + Visa and medical insurance support + Other benefits","20 Jun, 2026","education","yes","https://scholarshiptop.com/scholarships/marang-gomke-jaipal-singh-munda-overseas-scholarship-2026-marang-gomke-jaipal-singh-munda-","yes","105","0","yes",""
"3","1","international-student-services-scholarship-at-columbus-state-university--international-student-services-s","f4ad112a-60c8-4d16-8c8e-21111a52f58f","International Student Services Scholarship at Columbus State University 2026","Columbus State University","Only tuition fees, Out-of-state tuition waiver","01 Oct, 2026","miscellaneous","yes","https://scholarshiptop.com/scholarships/international-student-services-scholarship-at-columbus-state-university--international-student-services-s","yes","105","0","yes",""
"4","1","chappell-and-white-phd-scholarship-at-anu-2026-chappell-and-white-phd-scholarsh","da985b85-b45c-40ac-839b-5381c6f9f661","Chappell and White PhD Scholarship at ANU 2026","Australian National University (ANU)","Full Funding, Stipend of AUD 34,000 per annum + Travel and Removal allowances + Other benefits","31 May, 2026","stem","yes","https://scholarshiptop.com/scholarships/chappell-and-white-phd-scholarship-at-anu-2026-chappell-and-white-phd-scholarsh","yes","105","0","yes",""
"5","1","environment-graduate-student-award-at-university-of-waterloo-2026-environment-graduate-student-awa","e9645775-c100-4d3f-be2c-202a0809e05e","Environment Graduate Student Award at University of Waterloo 2026","University of Waterloo, Canada","Partial Funding, up to CAD 10,000","31 May, 2026","disability","yes","https://scholarshiptop.com/scholarships/environment-graduate-student-award-at-university-of-waterloo-2026-environment-graduate-student-awa","yes","105","0","yes",""
"6","1","english-rhetoric-essay-award-at-university-of-waterloo-2026-english-rhetoric-essay-award-at-","fe73db59-2366-414b-a09b-1db10bde41b3","English Rhetoric Essay Award at University of Waterloo 2026","University of Waterloo, Canada","Partial Funding, CAD 400","31 May, 2026","humanities","yes","https://scholarshiptop.com/scholarships/english-rhetoric-essay-award-at-university-of-waterloo-2026-english-rhetoric-essay-award-at-","yes","105","0","yes",""
"7","1","ellsworth-and-karen-ledrew-international-experience-award-at-university--ellsworth-and-karen-ledrew-inter","f18b2af7-b57d-407a-8ae1-168f17fc0086","Ellsworth and Karen LeDrew International Experience Award at University of Waterloo 2026","University of Waterloo, Canada","Partial Funding, CAD 2,400","15 Jul, 2026","disability","yes","https://scholarshiptop.com/scholarships/ellsworth-and-karen-ledrew-international-experience-award-at-university--ellsworth-and-karen-ledrew-inter","yes","105","0","yes",""
"8","1","the-centre-for-trauma-sciences-scholarship-at-queen-mary-university-of-l-the-centre-for-trauma-sciences-s","fdf8ad6f-88c2-4658-a10f-1849e585b4d4","The Centre for Trauma Sciences Scholarship at Queen Mary University of London 2026","Trauma.org","Partial Funding, 50% fees waiver","01 Aug, 2026","stem","yes","https://scholarshiptop.com/scholarships/the-centre-for-trauma-sciences-scholarship-at-queen-mary-university-of-l-the-centre-for-trauma-sciences-s","yes","105","0","yes",""
"9","1","the-onsi-sawiris-scholarship-graduate-program-2026-onsi-sawiris-scholarship-program","d94e0bb4-7c16-4b07-a63f-8571325746df","The Onsi Sawiris Scholarship - Graduate Program 2026","AMIDEAST","Full Funding, Full tuition + a living allowance + travel + health insurance","31 Jul, 2026","stem","yes","https://scholarshiptop.com/scholarships/the-onsi-sawiris-scholarship-graduate-program-2026-onsi-sawiris-scholarship-program","yes","105","0","yes",""
"10","1","goldsmid-fund-bursary-at-university-college-london-2025-goldsmid-fund-bursary-at-univers","ade54e0a-88da-4c61-8a28-44f526636d63","Goldsmid Fund Bursary at University College London 2025","University College London (UCL)","Partial Funding, GBP 2,500 per year","06 Jul, 2026","stem","yes","https://scholarshiptop.com/scholarships/goldsmid-fund-bursary-at-university-college-london-2025-goldsmid-fund-bursary-at-univers","yes","105","0","yes",""
"11","1","faculty-of-medical-and-health-sciences-alumni-award-at-university-of-auc-faculty-of-medical-and-health-sc","d289d454-8664-42d4-9dbd-5878a2267113","Faculty of Medical and Health Sciences Alumni Award at University of Auckland 2026","University of Auckland","Partial Funding, NZD 1,000","11 Jun, 2026","stem","yes","https://scholarshiptop.com/scholarships/faculty-of-medical-and-health-sciences-alumni-award-at-university-of-auc-faculty-of-medical-and-health-sc","yes","105","0","yes",""
"12","1","dr-murray-brown-psychology-graduate-memorial-award-at-university-of-wate-dr-murray-brown-psychology-gradu","9a380600-b2b3-4d7f-907d-9cd30a71da50","Dr. Murray Brown Psychology Graduate Memorial Award at University of Waterloo 2026","University of Waterloo, Canada","Partial Funding, CAD 3,000","31 May, 2026","disability","yes","https://scholarshiptop.com/scholarships/dr-murray-brown-psychology-graduate-memorial-award-at-university-of-wate-dr-murray-brown-psychology-gradu","yes","105","0","yes",""
"13","1","dr-m-chandrashekar-memorial-award-in-sustainable-energy-at-university-of-dr-m-chandrashekar-memorial-awar","24f76a64-73b1-4edc-91a3-e233bfbdbfe1","Dr. M. Chandrashekar Memorial Award in Sustainable Energy at University of Waterloo 2026","University of Waterloo, Canada","Partial Funding, up to CAD 5,000","31 May, 2026","stem","yes","https://scholarshiptop.com/scholarships/dr-m-chandrashekar-memorial-award-in-sustainable-energy-at-university-of-dr-m-chandrashekar-memorial-awar","yes","105","0","yes",""
"14","1","mo-ibrahim-foundation-scholarship-2026-2027-2026-05-22-mo-ibrahim-foundation","1acad522-922b-4b1b-a993-34d75f7408bd","Mo Ibrahim Foundation Scholarship 2026/2027","Opportunity Desk","There are two awards available for 2026/27, each with a total value of £45,479. Tuition fees will be deducted from this amount with the remainder being paid directly to the student as a maintenance stipend.","June 17, 2026","education","yes","https://scholarshiptop.com/scholarships/mo-ibrahim-foundation-scholarship-2026-2027-2026-05-22-mo-ibrahim-foundation","yes","105","0","yes",""
"15","1","dr-emerson-woodruff-graduate-scholarship-in-paediatrics-at-university-of-dr-emerson-woodruff-graduate-sch","d101984d-df38-46eb-99a7-eed68654b2a7","Dr. Emerson Woodruff Graduate Scholarship in Paediatrics at University of Waterloo 2026","University of Waterloo, Canada","Partial Funding, CAD 1,000","31 May, 2026","stem","yes","https://scholarshiptop.com/scholarships/dr-emerson-woodruff-graduate-scholarship-in-paediatrics-at-university-of-dr-emerson-woodruff-graduate-sch","yes","105","0","yes",""
"16","1","dr-e-palmer-patterson-ii-graduate-scholarship-in-indigenous-histories-at-dr-e-palmer-patterson-ii-graduat","5e15b94d-5a43-4dd0-b474-b591f08c2ae9","Dr. E Palmer Patterson II Graduate Scholarship in Indigenous Histories at University of Waterloo 2026","University of Waterloo, Canada","Partial Funding, CAD 1,500","31 May, 2026","humanities","yes","https://scholarshiptop.com/scholarships/dr-e-palmer-patterson-ii-graduate-scholarship-in-indigenous-histories-at-dr-e-palmer-patterson-ii-graduat","yes","105","0","yes",""
"17","1","southwest-university-scholarship-southwest-university-scholarship","de386257-d307-4238-bc50-963d062fd2b7","Southwest University Scholarship","El Paso ISD Education Foundation","Multiple awards worth $10,000","May 19, 2026","arts","yes","https://scholarshiptop.com/scholarships/southwest-university-scholarship-southwest-university-scholarship","yes","105","0","yes",""
"18","1","dr-derick-wood-graduate-scholarship-in-computer-science-at-university-of-dr-derick-wood-graduate-scholars","39c55425-9fe1-46ee-a546-f03d1063cfe6","Dr. Derick Wood Graduate Scholarship in Computer Science at University of Waterloo 2026","University of Waterloo, Canada","Partial Funding, up to CAD 10,000","31 May, 2026","stem","yes","https://scholarshiptop.com/scholarships/dr-derick-wood-graduate-scholarship-in-computer-science-at-university-of-dr-derick-wood-graduate-scholars","yes","105","0","yes",""
"19","1","dr-brian-rudrick-memorial-graduate-award-in-applied-philosophy-at-univer-dr-brian-rudrick-memorial-gradua","ba3c2ffa-7825-4d0d-bb0e-e28d9f374116","Dr. Brian Rudrick Memorial Graduate Award in Applied Philosophy at University of Waterloo 2026","University of Waterloo, Canada","Partial Funding, Varies","31 May, 2026","arts","yes","https://scholarshiptop.com/scholarships/dr-brian-rudrick-memorial-graduate-award-in-applied-philosophy-at-univer-dr-brian-rudrick-memorial-gradua","yes","105","0","yes",""
"20","1","deakin-india-postgraduate-bursary-20-deakin-india-merit-scholarship-a","e75bd859-c3d2-4f3b-ba75-beb30dbc50a2","Deakin India Postgraduate Bursary 20%","Deakin University, Australia","Only tuition fees, 20% tuition fee","10 Jun, 2026","miscellaneous","yes","https://scholarshiptop.com/scholarships/deakin-india-postgraduate-bursary-20-deakin-india-merit-scholarship-a","yes","105","0","yes",""
"21","1","douglas-ingleton-graduate-scholarship-in-ocular-health-at-university-of--douglas-ingleton-graduate-schola","79e55ab1-6e55-4cab-aeeb-61cc22d48d0f","Douglas Ingleton Graduate Scholarship in Ocular Health at University of Waterloo 2026","University of Waterloo, Canada","Partial Funding, CAD 1,500","31 May, 2026","stem","yes","https://scholarshiptop.com/scholarships/douglas-ingleton-graduate-scholarship-in-ocular-health-at-university-of--douglas-ingleton-graduate-schola","yes","105","0","yes",""
"22","1","southeast-gas-endowed-idea-bank-scholarship-at-troy-university-2026-southeast-gas-endowed-idea-bank-","83a9fdfd-7750-474c-ab35-097ebd0245d5","Southeast Gas Endowed IDEA Bank Scholarship at Troy University 2026","Troy University","Partial Funding, USD 2,500","01 Aug, 2026","miscellaneous","yes","https://scholarshiptop.com/scholarships/southeast-gas-endowed-idea-bank-scholarship-at-troy-university-2026-southeast-gas-endowed-idea-bank-","yes","105","0","yes",""
"23","1","biomedical-and-healthcare-ethics-online-scholarships-at-university-of-le-biomedical-and-healthcare-ethics","788089c0-7f46-48cb-a457-b9dc69f9c213","Biomedical and Healthcare Ethics (Online) Scholarships at University of Leeds 2026","University of Leeds","Partial Funding, 10% fee deduction","31 Jul, 2026","medical","yes","https://scholarshiptop.com/scholarships/biomedical-and-healthcare-ethics-online-scholarships-at-university-of-le-biomedical-and-healthcare-ethics","yes","105","0","yes",""
"24","1","master-of-taxation-mtax-graduate-entrance-scholarship-at-university-of-w-master-of-taxation-mtax-graduate","d0c8d4f9-9744-45eb-97e9-77da0d1dfb0f","Master of Taxation (MTax) Graduate Entrance Scholarship at University of Waterloo 2026","University of Waterloo, Canada","Partial Funding, CAD $3,500","10 Jun, 2026","disability","yes","https://scholarshiptop.com/scholarships/master-of-taxation-mtax-graduate-entrance-scholarship-at-university-of-w-master-of-taxation-mtax-graduate","yes","105","0","yes",""
"25","1","master-of-public-service-internship-award-at-university-of-waterloo-2026-master-of-public-service-interns","1dd4cf06-26e7-49cf-bdcc-1e87b10db10e","Master of Public Service Internship Award at University of Waterloo 2026","University of Waterloo, Canada","Partial Funding, CAD $3,000 per term","10 Jun, 2026","stem","yes","https://scholarshiptop.com/scholarships/master-of-public-service-internship-award-at-university-of-waterloo-2026-master-of-public-service-interns","yes","105","0","yes",""
"26","1","master-of-mathematics-for-teachers-mmt-indigenous-scholarship-at-univers-master-of-mathematics-for-teache","89df3214-f726-4d91-b261-2b6a4104c03c","Master of Mathematics for Teachers (MMT) Indigenous Scholarship at University of Waterloo 2026","University of Waterloo, Canada","Partial Funding, up to CAD $15,000","15 Jun, 2026","education","yes","https://scholarshiptop.com/scholarships/master-of-mathematics-for-teachers-mmt-indigenous-scholarship-at-univers-master-of-mathematics-for-teache","yes","105","0","yes",""
"27","1","merit-fellowship-award-for-newly-admitted-students-at-united-arab-emirat-merit-fellowship-award-at-united","c4d612c1-8d20-4f09-859b-9289d7dd1904","Merit Fellowship Award for Newly Admitted Students at United Arab Emirates University 2025","United Arab Emirates University (UAEU)","Partial Funding, 50% fees waiver","10 Jun, 2026","stem","yes","https://scholarshiptop.com/scholarships/merit-fellowship-award-for-newly-admitted-students-at-united-arab-emirat-merit-fellowship-award-at-united","yes","105","0","yes",""
"28","1","master-of-environment-and-business-award-at-university-of-waterloo-2026-master-of-environment-and-busine","c15e657f-8995-4510-b4ab-761ed8d6bc33","Master of Environment and Business Award at University of Waterloo 2026","University of Waterloo, Canada","Partial Funding, Ranges from CAD $500 to $2,000","31 May, 2026","disability","yes","https://scholarshiptop.com/scholarships/master-of-environment-and-business-award-at-university-of-waterloo-2026-master-of-environment-and-busine","yes","105","0","yes",""
"29","1","admission-scholarship-f-at-kyung-hee-university-2026-admissions-f-scholarships-for-in","014b7bc0-a71c-4c96-81ae-761c7bfe8f72","Admission Scholarship F at Kyung Hee University 2026","Kyung Hee University","Partial Funding, Tuition Fee for first semester","10 Jun, 2026","miscellaneous","yes","https://scholarshiptop.com/scholarships/admission-scholarship-f-at-kyung-hee-university-2026-admissions-f-scholarships-for-in","yes","105","0","yes",""
"30","1","rgs-ibg-postgraduate-research-awards-2026-rgs-ibg-postgraduate-research-aw","ce428f82-2eca-4f9a-84bb-66cb532daf98","RGS-IBG Postgraduate Research Awards 2026","Royal Geographical Society","Partial Funding, Up to GBP 2,500","23 Nov, 2026","education","yes","https://scholarshiptop.com/scholarships/rgs-ibg-postgraduate-research-awards-2026-rgs-ibg-postgraduate-research-aw","yes","105","0","yes",""
"31","1","research-grants-by-the-leakey-foundation-2026-leakey-foundation-research-grant","c4c3f404-655e-48d2-94e3-d205eede48be","Research Grants by The Leakey Foundation 2026","The Leakey Foundation","Partial Funding, up to USD 30,000","15 Jul, 2026","miscellaneous","yes","https://scholarshiptop.com/scholarships/research-grants-by-the-leakey-foundation-2026-leakey-foundation-research-grant","yes","105","0","yes",""
"32","1","lyle-s-hallman-graduate-research-scholarship-at-university-of-waterloo-2-lyle-s-hallman-graduate-research","e3fed1a2-c919-44ef-93e8-18e6b9edd8cf","Lyle S. Hallman Graduate Research Scholarship at University of Waterloo 2026","University of Waterloo, Canada","Partial Funding, CAD 5,000","10 Jun, 2026","disability","yes","https://scholarshiptop.com/scholarships/lyle-s-hallman-graduate-research-scholarship-at-university-of-waterloo-2-lyle-s-hallman-graduate-research","yes","105","0","yes",""
"33","1","lorne-h-russwurm-memorial-award-at-university-of-waterloo-2026-lorne-h-russwurm-memorial-award-","353c5460-23b7-4401-b505-c4a9109b90a0","Lorne H. Russwurm Memorial Award at University of Waterloo 2026","University of Waterloo, Canada","Partial Funding, CAD 600","10 Jun, 2026","disability","yes","https://scholarshiptop.com/scholarships/lorne-h-russwurm-memorial-award-at-university-of-waterloo-2026-lorne-h-russwurm-memorial-award-","yes","105","0","yes",""
"34","1","lemay-change-maker-award-at-university-of-waterloo-2026-lemay-change-maker-award-at-univ","87002305-2b52-4226-bcf7-82e9b4bbb2ba","Lemay Change Maker Award at University of Waterloo 2026","University of Waterloo, Canada","Partial Funding, CAD 5,000","10 Jun, 2026","arts","yes","https://scholarshiptop.com/scholarships/lemay-change-maker-award-at-university-of-waterloo-2026-lemay-change-maker-award-at-univ","yes","105","0","yes",""
"35","1","lea-vogel-nimmo-english-graduate-professionalization-award-at-university-lea-vogelnimmo-english-graduate-","dbf5269e-2d9c-40ef-be95-734dc3bd584b","Lea Vogel-Nimmo English Graduate Professionalization Award at University of Waterloo 2026","University of Waterloo, Canada","Partial Funding, CAD 750","10 Jun, 2026","humanities","yes","https://scholarshiptop.com/scholarships/lea-vogel-nimmo-english-graduate-professionalization-award-at-university-lea-vogelnimmo-english-graduate-","yes","105","0","yes",""
"36","1","entrepreneurs-fellowship-award-at-united-arab-emirates-university-2026-entrepreneurs-fellowship-award-a","110eac32-3420-4e51-9424-91fabb5cfbb4","Entrepreneurs Fellowship Award at United Arab Emirates University 2026","United Arab Emirates University (UAEU)","Only tuition fees, 50% tuition fee waiver","10 Jun, 2026","miscellaneous","yes","https://scholarshiptop.com/scholarships/entrepreneurs-fellowship-award-at-united-arab-emirates-university-2026-entrepreneurs-fellowship-award-a","yes","105","0","yes",""
"37","1","topik-encouragement-scholarship-at-kyung-hee-university-2026-topik-encouragement-scholarship","48c51cb6-e617-4210-9524-49e49ed19304","TOPIK Encouragement Scholarship at Kyung Hee University 2026","Kyung Hee University","Partial Funding, KRW 300,000","10 Jun, 2026","miscellaneous","yes","https://scholarshiptop.com/scholarships/topik-encouragement-scholarship-at-kyung-hee-university-2026-topik-encouragement-scholarship","yes","105","0","yes",""
"38","1","master-of-engineering-award-at-university-of-waterloo-2026-master-of-engineering-award-at-u","d7d68b6e-e425-4f84-89f7-642ee6bde594","Master of Engineering Award at University of Waterloo 2026","University of Waterloo, Canada","Partial Funding, CAD 500","10 Jun, 2026","stem","yes","https://scholarshiptop.com/scholarships/master-of-engineering-award-at-university-of-waterloo-2026-master-of-engineering-award-at-u","yes","105","0","yes",""
"39","1","master-of-data-science-award-at-university-of-waterloo-2026-master-of-data-science-award-at-","e394bf33-6146-4ed1-82d8-ce810eef9a0d","Master of Data Science Award at University of Waterloo 2026","University of Waterloo, Canada","Partial Funding, Varies","10 Jun, 2026","stem","yes","https://scholarshiptop.com/scholarships/master-of-data-science-award-at-university-of-waterloo-2026-master-of-data-science-award-at-","yes","105","0","yes",""
"40","1","master-of-data-science-and-artificial-intelligence-mdsai-graduate-schola-master-of-data-science-and-artif","45038cca-1a6c-4132-8688-fb27e30e6e27","Master of Data Science and Artificial Intelligence (MDSAI) Graduate Scholarship at University of Waterloo 2026","University of Waterloo, Canada","Partial Funding, CAD $17,500 per year","10 Jun, 2026","stem","yes","https://scholarshiptop.com/scholarships/master-of-data-science-and-artificial-intelligence-mdsai-graduate-schola-master-of-data-science-and-artif","yes","105","0","yes",""
"41","1","master-of-computational-mathematics-award-at-university-of-waterloo-2026-master-of-computational-mathemat","04cc96fc-54d3-4601-a21f-3b3eb12beeed","Master of Computational Mathematics Award at University of Waterloo 2026","University of Waterloo, Canada","Partial Funding, At least CAD $200","10 Jun, 2026","education","yes","https://scholarshiptop.com/scholarships/master-of-computational-mathematics-award-at-university-of-waterloo-2026-master-of-computational-mathemat","yes","105","0","yes",""
"42","1","mary-r-hardy-graduate-award-in-actuarial-science-at-university-of-waterl-mary-r-hardy-graduate-award-in-a","6e363652-8706-429a-9e3a-883f072de2f1","Mary R. Hardy Graduate Award in Actuarial Science at University of Waterloo 2026","University of Waterloo, Canada","Partial Funding, CAD 1,500","10 Jun, 2026","stem","yes","https://scholarshiptop.com/scholarships/mary-r-hardy-graduate-award-in-actuarial-science-at-university-of-waterl-mary-r-hardy-graduate-award-in-a","yes","105","0","yes",""
"43","1","mary-e-thompson-graduate-scholarship-in-statistics-at-university-of-wate-mary-e-thompson-graduate-scholar","02e32cec-0ccf-4852-aab9-49ffc7452c28","Mary E. Thompson Graduate Scholarship in Statistics at University of Waterloo 2026","University of Waterloo, Canada","Partial Funding, CAD 2,000","10 Jun, 2026","stem","yes","https://scholarshiptop.com/scholarships/mary-e-thompson-graduate-scholarship-in-statistics-at-university-of-wate-mary-e-thompson-graduate-scholar","yes","105","0","yes",""
"44","1","mary-bales-graduate-scholarship-in-arts-at-university-of-waterloo-2026-mary-bales-graduate-scholarship-","353ebaa3-b94c-435c-8a80-b0157ee7102f","Mary Bales Graduate Scholarship in Arts at University of Waterloo 2026","University of Waterloo, Canada","Partial Funding, CAD 5,000","10 Jun, 2026","arts","yes","https://scholarshiptop.com/scholarships/mary-bales-graduate-scholarship-in-arts-at-university-of-waterloo-2026-mary-bales-graduate-scholarship-","yes","105","0","yes",""
"45","1","martin-basiri-graduate-scholarship-in-stem-at-university-of-waterloo-202-martin-basiri-graduate-scholarsh","4329030a-d297-41ea-aae1-5140d1bbf2ca","Martin Basiri Graduate Scholarship in STEM at University of Waterloo 2026","University of Waterloo, Canada","Partial Funding, CAD 15,000","10 Jun, 2026","stem","yes","https://scholarshiptop.com/scholarships/martin-basiri-graduate-scholarship-in-stem-at-university-of-waterloo-202-martin-basiri-graduate-scholarsh","yes","105","0","yes",""
"46","1","marie-curie-graduate-student-award-marie-curie-gsa-at-university-of-wate-marie-curie-graduate-student-awa","ff84ad63-cbd2-4aaf-a9ec-0a9ce8820996","Marie Curie Graduate Student Award (Marie Curie GSA) at University of Waterloo 2026","University of Waterloo, Canada","Partial Funding, up to CAD $20,000 per year","10 Jun, 2026","stem","yes","https://scholarshiptop.com/scholarships/marie-curie-graduate-student-award-marie-curie-gsa-at-university-of-wate-marie-curie-graduate-student-awa","yes","105","0","yes",""
"47","1","maks-wulkan-graduate-scholarship-at-university-of-waterloo-2026-maks-wulkan-graduate-scholarship","1ad7d812-ad89-4e2e-917c-b79d6e491b08","Maks Wulkan Graduate Scholarship at University of Waterloo 2026","University of Waterloo, Canada","Partial Funding, CAD 50,000","10 Jun, 2026","stem","yes","https://scholarshiptop.com/scholarships/maks-wulkan-graduate-scholarship-at-university-of-waterloo-2026-maks-wulkan-graduate-scholarship","yes","105","0","yes",""
"48","1","mac-lewis-memorial-award-in-classics-at-university-of-waterloo-2026-mac-lewis-memorial-award-in-clas","33718e0e-265b-4ef0-bb37-cb4cb93e49b0","Mac Lewis Memorial Award in Classics at University of Waterloo 2026","University of Waterloo, Canada","Partial Funding, CAD 2,500","10 Jun, 2026","arts","yes","https://scholarshiptop.com/scholarships/mac-lewis-memorial-award-in-classics-at-university-of-waterloo-2026-mac-lewis-memorial-award-in-clas","yes","105","0","yes",""
"49","1","making-waves-scholarship-for-women-making-waves-scholarship-for-wom","9967edcb-6c1f-4449-afef-4789b249bb09","""Making Waves"" Scholarship for Women","Scholarships360","award worth $1,000","March 31, 2027","arts","yes","https://scholarshiptop.com/scholarships/making-waves-scholarship-for-women-making-waves-scholarship-for-wom","yes","105","0","yes",""
"50","1","asbs-global-impact-scholarship-2026-university-of-glasgow-uk","18c74679-2b9d-46c4-9852-45a90b811dd4","ASBS Global Impact Scholarship 2026 – University of Glasgow (UK)","University of Glasgow","Full funding","18 May 2026","stem","yes","https://scholarshiptop.com/scholarships/asbs-global-impact-scholarship-2026-university-of-glasgow-uk","yes","105","0","yes",""
"51","2","bob-and-marcy-oswald-engineering-scholarship-blwbte2znfbq","be1c50de-ec28-4042-8f92-d15cba0dd537","Bob and Marcy Oswald Engineering Scholarship","Heritage Fund","1,000 - 3,000","1/30/2027","education","yes","https://scholarshiptop.com/scholarships/bob-and-marcy-oswald-engineering-scholarship-blwbte2znfbq","yes","105","0","yes",""
"52","2","wendell-huff-memorial-scholarship-b2xicqwfipdb","22f33057-c63f-47e8-8408-0123aaad6f88","Wendell Huff Memorial Scholarship","Heritage Fund","750","1/30/2027","miscellaneous","yes","https://scholarshiptop.com/scholarships/wendell-huff-memorial-scholarship-b2xicqwfipdb","yes","105","0","yes",""
"53","2","daniel-altmiller-and-elizabeth-altmiller-memorial-scholarship-akivuk56jtoj","7a323c5f-bf38-456d-bb42-a1b44f2b8419","Daniel Altmiller and Elizabeth Altmiller Memorial Scholarship","Heritage Fund","1,000 - 3,000","1/30/2027","education","yes","https://scholarshiptop.com/scholarships/daniel-altmiller-and-elizabeth-altmiller-memorial-scholarship-akivuk56jtoj","yes","105","0","yes",""
"54","2","foods-and-or-nutrition-related-careers-scholarship-aalotlfekhlt","9ac6fbfa-4347-4ede-9512-4326ac215932","Foods and/or Nutrition-Related Careers Scholarship","Heritage Fund","1,000 - 3,000","1/30/2027","community","yes","https://scholarshiptop.com/scholarships/foods-and-or-nutrition-related-careers-scholarship-aalotlfekhlt","yes","105","0","yes",""
"55","2","doug-leonard-healthcare-occupations-scholarship-a9pv3eckogrp","f3fc64d4-b466-4498-942b-01b4e41afbc7","Doug Leonard Healthcare Occupations Scholarship","Heritage Fund","1,000 - 3,000","1/30/2027","education","yes","https://scholarshiptop.com/scholarships/doug-leonard-healthcare-occupations-scholarship-a9pv3eckogrp","yes","105","0","yes",""
"56","2","kirby-and-caroline-risk-scholarship-a6pp6usrxqds","e0e290a5-2b4d-4371-a39a-93ec7a59cc8c","Kirby and Caroline Risk Scholarship","Heritage Fund","1,000 - 3,000","1/30/2027","community","yes","https://scholarshiptop.com/scholarships/kirby-and-caroline-risk-scholarship-a6pp6usrxqds","yes","105","0","yes",""
"57","2","jones-sisters-scholarship-9jpidyrckmo9","cdebd942-768b-4198-be06-921237b4521c","Jones Sisters Scholarship","Heritage Fund","100 - 500","1/30/2027","miscellaneous","yes","https://scholarshiptop.com/scholarships/jones-sisters-scholarship-9jpidyrckmo9","yes","105","0","yes",""
"58","2","harold-r-crawford-memorial-scholarship-97ukpylldmct","a09cd2b9-9d9b-4ff6-910c-1d6c5d40b51f","Harold R. Crawford Memorial Scholarship","Heritage Fund","1,000 - 3,000","1/30/2027","stem","yes","https://scholarshiptop.com/scholarships/harold-r-crawford-memorial-scholarship-97ukpylldmct","yes","105","0","yes",""
"59","2","bigfuture-scholarships-apply-to-colleges-class-of-2027-81q129pylxo2","e7264305-8377-4e41-ae87-7f01da7f79f8","BigFuture Scholarships: Apply to Colleges (Class of 2027)","College Board","500 - 40,000","11/30/2026","miscellaneous","yes","https://scholarshiptop.com/scholarships/bigfuture-scholarships-apply-to-colleges-class-of-2027-81q129pylxo2","yes","105","0","yes",""
"60","2","columbus-business-and-professional-women-s-scholarship-5speffqxnqi3","dce30e3b-13f6-47df-a7ab-2264c0c92268","Columbus Business and Professional Women’s Scholarship","Heritage Fund","1,000 - 3,000","1/30/2027","education","yes","https://scholarshiptop.com/scholarships/columbus-business-and-professional-women-s-scholarship-5speffqxnqi3","yes","105","0","yes",""
"61","2","g-freeman-and-elizabeth-m-brooks-scholarship-dz4vzjvm2nqj","e5b0ccf8-886d-4bde-94a6-375ba0c2e9f2","G. Freeman and Elizabeth M. Brooks Scholarship","Polk County Community Foundation","1,000","9/25/2026","medical","yes","https://scholarshiptop.com/scholarships/g-freeman-and-elizabeth-m-brooks-scholarship-dz4vzjvm2nqj","yes","105","0","yes",""
"62","2","tony-wallace-scholarship-u9iea4je1y6b","f53fcc2e-374a-42af-9ce0-cf7b07909b92","Tony Wallace Scholarship","Polk County Community Foundation","1,000","9/25/2026","education","yes","https://scholarshiptop.com/scholarships/tony-wallace-scholarship-u9iea4je1y6b","yes","105","0","yes",""
"63","2","community-tennis-association-scholarship-u9a1teub4ct4","f64568ff-5698-4be0-805b-d517e567aaec","Community Tennis Association Scholarship","Polk County Community Foundation","1,000","9/25/2026","miscellaneous","yes","https://scholarshiptop.com/scholarships/community-tennis-association-scholarship-u9a1teub4ct4","yes","105","0","yes",""
"64","2","john-lewis-craddock-educational-scholarship-n6kiv96ivboq","d8fd75a9-b6f8-493e-bce0-9897f5f8b3d4","John Lewis Craddock Educational Scholarship","Polk County Community Foundation","1,000","9/25/2026","education","yes","https://scholarshiptop.com/scholarships/john-lewis-craddock-educational-scholarship-n6kiv96ivboq","yes","105","0","yes",""
"65","2","joe-and-janet-barr-early-career-cornea-and-contact-lens-research-award-kod8ljruqmxe","31619c51-6d37-44db-8338-d36d6689ff32","Joe and Janet Barr Early Career Cornea and Contact Lens Research Award","American Academy of Optometry","2,000","9/1/2026","medical","yes","https://scholarshiptop.com/scholarships/joe-and-janet-barr-early-career-cornea-and-contact-lens-research-award-kod8ljruqmxe","yes","105","0","yes",""
"66","2","evelyn-and-van-harrison-butler-scholarship-kxkbku8taspn","73490de8-914c-4dbd-aa48-82f31d31d37c","Evelyn and Van Harrison Butler Scholarship","Polk County Community Foundation","1,000","9/25/2026","medical","yes","https://scholarshiptop.com/scholarships/evelyn-and-van-harrison-butler-scholarship-kxkbku8taspn","yes","105","0","yes",""
"67","2","robert-nancy-worsnop-scholarship-i50fk7nj6dgj","79f308c6-e99a-450a-8205-4bda7dbdfadc","Robert & Nancy Worsnop Scholarship","Polk County Community Foundation","1,000","9/25/2026","stem","yes","https://scholarshiptop.com/scholarships/robert-nancy-worsnop-scholarship-i50fk7nj6dgj","yes","105","0","yes",""
"68","2","jane-hysham-willis-scholarship-hkc2ogkipayn","15310e24-ac04-48bf-9c4c-24c738693c6e","Jane Hysham Willis Scholarship","Polk County Community Foundation","1,000","9/25/2026","education","yes","https://scholarshiptop.com/scholarships/jane-hysham-willis-scholarship-hkc2ogkipayn","yes","105","0","yes",""
"69","2","n-elizabeth-nash-scholarship-hzqjl1f5o8kw","f39159fd-fd7b-4ab1-885f-af58e4a25887","N. Elizabeth Nash Scholarship","Polk County Community Foundation","1,000","9/25/2026","education","yes","https://scholarshiptop.com/scholarships/n-elizabeth-nash-scholarship-hzqjl1f5o8kw","yes","105","0","yes",""
"70","2","tryon-youth-center-scholarship-gxtb6qpitwmq","829d3df5-62e8-49a5-8e04-34ce44f836f7","Tryon Youth Center Scholarship","Polk County Community Foundation","1,000","9/25/2026","education","yes","https://scholarshiptop.com/scholarships/tryon-youth-center-scholarship-gxtb6qpitwmq","yes","105","0","yes",""
"71","2","lelia-g-rainey-nursing-scholarship-froaxke2myni","300984d7-6194-449a-9fcd-8e76b1eff200","Lelia G. Rainey Nursing Scholarship","Polk County Community Foundation","1,000","9/25/2026","medical","yes","https://scholarshiptop.com/scholarships/lelia-g-rainey-nursing-scholarship-froaxke2myni","yes","105","0","yes",""
"72","2","tryon-youth-center-career-training-scholarship-fhligfapxnku","4102b9a2-fb79-4f95-a999-f2bb19418b1e","Tryon Youth Center Career Training Scholarship","Polk County Community Foundation","1,000","9/25/2026","education","yes","https://scholarshiptop.com/scholarships/tryon-youth-center-career-training-scholarship-fhligfapxnku","yes","105","0","yes",""
"73","2","annette-w-hysham-scholarship-egdqjzyftvi8","2f3ffc3b-5565-4dd8-898c-e473b47f83fe","Annette W. Hysham Scholarship","Polk County Community Foundation","1,000","9/25/2026","miscellaneous","yes","https://scholarshiptop.com/scholarships/annette-w-hysham-scholarship-egdqjzyftvi8","yes","105","0","yes",""
"74","2","john-a-albertson-educational-scholarship-cejnjy5djkw4","fd04ff89-d8a2-447d-b4af-6ce2e9a5a4f6","John A. Albertson Educational Scholarship","Polk County Community Foundation","1,000","9/25/2026","miscellaneous","yes","https://scholarshiptop.com/scholarships/john-a-albertson-educational-scholarship-cejnjy5djkw4","yes","105","0","yes",""
"75","2","joseph-anthony-adair-mcintyre-wagner-scholarship-bqtrh6qsv0gh","54dd0929-4cd3-4ffb-8c90-c1ada7754c18","Joseph Anthony & Adair McIntyre Wagner Scholarship","Polk County Community Foundation","1,000","9/25/2026","education","yes","https://scholarshiptop.com/scholarships/joseph-anthony-adair-mcintyre-wagner-scholarship-bqtrh6qsv0gh","yes","105","0","yes",""
"76","2","bob-strickland-and-chauncey-barber-scholarship-b32v2vnaih8i","e4fe315e-a539-4e47-95ca-198dedb56eec","Bob Strickland and Chauncey Barber Scholarship","Polk County Community Foundation","1,000","9/25/2026","miscellaneous","yes","https://scholarshiptop.com/scholarships/bob-strickland-and-chauncey-barber-scholarship-b32v2vnaih8i","yes","105","0","yes",""
"77","2","stuart-forbes-early-college-scholar-award-aaaeg8xhxefm","c9ce6e31-c9a3-4541-899d-7745ebfc02fc","Stuart Forbes Early College Scholar Award","Polk County Community Foundation","1,000","9/25/2026","community","yes","https://scholarshiptop.com/scholarships/stuart-forbes-early-college-scholar-award-aaaeg8xhxefm","yes","105","0","yes",""
"78","2","margaret-l-forbes-distinguished-scholar-award-a1jzsl2xjquw","ea23cc3d-f499-4a44-b322-9da77fac1e4f","Margaret L. Forbes Distinguished Scholar Award","Polk County Community Foundation","1,000","9/25/2026","community","yes","https://scholarshiptop.com/scholarships/margaret-l-forbes-distinguished-scholar-award-a1jzsl2xjquw","yes","105","0","yes",""
"79","2","allan-c-anne-b-boas-scholarship-7uaytif1pbaw","0903957f-25a9-443a-b3b6-6767eb81218c","Allan C. & Anne B. Boas Scholarship","Polk County Community Foundation","1,000","9/25/2026","community","yes","https://scholarshiptop.com/scholarships/allan-c-anne-b-boas-scholarship-7uaytif1pbaw","yes","105","0","yes",""
"80","2","john-g-landrum-jr-educational-scholarship-program-6fgornazurvn","2f67b1d2-ee5e-4120-a8f0-a8e0be72c1e8","John G. Landrum, Jr. Educational Scholarship Program","Polk County Community Foundation","1,000","9/25/2026","education","yes","https://scholarshiptop.com/scholarships/john-g-landrum-jr-educational-scholarship-program-6fgornazurvn","yes","105","0","yes",""
"81","2","katherine-kirby-nursing-scholarship-6q6it4y7qiur","65388510-8878-498b-a11a-0f27f0ca5bc1","Katherine Kirby Nursing Scholarship","Polk County Community Foundation","1,000","9/25/2026","medical","yes","https://scholarshiptop.com/scholarships/katherine-kirby-nursing-scholarship-6q6it4y7qiur","yes","105","0","yes",""
"82","2","gordon-l-foote-educational-scholarship-5j6e991d7yi7","67bc48b9-c14a-4221-9a64-1821a7bb608f","Gordon L. Foote Educational Scholarship","Polk County Community Foundation","1,000","9/25/2026","education","yes","https://scholarshiptop.com/scholarships/gordon-l-foote-educational-scholarship-5j6e991d7yi7","yes","105","0","yes",""
"83","2","tryon-riding-hunt-club-scholarship-54xbrwgayvcn","ec8e4a1b-df74-4062-87a5-a0082270d685","Tryon Riding & Hunt Club Scholarship","Polk County Community Foundation","1,000","9/25/2026","education","yes","https://scholarshiptop.com/scholarships/tryon-riding-hunt-club-scholarship-54xbrwgayvcn","yes","105","0","yes",""
"84","2","thomas-a-quinn-do-osteopathic-scholarship-d2dmabryqdg0","dd51a509-bb2d-4c77-a468-417f6999b920","Thomas A. Quinn, DO, Osteopathic Scholarship","American Osteopathic Foundation","5,000","8/18/2026","medical","yes","https://scholarshiptop.com/scholarships/thomas-a-quinn-do-osteopathic-scholarship-d2dmabryqdg0","yes","105","0","yes",""
"85","2","mn-international-association-of-special-investigation-units-police-scien-p2qjquhseofe","d7c87923-fcbc-4113-ac83-c24d0d29fc36","MN International Association of Special Investigation Units Police Science Discipline Scholarship","International Association of Special Investigation Units-Minnesota Chapter","500","8/31/2026","stem","yes","https://scholarshiptop.com/scholarships/mn-international-association-of-special-investigation-units-police-scien-p2qjquhseofe","yes","105","0","yes",""
"86","2","aacn2-pathway-to-critical-care-nursing-scholarship-lmr1yd8ybsgy","f41a0731-3110-4f4b-8f38-ff3812cccb23","AACN2 Pathway to Critical Care Nursing Scholarship","American Association of Colleges of Nursing","2,500","9/1/2026","medical","yes","https://scholarshiptop.com/scholarships/aacn2-pathway-to-critical-care-nursing-scholarship-lmr1yd8ybsgy","yes","105","0","yes",""
"87","2","bob-baunhauser-scholarship-lex0fvrnp3g1","e153946b-dd4b-4c5d-ad7d-70f0a2003b2b","Bob Baunhauser Scholarship","Kiwanis Club of Lake Tahoe","1,500","8/26/2026","humanities","yes","https://scholarshiptop.com/scholarships/bob-baunhauser-scholarship-lex0fvrnp3g1","yes","105","0","yes",""
"88","2","account-spark-stem-scholarship-ckmq8fzocdl3","e806b508-3b2e-4e67-96ba-be59b513f7ce","Account Spark STEM Scholarship","Center for Arab American Philanthropy","2,500 - 10,000","8/25/2026","stem","yes","https://scholarshiptop.com/scholarships/account-spark-stem-scholarship-ckmq8fzocdl3","yes","105","0","yes",""
"89","2","neachmm-family-scholarship-cxncpcusw6br","f83be7a5-e317-4e1c-b9b7-47ff6bd44d69","NEACHMM Family Scholarship","New England Chapter of the Academy of Certified Hazardous Materials Managers","1,000","8/25/2026","stem","yes","https://scholarshiptop.com/scholarships/neachmm-family-scholarship-cxncpcusw6br","yes","105","0","yes",""
"90","2","union-plus-scholarship-kl6bevrgell6","df416c14-3165-4910-8ce1-ef4a461f1425","Union Plus Scholarship","Union Plus Education Foundation","500 - 4,000","1/31/2027","education","yes","https://scholarshiptop.com/scholarships/union-plus-scholarship-kl6bevrgell6","yes","105","0","yes",""
"91","2","70th-infantry-division-association-ellis-family-education-scholarship-1fnufdyrvzxe","f00064ac-f65c-41de-8c7d-3720ad1c0563","70th Infantry Division Association Ellis Family Education Scholarship","70th Infantry Division Association","750","8/15/2026","education","yes","https://scholarshiptop.com/scholarships/70th-infantry-division-association-ellis-family-education-scholarship-1fnufdyrvzxe","yes","105","0","yes",""
"92","2","wisconsin-chapter-american-public-works-association-scholarship-pza6vgg6vyd2","ec3baac8-6755-4dc4-b04a-583e798d41a1","Wisconsin Chapter American Public Works Association Scholarship","American Public Works Association-Wisconsin Chapter","1,000 - 2,000","8/19/2026","stem","yes","https://scholarshiptop.com/scholarships/wisconsin-chapter-american-public-works-association-scholarship-pza6vgg6vyd2","yes","105","0","yes",""
"93","2","donald-j-clough-memorial-award-at-university-of-waterloo-2026-donald-j-clough-memorial-award-a","f63e2f87-8c7e-46a0-85d0-c5b2af796fc8","Donald J. Clough Memorial Award at University of Waterloo 2026","University of Waterloo, Canada","Partial Funding, CAD 500","31 May, 2026","stem","yes","https://scholarshiptop.com/scholarships/donald-j-clough-memorial-award-at-university-of-waterloo-2026-donald-j-clough-memorial-award-a","yes","105","0","yes",""
"94","2","donald-geraldine-beam-award-at-university-of-waterloo-2026-donald-geraldine-beam-award-at-u","fd84b718-0635-40f1-a9c1-9fc3c45fb859","Donald & Geraldine Beam Award at University of Waterloo 2026","University of Waterloo, Canada","Partial Funding, Varies","31 May, 2026","disability","yes","https://scholarshiptop.com/scholarships/donald-geraldine-beam-award-at-university-of-waterloo-2026-donald-geraldine-beam-award-at-u","yes","105","0","yes",""
"95","2","felland-scholarship-kf8qwdjabwfv","f0dacc6f-28eb-49f3-9d72-182cb8ddc304","Felland Scholarship","Berrien Community Foundation","5,000","2/1/2027","education","yes","https://scholarshiptop.com/scholarships/felland-scholarship-kf8qwdjabwfv","yes","105","0","yes",""
"96","2","edgar-l-cornwell-scholarship-i8huuji95jst","bb5d5f3c-3902-44d3-bec3-db2e41a7eeb1","Edgar L. Cornwell Scholarship","Community Foundation of Greater Flint","1,000","3/15/2027","miscellaneous","yes","https://scholarshiptop.com/scholarships/edgar-l-cornwell-scholarship-i8huuji95jst","yes","105","0","yes",""
"97","2","flushing-high-school-alumni-association-scholarship-i43kimxqnnnv","485187a3-4737-415e-a14d-f234b70176aa","Flushing High School Alumni Association Scholarship","Community Foundation of Greater Flint","1,000","3/15/2027","education","yes","https://scholarshiptop.com/scholarships/flushing-high-school-alumni-association-scholarship-i43kimxqnnnv","yes","105","0","yes",""
"98","2","alice-l-boyse-scholarship-hc3do00sg47d","aaee8e80-d358-4da5-9dca-d85f4a4180dd","Alice L Boyse Scholarship","Community Foundation of Greater Flint","1,000 - 3,000","3/15/2027","education","yes","https://scholarshiptop.com/scholarships/alice-l-boyse-scholarship-hc3do00sg47d","yes","105","0","yes",""
"99","2","wanda-e-reigle-scholarship-hybjkuoclhao","d923da20-8036-4c0a-a649-54e3fa38eadd","Wanda E. Reigle Scholarship","Community Foundation of Greater Flint","800","3/15/2027","education","yes","https://scholarshiptop.com/scholarships/wanda-e-reigle-scholarship-hybjkuoclhao","yes","105","0","yes",""
"100","2","judge-john-newton-mooting-scholarship-at-bond-university-2026-judge-john-newton-mooting-schola","07283b48-9cc2-48ba-bc35-522199184ee6","Judge John Newton Mooting Scholarship, at Bond University 2026","Bond University","Only tuition fees, Up to 50% tuition fee remission","31 Aug, 2026","law","yes","https://scholarshiptop.com/scholarships/judge-john-newton-mooting-scholarship-at-bond-university-2026-judge-john-newton-mooting-schola","yes","105","0","yes",""
"101","3","adco-sports-excellence-scholarship-at-bond-university-2026-adco-sports-excellence-scholarsh","ab88257c-a153-412c-803c-d6cae18a0e05","ADCO Sports Excellence Scholarship at Bond University 2026","Bond University","Full Funding, 100% tuition remission + living allowance of up to AUD 20,000","30 Jul, 2026","miscellaneous","yes","https://scholarshiptop.com/scholarships/adco-sports-excellence-scholarship-at-bond-university-2026-adco-sports-excellence-scholarsh","yes","105","0","yes",""
"102","3","international-family-award-at-aberystwyth-university-2026-international-family-award-at-ab","e960dbe6-775e-4cfb-b9dc-cfd109166674","International Family Award at Aberystwyth University 2026","Aberystwyth University","Only tuition fees, GBP 1,000 tuition fee reduction per year","01 Sep, 2026","miscellaneous","yes","https://scholarshiptop.com/scholarships/international-family-award-at-aberystwyth-university-2026-international-family-award-at-ab","yes","105","0","yes",""
"103","3","caru-aber-international-award-at-aberystwyth-university-2026-caru-aber-international-award-ab","6dc4d86c-d401-444f-9f0e-bb081163cad0","Caru Aber International Award at Aberystwyth University 2026","Aberystwyth University","Only tuition fees, GBP 1,000 tuition fee discount per year","01 Sep, 2026","miscellaneous","yes","https://scholarshiptop.com/scholarships/caru-aber-international-award-at-aberystwyth-university-2026-caru-aber-international-award-ab","yes","105","0","yes",""
"104","3","goldsmiths-company-bursary-at-the-university-college-london-2026-goldsmiths-company-bursary","71d126df-3843-4250-aa19-257fac4ff5c7","Goldsmiths Company Bursary at the University College London 2026","University College London (UCL)","Partial Funding, GBP 3,000 towards Maintenance","06 Jul, 2026","disability","yes","https://scholarshiptop.com/scholarships/goldsmiths-company-bursary-at-the-university-college-london-2026-goldsmiths-company-bursary","yes","105","0","yes",""
"105","3","robert-b-stewart-memorial-scholarship-at-washington-state-university-202-robert-b-stewart-memorial-schola","2ddfc75e-ebdc-4b98-acc8-2aa94a5f9973","Robert B. Stewart Memorial Scholarship at Washington State University 2026","Washington State University (WSU), Pullman","Only tuition fees, up to 85% of Tuition fee","15 Jun, 2026","stem","yes","https://scholarshiptop.com/scholarships/robert-b-stewart-memorial-scholarship-at-washington-state-university-202-robert-b-stewart-memorial-schola","yes","105","0","yes",""
"106","3","university-of-edinburgh-business-school-mba-merit-scholarships-2026-university-of-edinburgh-business","3fabae38-b09b-47a1-b118-809f8df833d2","University of Edinburgh Business School MBA Merit Scholarships 2026","Edinburgh Business School (Heriot-Watt University)","Only tuition fees, up to GBP 5,000 towards tuition fee","26 Jun, 2026","miscellaneous","yes","https://scholarshiptop.com/scholarships/university-of-edinburgh-business-school-mba-merit-scholarships-2026-university-of-edinburgh-business","yes","105","0","yes",""
"107","3","university-of-edinburgh-business-school-mba-diversity-scholarships-2026-university-of-edinburgh-business","01ea4081-dac8-47ca-a206-e5d5db146513","University of Edinburgh Business School MBA Diversity Scholarships 2026","Edinburgh Business School (Heriot-Watt University)","Only tuition fees, up to GBP 5,000 towards tuition fee","26 Jun, 2026","miscellaneous","yes","https://scholarshiptop.com/scholarships/university-of-edinburgh-business-school-mba-diversity-scholarships-2026-university-of-edinburgh-business","yes","105","0","yes",""
"108","3","university-of-edinburgh-business-school-mba-achievement-scholarships-202-university-of-edinburgh-business","c86133f1-1f0a-4d3d-8f55-f7555a436c0b","University of Edinburgh Business School MBA Achievement Scholarships 2026","Edinburgh Business School (Heriot-Watt University)","Partial Funding, up to GBP 7,500","26 Jun, 2026","miscellaneous","yes","https://scholarshiptop.com/scholarships/university-of-edinburgh-business-school-mba-achievement-scholarships-202-university-of-edinburgh-business","yes","105","0","yes",""
"109","3","southampton-business-school-mba-future-leader-scholarship-2026-southampton-business-school-futu","707754a4-f64c-4bc5-b8e5-783111b47991","Southampton Business School (MBA) Future Leader Scholarship 2026","University of Southampton","Partial Funding, GBP 15,000","29 Jun, 2026","miscellaneous","yes","https://scholarshiptop.com/scholarships/southampton-business-school-mba-future-leader-scholarship-2026-southampton-business-school-futu","yes","105","0","yes",""
"110","3","vub-scholarships-for-the-msc-in-photonics-engineering-2026-vub-scholarship-for-masters-in-p","7277d4ea-bcbf-446e-8dc6-6e82845d68f0","VUB Scholarships for the MSc in Photonics Engineering 2026","Vrije Universiteit Brussel","Partial Funding, up to EUR 12,000 per academic year","31 Jul, 2026","stem","yes","https://scholarshiptop.com/scholarships/vub-scholarships-for-the-msc-in-photonics-engineering-2026-vub-scholarship-for-masters-in-p","yes","105","0","yes",""
"111","3","bath-global-excellence-scholarship-at-university-of-bath-2026-bath-global-excellence-scholarsh","83c83d2b-2f7f-42c2-b800-cf4df3a255a5","Bath Global Excellence Scholarship at University of Bath 2026","University of Bath","Only tuition fees, GBP 10,000 tuition fee reduction","12 Jun, 2026","arts","yes","https://scholarshiptop.com/scholarships/bath-global-excellence-scholarship-at-university-of-bath-2026-bath-global-excellence-scholarsh","yes","105","0","yes",""
"112","3","anu-master-of-philosophy-scholarship-2026-anu-master-of-philosophy-scholar","870ae955-8597-40b3-a6bc-4187c2a8f4f8","ANU Master of Philosophy Scholarship 2026","Australian National University (ANU)","Partial Funding, AUD $39,069 per year","31 Aug, 2026","humanities","yes","https://scholarshiptop.com/scholarships/anu-master-of-philosophy-scholarship-2026-anu-master-of-philosophy-scholar","yes","105","0","yes",""
"113","3","vice-chancellors-scholarship-at-university-of-east-london-2026-vice-chancellors-scholarship","f015ce05-68cf-41eb-8a3f-33b4c51901fd","Vice Chancellors Scholarship at University of East London 2026","University of East London","Partial Funding, up to GBP 29,370 over three years","02 Aug, 2026","miscellaneous","yes","https://scholarshiptop.com/scholarships/vice-chancellors-scholarship-at-university-of-east-london-2026-vice-chancellors-scholarship","yes","105","0","yes",""
"114","3","undergraduate-chancellors-academic-merit-scholarship-at-university-of-bi-undergraduate-chancellors-academ","a8842a5e-962d-41ec-b632-5fd067e3c53d","Undergraduate Chancellors Academic Merit Scholarship at University of Birmingham, Dubai 2026","University of Birmingham, Dubai","Partial Funding, Up to 30% per year","10 Jun, 2026","miscellaneous","yes","https://scholarshiptop.com/scholarships/undergraduate-chancellors-academic-merit-scholarship-at-university-of-bi-undergraduate-chancellors-academ","yes","105","0","yes",""
"115","3","tri-cities-transfer-cougar-award-at-washington-state-university-2026-tricities-transfer-cougar-award-","3393e636-3eee-48f3-bf75-7f6300b34708","Tri-Cities Transfer Cougar Award at Washington State University 2026","Washington State University (WSU), Tri Cities","Partial Funding, up to USD 4,000","15 Jul, 2026","miscellaneous","yes","https://scholarshiptop.com/scholarships/tri-cities-transfer-cougar-award-at-washington-state-university-2026-tricities-transfer-cougar-award-","yes","105","0","yes",""
"116","3","southampton-arts-and-humanities-deans-global-talent-scholarship-2026-southampton-arts-and-humanities-","8cb322d0-f933-4b25-a855-408a5849fa8b","Southampton Arts and Humanities Deans Global Talent Scholarship 2026","University of Southampton","Only tuition fees, GBP 10,000 fees waiver","30 Jun, 2026","arts","yes","https://scholarshiptop.com/scholarships/southampton-arts-and-humanities-deans-global-talent-scholarship-2026-southampton-arts-and-humanities-","yes","105","0","yes",""
"117","3","pacific-excellence-scholarship-at-university-of-waikato-2026-pacific-excellence-scholarship-a","d044b1da-8a93-4bdd-a0db-ad48492ac9b7","Pacific Excellence Scholarship at University of Waikato 2026","University of Waikato","Partial Funding, up to NZD 20,000","31 Aug, 2026","miscellaneous","yes","https://scholarshiptop.com/scholarships/pacific-excellence-scholarship-at-university-of-waikato-2026-pacific-excellence-scholarship-a","yes","105","0","yes",""
"118","3","minerva-scholarship-fund-at-leiden-university-2026-minerva-scholarship-fund-at-leid","3a748381-ffb0-476c-99fb-496f8368581a","Minerva Scholarship Fund at Leiden University 2026","Leiden University","Partial Funding, EUR 900 to EUR 2,000","15 Nov, 2026","humanities","yes","https://scholarshiptop.com/scholarships/minerva-scholarship-fund-at-leiden-university-2026-minerva-scholarship-fund-at-leid","yes","105","0","yes",""
"119","3","dean-scholarship-at-university-of-east-london-2026-dean-scholarship","3e58e524-82a9-4a58-994b-f726e012a3a8","Dean Scholarship at University of East London 2026","University of East London","Partial Funding, Up to GBP 14,685 over three years","02 Aug, 2026","miscellaneous","yes","https://scholarshiptop.com/scholarships/dean-scholarship-at-university-of-east-london-2026-dean-scholarship","yes","105","0","yes",""
"120","3","china-star-scholarship-at-nottingham-trent-university-2026-china-star-scholarship-at-nottin","02b018ae-5b51-44df-9197-8112d489f0e6","China Star Scholarship at Nottingham Trent University 2026","Nottingham Trent University","Partial Funding, GBP 3,000 for the first year of study","24 Jun, 2026","miscellaneous","yes","https://scholarshiptop.com/scholarships/china-star-scholarship-at-nottingham-trent-university-2026-china-star-scholarship-at-nottin","yes","105","0","yes",""
"121","3","bi-international-baccalaureate-scholarship-2026-bi-norwegian-business-school-int","a09e0aa6-4a46-4fd2-b2c9-78d970d4bbd3","BI International Baccalaureate Scholarship 2026","BI Norwegian Business School","Only tuition fees, 100% tuition fee","01 Mar, 2027","stem","yes","https://scholarshiptop.com/scholarships/bi-international-baccalaureate-scholarship-2026-bi-norwegian-business-school-int","yes","105","0","yes",""
"122","3","entrance-scholarships-for-international-students-at-centennial-college-2-entrance-scholarships-for-intern","430460d0-058a-48d0-87ac-3480bbd7caec","Entrance Scholarships for International Students at Centennial College 2026","Centennial College","Only tuition fees, up to CAD 5,000","10 Jun, 2026","miscellaneous","yes","https://scholarshiptop.com/scholarships/entrance-scholarships-for-international-students-at-centennial-college-2-entrance-scholarships-for-intern","yes","105","0","yes",""
"123","3","vice-chancellors-international-regional-scholarships-at-manchester-metro-vice-chancellors-international-r","ed14f1f6-10a9-421b-9f00-c199b52bb160","Vice Chancellors International Regional Scholarships at Manchester Metropolitan University 2026","Manchester Metropolitan University","Only tuition fees, 50% of tuition fees in the first year of study.","30 Jun, 2026","miscellaneous","yes","https://scholarshiptop.com/scholarships/vice-chancellors-international-regional-scholarships-at-manchester-metro-vice-chancellors-international-r","yes","105","0","yes",""
"124","3","the-smooth-movers-scholarship-2026-the-smooth-movers-scholarship","ef7a5788-a230-4592-af6b-681e5b89d554","The Smooth Movers Scholarship 2026","The Smooth Movers","Partial Funding, USD 1,000 scholarship","30 Nov, 2026","disability","yes","https://scholarshiptop.com/scholarships/the-smooth-movers-scholarship-2026-the-smooth-movers-scholarship","yes","105","0","yes",""
"125","3","lovefrom-scholarship-at-royal-college-of-art-2026-lovefrom-scholarship-at-royal-co","5ce4fe15-35f6-4a72-986a-09976d76bf4a","LoveFrom Scholarship at Royal College of Art 2026","Royal College of Art","Full Funding, Full fees + Maintenance","20 Jun, 2026","arts","yes","https://scholarshiptop.com/scholarships/lovefrom-scholarship-at-royal-college-of-art-2026-lovefrom-scholarship-at-royal-co","yes","105","0","yes",""
"126","3","lkcmedicine-scholarship-at-ntu-2026-lkcmedicine-scholarship","6e0ad7c6-5a06-4ce9-81fd-4fd5fdc3622f","LKCMedicine Scholarship at NTU 2026","Nanyang Technological University, Singapore (NTU)","Full Funding, Tuition fees + Living allowance + Other benefits","20 Jun, 2026","education","yes","https://scholarshiptop.com/scholarships/lkcmedicine-scholarship-at-ntu-2026-lkcmedicine-scholarship","yes","105","0","yes",""
"127","3","creative-arts-scholarship-at-east-tennessee-state-university-2025-creative-arts-scholarship-at-eas","fe25a5cb-2163-406d-ba34-3b1cf5f0c042","Creative Arts Scholarship at East Tennessee State University 2025","East Tennessee State University (ETSU)","Only tuition fees, In-state tuition fee","20 Jun, 2026","arts","yes","https://scholarshiptop.com/scholarships/creative-arts-scholarship-at-east-tennessee-state-university-2025-creative-arts-scholarship-at-eas","yes","105","0","yes",""
"128","3","school-of-computing-science-postgraduate-research-excellence-bursaries-a-school-of-computing-science-post","dcf22906-1d99-495a-931a-11f99b726737","School of Computing Science Postgraduate Research Excellence Bursaries at University of Glasgow 2026","University of Glasgow","Partial Funding, Tuition fee waiver","31 Jan, 2027","stem","yes","https://scholarshiptop.com/scholarships/school-of-computing-science-postgraduate-research-excellence-bursaries-a-school-of-computing-science-post","yes","105","0","yes",""
"129","3","lombardi-goldman-sachs-fund-at-the-university-college-london-2026-lombardigoldman-sachs-fund-at-th","e3b30667-5fa0-4462-9eef-2ddeccd7e77c","Lombardi-Goldman Sachs Fund at the University College London 2026","University College London (UCL)","Partial Funding, GBP 4,500","06 Jul, 2026","stem","yes","https://scholarshiptop.com/scholarships/lombardi-goldman-sachs-fund-at-the-university-college-london-2026-lombardigoldman-sachs-fund-at-th","yes","105","0","yes",""
"130","3","excellent-new-degree-student-scholarships-at-gdufs-2026-guangdong-university-excellent-n","e58f9108-debb-485e-bd77-82064b223647","Excellent New Degree Student Scholarships at GDUFS 2026","Guangdong University of Foreign Studies","Only tuition fees, 100% or 50% for first academic year","30 Jul, 2026","education","yes","https://scholarshiptop.com/scholarships/excellent-new-degree-student-scholarships-at-gdufs-2026-guangdong-university-excellent-n","yes","105","0","yes",""
"131","3","aboriginal-and-torres-strait-islander-research-scholarships-at-universit-aboriginal-and-torres-strait-isl","f0282579-7e1e-406a-89d2-ac1cf5dcdd84","Aboriginal and Torres Strait Islander Research Scholarships at University of Queensland 2026","University of Queensland (UQ)","Full Funding, Living stipend of AUD 47,500 per annum + Tuition fee","30 Jun, 2026","humanities","yes","https://scholarshiptop.com/scholarships/aboriginal-and-torres-strait-islander-research-scholarships-at-universit-aboriginal-and-torres-strait-isl","yes","105","0","yes",""
"132","3","the-prof-franciszek-ziejka-scholarship-fund-7940","ffc8338c-8f1f-481d-833e-b2fd58ce3926","The Prof. Franciszek Ziejka Scholarship Fund","Jagiellonian University","Various benefits","09 Feb 2027","miscellaneous","yes","https://scholarshiptop.com/scholarships/the-prof-franciszek-ziejka-scholarship-fund-7940","yes","105","0","yes",""
"133","3","talented-athlete-development-scheme-9954","f9ea088b-4a62-4925-8f5b-a744a9787c6c","Talented Athlete Development Scheme","Staffordshire University","Various benefits","25 Sep 2026","miscellaneous","yes","https://scholarshiptop.com/scholarships/talented-athlete-development-scheme-9954","yes","105","0","yes",""
"134","3","myfa-legacy-scholarship-lcej1mgavkao","f1430fc0-ca03-4240-8741-33a65f66bf2a","MYFA Legacy Scholarship","Metropolitan Youth Football Association","1,500","8/28/2026","miscellaneous","yes","https://scholarshiptop.com/scholarships/myfa-legacy-scholarship-lcej1mgavkao","yes","105","0","yes",""
"135","3","barbara-f-prowant-nursing-research-grant-nvuxensnxm2r","eb432337-2a21-42d7-a9e3-64371c3d0417","Barbara F. Prowant Nursing Research Grant","American Nephrology Nurses' Association","5,000","11/15/2026","medical","yes","https://scholarshiptop.com/scholarships/barbara-f-prowant-nursing-research-grant-nvuxensnxm2r","yes","105","0","yes",""
"136","3","career-start-scholarship-yqit4hxxukq9","042275b0-9143-497e-a7e1-51d88f0e6696","Career Start Scholarship","AMVETS National Ladies Auxiliary","500","8/18/2026","education","yes","https://scholarshiptop.com/scholarships/career-start-scholarship-yqit4hxxukq9","yes","105","0","yes",""
"137","3","anna-research-grant-s8eyospi4cjb","fcd769f1-eba7-433e-a1e1-ca23594ba2ae","ANNA Research Grant","American Nephrology Nurses' Association","15,000","11/15/2026","medical","yes","https://scholarshiptop.com/scholarships/anna-research-grant-s8eyospi4cjb","yes","105","0","yes",""
"138","3","fresenius-medical-care-career-mobility-scholarship-kj3eqrqrhuap","5fd10063-908a-485e-ace5-c3e6311c7570","Fresenius Medical Care Career Mobility Scholarship","American Nephrology Nurses' Association","2,500","11/15/2026","medical","yes","https://scholarshiptop.com/scholarships/fresenius-medical-care-career-mobility-scholarship-kj3eqrqrhuap","yes","105","0","yes",""
"139","3","dare-to-soar-career-mobility-scholarship-jsc5ph4c9jmu","18b96b6d-b7a1-4f3d-8bef-780e9bc3a365","Dare to Soar Career Mobility Scholarship","American Nephrology Nurses' Association","1,000","11/15/2026","medical","yes","https://scholarshiptop.com/scholarships/dare-to-soar-career-mobility-scholarship-jsc5ph4c9jmu","yes","105","0","yes",""
"140","3","janel-parker-career-mobility-scholarship-9gbu7icb3djw","644cf412-e3e9-4cdc-aff0-826dd70318d2","Janel Parker Career Mobility Scholarship","American Nephrology Nurses' Association","2,500","11/15/2026","medical","yes","https://scholarshiptop.com/scholarships/janel-parker-career-mobility-scholarship-9gbu7icb3djw","yes","105","0","yes",""
"141","3","satellite-healthcare-anna-applied-pragmatic-clinical-research-grant-3s76pnbke3ux","307ce763-f72a-42d5-9258-5da6333c2171","Satellite Healthcare/ANNA Applied Pragmatic Clinical Research Grant","American Nephrology Nurses' Association","5,000","11/15/2026","medical","yes","https://scholarshiptop.com/scholarships/satellite-healthcare-anna-applied-pragmatic-clinical-research-grant-3s76pnbke3ux","yes","105","0","yes",""
"142","3","top-scholar-program-wr1lwuxcw5f8","a36240e7-1d5f-4310-8c57-d2ae212e94e9","Top Scholar Program","Florida College","1,000","3/15/2027","miscellaneous","yes","https://scholarshiptop.com/scholarships/top-scholar-program-wr1lwuxcw5f8","yes","105","0","yes",""
"143","3","gerald-w-mcentee-scholarship-vqck7xe23yqu","ebe6619c-b581-4490-8f32-af3c3542bf9c","Gerald W. McEntee Scholarship","American Federation of State, County and Municipal Employees","5,000","1/31/2027","education","yes","https://scholarshiptop.com/scholarships/gerald-w-mcentee-scholarship-vqck7xe23yqu","yes","105","0","yes",""
"144","3","travis-nursing-scholarship-utgzzqpgjayh","64f15e7f-6927-4918-83f2-c393502ac9db","Travis Nursing Scholarship","Maryland Nurses Association","500","8/15/2026","medical","yes","https://scholarshiptop.com/scholarships/travis-nursing-scholarship-utgzzqpgjayh","yes","105","0","yes",""
"145","3","founder-scholars-program-rf2ztiwihspc","7438e612-3dc3-46b4-a886-c5d34f7b67a4","Founder Scholars Program","Florida College","2,000","3/15/2027","miscellaneous","yes","https://scholarshiptop.com/scholarships/founder-scholars-program-rf2ztiwihspc","yes","105","0","yes",""
"146","3","union-plus-scholarship-ngarabzm3nym","0f04dfe4-bcbd-4b60-97ad-f76c2225256e","Union Plus Scholarship","Union Privilege","500 - 4,000","1/31/2027","disability","yes","https://scholarshiptop.com/scholarships/union-plus-scholarship-ngarabzm3nym","yes","105","0","yes",""
"147","3","nursing-foundation-of-maryland-scholarship-lli3mejen2vs","9186a93c-61d6-4969-917f-00133a43f889","Nursing Foundation of Maryland Scholarship","Maryland Nurses Association","1,000","8/15/2026","medical","yes","https://scholarshiptop.com/scholarships/nursing-foundation-of-maryland-scholarship-lli3mejen2vs","yes","105","0","yes",""
"148","3","provost-scholars-program-for-transfer-students-hvj6id7fqel8","70616172-f928-4466-a038-990d71c65a04","Provost Scholars Program  for Transfer Students","Florida College","4,000","3/15/2027","miscellaneous","yes","https://scholarshiptop.com/scholarships/provost-scholars-program-for-transfer-students-hvj6id7fqel8","yes","105","0","yes",""
"149","3","chair-scholars-program-for-transfer-students-ha0v6bvz8a2u","d0bfecca-b6f6-4233-bae7-34cc134ce52a","Chair Scholars Program for Transfer Students","Florida College","3,000","3/15/2027","miscellaneous","yes","https://scholarshiptop.com/scholarships/chair-scholars-program-for-transfer-students-ha0v6bvz8a2u","yes","105","0","yes",""
"150","3","chancellor-scholars-program-ea7ks8yjbjoj","ba9b8dc0-16a4-41ec-809c-30a66fd8b6f8","Chancellor Scholars Program","Florida College","8,000","3/15/2027","miscellaneous","yes","https://scholarshiptop.com/scholarships/chancellor-scholars-program-ea7ks8yjbjoj","yes","105","0","yes",""
"151","4","provost-scholars-program-drug3apjk3d0","a009f386-f498-4764-a601-f070b67308ce","Provost Scholars Program","Florida College","4,000","3/15/2027","miscellaneous","yes","https://scholarshiptop.com/scholarships/provost-scholars-program-drug3apjk3d0","yes","105","0","yes",""
"152","4","chair-scholars-program-zslkbylxga41","5878c4b0-612c-4ead-a1af-0cd4c9fb796c","Chair Scholars Program","Florida College","3,000","3/15/2027","miscellaneous","yes","https://scholarshiptop.com/scholarships/chair-scholars-program-zslkbylxga41","yes","105","0","yes",""
"153","4","maryland-general-hospital-school-of-nursing-alumnae-association-educatio-vn9i4zccrjra","154ba061-57cf-41a0-ae28-bff02ac3fb54","Maryland General Hospital School of Nursing Alumnae Association Education Scholarship","Maryland Nurses Association","1,000","8/15/2026","education","yes","https://scholarshiptop.com/scholarships/maryland-general-hospital-school-of-nursing-alumnae-association-educatio-vn9i4zccrjra","yes","105","0","yes",""
"154","4","founder-scholars-program-for-transfer-students-tkuhjidmmdau","ffe815e7-98c7-437b-8d57-8fcff7e21bed","Founder Scholars Program for Transfer Students","Florida College","2,000","3/15/2027","miscellaneous","yes","https://scholarshiptop.com/scholarships/founder-scholars-program-for-transfer-students-tkuhjidmmdau","yes","105","0","yes",""
"155","4","mercy-hospital-nursing-alumnae-scholarship-rklgyqxq2cpv","4a7cfebf-5134-4910-bb90-32df86763bd4","Mercy Hospital Nursing Alumnae Scholarship","Maryland Nurses Association","500","8/15/2026","medical","yes","https://scholarshiptop.com/scholarships/mercy-hospital-nursing-alumnae-scholarship-rklgyqxq2cpv","yes","105","0","yes",""
"156","4","raoul-teilhet-scholarship-qerz8jhy12pa","e8a80482-2056-40c9-a70d-a6b244188da7","Raoul Teilhet Scholarship","California Federation of Teachers","1,000 - 3,000","12/15/2026","education","yes","https://scholarshiptop.com/scholarships/raoul-teilhet-scholarship-qerz8jhy12pa","yes","105","0","yes",""
"157","4","shauna-parker-memorial-scholarship-mqzvob65yutx","3a5296e6-a89a-4bdd-bc7a-428364841252","Shauna Parker Memorial Scholarship","Maryland Nurses Association","1,000","8/15/2026","medical","yes","https://scholarshiptop.com/scholarships/shauna-parker-memorial-scholarship-mqzvob65yutx","yes","105","0","yes",""
"158","4","ruth-hans-scholarship-mkviyyhfsrds","3621f17e-e950-4c59-bfbc-7bb97d268216","Ruth Hans Scholarship","Maryland Nurses Association","500","8/15/2026","medical","yes","https://scholarshiptop.com/scholarships/ruth-hans-scholarship-mkviyyhfsrds","yes","105","0","yes",""
"159","4","john-foy-associates-strong-arm-leukemia-scholarship-gqqmouksddie","729978c7-24cd-454a-94c9-9e2c6c9296a8","John Foy & Associates Strong Arm Leukemia Scholarship","John Foy & Associates","1,000","10/15/2026","miscellaneous","yes","https://scholarshiptop.com/scholarships/john-foy-associates-strong-arm-leukemia-scholarship-gqqmouksddie","yes","105","0","yes",""
"160","4","emeritus-scholars-program-cwughqbdxoeg","4c44ee9d-5115-470e-bd4d-1e714c6eed72","Emeritus Scholars Program","Florida College","10,000","3/15/2027","miscellaneous","yes","https://scholarshiptop.com/scholarships/emeritus-scholars-program-cwughqbdxoeg","yes","105","0","yes",""
"161","4","national-guard-association-of-maryland-scholarship-ckjugvhzwuyj","303d1087-0603-407e-87d8-8c6cf4888f69","National Guard Association of Maryland Scholarship","National Guard Association of Maryland","1,000","8/15/2026","miscellaneous","yes","https://scholarshiptop.com/scholarships/national-guard-association-of-maryland-scholarship-ckjugvhzwuyj","yes","105","0","yes",""
"162","4","trustees-scholars-program-biulizskui9t","b140b878-c827-4db3-a3d3-ba51655b437a","Trustees Scholars Program","Florida College","6,000","3/15/2027","miscellaneous","yes","https://scholarshiptop.com/scholarships/trustees-scholars-program-biulizskui9t","yes","105","0","yes",""
"163","4","hertie-school-european-governance-scholarships-in-germany-2026-executive-mpa-central-and-easter","ec6c71ce-b7e3-42ea-beec-e1ff799e3843","Hertie School European Governance Scholarships in Germany 2026","Hertie School","Partial Funding, Up to EUR 18,250","01 Jun, 2026","miscellaneous","yes","https://scholarshiptop.com/scholarships/hertie-school-european-governance-scholarships-in-germany-2026-executive-mpa-central-and-easter","yes","105","0","yes",""
"164","4","masters-achievement-scholarships-at-durham-university-business-school-20-masters-achievement-scholarships","d285dd17-0a44-44a6-9e8e-8290cfcd6939","Masters Achievement Scholarships at Durham University Business School 2026","Durham University Business School","Only tuition fees, up to GBP 12,500 tuition waiver","31 Jul, 2026","law","yes","https://scholarshiptop.com/scholarships/masters-achievement-scholarships-at-durham-university-business-school-20-masters-achievement-scholarships","yes","105","0","yes",""
"165","4","hertie-school-international-security-policy-scholarship-2026-hertie-school-international-secu","35e5de05-09c4-43e8-98c1-601830537f60","Hertie School International Security Policy Scholarship 2026","Hertie School","Full Funding, Up to EUR 38,500","01 Dec, 2026","miscellaneous","yes","https://scholarshiptop.com/scholarships/hertie-school-international-security-policy-scholarship-2026-hertie-school-international-secu","yes","105","0","yes",""
"166","4","hertie-school-climate-action-scholarship-2026-hertie-school-climate-action-sch","238298a9-2a60-4369-a2f8-828a04b83d2c","Hertie School Climate Action Scholarship 2026","Hertie School","Full Funding, Up to EUR 38,500","01 Dec, 2026","miscellaneous","yes","https://scholarshiptop.com/scholarships/hertie-school-climate-action-scholarship-2026-hertie-school-climate-action-sch","yes","105","0","yes",""
"167","4","harold-a-robertson-scholarship-in-parkinson-research-at-dalhousie-univer-harold-a-robertson-scholarship-i","7580fcc3-c7a6-4ced-9dd7-3439293452c1","Harold A Robertson Scholarship in Parkinson Research at Dalhousie University 2026","Dalhousie University","Partial Funding, CAD 5,000 per year","31 Oct, 2026","arts","yes","https://scholarshiptop.com/scholarships/harold-a-robertson-scholarship-in-parkinson-research-at-dalhousie-univer-harold-a-robertson-scholarship-i","yes","105","0","yes",""
"168","4","glendon-chase-mccormick-scholarship-at-dalhousie-university-2026-glendon-chase-mccormick-scholars","0fc2f02b-f6fa-4358-9efb-053184532903","Glendon Chase McCormick Scholarship at Dalhousie University 2026","Dalhousie University","Partial Funding, CAD 4,000","05 Dec, 2026","miscellaneous","yes","https://scholarshiptop.com/scholarships/glendon-chase-mccormick-scholarship-at-dalhousie-university-2026-glendon-chase-mccormick-scholars","yes","105","0","yes",""
"169","4","fgs-emergency-bursary-at-dalhousie-university-2026-fgs-emergency-bursary-at-dalhous","de054606-1d87-47d0-85b2-4fb7c7bbb9fc","FGS Emergency Bursary at Dalhousie University 2026","Dalhousie University","Partial Funding, Up to CAD 1,000","31 May, 2026","miscellaneous","yes","https://scholarshiptop.com/scholarships/fgs-emergency-bursary-at-dalhousie-university-2026-fgs-emergency-bursary-at-dalhous","yes","105","0","yes",""
"170","4","dr-paul-anthony-thelma-johnstone-bursary-at-dalhousie-university-2026-dr-paul-anthony-thelma-johnstone","f815bb35-0110-4b10-a974-7ded8ca5fd46","Dr. Paul Anthony & Thelma Johnstone Bursary at Dalhousie University 2026","Dalhousie University","Partial Funding, CAD 1,000","31 Oct, 2026","humanities","yes","https://scholarshiptop.com/scholarships/dr-paul-anthony-thelma-johnstone-bursary-at-dalhousie-university-2026-dr-paul-anthony-thelma-johnstone","yes","105","0","yes",""
"171","4","dr-edgar-z-friedenberg-award-at-dalhousie-university-2026-dr-edgar-z-friedenberg-award-at-","79a07628-2041-45ef-84ee-0874bd2f1741","Dr. Edgar Z. Friedenberg Award at Dalhousie University 2026","Dalhousie University","Partial Funding, Min. CAD 750","05 Dec, 2026","miscellaneous","yes","https://scholarshiptop.com/scholarships/dr-edgar-z-friedenberg-award-at-dalhousie-university-2026-dr-edgar-z-friedenberg-award-at-","yes","105","0","yes",""
"172","4","dalhousie-1-year-master-s-scholarship-at-dalhousie-university-2026-dalhousie-year-masters-scholarsh","962b2245-1ece-4665-b2a5-bd0e6864d7ef","Dalhousie 1-Year Master’s Scholarship at Dalhousie University 2026","Dalhousie University","Partial Funding, CAD 20,000","31 May, 2026","miscellaneous","yes","https://scholarshiptop.com/scholarships/dalhousie-1-year-master-s-scholarship-at-dalhousie-university-2026-dalhousie-year-masters-scholarsh","yes","105","0","yes",""
"173","4","dalhousie-research-excellence-scholarship-dres-at-dalhousie-university-2-dalhousie-research-excellence-sc","a0b1e72e-21e4-4bdb-afa7-ff5d0f0221a8","Dalhousie Research Excellence Scholarship (DRES) at Dalhousie University 2026","Dalhousie University","Partial Funding, CAD 35,000 per year","31 May, 2026","miscellaneous","yes","https://scholarshiptop.com/scholarships/dalhousie-research-excellence-scholarship-dres-at-dalhousie-university-2-dalhousie-research-excellence-sc","yes","105","0","yes",""
"174","4","bhasha-bursary-at-dalhousie-university-2026-bhasha-bursary-at-dalhousie-univ","89dc7af5-6c78-42fb-b248-60315e54bf50","BHASHA Bursary at Dalhousie University 2026","Dalhousie University","Partial Funding, CAD 1,000","31 Oct, 2026","miscellaneous","yes","https://scholarshiptop.com/scholarships/bhasha-bursary-at-dalhousie-university-2026-bhasha-bursary-at-dalhousie-univ","yes","105","0","yes",""
"175","4","the-antonio-carluccio-foundation-professional-training-year-bursary-at-u-the-antonio-carluccio-foundation","412db69b-4deb-428b-b238-3245238a1da4","The Antonio Carluccio Foundation Professional Training Year Bursary at University of Surrey 2026","University of Surrey","Partial Funding, GBP 4,000","30 Jun, 2026","education","yes","https://scholarshiptop.com/scholarships/the-antonio-carluccio-foundation-professional-training-year-bursary-at-u-the-antonio-carluccio-foundation","yes","105","0","yes",""
"176","4","andrew-turnbull-scholarship-at-massey-university-2026-andrew-turnbull-scholarship-at-m","19bfe36a-590e-4395-b89e-7089c5289c9e","Andrew Turnbull Scholarship at Massey University 2026","Massey University","Partial Funding, NZD 1,000","04 Aug, 2026","stem","yes","https://scholarshiptop.com/scholarships/andrew-turnbull-scholarship-at-massey-university-2026-andrew-turnbull-scholarship-at-m","yes","105","0","yes",""
"177","4","global-community-bursaries-at-the-university-of-leeds-2026-global-community-bursaries-at-th","1f4e6d7b-4da3-49bf-a7a3-164416c9ebd5","Global Community Bursaries at the University of Leeds 2026","University of Leeds","Partial Funding, Varies","21 Jun, 2026","miscellaneous","yes","https://scholarshiptop.com/scholarships/global-community-bursaries-at-the-university-of-leeds-2026-global-community-bursaries-at-th","yes","105","0","yes",""
"178","4","woman-life-freedom-scholarship-at-dalhousie-university-2026-woman-life-freedom-scholarship-a","9eb91718-0169-418c-b27b-f5a4e8160709","Woman Life Freedom Scholarship at Dalhousie University 2026","Dalhousie University","Partial Funding, CAD 2,500","31 Oct, 2026","miscellaneous","yes","https://scholarshiptop.com/scholarships/woman-life-freedom-scholarship-at-dalhousie-university-2026-woman-life-freedom-scholarship-a","yes","105","0","yes",""
"179","4","william-dollar-memorial-bursary-at-university-of-windsor-2026-william-dollar-memorial-bursary-","7983987f-33f9-4c69-abaa-88b8ea374cc4","William Dollar Memorial Bursary at University of Windsor 2026","University of Windsor, Canada","Partial Funding, Varies","31 May, 2026","disability","yes","https://scholarshiptop.com/scholarships/william-dollar-memorial-bursary-at-university-of-windsor-2026-william-dollar-memorial-bursary-","yes","105","0","yes",""
"180","4","tom-akeley-memorial-award-at-university-of-windsor-2026-tom-akeley-memorial-award-at-uni","2b79b842-61da-4d7d-82ca-007f442fba0b","Tom Akeley Memorial Award at University of Windsor 2026","University of Windsor, Canada","Partial Funding, Varies","31 May, 2026","arts","yes","https://scholarshiptop.com/scholarships/tom-akeley-memorial-award-at-university-of-windsor-2026-tom-akeley-memorial-award-at-uni","yes","105","0","yes",""
"181","4","philip-j-courey-sr-annual-bursaries-at-university-of-windsor-2026-philip-j-courey-sr-annual-bursar","91966bee-9b06-4f39-9417-d7eeb31daca0","Philip J. Courey Sr. Annual Bursaries at University of Windsor 2026","University of Windsor, Canada","Partial Funding, Varies","31 May, 2026","disability","yes","https://scholarshiptop.com/scholarships/philip-j-courey-sr-annual-bursaries-at-university-of-windsor-2026-philip-j-courey-sr-annual-bursar","yes","105","0","yes",""
"182","4","peter-fast-memorial-bursaries-at-university-of-windsor-2026-peter-fast-memorial-bursaries-at","f0fa88bb-1e78-4201-98c1-8a330ca24a07","Peter Fast Memorial Bursaries at University of Windsor 2026","University of Windsor, Canada","Partial Funding, Varies","31 May, 2026","stem","yes","https://scholarshiptop.com/scholarships/peter-fast-memorial-bursaries-at-university-of-windsor-2026-peter-fast-memorial-bursaries-at","yes","105","0","yes",""
"183","4","percy-beneteau-memorial-bursary-at-university-of-windsor-2026-percy-beneteau-memorial-bursary-","54b5103e-fe8e-4dce-b4d0-7094776ea2fe","Percy Beneteau Memorial Bursary at University of Windsor 2026","University of Windsor, Canada","Partial Funding, Varies","31 May, 2026","community","yes","https://scholarshiptop.com/scholarships/percy-beneteau-memorial-bursary-at-university-of-windsor-2026-percy-beneteau-memorial-bursary-","yes","105","0","yes",""
"184","4","michael-w-ayris-millennium-scholarship-at-university-of-windsor-2026-michael-w-ayris-millennium-schol","c7a9f8d0-06ab-4dca-b687-cf67bc485264","Michael W. Ayris Millennium Scholarship at University of Windsor 2026","University of Windsor, Canada","Partial Funding, Varies","31 May, 2026","disability","yes","https://scholarshiptop.com/scholarships/michael-w-ayris-millennium-scholarship-at-university-of-windsor-2026-michael-w-ayris-millennium-schol","yes","105","0","yes",""
"185","4","ken-saunders-bursary-for-parkinsons-research-at-dalhousie-university-202-ken-saunders-bursary-for-parkins","c33b258a-7fc9-4131-a54f-64d4542afce5","Ken Saunders Bursary for Parkinsons Research at Dalhousie University 2026","Dalhousie University","Partial Funding, CAD 2,000 per year","31 Oct, 2026","stem","yes","https://scholarshiptop.com/scholarships/ken-saunders-bursary-for-parkinsons-research-at-dalhousie-university-202-ken-saunders-bursary-for-parkins","yes","105","0","yes",""
"186","4","frank-j-ewasyshyn-electrical-engineering-in-course-scholarship-at-univer-frank-j-ewasyshyn-electrical-eng","f1f32034-f05e-4d7c-95fe-c0697b805a19","Frank J. Ewasyshyn Electrical Engineering In-Course Scholarship at University of Windsor 2026","University of Windsor, Canada","Partial Funding, Varies","31 May, 2026","stem","yes","https://scholarshiptop.com/scholarships/frank-j-ewasyshyn-electrical-engineering-in-course-scholarship-at-univer-frank-j-ewasyshyn-electrical-eng","yes","105","0","yes",""
"187","4","faculty-of-arts-memorial-awards-at-university-of-windsor-2026-faculty-of-arts-memorial-awards-","f6e4e6bc-6aad-4fc3-a215-9fb2f811a7db","Faculty of Arts Memorial Awards at University of Windsor 2026","University of Windsor, Canada","Partial Funding, Varies","31 May, 2026","arts","yes","https://scholarshiptop.com/scholarships/faculty-of-arts-memorial-awards-at-university-of-windsor-2026-faculty-of-arts-memorial-awards-","yes","105","0","yes",""
"188","4","the-robert-j-weiler-sr-minority-student-teacher-scholarship-hsqqaudjuycc","fd896081-7d54-46a0-8722-f752fea5badc","The Robert J. Weiler Sr. Minority Student Teacher Scholarship","UNCF","12,100","7/31/2026","education","yes","https://scholarshiptop.com/scholarships/the-robert-j-weiler-sr-minority-student-teacher-scholarship-hsqqaudjuycc","yes","105","0","yes",""
"189","4","asbestos-com-scholarship-lsqr5lnqvdaa","ec30b516-9a36-472d-bf0d-82057f6fe649","Asbestos.com Scholarship","Asbestos.com","2,000 - 3,000","8/31/2026","miscellaneous","yes","https://scholarshiptop.com/scholarships/asbestos-com-scholarship-lsqr5lnqvdaa","yes","105","0","yes",""
"190","4","the-melissa-kulpa-lacrosse-scholarship-for-girls-uet44egclvgp","dce26a26-ce5c-4494-8507-477bee8cde07","The Melissa Kulpa Lacrosse Scholarship for Girls","The Kulpa Foundation","1,000","9/16/2026","community","yes","https://scholarshiptop.com/scholarships/the-melissa-kulpa-lacrosse-scholarship-for-girls-uet44egclvgp","yes","105","0","yes",""
"191","4","beat-the-odds-scholarship-yafc5wlo8ucx","dc2269e5-f713-4c5f-9a9d-db2a0bfe9ad4","Beat the Odds Scholarship","Stand for Children of Oregon","5,000","9/10/2026","miscellaneous","yes","https://scholarshiptop.com/scholarships/beat-the-odds-scholarship-yafc5wlo8ucx","yes","105","0","yes",""
"192","4","massachusetts-high-demand-scholarship-program-turwzkeedbeb","e33a74c3-87f6-4abb-89ea-84ec5e89df78","Massachusetts High Demand Scholarship Program","Massachusetts Department of Higher Education","1,750 - 17,500","7/17/2026","education","yes","https://scholarshiptop.com/scholarships/massachusetts-high-demand-scholarship-program-turwzkeedbeb","yes","105","0","yes",""
"193","4","supporting-student-success-a-scholarship-to-improve-persistence-and-degr-cjiukpoumrgn","e498de4f-31d4-48aa-9d53-7d3271af6fe8","Supporting Student Success: A Scholarship to Improve Persistence and Degree Completion","Pennsylvania's State System of Higher Education Foundation","1,000","8/15/2026","education","yes","https://scholarshiptop.com/scholarships/supporting-student-success-a-scholarship-to-improve-persistence-and-degr-cjiukpoumrgn","yes","105","0","yes",""
"194","4","the-lincoln-global-leaders-scholarship-3488","ef33e23a-a8b0-4f62-84e5-2b398a684b6f","The Lincoln Global Leaders Scholarship","University of Lincoln","Various benefits","01 Jun 2026","miscellaneous","yes","https://scholarshiptop.com/scholarships/the-lincoln-global-leaders-scholarship-3488","yes","105","0","yes",""
"195","4","rikkyo-university-emergency-scholarship-for-international-students-741","eacac5cf-2214-413f-8d0d-6802ed43a26e","Rikkyo University Emergency Scholarship for International Students","Rikkyo University","200000 JPY","10 Feb 2027","miscellaneous","yes","https://scholarshiptop.com/scholarships/rikkyo-university-emergency-scholarship-for-international-students-741","yes","105","0","yes",""
"196","4","african-leadership-centre-associate-fellowship-in-peace-security-and-dev-2026-05-18-african-leadership-ce","eec16619-5815-4c9a-bfc8-a82354515424","African Leadership Centre Associate Fellowship in Peace, Security and Development for African Students 2026/2027","Opportunity Desk","Successful applicants will receive a bursary that covers 25 per cent of the MSc Global Leadership and Peacebuilding tuition fees at King’s College London for the 2026/27 academic year in addition to five thousand pounds (£5,000) as a contribution to their living expenses in London. This fellowship combines rigorous academic research, impactful writing, and policy analysis on leadership, security, and development issues. It uses modalities of learning that integrate a master’s programme on Global Leadership and Peacebuilding at King’s College London with a uniquely tailored mentoring programme—comprising numerous group-mentoring sessions, simulation practices, one-on-one and peer-to-peer mentoring sessions, institutional visits, and attachment. After the MSc programme, Associate Fellows will also have an option to undertake a paid six-month attachment to a leading African university, regional organization, or centre of excellence. Upon completion, associate fellows emerge with academic knowledge, research skills, mentorship training, and practical experience, connected to a network of distinguished African experts in peace, security, and development to propel their careers forward.","May 24, 2026","community","yes","https://scholarshiptop.com/scholarships/african-leadership-centre-associate-fellowship-in-peace-security-and-dev-2026-05-18-african-leadership-ce","yes","105","0","yes",""
"197","4","fame-emerging-practitioner-award-at-victoria-university-of-wellington-20-fame-emerging-practitioner-award","e8785fd4-82de-4f0d-8b01-5b746960f735","FAME Emerging Practitioner Award at Victoria University of Wellington 2026","Victoria University of Wellington","Partial Funding, NZD 10,000","04 Oct, 2026","arts","yes","https://scholarshiptop.com/scholarships/fame-emerging-practitioner-award-at-victoria-university-of-wellington-20-fame-emerging-practitioner-award","yes","105","0","yes",""
"198","4","insurance-management-service-scholarship-wkzfw0snuyjj","dc1adcf9-3185-4793-b4de-3edbdb0449f7","Insurance Management Service Scholarship","Berrien Community Foundation","4,000","2/1/2027","miscellaneous","yes","https://scholarshiptop.com/scholarships/insurance-management-service-scholarship-wkzfw0snuyjj","yes","105","0","yes",""
"199","4","leonard-and-marion-krall-scholarship-vlxk65dcdy45","f360675a-f53f-4c3e-804a-07e4cd681c58","Leonard and Marion Krall Scholarship","Berrien Community Foundation","8,000","2/1/2027","education","yes","https://scholarshiptop.com/scholarships/leonard-and-marion-krall-scholarship-vlxk65dcdy45","yes","105","0","yes",""
"200","4","peter-b-orlik-award-at-bea-2026-peter-b-orlik-award","fb8d3ac1-64ad-4515-a809-3343c9b20db0","Peter B. Orlik Award at BEA 2026","Broadcast Education Association","Partial Funding, USD 3,500","16 Oct, 2026","education","yes","https://scholarshiptop.com/scholarships/peter-b-orlik-award-at-bea-2026-peter-b-orlik-award","yes","105","0","yes",""
"201","5","vice-chancellors-elite-scholarship-at-bond-university-2026-vice-chancellor-s-elite-scholars","efb1bddb-47b2-404f-b46a-531745d37a4a","Vice Chancellors Elite Scholarship at Bond University 2026","Bond University","Only tuition fees, 100% tuition remission","30 Jul, 2026","medical","yes","https://scholarshiptop.com/scholarships/vice-chancellors-elite-scholarship-at-bond-university-2026-vice-chancellor-s-elite-scholars","yes","105","0","yes",""
"202","5","applied-computer-education-outstanding-graduate-awards-at-red-river-coll-applied-computer-education-outst","f9010e89-e057-4f4a-b624-4ffb82e6ffbc","Applied Computer Education Outstanding Graduate Awards at Red River College Polytech 2026","Red River College Polytech (RRC), Winnipeg","Partial Funding, CAD 1,000","20 Jun, 2026","arts","yes","https://scholarshiptop.com/scholarships/applied-computer-education-outstanding-graduate-awards-at-red-river-coll-applied-computer-education-outst","yes","105","0","yes",""
"203","5","cardiff-university-vice-chancellors-international-scholarship-2026-cardiff-university-vicechancello","fcd03d9e-3f0d-4aa8-8d27-965ae62e97f3","Cardiff University Vice-Chancellors International Scholarship 2026","Cardiff University, Heath Park","Partial Funding, up to GBP 10,000 towards tuition fee","31 Jul, 2026","miscellaneous","yes","https://scholarshiptop.com/scholarships/cardiff-university-vice-chancellors-international-scholarship-2026-cardiff-university-vicechancello","yes","105","0","yes",""
"204","5","h-h-sheikh-hamdan-bin-zayed-scholarship-at-abu-dhabi-university-2025-hh-sheikh-hamdan-bin-zayed-schol","eebd633c-dd3a-43c9-975b-6c8dc523b8b5","H.H. Sheikh Hamdan Bin Zayed Scholarship at Abu Dhabi University 2025","Abu Dhabi University","Full Funding, Full tuition + other expenses waiver","10 Jun, 2026","education","yes","https://scholarshiptop.com/scholarships/h-h-sheikh-hamdan-bin-zayed-scholarship-at-abu-dhabi-university-2025-hh-sheikh-hamdan-bin-zayed-schol","yes","105","0","yes",""
"205","5","lamber-goodnow-injury-law-team-nursing-scholarship-bjtvqxq077bh","f8da8c55-3555-4bff-9c02-906d02482e49","Lamber-Goodnow Injury Law Team Nursing Scholarship","Lamber-Goodnow Injury Law Team","1,000","12/1/2026","medical","yes","https://scholarshiptop.com/scholarships/lamber-goodnow-injury-law-team-nursing-scholarship-bjtvqxq077bh","yes","105","0","yes",""
"206","5","nebraska-rural-radio-foundation-scholarship-in-honor-of-max-and-eric-bro-waq9gbumwhfj","eeedc4ce-127b-4524-829f-4f58f827c48e","Nebraska Rural Radio Foundation Scholarship in Honor of Max and Eric Brown","Nebraska Farm Bureau","2,500","8/1/2026","law","yes","https://scholarshiptop.com/scholarships/nebraska-rural-radio-foundation-scholarship-in-honor-of-max-and-eric-bro-waq9gbumwhfj","yes","105","0","yes",""
"207","5","fleet-admiral-chester-w-nimitz-college-scholarship-p07clpt8aldc","7d4d6c6f-0b00-426e-9b62-333b057bf7b9","Fleet Admiral Chester W. Nimitz College Scholarship","USS Nimitz (CVN-68) Association","3,000","8/1/2026","community","yes","https://scholarshiptop.com/scholarships/fleet-admiral-chester-w-nimitz-college-scholarship-p07clpt8aldc","yes","105","0","yes",""
"208","5","fred-l-hatch-memorial-teacher-education-scholarship-oukjjuvvqu5g","7e83c95c-3092-4d92-8f75-c02f27aec52c","Fred L. Hatch Memorial Teacher Education Scholarship","Sault Ste. Marie Tribe of Chippewa Indians","1,000","7/16/2026","education","yes","https://scholarshiptop.com/scholarships/fred-l-hatch-memorial-teacher-education-scholarship-oukjjuvvqu5g","yes","105","0","yes",""
"209","5","sacramento-hispanic-chamber-of-commerce-el-futuro-scholarship-nhx5qa3xvosv","dc6e8983-b382-441e-9472-a4d967103e0c","Sacramento Hispanic Chamber of Commerce El Futuro Scholarship","Sacramento Hispanic Chamber of Commerce","1,000","8/31/2026","miscellaneous","yes","https://scholarshiptop.com/scholarships/sacramento-hispanic-chamber-of-commerce-el-futuro-scholarship-nhx5qa3xvosv","yes","105","0","yes",""
"210","5","kentucky-labor-management-conference-board-of-directors-scholarship-noj2krmv5ci2","89c09f0e-0a4a-4da7-a85d-b9468442a218","Kentucky Labor-Management Conference Board of Directors' Scholarship","Kentucky Labor-Management Conference","1,000 - 2,000","8/1/2026","miscellaneous","yes","https://scholarshiptop.com/scholarships/kentucky-labor-management-conference-board-of-directors-scholarship-noj2krmv5ci2","yes","105","0","yes",""
"211","5","martha-miller-tributary-scholarship-nerzlkog1pla","57d5113f-c1f9-4f8b-8459-731f6e4e9f24","Martha Miller Tributary Scholarship","Sault Ste. Marie Tribe of Chippewa Indians","1,000","7/16/2026","miscellaneous","yes","https://scholarshiptop.com/scholarships/martha-miller-tributary-scholarship-nerzlkog1pla","yes","105","0","yes",""
"212","5","usra-distinguished-undergraduate-scholarship-lyn3pkxfotsj","b63a35ee-5de8-43de-aeaa-caf035ce740e","USRA Distinguished Undergraduate Scholarship","Universities Space Research Association","5,000","8/7/2026","education","yes","https://scholarshiptop.com/scholarships/usra-distinguished-undergraduate-scholarship-lyn3pkxfotsj","yes","105","0","yes",""
"213","5","del-mar-leucadia-local-scholarship-kshltvhgqqab","e900bd51-24ab-4393-8512-09642ff7c421","Del Mar-Leucadia Local Scholarship","American Association of University Women-Del Mar-Leucadia Branch","1,500","8/31/2026","stem","yes","https://scholarshiptop.com/scholarships/del-mar-leucadia-local-scholarship-kshltvhgqqab","yes","105","0","yes",""
"214","5","jacqueline-saracino-scholarship-kmk9wgqxfyqx","68203677-f086-4dca-afba-41b3f33c2a06","Jacqueline Saracino Scholarship","California Academy of Nutrition and Dietetics","2,000","7/30/2026","community","yes","https://scholarshiptop.com/scholarships/jacqueline-saracino-scholarship-kmk9wgqxfyqx","yes","105","0","yes",""
"215","5","san-diego-section-pecg-scholarship-jjvrf8bsho4t","1a5606be-e96b-46a3-b842-e78b5710c4f0","San Diego Section PECG Scholarship","Professional Engineers in California Government-San Diego Section","500 - 1,000","8/7/2026","miscellaneous","yes","https://scholarshiptop.com/scholarships/san-diego-section-pecg-scholarship-jjvrf8bsho4t","yes","105","0","yes",""
"216","5","amwpa-merit-award-for-pre-medical-and-pre-dental-students-scholarship-isa6ssld3gcq","7b962bef-2d3c-42c7-98ab-161b894c5c1e","AMWPA Merit Award for Pre-Medical and Pre-Dental Students Scholarship","American Muslim Women Physicians Association","500","10/30/2026","medical","yes","https://scholarshiptop.com/scholarships/amwpa-merit-award-for-pre-medical-and-pre-dental-students-scholarship-isa6ssld3gcq","yes","105","0","yes",""
"217","5","leslie-kingston-tooth-fairy-dental-hygiene-scholarship-i40gnp7yvt63","c9ac71e0-9609-45d8-b469-1bcb4d891eb3","Leslie Kingston Tooth Fairy Dental Hygiene Scholarship","Northampton Community College","1,500","11/1/2026","miscellaneous","yes","https://scholarshiptop.com/scholarships/leslie-kingston-tooth-fairy-dental-hygiene-scholarship-i40gnp7yvt63","yes","105","0","yes",""
"218","5","flaming-family-scholarship-in-memory-of-lucy-flaming-for-rcc-students-he3vqousezp1","3f9359c7-a83e-4edc-bfe7-c74a8ea70804","Flaming Family Scholarship in Memory of Lucy Flaming for RCC Students","Redwood Foundation for Education","1,000","8/1/2026","education","yes","https://scholarshiptop.com/scholarships/flaming-family-scholarship-in-memory-of-lucy-flaming-for-rcc-students-he3vqousezp1","yes","105","0","yes",""
"219","5","los-angeles-basin-spe-undergraduate-scholarship-fvlnmipgrsgv","903c6ae4-2d63-4187-b6c0-ef015f260d68","Los Angeles Basin SPE Undergraduate Scholarship","Society of Petroleum Engineers-Los Angeles Basin Section","1,000","8/31/2026","stem","yes","https://scholarshiptop.com/scholarships/los-angeles-basin-spe-undergraduate-scholarship-fvlnmipgrsgv","yes","105","0","yes",""
"220","5","michael-and-amy-alley-student-professional-development-fellows-fd91k428urgu","bf7cad58-4a0e-4476-a869-7aa2c38d66f3","Michael and Amy Alley Student Professional Development Fellows","Indiana State University","1,500","8/1/2026","miscellaneous","yes","https://scholarshiptop.com/scholarships/michael-and-amy-alley-student-professional-development-fellows-fd91k428urgu","yes","105","0","yes",""
"221","5","ko-family-scholarship-for-college-students-fdnwc6vhwll7","a5a66fad-dc19-4442-be61-1ffa95e6ddb9","Ko Family Scholarship for College Students","National Association of Chinese Americans","2,000 - 10,000","10/31/2026","community","yes","https://scholarshiptop.com/scholarships/ko-family-scholarship-for-college-students-fdnwc6vhwll7","yes","105","0","yes",""
"222","5","freidin-brown-p-a-save-social-justice-scholarship-6xyujoc89gwn","d116f580-c723-46af-9d20-74c413d04c3b","Freidin Brown, P.A. & SAVE Social Justice Scholarship","Freidin Brown","25,000","8/28/2026","education","yes","https://scholarshiptop.com/scholarships/freidin-brown-p-a-save-social-justice-scholarship-6xyujoc89gwn","yes","105","0","yes",""
"223","5","w2a-design-group-architectural-studies-scholarship-6sxywrattdgs","ac4450db-c5d0-4a1b-b5ee-81b96299f5c0","W2A Design Group Architectural Studies Scholarship","Northampton Community College","4,050","11/1/2026","arts","yes","https://scholarshiptop.com/scholarships/w2a-design-group-architectural-studies-scholarship-6sxywrattdgs","yes","105","0","yes",""
"224","5","aqqaluk-trust-vocational-technical-scholarship-5emznbrqv0ul","13ec0c88-2995-4952-bc0c-7591fabad89b","Aqqaluk Trust Vocational/Technical Scholarship","Aqqaluk Trust","1,500 - 3,000","8/1/2026","miscellaneous","yes","https://scholarshiptop.com/scholarships/aqqaluk-trust-vocational-technical-scholarship-5emznbrqv0ul","yes","105","0","yes",""
"225","5","wright-hatch-journalism-scholarship-5ardx4tn0pqv","b4738de6-27c8-431a-a2c5-21b3e7c1f803","Wright-Hatch Journalism Scholarship","Sault Ste. Marie Tribe of Chippewa Indians","1,000","7/16/2026","miscellaneous","yes","https://scholarshiptop.com/scholarships/wright-hatch-journalism-scholarship-5ardx4tn0pqv","yes","105","0","yes",""
"226","5","barnett-howard-williams-military-dependent-scholarship-4a2va57pvcd4","eeb1c1eb-ff8c-4810-aa71-4f20550e412a","Barnett Howard & Williams Military Dependent Scholarship","Barnett Howard & Williams","500","8/1/2026","miscellaneous","yes","https://scholarshiptop.com/scholarships/barnett-howard-williams-military-dependent-scholarship-4a2va57pvcd4","yes","105","0","yes",""
"227","5","carol-hayes-torio-memorial-scholarship-3cmi3dmagiwa","c1fdaa84-7466-43ab-ae7e-1fb4425f7874","Carol Hayes Torio Memorial Scholarship","California Academy of Nutrition and Dietetics","2,000","7/30/2026","community","yes","https://scholarshiptop.com/scholarships/carol-hayes-torio-memorial-scholarship-3cmi3dmagiwa","yes","105","0","yes",""
"228","5","slovene-national-benefit-society-scholarship-2g96bqxbkrvh","48a59c2f-3b85-45fe-a4f3-94ab7fc53ef8","Slovene National Benefit Society Scholarship","Slovene National Benefit Society","400 - 800","8/1/2026","miscellaneous","yes","https://scholarshiptop.com/scholarships/slovene-national-benefit-society-scholarship-2g96bqxbkrvh","yes","105","0","yes",""
"229","5","moln-student-scholarship-2tiy8esu9imp","d4f0ab8f-9651-4e06-a82f-c232a72dbd5c","MOLN Student Scholarship","Minnesota Organization of Leaders in Nursing","500 - 1,500","9/15/2026","medical","yes","https://scholarshiptop.com/scholarships/moln-student-scholarship-2tiy8esu9imp","yes","105","0","yes",""
"230","5","steinger-greene-feiner-law-scholarship-for-child-advocates-vspwf5t6pr0b","4d9f7135-731e-4421-b9b7-61cf47804f74","Steinger, Greene & Feiner Law Scholarship for Child Advocates","Steinger, Greene & Feiner","1,000","7/31/2026","education","yes","https://scholarshiptop.com/scholarships/steinger-greene-feiner-law-scholarship-for-child-advocates-vspwf5t6pr0b","yes","105","0","yes",""
"231","5","alaskan-aviation-safety-foundation-memorial-scholarship-qlvmixgk07vp","11677443-fbd7-43d2-ac0a-0bd478e0b113","Alaskan Aviation Safety Foundation Memorial Scholarship","Alaskan Aviation Safety Foundation","2,000","7/31/2026","stem","yes","https://scholarshiptop.com/scholarships/alaskan-aviation-safety-foundation-memorial-scholarship-qlvmixgk07vp","yes","105","0","yes",""
"232","5","lamber-goodnow-injury-law-team-summer-college-scholarship-ls1rtd1gdzvc","26e193d8-e045-4bc9-ad14-1a5b4a015ab9","Lamber-Goodnow Injury Law Team Summer College Scholarship","Lamber-Goodnow Injury Law Team","1,000","7/31/2026","law","yes","https://scholarshiptop.com/scholarships/lamber-goodnow-injury-law-team-summer-college-scholarship-ls1rtd1gdzvc","yes","105","0","yes",""
"233","5","los-angeles-immigration-lawyers-dream-act-scholarship-yufhi2c6tvrf","17205a40-6a77-40f8-8246-b071c6e344db","Los Angeles Immigration Lawyers DREAM Act Scholarship","Law Offices of Joshua L. Goldstein","1,000","7/31/2026","law","yes","https://scholarshiptop.com/scholarships/los-angeles-immigration-lawyers-dream-act-scholarship-yufhi2c6tvrf","yes","105","0","yes",""
"234","5","steinger-greene-feiner-hispanic-heritage-law-student-scholarship-pnaedndafwuz","d4244332-1481-47a0-bcc9-d39a117d8577","Steinger, Greene & Feiner Hispanic Heritage Law Student Scholarship","Steinger, Greene & Feiner","1,000","7/31/2026","law","yes","https://scholarshiptop.com/scholarships/steinger-greene-feiner-hispanic-heritage-law-student-scholarship-pnaedndafwuz","yes","105","0","yes",""
"235","5","design-thinking-scholarship-ojhreqyyhzcs","f97cee41-d1de-482e-9eb7-7deb4c512aa3","Design Thinking Scholarship","American Graphics Institute","1,000","7/31/2026","arts","yes","https://scholarshiptop.com/scholarships/design-thinking-scholarship-ojhreqyyhzcs","yes","105","0","yes",""
"236","5","sieben-edmunds-miller-criminal-justice-scholarship-n8vvydnraxyv","b98c3139-6bc9-4c76-8594-f8a4352593ba","Sieben Edmunds Miller Criminal Justice Scholarship","Sieben Edmund Miller","1,000","7/31/2026","law","yes","https://scholarshiptop.com/scholarships/sieben-edmunds-miller-criminal-justice-scholarship-n8vvydnraxyv","yes","105","0","yes",""
"237","5","auger-auger-disabled-scholar-award-czxxwmqw0lsm","d1249ba1-97db-41ad-839d-fdd0e0ad657f","Auger & Auger Disabled Scholar Award","Auger & Auger Attorneys at Law","1,000","7/31/2026","law","yes","https://scholarshiptop.com/scholarships/auger-auger-disabled-scholar-award-czxxwmqw0lsm","yes","105","0","yes",""
"238","5","north-dakota-solid-waste-and-recycling-association-scholarship-05rredhwyvuo","e8269cd4-962f-45dc-bf26-02856f64349e","North Dakota Solid Waste and Recycling Association Scholarship","North Dakota Solid Waste and Recycling Association","1,000","7/31/2026","miscellaneous","yes","https://scholarshiptop.com/scholarships/north-dakota-solid-waste-and-recycling-association-scholarship-05rredhwyvuo","yes","105","0","yes",""
"239","5","majux-marketing-scholarship-ude2dumfxxv5","2ff221c2-04c8-486c-9356-8eb544137978","Majux Marketing Scholarship","Majux Marketing","1,000","7/30/2026","miscellaneous","yes","https://scholarshiptop.com/scholarships/majux-marketing-scholarship-ude2dumfxxv5","yes","105","0","yes",""
"240","5","the-deluca-adn-nursing-scholarship-u40omzlgiceg","12b31bbb-b6cc-4061-99f7-db513a95a0d0","The DeLuca ADN Nursing Scholarship","Phi Theta Kappa Honor Society","2,500 - 5,000","7/31/2026","medical","yes","https://scholarshiptop.com/scholarships/the-deluca-adn-nursing-scholarship-u40omzlgiceg","yes","105","0","yes",""
"241","5","floyd-hasselriis-educational-support-program-kbile23jwnzf","dfe12ca2-6c4e-4675-bf6f-4dcd6e3a9d8d","Floyd Hasselriis Educational Support Program","ASME International","1,965","7/31/2026","miscellaneous","yes","https://scholarshiptop.com/scholarships/floyd-hasselriis-educational-support-program-kbile23jwnzf","yes","105","0","yes",""
"242","5","cafe-bustelo-el-cafe-del-futuro-scholarship-f8lh3sblsczm","a98d0f73-1a6b-4e34-850f-f268b6f07436","Cafe Bustelo El Cafe Del Futuro Scholarship","Hispanic Association of Colleges and Universities","5,000","6/30/2026","miscellaneous","yes","https://scholarshiptop.com/scholarships/cafe-bustelo-el-cafe-del-futuro-scholarship-f8lh3sblsczm","yes","105","0","yes",""
"243","5","lba-foundation-scholarship-abjtxgnwyudu","cd7122b8-a8ca-42fd-8022-8dbb9fb97c4e","LBA Foundation Scholarship","Latino Business Association","500 - 1,500","7/30/2026","miscellaneous","yes","https://scholarshiptop.com/scholarships/lba-foundation-scholarship-abjtxgnwyudu","yes","105","0","yes",""
"244","5","eesi-future-climate-leaders-scholarship-zu6dkrtjj82s","85113067-6415-4215-ad95-4fd67fe98be2","EESI Future Climate Leaders Scholarship","UNCF","4,000","7/10/2026","humanities","yes","https://scholarshiptop.com/scholarships/eesi-future-climate-leaders-scholarship-zu6dkrtjj82s","yes","105","0","yes",""
"245","5","the-alku-scholarship-yhhqwmhfkx0c","cbc07e1d-c292-4890-9f5c-0ae144acbdc4","The ALKU Scholarship","Mass Mentoring Partnership","30,000","9/25/2026","community","yes","https://scholarshiptop.com/scholarships/the-alku-scholarship-yhhqwmhfkx0c","yes","105","0","yes",""
"246","5","latinos-in-finance-lif-scholarship-wqyifvylxfho","9897f240-abb1-45e4-a483-1399bf121a09","Latinos in Finance (LIF) Scholarship","Latinos In Finance","1,500","8/21/2026","stem","yes","https://scholarshiptop.com/scholarships/latinos-in-finance-lif-scholarship-wqyifvylxfho","yes","105","0","yes",""
"247","5","renewing-college-student-scholarship-pcea4x6fiwam","1bb98fe7-73c3-4782-a9c2-08ecf0591567","Renewing College Student Scholarship","West Yellowstone Foundation","5,000","6/15/2026","miscellaneous","yes","https://scholarshiptop.com/scholarships/renewing-college-student-scholarship-pcea4x6fiwam","yes","105","0","yes",""
"248","5","spartan-scholarship-l2iwgxopfqu6","b774d20d-ca92-44bf-8d38-b655e75adb62","Spartan Scholarship","International Executive Housekeepers Association","1,500","7/24/2026","miscellaneous","yes","https://scholarshiptop.com/scholarships/spartan-scholarship-l2iwgxopfqu6","yes","105","0","yes",""
"249","5","psi-chi-undergraduate-scholarship-akipizdc1ucd","9889288e-2e9d-4a26-90b4-3425a60ed560","Psi Chi Undergraduate Scholarship","Psi Chi","3,000","6/24/2026","miscellaneous","yes","https://scholarshiptop.com/scholarships/psi-chi-undergraduate-scholarship-akipizdc1ucd","yes","105","0","yes",""
"250","5","macy-s-mission-every-one-scholarship-e3o6c5wxv8dd","13880877-457e-47e3-b28e-030df7c5328a","Macy’s Mission Every One Scholarship","UNCF","5,000","7/7/2026","miscellaneous","yes","https://scholarshiptop.com/scholarships/macy-s-mission-every-one-scholarship-e3o6c5wxv8dd","yes","105","0","yes",""
"251","6","lowe-s-trailblazer-scholarship-yvnz6jwhrbso","0b84ea5b-b4ad-4ba5-9692-0481db61bfae","Lowe’s Trailblazer Scholarship","UNCF","4,250","6/19/2026","miscellaneous","yes","https://scholarshiptop.com/scholarships/lowe-s-trailblazer-scholarship-yvnz6jwhrbso","yes","105","0","yes",""
"252","6","michael-l-lomax-endowed-scholarship-rlqk8tlmsfgn","bb3dc4e4-baec-4a2f-991c-0375a1d5e050","Michael L. Lomax Endowed Scholarship","UNCF","10,000","6/19/2026","miscellaneous","yes","https://scholarshiptop.com/scholarships/michael-l-lomax-endowed-scholarship-rlqk8tlmsfgn","yes","105","0","yes",""
"253","6","health-care-scholars-united-graduate-vfypnp7w2un3","f55a015b-f1e7-4fef-b52a-c0b748325ab3","Health Care Scholars United: Graduate","UNCF","5,000","7/14/2026","stem","yes","https://scholarshiptop.com/scholarships/health-care-scholars-united-graduate-vfypnp7w2un3","yes","105","0","yes",""
"254","6","health-care-scholars-united-undergraduate-q9sag4ybljsv","d3e02721-7c99-42dc-b4b1-eff9a148373f","Health Care Scholars United: Undergraduate","UNCF","5,000","6/15/2026","stem","yes","https://scholarshiptop.com/scholarships/health-care-scholars-united-undergraduate-q9sag4ybljsv","yes","105","0","yes",""
"255","6","eric-r-marshall-and-susie-mitchell-marshall-scholarship-albb4eojqr4w","57f8f79f-8048-43ed-b829-7bedc915cf59","Eric R. Marshall and Susie Mitchell Marshall Scholarship","UNCF","6,000","7/31/2026","miscellaneous","yes","https://scholarshiptop.com/scholarships/eric-r-marshall-and-susie-mitchell-marshall-scholarship-albb4eojqr4w","yes","105","0","yes",""
"256","6","the-slater-millner-scholars-program-3lkstr7rk1tj","5f68b43a-0330-441b-9f9d-443a3d99d6d7","The Slater-Millner Scholars Program","UNCF","15,000","7/10/2026","medical","yes","https://scholarshiptop.com/scholarships/the-slater-millner-scholars-program-3lkstr7rk1tj","yes","105","0","yes",""
"257","6","gamewardens-association-scholarship-zy6s7bcbk5jj","4bbe6ecf-2c65-4ab8-8257-dc0ce200424f","Gamewardens Association Scholarship","Gamewardens Association, Vietnam to Present","2,000","7/15/2026","community","yes","https://scholarshiptop.com/scholarships/gamewardens-association-scholarship-zy6s7bcbk5jj","yes","105","0","yes",""
"258","6","chalik-chalik-cancer-survivors-scholarship-yzgadkkaa6wi","79335f6d-0262-444b-b5ae-227d8ba01184","Chalik & Chalik Cancer Survivors Scholarship","Chalik & Chalik Law Offices","1,000","11/15/2026","law","yes","https://scholarshiptop.com/scholarships/chalik-chalik-cancer-survivors-scholarship-yzgadkkaa6wi","yes","105","0","yes",""
"259","6","u-p-s-e-s-scholarship-tsfvrtjz3pkg","516ffc6e-cb72-4f06-adc7-0df50931304a","U.P.S.E.S. Scholarship","United Portuguese S.E.S.","1,000","7/15/2026","education","yes","https://scholarshiptop.com/scholarships/u-p-s-e-s-scholarship-tsfvrtjz3pkg","yes","105","0","yes",""
"260","6","gregory-l-finn-scholarship-srcqaocqna9b","aa5974a5-e97f-40a9-9e90-73640c848c68","Gregory L. Finn Scholarship","Massachusetts Farm Bureau Federation","500","7/15/2026","music","yes","https://scholarshiptop.com/scholarships/gregory-l-finn-scholarship-srcqaocqna9b","yes","105","0","yes",""
"261","6","pow-mia-survivors-scholarship-pxrvmvdxpoo3","4263d240-54b1-45d8-be1b-41324ffcfbe7","POW/MIA Survivors Scholarship","National Forty and Eight","500","7/15/2026","miscellaneous","yes","https://scholarshiptop.com/scholarships/pow-mia-survivors-scholarship-pxrvmvdxpoo3","yes","105","0","yes",""
"262","6","perfect-plants-nursery-scholarship-l6txqwkj2s86","22ea25a2-362d-4245-b9d8-91d8b6ba5e07","Perfect Plants Nursery Scholarship","Perfect Plants Nursery","1,000","8/20/2026","miscellaneous","yes","https://scholarshiptop.com/scholarships/perfect-plants-nursery-scholarship-l6txqwkj2s86","yes","105","0","yes",""
"263","6","florida-association-of-neonatal-nurse-practitioners-scholarship-l3fzqyllw5oq","ef2b86d2-1793-4383-8261-71d144e54014","Florida Association of Neonatal Nurse Practitioners Scholarship","Florida Association of Neonatal Nurse Practitioners","1,000 - 2,000","7/15/2026","medical","yes","https://scholarshiptop.com/scholarships/florida-association-of-neonatal-nurse-practitioners-scholarship-l3fzqyllw5oq","yes","105","0","yes",""
"264","6","albert-baker-scholarship-l2b7vgfnmapy","f944d4b9-6bd6-4373-b1eb-244bd6c8668e","Albert Baker Scholarship","The Albert Baker Fund","5,500","8/28/2026","stem","yes","https://scholarshiptop.com/scholarships/albert-baker-scholarship-l2b7vgfnmapy","yes","105","0","yes",""
"265","6","khyentse-foundation-phd-scholarship-hsnsqxinwpbc","602c104b-337e-4c42-a85c-23de73d3eb27","Khyentse Foundation PhD Scholarship","Khyentse Foundation","5,000","7/15/2026","miscellaneous","yes","https://scholarshiptop.com/scholarships/khyentse-foundation-phd-scholarship-hsnsqxinwpbc","yes","105","0","yes",""
"266","6","maine-water-environment-association-young-professionals-scholarship-f1qfi2vptbjq","a42576cf-56e8-4a8a-b282-037bcc12d636","Maine Water Environment Association Young Professionals Scholarship","Maine Water Environment Association","1,000","7/15/2026","education","yes","https://scholarshiptop.com/scholarships/maine-water-environment-association-young-professionals-scholarship-f1qfi2vptbjq","yes","105","0","yes",""
"267","6","wyoming-groundskeepers-and-growers-association-member-scholarship-zwcnnep76b4q","4be07236-4ffd-4681-b336-18a80438fdf7","Wyoming Groundskeepers and Growers Association Member Scholarship","Wyoming Groundskeepers and Growers Association","500","7/15/2026","miscellaneous","yes","https://scholarshiptop.com/scholarships/wyoming-groundskeepers-and-growers-association-member-scholarship-zwcnnep76b4q","yes","105","0","yes",""
"268","6","wyoming-groundskeepers-and-growers-association-horticulture-scholarship-zraxzmitvfus","cca24c54-8356-44e3-9b1e-dadb4ce7d200","Wyoming Groundskeepers and Growers Association Horticulture Scholarship","Wyoming Groundskeepers and Growers Association","500","7/15/2026","miscellaneous","yes","https://scholarshiptop.com/scholarships/wyoming-groundskeepers-and-growers-association-horticulture-scholarship-zraxzmitvfus","yes","105","0","yes",""
"269","6","american-legion-baseball-scholarship-xxawjepbvi2b","ad70a43a-7be8-45f7-bbc8-f97f9a4ece86","American Legion Baseball Scholarship","American Legion Baseball","500","7/15/2026","miscellaneous","yes","https://scholarshiptop.com/scholarships/american-legion-baseball-scholarship-xxawjepbvi2b","yes","105","0","yes",""
"270","6","j-d-hebert-steer-wrestling-scholarship-xuildosux0tk","b44f4a67-4199-43ac-bea7-03586450d6ce","J.D. Hebert Steer Wrestling Scholarship","National High School Rodeo Association","1,000","7/17/2026","miscellaneous","yes","https://scholarshiptop.com/scholarships/j-d-hebert-steer-wrestling-scholarship-xuildosux0tk","yes","105","0","yes",""
"271","6","nursethink-aacn-scholarship-xj12wtiakf7r","799e141a-8bec-49cd-a0a6-4bea07fa5042","NurseThink - AACN Scholarship","American Association of Colleges of Nursing","5,000","1/31/2027","education","yes","https://scholarshiptop.com/scholarships/nursethink-aacn-scholarship-xj12wtiakf7r","yes","105","0","yes",""
"272","6","isabel-m-paddock-student-scholarship-wpt6ol1mn0rx","d9bf76c8-c639-48a7-8c0f-5d7a525fea3b","Isabel M. Paddock Student Scholarship","New York State Association of Educational Office Professionals","500","7/15/2026","community","yes","https://scholarshiptop.com/scholarships/isabel-m-paddock-student-scholarship-wpt6ol1mn0rx","yes","105","0","yes",""
"273","6","florida-legion-baseball-scholarship-wlrvanerjblj","1c1a79ca-70f2-422e-a485-655caa76f945","Florida Legion Baseball Scholarship","The American Legion","500 - 1,000","7/15/2026","miscellaneous","yes","https://scholarshiptop.com/scholarships/florida-legion-baseball-scholarship-wlrvanerjblj","yes","105","0","yes",""
"274","6","barry-and-deanna-snyder-sr-chairman-s-scholarship-sgnagapjpmlh","57904152-bdb3-4335-b922-f4fcbc799c1b","Barry and Deanna Snyder, Sr. Chairman's Scholarship","Seneca Diabetes Foundation","5,000","7/17/2026","miscellaneous","yes","https://scholarshiptop.com/scholarships/barry-and-deanna-snyder-sr-chairman-s-scholarship-sgnagapjpmlh","yes","105","0","yes",""
"275","6","future-journalism-teacher-scholarship-mpwzijyzyczd","2f636bf6-2fe9-4f5e-a680-244e982d3f8a","Future Journalism Teacher Scholarship","Journalism Education Association","1,000","7/15/2026","education","yes","https://scholarshiptop.com/scholarships/future-journalism-teacher-scholarship-mpwzijyzyczd","yes","105","0","yes",""
"276","6","helen-f-nicloy-ceoe-member-scholarship-hvvcyxcw8sal","a324c223-18a9-42a0-90aa-446383c9a380","Helen F. Nicloy, CEOE, Member Scholarship","New York State Association of Educational Office Professionals","500","7/15/2026","education","yes","https://scholarshiptop.com/scholarships/helen-f-nicloy-ceoe-member-scholarship-hvvcyxcw8sal","yes","105","0","yes",""
"277","6","geraldine-memmo-scholarship-fbbrew1mbunr","56b1e07b-0dde-48c1-9502-59e1dc83e82e","Geraldine Memmo Scholarship","Seneca Diabetes Foundation","5,000","7/17/2026","humanities","yes","https://scholarshiptop.com/scholarships/geraldine-memmo-scholarship-fbbrew1mbunr","yes","105","0","yes",""
"278","6","nathan-l-anderson-memorial-scholarship-e9tuz4s0qkou","b7596a65-546e-4cfd-b8f2-53de45b409a5","Nathan L. Anderson Memorial Scholarship","Nathan L. Anderson Memorial Scholarship Foundation","1,500 - 4,000","7/15/2026","stem","yes","https://scholarshiptop.com/scholarships/nathan-l-anderson-memorial-scholarship-e9tuz4s0qkou","yes","105","0","yes",""
"279","6","north-dakota-indian-scholarship-4itbjv2imahv","60f24a79-61bb-4d41-ba54-e978dd9aeb0e","North Dakota Indian Scholarship","North Dakota University System","2,000","7/15/2026","education","yes","https://scholarshiptop.com/scholarships/north-dakota-indian-scholarship-4itbjv2imahv","yes","105","0","yes",""
"280","6","frank-emmet-scholarship-1yprpmebdywx","b057b23f-cdf8-499d-804d-43bf436c1200","Frank Emmet Scholarship","Washington Metropolitan Golf Association","1,500 - 2,000","7/15/2026","miscellaneous","yes","https://scholarshiptop.com/scholarships/frank-emmet-scholarship-1yprpmebdywx","yes","105","0","yes",""
"281","6","graduate-scholarship-18vlhpvhtqph","977ca01d-15fa-4eac-8c9c-d46c55c7fb44","Graduate Scholarship","Florida Polytechnic University","8,000","7/15/2026","miscellaneous","yes","https://scholarshiptop.com/scholarships/graduate-scholarship-18vlhpvhtqph","yes","105","0","yes",""
"282","6","nshss-film-and-video-production-scholarship-hp5trs5c9pk3","20355f3a-6d12-47fb-b2e6-8d79fb337ab3","NSHSS Film and Video Production Scholarship","National Society of High School Scholars Foundation","2,000","10/31/2026","music","yes","https://scholarshiptop.com/scholarships/nshss-film-and-video-production-scholarship-hp5trs5c9pk3","yes","105","0","yes",""
"283","6","central-texas-section-water-environment-association-of-texas-scholarship-hrjluwzmgdxq","df80aaf8-09a8-48df-963b-5f4053ae5e6c","Central Texas Section Water Environment Association of Texas Scholarship","Water Environment Association of Texas-Central Texas Section","500 - 1,000","8/5/2026","stem","yes","https://scholarshiptop.com/scholarships/central-texas-section-water-environment-association-of-texas-scholarship-hrjluwzmgdxq","yes","105","0","yes",""
"284","6","numerix-women-in-finance-scholarship-gcxpql0gmwla","e156ed89-eed3-4c96-b53c-1065b71e8e3c","Numerix Women in Finance Scholarship","Numerix","20,000","6/12/2026","disability","yes","https://scholarshiptop.com/scholarships/numerix-women-in-finance-scholarship-gcxpql0gmwla","yes","105","0","yes",""
"285","6","nshss-visual-arts-scholarship-eiqqfxk2eojx","dd58793a-c027-4125-8971-c0efec16a1d1","NSHSS Visual Arts Scholarship","National Society of High School Scholars Foundation","1,000","10/31/2026","arts","yes","https://scholarshiptop.com/scholarships/nshss-visual-arts-scholarship-eiqqfxk2eojx","yes","105","0","yes",""
"286","6","paula-kovarick-segalman-family-scholarship-for-als-ikzzp8le9nol","2741485b-cd13-44a8-bf38-b601a0b7301e","Paula Kovarick Segalman Family Scholarship for ALS","EveryLife Foundation for Rare Diseases","5,000","6/16/2026","medical","yes","https://scholarshiptop.com/scholarships/paula-kovarick-segalman-family-scholarship-for-als-ikzzp8le9nol","yes","105","0","yes",""
"287","6","publix-cares-scholarship-0btxwtire8qj","1af1f898-3ac8-485c-8ac9-84cad1858402","Publix Cares Scholarship","UNCF","2,000","7/17/2026","miscellaneous","yes","https://scholarshiptop.com/scholarships/publix-cares-scholarship-0btxwtire8qj","yes","105","0","yes",""
"288","6","child-of-ncpha-member-scholarship-prrh5dvlh6dk","e128caf3-c572-4d52-868a-b7315698c9da","Child of NCPHA Member Scholarship","North Carolina Public Health Association","1,500","7/8/2026","miscellaneous","yes","https://scholarshiptop.com/scholarships/child-of-ncpha-member-scholarship-prrh5dvlh6dk","yes","105","0","yes",""
"289","6","emily-s-light-cystic-fibrosis-foundation-scholarship-nyuftjl8zhhu","acb34c64-77fc-4c67-acbf-7f17b2d8d026","Emily's Light Cystic Fibrosis Foundation Scholarship","Emily's Light Cystic Fibrosis Foundation","3,000","7/31/2026","miscellaneous","yes","https://scholarshiptop.com/scholarships/emily-s-light-cystic-fibrosis-foundation-scholarship-nyuftjl8zhhu","yes","105","0","yes",""
"290","6","ncpha-associate-technical-degree-or-certificate-scholarship-irqarr6fnab1","f1c6abe9-04fd-49b7-800b-6659e8eaf31b","NCPHA Associate/Technical Degree or Certificate Scholarship","North Carolina Public Health Association","500","7/8/2026","miscellaneous","yes","https://scholarshiptop.com/scholarships/ncpha-associate-technical-degree-or-certificate-scholarship-irqarr6fnab1","yes","105","0","yes",""
"291","6","ncpha-women-s-and-children-s-health-section-scholarship-in-memory-of-dr--yjmxka14raqk","ef444554-ca34-4aa5-a2d9-f7fabcc3ba3e","NCPHA Women's and Children's Health Section Scholarship in Memory of Dr. Ann Wolfe","North Carolina Public Health Association","500","7/8/2026","miscellaneous","yes","https://scholarshiptop.com/scholarships/ncpha-women-s-and-children-s-health-section-scholarship-in-memory-of-dr--yjmxka14raqk","yes","105","0","yes",""
"292","6","coap-scholarship-o06etmsmbogs","a3213eef-3efa-4897-91e1-5c9cc4d65746","COAP Scholarship","New York State Society of Certified Public Accountants","2,000","7/10/2026","miscellaneous","yes","https://scholarshiptop.com/scholarships/coap-scholarship-o06etmsmbogs","yes","105","0","yes",""
"293","6","north-carolina-public-health-association-undergraduate-graduate-educatio-dij7n4l1koig","697f2f1c-71ec-457c-829e-31dd430dbe4a","North Carolina Public Health Association Undergraduate/Graduate Education Scholarship","North Carolina Public Health Association","1,500","7/8/2026","education","yes","https://scholarshiptop.com/scholarships/north-carolina-public-health-association-undergraduate-graduate-educatio-dij7n4l1koig","yes","105","0","yes",""
"294","6","the-c-charles-vach-scholarship-vqdxv0i5g60m","f922eb45-f744-4705-84cd-6876dadc06d2","The C. Charles Vaché Scholarship","Episcopal Diocese of Southern Virginia","500 - 2,500","7/7/2026","miscellaneous","yes","https://scholarshiptop.com/scholarships/the-c-charles-vach-scholarship-vqdxv0i5g60m","yes","105","0","yes",""
"295","6","bigfuture-scholarships-start-your-career-list-class-of-2028-lnrw0xdfsyta","b201e193-0afa-4682-823f-00e8112f51f5","BigFuture Scholarships: Start Your Career List (Class of 2028)","College Board","500 - 40,000","11/30/2027","miscellaneous","yes","https://scholarshiptop.com/scholarships/bigfuture-scholarships-start-your-career-list-class-of-2028-lnrw0xdfsyta","yes","105","0","yes",""
"296","6","the-phyllis-b-price-memorial-scholarship-aapfffvvcinr","8328e48b-f533-4478-91e8-8b34c2d57750","The Phyllis B. Price Memorial Scholarship","Kingdom Authority Ministries Outreach","500 - 1,000","8/31/2026","community","yes","https://scholarshiptop.com/scholarships/the-phyllis-b-price-memorial-scholarship-aapfffvvcinr","yes","105","0","yes",""
"297","6","aamn-scholarship-8wj39il2gtks","87748690-a466-41f5-857a-2c02a2ce1903","AAMN Scholarship","American Association for Men in Nursing","1,000","8/24/2026","medical","yes","https://scholarshiptop.com/scholarships/aamn-scholarship-8wj39il2gtks","yes","105","0","yes",""
"298","6","iqc-achievement-award-at-university-of-waterloo-2026-iqc-achievement-award-at-univers","4c8d8c43-d890-44fb-8162-570fab9260d4","IQC Achievement Award at University of Waterloo 2026","University of Waterloo, Canada","Partial Funding, CAD 5,000","10 Jun, 2026","stem","yes","https://scholarshiptop.com/scholarships/iqc-achievement-award-at-university-of-waterloo-2026-iqc-achievement-award-at-univers","yes","105","0","yes",""
"299","6","inch-engineering-research-award-at-university-of-waterloo-2026-inch-engineering-research-award-","fca7a07c-ba72-4b50-bb03-06b837e874bd","Inch Engineering Research Award at University of Waterloo 2026","University of Waterloo, Canada","Partial Funding, CAD 6,000","01 Oct, 2026","stem","yes","https://scholarshiptop.com/scholarships/inch-engineering-research-award-at-university-of-waterloo-2026-inch-engineering-research-award-","yes","105","0","yes",""
"300","6","university-of-queensland-randall-silcock-grant-2026-randall-silcock-grant","bc1f1c9f-7070-48e4-bc7e-f42d1464ac64","University of Queensland Randall Silcock Grant 2026","University of Queensland (UQ)","Partial Funding, up to AUD 1,000","30 May, 2026","medical","yes","https://scholarshiptop.com/scholarships/university-of-queensland-randall-silcock-grant-2026-randall-silcock-grant","yes","105","0","yes",""
"301","7","rosalie-tydings-business-and-professional-womens-scholarship-endowment-f-rosalie-tydings-business-and-pro","b6c75c3a-c30b-4e9b-b0e5-6d8c9fadc82b","Rosalie Tydings Business and Professional Womens Scholarship Endowment Fund at University of Maryland Baltimore County 2026","University of Maryland, Baltimore County (UMBC)","Partial Funding, Varies","30 May, 2026","miscellaneous","yes","https://scholarshiptop.com/scholarships/rosalie-tydings-business-and-professional-womens-scholarship-endowment-f-rosalie-tydings-business-and-pro","yes","105","0","yes",""
"302","7","kate-challis-raka-award-at-university-of-melbourne-2026-kate-challis-raka-award","7693315e-6670-4ef5-bbe5-faa74d892d1f","Kate Challis RAKA Award at University of Melbourne 2026","University of Melbourne","Partial Funding, up to AUD $25,000","09 Jun, 2026","arts","yes","https://scholarshiptop.com/scholarships/kate-challis-raka-award-at-university-of-melbourne-2026-kate-challis-raka-award","yes","105","0","yes",""
"303","7","gust-w-mitchell-endowed-scholarship-fund-at-university-of-maryland-balti-gust-w-mitchell-endowed-scholars","7f3b3493-ca63-4342-aa83-91bab5044df6","Gust W. Mitchell Endowed Scholarship Fund at University of Maryland, Baltimore County (UMBC) 2026","University of Maryland, Baltimore County (UMBC)","Partial Funding, Varies","30 May, 2026","miscellaneous","yes","https://scholarshiptop.com/scholarships/gust-w-mitchell-endowed-scholarship-fund-at-university-of-maryland-balti-gust-w-mitchell-endowed-scholars","yes","105","0","yes",""
"304","7","theatre-scholarship-for-incoming-freshman-at-university-of-utah-2026-theatre-scholarship-for-incoming","82b1ecce-fd7a-40d8-ba1a-b494bd3d91b7","Theatre Scholarship for Incoming Freshman at University of Utah 2026","University of Utah","Partial Funding, varies","30 Aug, 2026","miscellaneous","yes","https://scholarshiptop.com/scholarships/theatre-scholarship-for-incoming-freshman-at-university-of-utah-2026-theatre-scholarship-for-incoming","yes","105","0","yes",""
"305","7","qin-sirong-and-yin-hongxiu-scholarship-at-university-of-queensland-2026-qin-sirong-and-yin-hongxiu-schol","864ee0de-a0f5-44f7-aa9e-9e7631b8187e","Qin Sirong and Yin Hongxiu Scholarship at University of Queensland 2026","University of Queensland (UQ)","Only tuition fees, Tuition fees","31 Oct, 2026","law","yes","https://scholarshiptop.com/scholarships/qin-sirong-and-yin-hongxiu-scholarship-at-university-of-queensland-2026-qin-sirong-and-yin-hongxiu-schol","yes","105","0","yes",""
"306","7","hugh-mackinnon-graduate-scholarship-at-university-of-waterloo-2026-hugh-mackinnon-graduate-scholars","91c51ed3-7b22-4da2-9ceb-43bfcd5d1dad","Hugh MacKinnon Graduate Scholarship at University of Waterloo 2026","University of Waterloo, Canada","Partial Funding, CAD 1,200","10 Jun, 2026","humanities","yes","https://scholarshiptop.com/scholarships/hugh-mackinnon-graduate-scholarship-at-university-of-waterloo-2026-hugh-mackinnon-graduate-scholars","yes","105","0","yes",""
"307","7","howard-armitage-graduate-community-leadership-award-at-university-of-wat-howard-armitage-graduate-communi","d2a129cc-dc7b-4d6b-8cdc-e9eb56326278","Howard Armitage Graduate Community Leadership Award at University of Waterloo 2026","University of Waterloo, Canada","Partial Funding, CAD 1,200","10 Jun, 2026","stem","yes","https://scholarshiptop.com/scholarships/howard-armitage-graduate-community-leadership-award-at-university-of-wat-howard-armitage-graduate-communi","yes","105","0","yes",""
"308","7","hira-and-renu-ahuja-international-graduate-scholarship-at-university-of--hira-and-renu-ahuja-internationa","72d75734-0b6c-4c39-9b7e-1868f55e5803","Hira and Renu Ahuja International Graduate Scholarship at University of Waterloo 2026","University of Waterloo, Canada","Partial Funding, CAD 10,000","10 Jun, 2026","stem","yes","https://scholarshiptop.com/scholarships/hira-and-renu-ahuja-international-graduate-scholarship-at-university-of--hira-and-renu-ahuja-internationa","yes","105","0","yes",""
"309","7","hertha-brichta-award-for-german-studies-at-university-of-waterloo-2026-hertha-brichta-award-for-german-","c0f65b03-1ea5-4a44-afb0-7d657fc8aca2","Hertha Brichta Award for German Studies at University of Waterloo 2026","University of Waterloo, Canada","Partial Funding, CAD 1,000","10 Jun, 2026","arts","yes","https://scholarshiptop.com/scholarships/hertha-brichta-award-for-german-studies-at-university-of-waterloo-2026-hertha-brichta-award-for-german-","yes","105","0","yes",""
"310","7","hawk-scholars-scholarship-at-uhcl-2026-hawk-scholars-scholarship-at-uhc","abe289c4-4aa4-4557-820a-cc6c82bb3bf2","Hawk Scholars Scholarship at UHCL 2026","University of Houston - Clear Lake","Partial Funding, USD 2,000","15 May, 2026","miscellaneous","yes","https://scholarshiptop.com/scholarships/hawk-scholars-scholarship-at-uhcl-2026-hawk-scholars-scholarship-at-uhc","yes","105","0","yes",""
"311","7","harvey-bains-and-ben-kaak-doctoral-award-at-university-of-waterloo-2026-harvey-bains-and-ben-kaak-doctor","568b8a36-18bd-41a5-a711-70dc8d2e53ba","Harvey Bains and Ben Kaak Doctoral Award at University of Waterloo 2026","University of Waterloo, Canada","Partial Funding, CAD 5,000","01 Oct, 2026","arts","yes","https://scholarshiptop.com/scholarships/harvey-bains-and-ben-kaak-doctoral-award-at-university-of-waterloo-2026-harvey-bains-and-ben-kaak-doctor","yes","105","0","yes",""
"312","7","h-winston-algate-scholarship-at-university-of-waterloo-2026-h-winston-algate-scholarship-at-","d1b16fb2-bd9a-4c34-ba1c-1a817ec6c42e","H. Winston Algate Scholarship at University of Waterloo 2026","University of Waterloo, Canada","Partial Funding, Varies","10 Jun, 2026","stem","yes","https://scholarshiptop.com/scholarships/h-winston-algate-scholarship-at-university-of-waterloo-2026-h-winston-algate-scholarship-at-","yes","105","0","yes",""
"313","7","graduate-student-teaching-assistant-award-in-philosophy-at-university-of-graduate-student-teaching-assist","d4eeeea6-5374-4491-9d97-1a15355cc318","Graduate Student Teaching Assistant Award in Philosophy at University of Waterloo 2026","University of Waterloo, Canada","Partial Funding, CAD 200","10 Jun, 2026","education","yes","https://scholarshiptop.com/scholarships/graduate-student-teaching-assistant-award-in-philosophy-at-university-of-graduate-student-teaching-assist","yes","105","0","yes",""
"314","7","graduate-student-parental-leave-bursary-at-university-of-waterloo-2026-graduate-student-parental-leave-","3828d2cb-e684-4338-b854-dc0960ffaf6f","Graduate Student Parental Leave Bursary at University of Waterloo 2026","University of Waterloo, Canada","Partial Funding, CAD 8,000","10 Jun, 2026","education","yes","https://scholarshiptop.com/scholarships/graduate-student-parental-leave-bursary-at-university-of-waterloo-2026-graduate-student-parental-leave-","yes","105","0","yes",""
"315","7","graduate-student-medical-leave-award-at-university-of-waterloo-2026-graduate-student-medical-leave-a","ca6cc11c-a39b-433e-a397-b652b474f40e","Graduate Student Medical Leave Award at University of Waterloo 2026","University of Waterloo, Canada","Partial Funding, up to CAD 5,000","10 Jun, 2026","medical","yes","https://scholarshiptop.com/scholarships/graduate-student-medical-leave-award-at-university-of-waterloo-2026-graduate-student-medical-leave-a","yes","105","0","yes",""
"316","7","graduate-student-instructor-award-in-philosophy-at-university-of-waterlo-graduate-student-instructor-awar","6e675593-55c7-4f6f-8c4c-ddf628597cbe","Graduate Student Instructor Award in Philosophy at University of Waterloo 2026","University of Waterloo, Canada","Partial Funding, CAD 200","10 Jun, 2026","education","yes","https://scholarshiptop.com/scholarships/graduate-student-instructor-award-in-philosophy-at-university-of-waterlo-graduate-student-instructor-awar","yes","105","0","yes",""
"317","7","graduate-student-contingency-bursary-at-university-of-waterloo-2026-graduate-student-contingency-bur","cbebebfb-d981-4291-bf00-eeaf016f368a","Graduate Student Contingency Bursary at University of Waterloo 2026","University of Waterloo, Canada","Partial Funding, Varies","15 Sep, 2026","disability","yes","https://scholarshiptop.com/scholarships/graduate-student-contingency-bursary-at-university-of-waterloo-2026-graduate-student-contingency-bur","yes","105","0","yes",""
"318","7","graduate-scholarship-in-clinical-psychology-at-university-of-waterloo-20-graduate-scholarship-in-clinical","e517d774-7fa6-49f8-b141-fb51d2f32f18","Graduate Scholarship in Clinical Psychology at University of Waterloo 2026","University of Waterloo, Canada","Partial Funding, CAD 4,000","10 Jun, 2026","arts","yes","https://scholarshiptop.com/scholarships/graduate-scholarship-in-clinical-psychology-at-university-of-waterloo-20-graduate-scholarship-in-clinical","yes","105","0","yes",""
"319","7","graduate-professional-communication-award-at-university-of-waterloo-2026-graduate-professional-communicat","93b8a9d1-f855-4f7d-b894-708926a1b1c7","Graduate Professional Communication Award at University of Waterloo 2026","University of Waterloo, Canada","Partial Funding, CAD 400","10 Jun, 2026","arts","yes","https://scholarshiptop.com/scholarships/graduate-professional-communication-award-at-university-of-waterloo-2026-graduate-professional-communicat","yes","105","0","yes",""
"320","7","san-diego-chapter-aep-scholarship-7gsnyrrk3ngm","7f40c43b-3b29-467e-9219-c1b74a52e058","San Diego Chapter AEP Scholarship","Association of Environmental Professionals-San Diego Chapter","2,000","8/1/2026","miscellaneous","yes","https://scholarshiptop.com/scholarships/san-diego-chapter-aep-scholarship-7gsnyrrk3ngm","yes","105","0","yes",""
"321","7","carl-pollock-postgraduate-fellowship-in-engineering-at-university-of-wat-carl-pollock-postgraduate-fellow","1c075f44-3e9c-434b-80fb-cda078100adf","Carl Pollock Postgraduate Fellowship in Engineering at University of Waterloo 2026","University of Waterloo, Canada","Partial Funding, CAD 23,000","31 May, 2026","stem","yes","https://scholarshiptop.com/scholarships/carl-pollock-postgraduate-fellowship-in-engineering-at-university-of-wat-carl-pollock-postgraduate-fellow","yes","105","0","yes",""
"322","7","catherine-and-feridun-hamdullahpur-graduate-scholarship-at-university-of-catherine-and-feridun-hamdullahp","18387cc7-97a7-4380-9dca-489ec4dfb1c2","Catherine and Feridun Hamdullahpur Graduate Scholarship at University of Waterloo 2026","University of Waterloo, Canada","Partial Funding, CAD 2,000","31 May, 2026","disability","yes","https://scholarshiptop.com/scholarships/catherine-and-feridun-hamdullahpur-graduate-scholarship-at-university-of-catherine-and-feridun-hamdullahp","yes","105","0","yes",""
"323","7","hermann-f-eilts-scholarship-at-american-university-of-cairo-2026-hermann-f-eilts-scholarships-at-","0b04bcf8-b212-41f0-9b6d-1edc1788951f","Hermann F. Eilts Scholarship at American University of Cairo 2026","The American University in Cairo","Partial Funding, Varies","01 Jun, 2026","humanities","yes","https://scholarshiptop.com/scholarships/hermann-f-eilts-scholarship-at-american-university-of-cairo-2026-hermann-f-eilts-scholarships-at-","yes","105","0","yes",""
"324","7","international-post-graduate-scholarship-at-arts-university-bournemouth-2-international-postgraduate-schol","77a8f75e-084f-444f-ab9f-50d50bcd3416","International Post-Graduate Scholarship at Arts University Bournemouth 2026","Arts University Bournemouth (AUB)","Partial Funding, Up to GBP 6,000","31 May, 2026","arts","yes","https://scholarshiptop.com/scholarships/international-post-graduate-scholarship-at-arts-university-bournemouth-2-international-postgraduate-schol","yes","105","0","yes",""
"325","7","civil-and-environmental-engineering-graduate-award-at-university-of-wate-civil-and-environmental-engineer","67fb0881-c35b-42da-b166-a9e375d89cc6","Civil and Environmental Engineering Graduate Award at University of Waterloo 2026","University of Waterloo, Canada","Partial Funding, CAD 500","31 May, 2026","stem","yes","https://scholarshiptop.com/scholarships/civil-and-environmental-engineering-graduate-award-at-university-of-wate-civil-and-environmental-engineer","yes","105","0","yes",""
"326","7","japanese-government-scholarships-undergraduate-students-ug-2026-japanese-government-scholarships","914e672f-a5ae-4d82-8265-b3f002189e1d","Japanese Government Scholarships Undergraduate Students (UG) 2026","Ministry of Education, Culture, Sports, Science, and Technology (MEXT)","Full Funding, Tuition fees + Monthly living allowance + Round?trip airfare to/from Japan","26 May, 2026","education","yes","https://scholarshiptop.com/scholarships/japanese-government-scholarships-undergraduate-students-ug-2026-japanese-government-scholarships","yes","105","0","yes",""
"327","7","texas-state-distinguished-scholarship-at-texas-state-university-2026-texas-state-distinguished-schola","a3a477e9-c58d-4d66-a33a-0c5014c20ae3","Texas State Distinguished Scholarship at Texas State University 2026","Texas State University (TXST), San Marcos","Partial Funding, up to USD 5,000 annually","31 May, 2026","miscellaneous","yes","https://scholarshiptop.com/scholarships/texas-state-distinguished-scholarship-at-texas-state-university-2026-texas-state-distinguished-schola","yes","105","0","yes",""
"328","7","egyptian-public-schools-scholarships-at-the-american-university-in-cairo-egyptian-public-schools-scholars","352dba86-9178-4795-a5a5-b477fcd7259c","Egyptian Public Schools Scholarships at The American University in Cairo 2026","The American University in Cairo","Full Funding, Tuition fees + Accommodation + Transportation","01 Jun, 2026","stem","yes","https://scholarshiptop.com/scholarships/egyptian-public-schools-scholarships-at-the-american-university-in-cairo-egyptian-public-schools-scholars","yes","105","0","yes",""
"329","7","excellence-scholarship-program-at-the-american-university-in-cairo-2026-auc-scholarships-for-graduate-st","c10301f2-25cf-41d8-a3f0-c1d34fb27527","Excellence Scholarship Program at The American University in Cairo 2026","The American University in Cairo","Partial Funding, Coverage of 20% - 100%","01 Jun, 2026","arts","yes","https://scholarshiptop.com/scholarships/excellence-scholarship-program-at-the-american-university-in-cairo-2026-auc-scholarships-for-graduate-st","yes","105","0","yes",""
"330","7","master-of-design-technology-research-scholarship-at-victoria-university--master-of-design-technology-rese","d9b4ef86-e317-4657-ae27-1f3acf96071d","Master of Design Technology Research Scholarship at Victoria University of Wellington 2026","Victoria University of Wellington","Only tuition fees, NZD 1,000","30 May, 2026","arts","yes","https://scholarshiptop.com/scholarships/master-of-design-technology-research-scholarship-at-victoria-university--master-of-design-technology-rese","yes","105","0","yes",""
"331","7","vice-chancellors-international-attainment-scholarship-at-queens-university-belfast-2025","04670862-f82b-4854-b685-23351f6f8f52","Vice-Chancellors International Attainment Scholarship at Queens University Belfast 2025","Queens University Belfast","Not funding","04 Jun 2026","education","yes","https://scholarshiptop.com/scholarships/vice-chancellors-international-attainment-scholarship-at-queens-university-belfast-2025","yes","105","0","yes",""
"332","7","ecu-higher-degree-by-research-scholarships-2026-ecu-international-postgraduate-r","8e712fbc-4cc7-419e-8738-8ba5172786de","ECU Higher Degree by Research Scholarships 2026","ECU South West Edith Cowan University, Bunbury","Full Funding, tuition fee + relocation allowance + overseas Students Health Cover","31 May, 2026","miscellaneous","yes","https://scholarshiptop.com/scholarships/ecu-higher-degree-by-research-scholarships-2026-ecu-international-postgraduate-r","yes","105","0","yes",""
"333","7","warrior-award-for-incoming-first-year-undergraduates-at-wayne-state-univ-warrior-award-for-incoming-first","93f08f16-cc10-4a66-b4e3-16c5dd28f43c","Warrior Award for incoming first-year undergraduates at Wayne State universities 2026","Wayne State University(WSU)","Partial Funding, USD 6,500 per year for 4 consecutive years","01 Aug, 2026","miscellaneous","yes","https://scholarshiptop.com/scholarships/warrior-award-for-incoming-first-year-undergraduates-at-wayne-state-univ-warrior-award-for-incoming-first","yes","105","0","yes",""
"334","7","university-of-glasgow-buid-scholarship-2026-university-of-glasgow-buid-schol","8592298a-d14c-40f2-be13-4d14a85e87aa","University of Glasgow - BUID Scholarship 2026","University of Glasgow","Partial Funding, 20% tuition fee waiver p.a.","31 May, 2026","stem","yes","https://scholarshiptop.com/scholarships/university-of-glasgow-buid-scholarship-2026-university-of-glasgow-buid-schol","yes","105","0","yes",""
"335","7","txst-strutters-scholarship-at-texas-state-university-2026-txst-strutters-scholarship-at-te","8f5a6cce-5b08-4bc1-a956-262b6f8c461e","TXST Strutters Scholarship at Texas State University 2026","Texas State University (TXST), San Marcos","Partial Funding, USD $1,000","30 Jun, 2026","miscellaneous","yes","https://scholarshiptop.com/scholarships/txst-strutters-scholarship-at-texas-state-university-2026-txst-strutters-scholarship-at-te","yes","105","0","yes",""
"336","7","eva-sophie-s-guin-scholarship-at-bard-college-berlin-2026-evasophie-sguin-scholarship-at-b","2a2ba62d-aad9-4d0e-82c4-0296218a53c5","Eva-Sophie Séguin Scholarship at Bard College Berlin 2026","Bard College","Partial Funding, Up to the full cost of on-campus room and board","15 Oct, 2026","arts","yes","https://scholarshiptop.com/scholarships/eva-sophie-s-guin-scholarship-at-bard-college-berlin-2026-evasophie-sguin-scholarship-at-b","yes","105","0","yes",""
"337","7","international-excellence-scholarship-at-arkansas-tech-university-2026-arkansas-tech-university-interna","6715eeb7-989b-4ae1-808b-ae87c54d9cb2","International Excellence Scholarship at Arkansas Tech University 2026","Arkansas Tech University","Partial Funding, USD 4,500 per semester","30 Sep, 2026","miscellaneous","yes","https://scholarshiptop.com/scholarships/international-excellence-scholarship-at-arkansas-tech-university-2026-arkansas-tech-university-interna","yes","105","0","yes",""
"338","7","university-of-edinburgh-business-school-deans-excellence-scholarship-202-university-of-edinburgh-business","ce8a3864-971a-43d3-bf6b-5be95ffd6642","University of Edinburgh Business School Deans Excellence Scholarship 2025","Edinburgh Business School (Heriot-Watt University)","Partial Funding, up to GBP 10,000 towards tuition fee","08 Jun, 2026","stem","yes","https://scholarshiptop.com/scholarships/university-of-edinburgh-business-school-deans-excellence-scholarship-202-university-of-edinburgh-business","yes","105","0","yes",""
"339","7","sisson-family-scholarship-at-melbourne-university-2026-sisson-family-scholarship","0208d895-92e7-4bca-8d83-a4cab4fe97aa","Sisson Family Scholarship at Melbourne University 2026","University of Melbourne","Partial Funding, Up to AUD 97,000","30 Nov, 2026","stem","yes","https://scholarshiptop.com/scholarships/sisson-family-scholarship-at-melbourne-university-2026-sisson-family-scholarship","yes","105","0","yes",""
"340","7","sansa-postgraduate-bursaries-2027-sansa-postgraduate-bursaries","2adb0b6b-c0dd-4100-ac6f-a6d935f103c3","SANSA Postgraduate Bursaries 2027","South African National Space Agency (SANSA)","Partial Funding, Varies","30 Sep, 2026","stem","yes","https://scholarshiptop.com/scholarships/sansa-postgraduate-bursaries-2027-sansa-postgraduate-bursaries","yes","105","0","yes",""
"341","7","richard-davidson-postgraduate-scholarship-at-university-of-edinburgh-202-richard-davidson-postgraduate-sc","cb838bfc-440d-49c6-a4ac-78fcd55a839e","Richard Davidson Postgraduate Scholarship at University of Edinburgh 2026","University of Edinburgh","Partial Funding, GBP 4,000","15 Jun, 2026","miscellaneous","yes","https://scholarshiptop.com/scholarships/richard-davidson-postgraduate-scholarship-at-university-of-edinburgh-202-richard-davidson-postgraduate-sc","yes","105","0","yes",""
"342","7","provosts-assistantship-at-university-of-new-haven-2026-provosts-assistantship-at-univer","98deb2eb-7eb7-481f-90c6-2c90c6ecf8c4","Provosts Assistantship at University of New Haven 2026","University of New Haven (UNH)","Only tuition fees, 75% tuition fees assistance + other benefits","01 Oct, 2026","miscellaneous","yes","https://scholarshiptop.com/scholarships/provosts-assistantship-at-university-of-new-haven-2026-provosts-assistantship-at-univer","yes","105","0","yes",""
"343","7","mpa-tuition-waivers-at-southern-utah-university-2026-mpa-edition-tuition-waivers","85aa3c69-e10f-49be-8881-04abaf45e077","MPA Tuition Waivers at Southern Utah University 2026","Southern Utah University (SUU)","Only tuition fees, Tuition waiver","02 Jul, 2026","miscellaneous","yes","https://scholarshiptop.com/scholarships/mpa-tuition-waivers-at-southern-utah-university-2026-mpa-edition-tuition-waivers","yes","105","0","yes",""
"344","7","mba-scholarships-by-edinburgh-business-school-at-heriot-watt-university--mba-scholarships-by-edinburgh-bu","99cb0a8d-61d5-48b7-9328-5a6077aafd5b","MBA Scholarships by Edinburgh Business School at Heriot-Watt University 2026","Heriot-Watt University, Malaysia","Partial Funding, Varies","01 Aug, 2026","miscellaneous","yes","https://scholarshiptop.com/scholarships/mba-scholarships-by-edinburgh-business-school-at-heriot-watt-university--mba-scholarships-by-edinburgh-bu","yes","105","0","yes",""
"345","7","masters-excellence-scholarship-at-university-of-essex-2026-masters-excellence-scholarship-a","d5e9cd8e-70a0-4fb9-b8c6-4fb2e6e5bc14","Masters Excellence Scholarship at University of Essex 2026","University of Essex","Only tuition fees, upto 25% discount on tuition fee","31 May, 2026","miscellaneous","yes","https://scholarshiptop.com/scholarships/masters-excellence-scholarship-at-university-of-essex-2026-masters-excellence-scholarship-a","yes","105","0","yes",""
"346","7","green-award-for-incoming-first-year-undergraduates-at-wayne-state-univer-green-award-for-incoming-firstye","36fba7ba-b5ac-4874-a1e8-50890103f939","Green Award for incoming first-year undergraduates at Wayne State University 2026","Wayne State University(WSU)","Partial Funding, USD 2,500 per year for four consecutive years.","01 Aug, 2026","miscellaneous","yes","https://scholarshiptop.com/scholarships/green-award-for-incoming-first-year-undergraduates-at-wayne-state-univer-green-award-for-incoming-firstye","yes","105","0","yes",""
"347","7","c-j-dick-ruth-a-sprenger-graduate-scholarship-at-university-of-waterloo--cj-dick-ruth-a-sprenger-graduate","ee3e374b-7c8f-46f6-b4aa-ba611e9ad38d","C.J. Dick & Ruth A. Sprenger Graduate Scholarship at University of Waterloo 2026","University of Waterloo, Canada","Partial Funding, CAD 1,500","01 Oct, 2026","stem","yes","https://scholarshiptop.com/scholarships/c-j-dick-ruth-a-sprenger-graduate-scholarship-at-university-of-waterloo--cj-dick-ruth-a-sprenger-graduate","yes","105","0","yes",""
"348","7","gustave-blache-iii-art-scholarships-for-aspiring-artists-gustave-blache-iii-art-scholarsh","fdf957ad-c8fe-41c9-84be-55011727ef9c","Gustave Blache III Art Scholarships for Aspiring Artists","Provider listed on ScholarshipTop","$25,000","January 15, 2027","arts","yes","https://scholarshiptop.com/scholarships/gustave-blache-iii-art-scholarships-for-aspiring-artists-gustave-blache-iii-art-scholarsh","yes","105","0","yes",""
"349","7","kress-foundation-interpretive-fellowships-kress-foundation-interpretive-fe","fa7dc46d-6748-4855-8fbf-f7f1da1b51ff","Kress Foundation Interpretive Fellowships","Kress Foundation","$30,000","April 01, 2027","arts","yes","https://scholarshiptop.com/scholarships/kress-foundation-interpretive-fellowships-kress-foundation-interpretive-fe","yes","105","0","yes",""
"350","7","harry-s-truman-scholarship-harry-s-truman-scholarship","fa10ee82-d1ff-465a-8168-ce9afcd6c6ba","Harry S. Truman Scholarship","Provider listed on ScholarshipTop","$30,000","February 03, 2027","miscellaneous","yes","https://scholarshiptop.com/scholarships/harry-s-truman-scholarship-harry-s-truman-scholarship","yes","105","0","yes",""
"351","8","isf-congressional-policy-fellowship-isf-congressional-policy-fellows","f66abee2-f70e-4b58-a490-5aeae1f60c9b","ISF Congressional Policy Fellowship","above and feel you","$35,000","February 12, 2027","miscellaneous","yes","https://scholarshiptop.com/scholarships/isf-congressional-policy-fellowship-isf-congressional-policy-fellows","yes","105","0","yes",""
"352","8","ghr-fellows-scholarship-ghr-fellows-scholarship","f39a3a7e-4d7f-4d47-a97b-a5ee0c5f38bc","GHR Fellows Scholarship","GHR Fellows Scholarship Program at St. Thomas","Full-Tuition","Varies","miscellaneous","yes","https://scholarshiptop.com/scholarships/ghr-fellows-scholarship-ghr-fellows-scholarship","yes","105","0","yes",""
"353","8","dar-alice-w-rooke-scholarship-dar-alice-w-rooke-scholarship","f1666587-b6e2-4059-9f53-473aa80194e9","DAR Alice W. Rooke Scholarship","the Daughters of the American Revolution","$20,000","January 31, 2027","miscellaneous","yes","https://scholarshiptop.com/scholarships/dar-alice-w-rooke-scholarship-dar-alice-w-rooke-scholarship","yes","105","0","yes",""
"354","8","christian-james-mazzariello-memorial-scholarship-fund-christian-james-mazzariello-memo","e85f4826-3e4d-44c4-a474-4764a728602d","Christian James Mazzariello Memorial Scholarship Fund","Provider listed on ScholarshipTop","$100,000","March 01, 2027","miscellaneous","yes","https://scholarshiptop.com/scholarships/christian-james-mazzariello-memorial-scholarship-fund-christian-james-mazzariello-memo","yes","105","0","yes",""
"355","8","greehey-scholars-program-greehey-scholars-program","d18fade9-6fff-4dc9-a2e5-be502812e7ae","Greehey Scholars Program","Provider listed on ScholarshipTop","Full-Tuition","Varies","miscellaneous","yes","https://scholarshiptop.com/scholarships/greehey-scholars-program-greehey-scholars-program","yes","105","0","yes",""
"356","8","arrl-foundation-scholarship-programs-arrl-foundation-scholarship-prog","c1aa414b-c802-45f1-b0b5-4218d00dc504","ARRL Foundation Scholarship Programs","ARRL Foundation","$25,000","December 30, 2026","miscellaneous","yes","https://scholarshiptop.com/scholarships/arrl-foundation-scholarship-programs-arrl-foundation-scholarship-prog","yes","105","0","yes",""
"357","8","deakin-global-health-leaders-scholarship-2026-deakin-global-health-leaders-sch","dbd41814-6b3c-4d29-a191-7459f85948a1","Deakin Global Health Leaders Scholarship 2026","Deakin University, Australia","Only tuition fees, 20% fees waiver","31 May, 2026","miscellaneous","yes","https://scholarshiptop.com/scholarships/deakin-global-health-leaders-scholarship-2026-deakin-global-health-leaders-sch","yes","105","0","yes",""
"358","8","hearst-journalism-awards-program-hearst-journalism-awards-program","dda882a6-d387-416a-a531-b4a396f79bc9","Hearst Journalism Awards Program","Provider listed on ScholarshipTop","$3,000","April 14, 2027","miscellaneous","yes","https://scholarshiptop.com/scholarships/hearst-journalism-awards-program-hearst-journalism-awards-program","yes","105","0","yes",""
"359","8","henry-david-thoreau-scholarship-program-henry-david-thoreau-scholarship-","ee7d335f-0d0c-4663-a0db-4b5a75c893ba","Henry David Thoreau Scholarship Program","Provider listed on ScholarshipTop","$25,000","February 01, 2027","miscellaneous","yes","https://scholarshiptop.com/scholarships/henry-david-thoreau-scholarship-program-henry-david-thoreau-scholarship-","yes","105","0","yes",""
"360","8","field-museum-research-scholarships-grants-field-museum-research-scholarshi","ff336994-e84e-4184-a26c-284ac87a479d","Field Museum Research Scholarships & Grants","Provider listed on ScholarshipTop","$32,000","November 08, 2026","miscellaneous","yes","https://scholarshiptop.com/scholarships/field-museum-research-scholarships-grants-field-museum-research-scholarshi","yes","105","0","yes",""
"361","8","charlotte-w-newcombe-dissertation-fellowships-charlotte-w-newcombe-dissertatio","e1216ce8-d327-4006-91b2-6c3e35309d05","Charlotte W. Newcombe Dissertation Fellowships","Provider listed on ScholarshipTop","$31,000","November 01, 2026","humanities","yes","https://scholarshiptop.com/scholarships/charlotte-w-newcombe-dissertation-fellowships-charlotte-w-newcombe-dissertatio","yes","105","0","yes",""
"362","8","boren-fellowships-boren-fellowships","f204677d-939d-4a52-92b7-d363930995e9","Boren Fellowships","Provider listed on ScholarshipTop","$25,000","January 21, 2027","miscellaneous","yes","https://scholarshiptop.com/scholarships/boren-fellowships-boren-fellowships","yes","105","0","yes",""
"363","8","buitrago-contingency-bursary-in-engineering-at-university-of-waterloo-20-buitrago-contingency-bursary-in-","f9423bb0-6f48-40ed-9cb3-ca2afe6b438b","Buitrago Contingency Bursary in Engineering at University of Waterloo 2026","University of Waterloo, Canada","Partial Funding, up to CAD 5,000 per term","31 May, 2026","stem","yes","https://scholarshiptop.com/scholarships/buitrago-contingency-bursary-in-engineering-at-university-of-waterloo-20-buitrago-contingency-bursary-in-","yes","105","0","yes",""
"364","8","tcf-undergraduate-scholarship-lgtheknn3zsc","e2be7772-a8be-4eff-bd23-371ac7383a19","TCF Undergraduate Scholarship","The Cmolik Foundation","50,000","2/8/2027","community","yes","https://scholarshiptop.com/scholarships/tcf-undergraduate-scholarship-lgtheknn3zsc","yes","105","0","yes",""
"365","8","high-school-scholarship-jcz4t5w3ovc3","ef312974-3467-45dc-9d96-029e9fda61fe","High School Scholarship","Doyon Foundation","1,000","12/31/2026","miscellaneous","yes","https://scholarshiptop.com/scholarships/high-school-scholarship-jcz4t5w3ovc3","yes","105","0","yes",""
"366","8","ahu-merit-scholarship-1ludhh2nsknn","f7571b82-2bab-4335-971a-73d8719ab10d","AHU Merit Scholarship","AdventHealth University","3,000","12/31/2026","medical","yes","https://scholarshiptop.com/scholarships/ahu-merit-scholarship-1ludhh2nsknn","yes","105","0","yes",""
"367","8","john-g-karrer-scholarship-ruoddiugrxcu","f5790b2f-b277-4c3c-baa9-7d5741559e4e","John G. Karrer Scholarship","New York State Organization of Bursars and Business Administrators","1,000","12/1/2026","miscellaneous","yes","https://scholarshiptop.com/scholarships/john-g-karrer-scholarship-ruoddiugrxcu","yes","105","0","yes",""
"368","8","lallemand-undergraduate-scholarship-gyckzkjnlivt","ee563d45-8103-4d16-aa9a-9f45f261e744","Lallemand Undergraduate Scholarship","Lallemand Animal Nutrition, North America","2,500","10/2/2026","disability","yes","https://scholarshiptop.com/scholarships/lallemand-undergraduate-scholarship-gyckzkjnlivt","yes","105","0","yes",""
"369","8","united-states-equestrian-federation-youth-sportsman-s-scholarship-b1jui73wxnso","e87897de-d45c-49f3-b1ab-d76e64a5f9e5","United States Equestrian Federation Youth Sportsman's Scholarship","United States Equestrian Federation","500 - 1,000","8/15/2026","miscellaneous","yes","https://scholarshiptop.com/scholarships/united-states-equestrian-federation-youth-sportsman-s-scholarship-b1jui73wxnso","yes","105","0","yes",""
"370","8","cardrates-com-financial-futures-scholarship-ot7wzvj4k9wq","fadff284-d20a-4a6b-86ae-2a9cf607fd00","CardRates.com Financial Futures Scholarship","CardRates.com","1,000","7/31/2026","stem","yes","https://scholarshiptop.com/scholarships/cardrates-com-financial-futures-scholarship-ot7wzvj4k9wq","yes","105","0","yes",""
"371","8","polish-legacy-scholarship-onzmvnjis3yi","fafd6498-a64f-45e2-b189-823973555d6a","Polish Legacy Scholarship","Polish American Cultural Institute of Minnesota","2,000","7/31/2026","community","yes","https://scholarshiptop.com/scholarships/polish-legacy-scholarship-onzmvnjis3yi","yes","105","0","yes",""
"372","8","support-our-troops-national-scholarship-program-98ekwyq9f7ek","f76ce795-5c15-4b1a-b1b2-87ae8393b253","Support Our Troops National Scholarship Program","Support Our Troops","500 - 5,000","7/17/2026","community","yes","https://scholarshiptop.com/scholarships/support-our-troops-national-scholarship-program-98ekwyq9f7ek","yes","105","0","yes",""
"373","8","selma-m-caisse-memorial-ged-scholarship-uukjqrlrkfa5","e46ad46f-ac09-45da-a80d-69fa360dcb95","Selma M. Caisse Memorial GED Scholarship","Seminole State College of Florida","750","7/15/2026","education","yes","https://scholarshiptop.com/scholarships/selma-m-caisse-memorial-ged-scholarship-uukjqrlrkfa5","yes","105","0","yes",""
"374","8","vietnam-veterans-of-america-frederick-r-harbot-chapter-811-endowed-schol-lhgdqtmewqfo","dcee3878-97b6-48b4-a4d0-51b26b572d57","Vietnam Veterans of America - Frederick R. Harbot Chapter #811 Endowed Scholarship","Seminole State College of Florida","600","7/15/2026","miscellaneous","yes","https://scholarshiptop.com/scholarships/vietnam-veterans-of-america-frederick-r-harbot-chapter-811-endowed-schol-lhgdqtmewqfo","yes","105","0","yes",""
"375","8","camille-moreland-moore-endowed-scholarship-for-nursing-znbskjoux806","08261cc6-2d52-4b10-9c15-40ae4fae34c0","Camille Moreland Moore Endowed Scholarship for Nursing","Seminole State College of Florida","500","7/15/2026","medical","yes","https://scholarshiptop.com/scholarships/camille-moreland-moore-endowed-scholarship-for-nursing-znbskjoux806","yes","105","0","yes",""
"376","8","children-of-the-spe-evangeline-section-members-scholarship-z7lp0urh69qv","b7cc4792-2e62-4b3f-a47d-36339d490a42","Children of the SPE Evangeline Section Members Scholarship","Society of Petroleum Engineers-Evangeline Section","1,000","7/15/2026","miscellaneous","yes","https://scholarshiptop.com/scholarships/children-of-the-spe-evangeline-section-members-scholarship-z7lp0urh69qv","yes","105","0","yes",""
"377","8","daniel-keil-service-for-water-legacy-scholarship-xikwaul6fqhc","04257429-921e-4b4e-ae88-965319866677","Daniel Keil Service for Water Legacy Scholarship","Pacific Northwest Clean Water Association","2,000","7/15/2026","stem","yes","https://scholarshiptop.com/scholarships/daniel-keil-service-for-water-legacy-scholarship-xikwaul6fqhc","yes","105","0","yes",""
"378","8","the-honorable-dominick-salfi-endowed-scholarship-for-persistence-in-lega-vrtxlp1n8bxc","3f16d31f-2aa6-4c56-9be7-3a4d29ea742e","The Honorable Dominick Salfi Endowed Scholarship for Persistence in Legal Studies","Seminole State College of Florida","2,500","7/15/2026","stem","yes","https://scholarshiptop.com/scholarships/the-honorable-dominick-salfi-endowed-scholarship-for-persistence-in-lega-vrtxlp1n8bxc","yes","105","0","yes",""
"379","8","the-education-for-operators-scholarship-vseuyq2131w3","87d78d95-e3ef-4167-8bb3-51d3d73ce804","The Education for Operators Scholarship","Pacific Northwest Clean Water Association","1,500","7/15/2026","education","yes","https://scholarshiptop.com/scholarships/the-education-for-operators-scholarship-vseuyq2131w3","yes","105","0","yes",""
"380","8","frances-g-kopec-memorial-endowed-scholarship-tzasasr4x03o","c814c213-2449-4c46-8267-9ab60815e441","Frances G. Kopec Memorial Endowed Scholarship","Seminole State College of Florida","650","7/15/2026","miscellaneous","yes","https://scholarshiptop.com/scholarships/frances-g-kopec-memorial-endowed-scholarship-tzasasr4x03o","yes","105","0","yes",""
"381","8","team-information-technology-endowed-scholarship-qx0g8od2s85d","a9b5df7e-4fb0-4b22-a148-0e2b83e4366d","TEAM Information Technology Endowed Scholarship","Seminole State College of Florida","500","7/15/2026","stem","yes","https://scholarshiptop.com/scholarships/team-information-technology-endowed-scholarship-qx0g8od2s85d","yes","105","0","yes",""
"382","8","mary-morgan-wolf-memorial-scholarship-paru2hxdsqug","b6b0facd-1717-4a00-a85d-2fd71e9fd52c","Mary Morgan Wolf Memorial Scholarship","The Kuskokwim Corporation","3,000","7/15/2026","miscellaneous","yes","https://scholarshiptop.com/scholarships/mary-morgan-wolf-memorial-scholarship-paru2hxdsqug","yes","105","0","yes",""
"383","8","international-thermal-spray-association-scholarship-oonz49eyp9ye","03dc7631-b9b3-4b71-aacc-b81326ef0c19","International Thermal Spray Association Scholarship","International Thermal Spray Association","2,000","7/15/2026","stem","yes","https://scholarshiptop.com/scholarships/international-thermal-spray-association-scholarship-oonz49eyp9ye","yes","105","0","yes",""
"384","8","kiwanis-club-of-longwood-altamonte-endowed-scholarship-nvcrbbrfrwoe","45b10aad-b18f-4567-967c-2d50abaedc14","Kiwanis Club of Longwood-Altamonte Endowed Scholarship","Seminole State College of Florida","500","7/15/2026","education","yes","https://scholarshiptop.com/scholarships/kiwanis-club-of-longwood-altamonte-endowed-scholarship-nvcrbbrfrwoe","yes","105","0","yes",""
"385","8","sngcsa-legacy-scholarship-mupzctfd1cfm","10940c5f-9e17-4126-9478-87047f3c9afc","SNGCSA Legacy Scholarship","Southern Nevada Golf Course Superintendents Association","1,000","7/15/2026","disability","yes","https://scholarshiptop.com/scholarships/sngcsa-legacy-scholarship-mupzctfd1cfm","yes","105","0","yes",""
"386","8","roy-w-johnson-memorial-endowed-scholarship-m4emsq2ot6xq","69ab0221-742a-4d57-b86b-f93f9f21a86e","Roy W. Johnson Memorial Endowed Scholarship","Seminole State College of Florida","500","7/15/2026","medical","yes","https://scholarshiptop.com/scholarships/roy-w-johnson-memorial-endowed-scholarship-m4emsq2ot6xq","yes","105","0","yes",""
"387","8","dr-elizabeth-ann-mcgee-endowed-scholarship-lxmbnlnepg0c","578bc7fe-ffec-4ca7-b58c-21a70c6f9166","Dr. Elizabeth Ann McGee Endowed Scholarship","Seminole State College of Florida","500","7/15/2026","miscellaneous","yes","https://scholarshiptop.com/scholarships/dr-elizabeth-ann-mcgee-endowed-scholarship-lxmbnlnepg0c","yes","105","0","yes",""
"388","8","nick-nixie-mellick-memorial-scholarship-knnmeac6y3an","8b64b0b9-6d78-4f09-b235-ec60ccfda5ca","Nick ""Nixie"" Mellick Memorial Scholarship","The Kuskokwim Corporation","3,000","7/15/2026","miscellaneous","yes","https://scholarshiptop.com/scholarships/nick-nixie-mellick-memorial-scholarship-knnmeac6y3an","yes","105","0","yes",""
"389","8","la-trobe-high-achiever-scholarship-2026-la-trobe-high-achiever-scholarsh","b9c332db-d774-42f8-9682-7c066b7e6246","La Trobe High Achiever Scholarship 2026","La Trobe University, Melbourne","Only tuition fees, 15% to 25% off the annual tuition fees","31 Dec, 2026","miscellaneous","yes","https://scholarshiptop.com/scholarships/la-trobe-high-achiever-scholarship-2026-la-trobe-high-achiever-scholarsh","yes","105","0","yes",""
"390","8","early-bird-acceptance-grant-international-students-at-la-trobe-universit-early-bird-acceptance-grant-inte","7164df48-9fdb-4b65-93c0-5b5c0f8fcc4c","Early Bird Acceptance Grant - International Students at La Trobe University 2026","La Trobe University, Melbourne","Partial Funding, AUD 2000","01 Nov, 2026","miscellaneous","yes","https://scholarshiptop.com/scholarships/early-bird-acceptance-grant-international-students-at-la-trobe-universit-early-bird-acceptance-grant-inte","yes","105","0","yes",""
"391","8","alumni-advantage-scholarship-at-la-trobe-university-2026-alumni-advantage-scholarship-at-","1598286d-b419-414b-a739-793ee4d18897","Alumni Advantage Scholarship at La Trobe University 2026","La Trobe University, Melbourne","Partial Funding, 10% tuition fee reduction","31 May, 2026","miscellaneous","yes","https://scholarshiptop.com/scholarships/alumni-advantage-scholarship-at-la-trobe-university-2026-alumni-advantage-scholarship-at-","yes","105","0","yes",""
"392","8","the-robert-and-maude-gledden-visiting-fellowships-2026-the-robert-and-maude-gledden-vis","ffc7f71b-23df-4b9c-940d-10d1446f2d64","The Robert and Maude Gledden Visiting Fellowships 2026","The University of Western Australia (UWA), Perth","Full Funding, Airfare + monthly allowance","03 Aug, 2026","stem","yes","https://scholarshiptop.com/scholarships/the-robert-and-maude-gledden-visiting-fellowships-2026-the-robert-and-maude-gledden-vis","yes","105","0","yes",""
"393","8","curtis-gordon-research-scholarships-in-chemistry-at-victoria-university--curtisgordon-research-scholarshi","498f258c-cf20-43c9-9b71-9f01b92341df","Curtis-Gordon Research Scholarships in Chemistry at Victoria University of Wellington 2026","Victoria University of Wellington","Partial Funding, Between NZD 1,000 - NZD 7,000","31 May, 2026","stem","yes","https://scholarshiptop.com/scholarships/curtis-gordon-research-scholarships-in-chemistry-at-victoria-university--curtisgordon-research-scholarshi","yes","105","0","yes",""
"394","8","cccu-phd-scholarship-in-education-2026-education-values-and-impact-2026-05-05-cccu-phd-scholarship-","44c772a5-6087-4656-8b84-91053ac183a8","CCCU PhD Scholarship in Education 2026: Education Values and Impact","Opportunity Desk","The successful candidate will receive the following: A salary of £21,805 per year. A tuition fee waiver for three years. An annual expense allowance of £500. A chance to investigate the values (civic, political and social) of children and young people, and their perceptions of the values of other generations. A research project that explores the spaces and opportunities where intergenerational values can be discussed with respectful dialogue, including schools and across communities. An opportunity to engage in creative research methodologies with children and young people.","June 5, 2026","education","yes","https://scholarshiptop.com/scholarships/cccu-phd-scholarship-in-education-2026-education-values-and-impact-2026-05-05-cccu-phd-scholarship-","yes","105","0","yes",""
"395","8","roy-and-debbie-burkett-future-builders-scholarship-iypnffwdte3m","5e253352-402d-4bf9-b992-8b977eb6fa08","Roy and Debbie Burkett Future Builders Scholarship","Seminole State College of Florida","500","7/15/2026","miscellaneous","yes","https://scholarshiptop.com/scholarships/roy-and-debbie-burkett-future-builders-scholarship-iypnffwdte3m","yes","105","0","yes",""
"396","8","desalvo-family-library-education-endowed-scholarship-ilu5rlkjwhmj","bd2300fd-baad-40eb-9484-c2a79a417269","DeSalvo Family Library Education Endowed Scholarship","Seminole State College of Florida","500","7/15/2026","education","yes","https://scholarshiptop.com/scholarships/desalvo-family-library-education-endowed-scholarship-ilu5rlkjwhmj","yes","105","0","yes",""
"397","8","kiwanis-club-of-sanford-earl-weldon-memorial-endowed-scholarship-iddnihv8h5iq","5cd1dd13-7905-4adf-b909-424868d718ed","Kiwanis Club of Sanford/Earl Weldon Memorial Endowed Scholarship","Seminole State College of Florida","2,550","7/15/2026","community","yes","https://scholarshiptop.com/scholarships/kiwanis-club-of-sanford-earl-weldon-memorial-endowed-scholarship-iddnihv8h5iq","yes","105","0","yes",""
"398","8","glenn-tiny-fredericks-memorial-scholarship-hasxmyoalmb4","144ee9d3-7fdf-4410-a22b-cf94106f58f9","Glenn ""Tiny"" Fredericks Memorial Scholarship","The Kuskokwim Corporation","3,000","7/15/2026","miscellaneous","yes","https://scholarshiptop.com/scholarships/glenn-tiny-fredericks-memorial-scholarship-hasxmyoalmb4","yes","105","0","yes",""
"399","8","lucas-eibel-memorial-scholarship-dsaw94oqqgwf","6ad45ea6-7159-4a9c-86e0-a8d3db5ba20f","Lucas Eibel Memorial Scholarship","Pacific Northwest Clean Water Association","1,500","7/15/2026","miscellaneous","yes","https://scholarshiptop.com/scholarships/lucas-eibel-memorial-scholarship-dsaw94oqqgwf","yes","105","0","yes",""
"400","8","rotary-club-of-altamonte-springs-memorial-endowed-scholarship-77fpfzt1wjqe","b40893d5-122a-4929-9ee3-3ac80a2deebd","Rotary Club of Altamonte Springs Memorial Endowed Scholarship","Seminole State College of Florida","700","7/15/2026","community","yes","https://scholarshiptop.com/scholarships/rotary-club-of-altamonte-springs-memorial-endowed-scholarship-77fpfzt1wjqe","yes","105","0","yes",""
"401","9","bad-river-adult-vocational-training-scholarship-5donx3lfhh1w","bb854801-22bc-4e86-be93-842752e73ca7","Bad River Adult Vocational Training Scholarship","Bad River Band of Lake Superior Chippewa Indians","1,800","7/15/2026","music","yes","https://scholarshiptop.com/scholarships/bad-river-adult-vocational-training-scholarship-5donx3lfhh1w","yes","105","0","yes",""
"402","9","legacy-soccer-lever-brothers-endowed-scholarship-4rgozcvmw9of","3840adb6-aaed-406a-a0f0-7373f74a21a6","Legacy Soccer/Lever Brothers Endowed Scholarship","Seminole State College of Florida","500","7/15/2026","miscellaneous","yes","https://scholarshiptop.com/scholarships/legacy-soccer-lever-brothers-endowed-scholarship-4rgozcvmw9of","yes","105","0","yes",""
"403","9","the-melbourne-family-endowed-scholarship-2w7v7mj5uccy","c70778a4-2d80-47c3-b1cb-d761231853ff","The Melbourne Family Endowed Scholarship","Seminole State College of Florida","500","7/15/2026","miscellaneous","yes","https://scholarshiptop.com/scholarships/the-melbourne-family-endowed-scholarship-2w7v7mj5uccy","yes","105","0","yes",""
"404","9","environmental-stewardship-scholarship-2kwl49zrxnd4","fbe813f1-9632-4f12-ada8-899c1547932f","Environmental Stewardship Scholarship","Pacific Northwest Clean Water Association","1,200 - 1,500","7/15/2026","miscellaneous","yes","https://scholarshiptop.com/scholarships/environmental-stewardship-scholarship-2kwl49zrxnd4","yes","105","0","yes",""
"405","9","bad-river-higher-educational-scholarship-2er0ifaqb1ta","8ff5399a-c314-482f-a7ed-75564ea970cb","Bad River Higher Educational Scholarship","Bad River Band of Lake Superior Chippewa Indians","1,800","7/15/2026","music","yes","https://scholarshiptop.com/scholarships/bad-river-higher-educational-scholarship-2er0ifaqb1ta","yes","105","0","yes",""
"406","9","minnesota-state-fair-scholarship-g83b7hjnhp4t","11a4b26b-c741-4c81-8e4a-1f1ce1c9c98e","Minnesota State Fair Scholarship","Minnesota State Fair","1,000","7/14/2026","education","yes","https://scholarshiptop.com/scholarships/minnesota-state-fair-scholarship-g83b7hjnhp4t","yes","105","0","yes",""
"407","9","ohio-funeral-directors-association-scholastic-assistance-scholarship-uv4eipvomuie","ce05d3f1-644f-4b70-b72f-155a92477cad","Ohio Funeral Directors Association Scholastic Assistance Scholarship","Ohio Funeral Directors Association","1,000 - 3,000","7/10/2026","stem","yes","https://scholarshiptop.com/scholarships/ohio-funeral-directors-association-scholastic-assistance-scholarship-uv4eipvomuie","yes","105","0","yes",""
"408","9","ohio-gfoa-traditional-student-college-scholarship-spn06ejrh62x","5e9624f0-1280-4092-b5c2-3d64273fe5e5","Ohio GFOA Traditional Student College Scholarship","Ohio Government Finance Officers Association","1,000","7/10/2026","miscellaneous","yes","https://scholarshiptop.com/scholarships/ohio-gfoa-traditional-student-college-scholarship-spn06ejrh62x","yes","105","0","yes",""
"409","9","ohio-gfoa-continuing-education-scholarship-ya1xrbcwkvso","7228c03a-0a4f-4a33-83c9-5c6580508b3a","Ohio GFOA Continuing Education Scholarship","Ohio Government Finance Officers Association","1,000","7/10/2026","education","yes","https://scholarshiptop.com/scholarships/ohio-gfoa-continuing-education-scholarship-ya1xrbcwkvso","yes","105","0","yes",""
"410","9","four-corners-power-plant-navajo-scholarship-4nchemwzjsae","8f2a485e-ac86-411d-811a-f1e98f07c2e8","Four Corners Power Plant Navajo Scholarship","Arizona Public Service Company","1,000 - 1,500","7/8/2026","community","yes","https://scholarshiptop.com/scholarships/four-corners-power-plant-navajo-scholarship-4nchemwzjsae","yes","105","0","yes",""
"411","9","out-to-innovate-scholarship-vttvzsainrcq","af8d6b95-3d4f-46da-bd2a-7034fdaddf1f","Out to Innovate Scholarship","National Organization of Gay and Lesbian Students and Technical Professionals","3,000","7/7/2026","education","yes","https://scholarshiptop.com/scholarships/out-to-innovate-scholarship-vttvzsainrcq","yes","105","0","yes",""
"412","9","business-scholarship-fzsbymhavsh7","cd0b39d8-e5e2-4f7f-8151-9a5c02a55539","Business Scholarship","Shelving","1,000 - 4,000","7/3/2026","miscellaneous","yes","https://scholarshiptop.com/scholarships/business-scholarship-fzsbymhavsh7","yes","105","0","yes",""
"413","9","al-alfi-foundation-sustainable-development-fellowship-at-the-american-un-al-alfi-foundation-sustainable-d","dbb4e829-235c-4a90-ad0b-cc5c5dce0c81","Al Alfi Foundation Sustainable Development Fellowship at The American University in Cairo 2026","The American University in Cairo","Full Funding, Tuition fees + Services & Activities fees + Cost of books","08 May, 2026","stem","yes","https://scholarshiptop.com/scholarships/al-alfi-foundation-sustainable-development-fellowship-at-the-american-un-al-alfi-foundation-sustainable-d","yes","105","0","yes",""
"414","9","early-payment-discount-postgraduate-september-at-university-of-surrey-20-early-payment-discount-postgradu","e63bd6e7-225f-47d9-b0dc-6c7cdbc466bf","Early payment discount - Postgraduate September at University of Surrey 2026","University of Surrey","Partial Funding, GBP 2,000","31 May, 2026","miscellaneous","yes","https://scholarshiptop.com/scholarships/early-payment-discount-postgraduate-september-at-university-of-surrey-20-early-payment-discount-postgradu","yes","105","0","yes",""
"415","9","school-of-law-liberty-scholarships-at-university-of-leeds-2026-university-of-leeds-liberty-scho","f50bc8b8-1a17-48be-b5e4-1b8e33746c26","School of Law Liberty Scholarships at University of Leeds 2026","University of Leeds","Partial Funding, GBP 3,000","31 May, 2026","law","yes","https://scholarshiptop.com/scholarships/school-of-law-liberty-scholarships-at-university-of-leeds-2026-university-of-leeds-liberty-scho","yes","105","0","yes",""
"416","9","sir-edmund-hillary-scholarship-at-university-of-waikato-2026-sir-edmund-hillary-scholarship","e78c73f8-0941-4a29-8298-cfc5cef100f8","Sir Edmund Hillary Scholarship at University of Waikato 2026","University of Waikato","Partial Funding, up to NZD 30,000","31 Aug, 2026","arts","yes","https://scholarshiptop.com/scholarships/sir-edmund-hillary-scholarship-at-university-of-waikato-2026-sir-edmund-hillary-scholarship","yes","105","0","yes",""
"417","9","ggc-top-honors-scholarship-2026-ggc-top-honors-scholarship-in-us","fa10f09f-2d07-40e8-809b-42160555ed18","GGC Top Honors Scholarship 2026","Georgia Gwinnett College","Partial Funding, USD 1,000 annually","01 Dec, 2026","miscellaneous","yes","https://scholarshiptop.com/scholarships/ggc-top-honors-scholarship-2026-ggc-top-honors-scholarship-in-us","yes","105","0","yes",""
"418","9","breakthrough-junior-challenge-breakthrough-junior-challenge","e2e1b1cf-3568-4dc6-888b-44799508c9cf","Breakthrough Junior Challenge","Breakthrough","award worth $250,000","September 15, 2026","stem","yes","https://scholarshiptop.com/scholarships/breakthrough-junior-challenge-breakthrough-junior-challenge","yes","105","0","yes",""
"419","9","de-suantio-bursary-at-singapore-management-university-2026-de-suantio-scholarship","da798d21-4889-4e9f-91f4-f72c79ba8076","De Suantio Bursary at Singapore Management University 2026","Singapore Management University","Partial Funding, SGD 10,000","31 May, 2026","miscellaneous","yes","https://scholarshiptop.com/scholarships/de-suantio-bursary-at-singapore-management-university-2026-de-suantio-scholarship","yes","105","0","yes",""
"420","9","david-beltz-memorial-award-at-university-of-waterloo-2026-david-beltz-memorial-award-at-un","f97a8020-102b-4a97-b98d-6fefa61e5ffd","David Beltz Memorial Award at University of Waterloo 2026","University of Waterloo, Canada","Partial Funding, CAD 150","31 May, 2026","humanities","yes","https://scholarshiptop.com/scholarships/david-beltz-memorial-award-at-university-of-waterloo-2026-david-beltz-memorial-award-at-un","yes","105","0","yes",""
"421","9","scholarship-in-aesthetics-at-bard-college-berlin-2026","eea34f44-ede0-4087-b487-0775af516384","Scholarship in Aesthetics at Bard College Berlin 2026","Bard College","Partial funding","15 Oct 2026","arts","yes","https://scholarshiptop.com/scholarships/scholarship-in-aesthetics-at-bard-college-berlin-2026","yes","105","0","yes",""
"422","9","d-a-sprott-entrance-award-at-university-of-waterloo-2026-da-sprott-entrance-award-at-univ","e4b46889-3807-4f17-a1e2-0f4450cbd649","D.A. Sprott Entrance Award at University of Waterloo 2026","University of Waterloo, Canada","Partial Funding, CAD 1,000","31 May, 2026","stem","yes","https://scholarshiptop.com/scholarships/d-a-sprott-entrance-award-at-university-of-waterloo-2026-da-sprott-entrance-award-at-univ","yes","105","0","yes",""
"423","9","university-of-auckland-pacific-academic-excellence-scholarship-2026-university-of-auckland-pacific-a","a7cad2de-70de-4c55-821c-296a0abb1db2","University of Auckland Pacific Academic Excellence Scholarship 2026","University of Auckland","Partial Funding, up to NZD $27,000","12 Aug, 2026","stem","yes","https://scholarshiptop.com/scholarships/university-of-auckland-pacific-academic-excellence-scholarship-2026-university-of-auckland-pacific-a","yes","105","0","yes",""
"424","9","university-of-auckland-m-ori-academic-excellence-scholarship-2026-university-of-auckland-mori-acad","5321b37d-3872-4e11-bb0d-45ba4127a2ad","University of Auckland Māori Academic Excellence Scholarship 2026","University of Auckland","Partial Funding, up to NZD 27,000","12 Aug, 2026","stem","yes","https://scholarshiptop.com/scholarships/university-of-auckland-m-ori-academic-excellence-scholarship-2026-university-of-auckland-mori-acad","yes","105","0","yes",""
"425","9","university-of-auckland-academic-potential-scholarship-school-leavers-202-university-of-auckland-academic-","434a7593-635a-475b-b99a-da84691b5c8a","University of Auckland Academic Potential Scholarship - School Leavers 2026","University of Auckland","Partial Funding, up to NZD $27,000","12 Aug, 2026","stem","yes","https://scholarshiptop.com/scholarships/university-of-auckland-academic-potential-scholarship-school-leavers-202-university-of-auckland-academic-","yes","105","0","yes",""
"426","9","sparbanksstiftelsen-kronan-scholarship-2026-sparbanksstiftelsen-kronan-schol","91533df2-12c0-4882-98fc-8bdcbf6d0d21","Sparbanksstiftelsen Kronan Scholarship 2026","Sparbanksstiftelsen Kronan","Partial Funding, SEK 900,000","20 Jun, 2026","stem","yes","https://scholarshiptop.com/scholarships/sparbanksstiftelsen-kronan-scholarship-2026-sparbanksstiftelsen-kronan-schol","yes","105","0","yes",""
"427","9","vice-chancellors-international-scholarship-at-griffith-university-2026-vice-chancellors-international-s","49c9ac59-c5e9-4786-b324-01f24ac1bfdc","Vice Chancellors International Scholarship at Griffith University 2026","Griffith University, Australia","Partial Funding, 50% of tuition fee","15 Aug, 2026","miscellaneous","yes","https://scholarshiptop.com/scholarships/vice-chancellors-international-scholarship-at-griffith-university-2026-vice-chancellors-international-s","yes","105","0","yes",""
"428","9","university-of-southern-maine-presidential-recognition-award-2026-university-of-southern-maine-pre","ffdf5faf-93b9-4813-b662-c7d9deccc51a","University of Southern Maine Presidential Recognition Award 2026","University of Southern Maine (USM)","Partial Funding, USD 2,000 award","20 Jun, 2026","miscellaneous","yes","https://scholarshiptop.com/scholarships/university-of-southern-maine-presidential-recognition-award-2026-university-of-southern-maine-pre","yes","105","0","yes",""
"429","9","masters-scholarship-at-cardiff-university-2026-masters-excellence-scholarships-","590b1942-ae17-4ef5-b49b-a9eaed0306e3","Masters Scholarship at Cardiff University 2026","Cardiff University, Heath Park","Only tuition fees, GBP 3,000 fee discount","06 Jul, 2026","stem","yes","https://scholarshiptop.com/scholarships/masters-scholarship-at-cardiff-university-2026-masters-excellence-scholarships-","yes","105","0","yes",""
"430","9","guangdong-government-outstanding-foreign-student-scholarships-in-china-2-guangdong-government-outstanding","e4d4e140-2661-4225-a68f-942f0434bb36","Guangdong Government Outstanding Foreign Student Scholarships in China, 2026","Government of China","Partial Funding, up to RMB 30,000","30 Jun, 2026","miscellaneous","yes","https://scholarshiptop.com/scholarships/guangdong-government-outstanding-foreign-student-scholarships-in-china-2-guangdong-government-outstanding","yes","105","0","yes",""
"431","9","full-or-partial-ism-scholarships-2026-full-or-partial-ism-scholarships","74738702-2aef-45bb-9ed7-b46334630831","Full or Partial ISM Scholarships 2026","International School of Management (ISM)","Full Funding, Up to full scholarship","15 Jun, 2026","miscellaneous","yes","https://scholarshiptop.com/scholarships/full-or-partial-ism-scholarships-2026-full-or-partial-ism-scholarships","yes","105","0","yes",""
"432","9","china-university-of-petroleum-beijing-beijing-government-foreign-student-china-university-of-petroleum-be","0d5d9f30-9df6-4d9f-8edb-d4862d718268","China University of Petroleum (Beijing) - Beijing Government Foreign Students Scholarship 2026","China Scholarship Council (CSC)","Full Funding, Full tuition + other benefits","30 May, 2026","law","yes","https://scholarshiptop.com/scholarships/china-university-of-petroleum-beijing-beijing-government-foreign-student-china-university-of-petroleum-be","yes","105","0","yes",""
"433","9","charles-and-barbara-bickford-international-scholarship-at-snhu-2026-charles-barbara-bickford-interna","813e22f2-5303-4ff4-8f19-42c472bc52e9","Charles and Barbara Bickford International Scholarship at SNHU 2026","Southern New Hampshire University (SNHU)","Partial Funding, Varies","20 Jun, 2026","miscellaneous","yes","https://scholarshiptop.com/scholarships/charles-and-barbara-bickford-international-scholarship-at-snhu-2026-charles-barbara-bickford-interna","yes","105","0","yes",""
"434","9","applied-computer-education-academic-achievement-awards-for-first-year-st-applied-computer-education-acade","ad84dff1-8268-4126-a86f-26f4b9eba3d0","Applied Computer Education Academic Achievement Awards for First-Year Students at Red River College Polytech 2026","Red River College Polytech (RRC), Winnipeg","Partial Funding, CAD 750","30 Dec, 2026","education","yes","https://scholarshiptop.com/scholarships/applied-computer-education-academic-achievement-awards-for-first-year-st-applied-computer-education-acade","yes","105","0","yes",""
"435","9","applied-commerce-management-education-international-student-award-at-red-applied-commerce-management-educ","99e0f7f4-c5c9-4cb6-a4a0-3c554ce4b963","Applied Commerce & Management Education International Student Award at Red River College Polytech 2026","Red River College Polytech (RRC), Winnipeg","Partial Funding, CAD 500","20 Jun, 2026","education","yes","https://scholarshiptop.com/scholarships/applied-commerce-management-education-international-student-award-at-red-applied-commerce-management-educ","yes","105","0","yes",""
"436","9","anne-grape-memorial-award-at-red-river-college-polytech-2026-anne-grape-memorial-award-at-red","28d1d275-d297-46e3-827e-9c1d02107258","Anne Grape Memorial Award at Red River College Polytech 2026","Red River College Polytech (RRC), Winnipeg","Partial Funding, Varies","30 Sep, 2026","education","yes","https://scholarshiptop.com/scholarships/anne-grape-memorial-award-at-red-river-college-polytech-2026-anne-grape-memorial-award-at-red","yes","105","0","yes",""
"437","9","andrew-rohulych-memorial-award-for-electronic-engineering-technology-at--andrew-rohulych-memorial-award-f","d3792419-8493-410b-8aa0-6b27667a3dd5","Andrew Rohulych Memorial Award for Electronic Engineering Technology at Red River College Polytech 2026","Red River College Polytech (RRC), Winnipeg","Partial Funding, CAD 1,500","20 Jun, 2026","stem","yes","https://scholarshiptop.com/scholarships/andrew-rohulych-memorial-award-for-electronic-engineering-technology-at--andrew-rohulych-memorial-award-f","yes","105","0","yes",""
"438","9","american-concrete-institute-aci-manitoba-chapter-scholarship-at-red-rive-american-concrete-institute-aci-","e7e5d413-e8a1-49f4-82f8-f6668083f084","American Concrete Institute (ACI) Manitoba Chapter Scholarship at Red River College Polytech 2026","Red River College Polytech (RRC), Winnipeg","Partial Funding, CAD 1,000","06 Nov, 2026","stem","yes","https://scholarshiptop.com/scholarships/american-concrete-institute-aci-manitoba-chapter-scholarship-at-red-rive-american-concrete-institute-aci-","yes","105","0","yes",""
"439","9","allan-and-louise-windas-bursary-award-at-red-river-college-polytech-2026-allan-and-louise-windas-bursary-","1cec8693-18d3-4cec-8530-809e85230bd0","Allan and Louise Windas Bursary Award at Red River College Polytech 2026","Red River College Polytech (RRC), Winnipeg","Partial Funding, CAD 750","15 Oct, 2026","stem","yes","https://scholarshiptop.com/scholarships/allan-and-louise-windas-bursary-award-at-red-river-college-polytech-2026-allan-and-louise-windas-bursary-","yes","105","0","yes",""
"440","9","alan-and-doreen-thompson-business-administration-award-at-red-river-coll-alan-and-doreen-thompson-busines","ee2b892a-4efa-499c-8245-bf1dab6282e1","Alan and Doreen Thompson Business Administration Award at Red River College Polytech 2026","Red River College Polytech (RRC), Winnipeg","Partial Funding, CAD 1,000","30 Sep, 2026","miscellaneous","yes","https://scholarshiptop.com/scholarships/alan-and-doreen-thompson-business-administration-award-at-red-river-coll-alan-and-doreen-thompson-busines","yes","105","0","yes",""
"441","9","advertising-association-of-winnipeg-award-at-red-river-college-polytech--advertising-association-of-winni","214af078-780d-49b5-8b8b-88e581391d34","Advertising Association of Winnipeg Award at Red River College Polytech 2026","Red River College Polytech (RRC), Winnipeg","Partial Funding, CAD 500","20 Jun, 2026","arts","yes","https://scholarshiptop.com/scholarships/advertising-association-of-winnipeg-award-at-red-river-college-polytech--advertising-association-of-winni","yes","105","0","yes",""
"442","9","accutech-engineering-resident-of-nunavut-award-at-red-river-college-poly-accutech-engineering-resident-of","cc0a1dbe-25ec-4483-a904-3ca26a19df4f","Accutech Engineering Resident of Nunavut Award at Red River College Polytech 2026","Red River College Polytech (RRC), Winnipeg","Partial Funding, CAD 3,000","15 Sep, 2026","stem","yes","https://scholarshiptop.com/scholarships/accutech-engineering-resident-of-nunavut-award-at-red-river-college-poly-accutech-engineering-resident-of","yes","105","0","yes",""
"443","9","croatian-language-learning-awards-at-university-of-waterloo-2026-croatian-language-learning-award","f646bad1-879f-46ee-985e-a0829ea2a7e4","Croatian Language Learning Awards at University of Waterloo 2026","University of Waterloo, Canada","Partial Funding, CAD 250","31 May, 2026","disability","yes","https://scholarshiptop.com/scholarships/croatian-language-learning-awards-at-university-of-waterloo-2026-croatian-language-learning-award","yes","105","0","yes",""
"444","9","conrad-family-mbet-scholarships-at-university-of-waterloo-2026-conrad-family-mbet-scholarships-","7045d8f0-4c79-4671-9b33-4155be6744ef","Conrad Family MBET Scholarships at University of Waterloo 2026","University of Waterloo, Canada","Partial Funding, Valued between CAD 5,000 - CAD 20,000","01 Jun, 2026","stem","yes","https://scholarshiptop.com/scholarships/conrad-family-mbet-scholarships-at-university-of-waterloo-2026-conrad-family-mbet-scholarships-","yes","105","0","yes",""
"445","9","cohere-graduate-scholarship-in-computer-science-at-university-of-waterlo-cohere-graduate-scholarship-in-c","0cdf8ae1-00d0-4ee4-bfda-50ec7c411d6f","Cohere Graduate Scholarship in Computer Science at University of Waterloo 2026","University of Waterloo, Canada","Partial Funding, CAD 10,000","31 May, 2026","stem","yes","https://scholarshiptop.com/scholarships/cohere-graduate-scholarship-in-computer-science-at-university-of-waterlo-cohere-graduate-scholarship-in-c","yes","105","0","yes",""
"446","9","clinician-scientist-graduate-award-at-university-of-waterloo-2026-clinician-scientist-graduate-awa","e6ba0bbb-82cf-4065-b567-3ff801aee9a0","Clinician Scientist Graduate Award at University of Waterloo 2026","University of Waterloo, Canada","Partial Funding, CAD 2,000","31 May, 2026","education","yes","https://scholarshiptop.com/scholarships/clinician-scientist-graduate-award-at-university-of-waterloo-2026-clinician-scientist-graduate-awa","yes","105","0","yes",""
"447","9","broughton-marion-connell-memorial-leadership-scholarship-graduate-at-tro-broughton-marion-connell-memoria","382e37de-4d18-482b-bae4-dfd153dfdd09","Broughton & Marion Connell Memorial Leadership Scholarship (GRADUATE) at Troy University 2026","Troy University","Partial Funding, Varies","01 Jul, 2026","miscellaneous","yes","https://scholarshiptop.com/scholarships/broughton-marion-connell-memorial-leadership-scholarship-graduate-at-tro-broughton-marion-connell-memoria","yes","105","0","yes",""
"448","9","anne-shannon-scholarship-at-university-of-waikato-2026-anne-shannon-scholarship","7f37fafb-cf02-4a8a-83ab-29f78c8e4bf9","Anne Shannon Scholarship at University of Waikato 2026","University of Waikato","Partial Funding, NZD 5,000","15 Jun, 2026","stem","yes","https://scholarshiptop.com/scholarships/anne-shannon-scholarship-at-university-of-waikato-2026-anne-shannon-scholarship","yes","105","0","yes",""
"449","9","benjamin-h-murray-memorial-scholarship-tqmjw2kj6ce0","eed3447b-3862-45c8-b46d-e579805f2676","Benjamin H. Murray Memorial Scholarship","Community Foundation of Noble County","1,000","5/30/2026","miscellaneous","yes","https://scholarshiptop.com/scholarships/benjamin-h-murray-memorial-scholarship-tqmjw2kj6ce0","yes","105","0","yes",""
"450","9","julia-l-atz-scholarship-ddmoinglwlbj","09958be9-06f5-4a23-823e-0a02e7c349ea","Julia L. Atz Scholarship","Community Foundation of Noble County","2,500","5/21/2026","arts","yes","https://scholarshiptop.com/scholarships/julia-l-atz-scholarship-ddmoinglwlbj","yes","105","0","yes",""
"451","10","uncf-fedex-scholarship-program-m7ycgck1atx6","2300b5c4-0621-46c9-97b5-2a0ec7167600","UNCF/FedEx Scholarship Program","UNCF","4,000","5/18/2026","miscellaneous","yes","https://scholarshiptop.com/scholarships/uncf-fedex-scholarship-program-m7ycgck1atx6","yes","105","0","yes",""
"452","10","denny-s-hungry-for-education-scholarship-8biihxvkin6l","d1851b38-73e1-4472-a844-8fe6ca0d6876","Denny’s Hungry for Education Scholarship","Hispanic Association of Colleges and Universities","2,000","5/15/2026","education","yes","https://scholarshiptop.com/scholarships/denny-s-hungry-for-education-scholarship-8biihxvkin6l","yes","105","0","yes",""
"453","10","next-generation-healers-scholarship-cn4vmczu6oo0","0915da84-cee7-4356-9f86-5f70e0f6dc63","Next Generation Healers Scholarship","Banyan Treatment Centers","1,000","5/14/2026","medical","yes","https://scholarshiptop.com/scholarships/next-generation-healers-scholarship-cn4vmczu6oo0","yes","105","0","yes",""
"454","10","joe-williams-music-scholarship-7rwg9wbfsl1w","ad40a414-b517-4733-a9fb-b273b3598a62","Joe Williams Music Scholarship","UNCF","6,000","5/7/2026","music","yes","https://scholarshiptop.com/scholarships/joe-williams-music-scholarship-7rwg9wbfsl1w","yes","105","0","yes",""
"455","10","h-britt-landrum-jr-scholarship-izxshefpaplq","81e3c27a-ee22-457a-9f96-b8c6a17ecbaf","H. Britt Landrum, Jr. Scholarship","University of West Florida","1,000","9/30/2026","miscellaneous","yes","https://scholarshiptop.com/scholarships/h-britt-landrum-jr-scholarship-izxshefpaplq","yes","105","0","yes",""
"456","10","tulane-school-of-social-work-miriam-l-gaertner-scholarship-at-tulane-uni-tulane-school-of-social-work-mir","9e193c3f-6b01-404e-84c7-40b383e94e17","Tulane School of Social Work Miriam L. Gaertner Scholarship at Tulane University 2026","Tulane University","Only tuition fees, Tuition fee","10 Jun, 2026","miscellaneous","yes","https://scholarshiptop.com/scholarships/tulane-school-of-social-work-miriam-l-gaertner-scholarship-at-tulane-uni-tulane-school-of-social-work-mir","yes","105","0","yes",""
"457","10","tulane-school-of-social-work-cornelia-s-crawford-fund-at-tulane-universi-tulane-school-of-social-work-cor","a9d94f67-6fef-412d-8f93-84a85ec7fa24","Tulane School of Social Work Cornelia S. Crawford Fund at Tulane University 2026","Tulane University","Only tuition fees, Tuition fee","10 Jun, 2026","miscellaneous","yes","https://scholarshiptop.com/scholarships/tulane-school-of-social-work-cornelia-s-crawford-fund-at-tulane-universi-tulane-school-of-social-work-cor","yes","105","0","yes",""
"458","10","tulane-school-of-social-work-cathy-bryson-sw-96-scholarship-endowed-fund-tulane-school-of-social-work-cat","e494767b-5d02-493c-a71a-487fd7fb0378","Tulane School of Social Work Cathy Bryson, SW 96 Scholarship Endowed Fund at Tulane University 2026","Tulane University","Only tuition fees, Tuition fee","10 Jun, 2026","miscellaneous","yes","https://scholarshiptop.com/scholarships/tulane-school-of-social-work-cathy-bryson-sw-96-scholarship-endowed-fund-tulane-school-of-social-work-cat","yes","105","0","yes",""
"459","10","milestone-trial-lawher-scholarship-milestone","3875b810-718a-43f7-ac06-8bb91e8ac792","Milestone Trial LawHER Scholarship","Provider listed on ScholarshipTop","$10,000 - $25,000","July 1, 2026 3:00 PM CT","education","yes","https://scholarshiptop.com/scholarships/milestone-trial-lawher-scholarship-milestone","yes","105","0","yes",""
"460","10","lord-paul-postgraduate-excellence-scholarship-at-university-of-wolverham-lord-paul-postgraduate-excellenc","09a08454-e6c6-468b-9f41-8a41b8397bfa","Lord Paul Postgraduate Excellence Scholarship at University of Wolverhampton 2026","University of Wolverhampton","Partial Funding, up to GBP 2,000","10 Jun, 2026","miscellaneous","yes","https://scholarshiptop.com/scholarships/lord-paul-postgraduate-excellence-scholarship-at-university-of-wolverham-lord-paul-postgraduate-excellenc","yes","105","0","yes",""
"461","10","academic-distinction-scholarship-at-icm-in-canada-2026-academic-distinction-scholarship","11ceb80f-cf8c-45e0-802f-fe30390a3c27","Academic Distinction Scholarship at ICM in Canada 2026","University of Manitoba (UM), Canada","Partial Funding, CAD 1,000","10 Jun, 2026","disability","yes","https://scholarshiptop.com/scholarships/academic-distinction-scholarship-at-icm-in-canada-2026-academic-distinction-scholarship","yes","105","0","yes",""
"462","10","international-undergraduate-student-bursary-at-university-of-manitoba-20-international-undergraduate-stud","361dab36-f3be-4c65-87b7-5d106113dfbc","International Undergraduate Student Bursary at University of Manitoba 2026","University of Manitoba (UM), Canada","Partial Funding, worth CAD 240,000 per annum","01 Oct, 2026","disability","yes","https://scholarshiptop.com/scholarships/international-undergraduate-student-bursary-at-university-of-manitoba-20-international-undergraduate-stud","yes","105","0","yes",""
"463","10","international-need-based-scholarships-at-cedarville-university-2026-international-needbased-scholars","5a061dd5-c56c-4de1-bd14-b5f6f2e387fc","International Need-Based Scholarships at Cedarville University 2026","Cedarville University","Partial Funding, Varies","10 Jun, 2026","miscellaneous","yes","https://scholarshiptop.com/scholarships/international-need-based-scholarships-at-cedarville-university-2026-international-needbased-scholars","yes","105","0","yes",""
"464","10","institute-for-asian-studies-scholarship-at-portland-state-university-202-institute-for-asian-studies-scho","da490a29-f82e-4cf7-a987-b8dff0347a4f","Institute for Asian Studies Scholarship at Portland State University 2026","Portland State University","Partial Funding, up to USD 1,000","05 Jun, 2026","miscellaneous","yes","https://scholarshiptop.com/scholarships/institute-for-asian-studies-scholarship-at-portland-state-university-202-institute-for-asian-studies-scho","yes","105","0","yes",""
"465","10","global-opportunities-regional-scholarship-at-university-of-wolverhampton-global-opportunities-regional-sc","4e79e70a-88f6-4e7e-8d9d-5fc83eb0f443","Global Opportunities Regional Scholarship at University of Wolverhampton 2026","University of Wolverhampton","Partial Funding, GBP 3,000 per year","31 Jul, 2026","miscellaneous","yes","https://scholarshiptop.com/scholarships/global-opportunities-regional-scholarship-at-university-of-wolverhampton-global-opportunities-regional-sc","yes","105","0","yes",""
"466","10","elizabeth-pearse-music-scholarship-at-james-cook-university-2026-elizabeth-pearse-music-scholarsh","1f622c97-5176-43da-abe5-9f8333c79bd1","Elizabeth Pearse Music Scholarship at James Cook University 2026","James Cook University (JCU), Cairns","Partial Funding, AUD 8,000","29 May, 2026","humanities","yes","https://scholarshiptop.com/scholarships/elizabeth-pearse-music-scholarship-at-james-cook-university-2026-elizabeth-pearse-music-scholarsh","yes","105","0","yes",""
"467","10","admission-scholarship-for-korean-students-at-korea-university-2026-admission-scholarship-for-korean","e0f03ecf-82dc-4dd0-a847-8a4ec39e0b36","Admission Scholarship for Korean Students at Korea University 2026","Korea University","Partial Funding, up to KRW 8,417,000","10 Jun, 2026","miscellaneous","yes","https://scholarshiptop.com/scholarships/admission-scholarship-for-korean-students-at-korea-university-2026-admission-scholarship-for-korean","yes","105","0","yes",""
"468","10","tulane-school-of-social-work-beth-gulledge-and-robert-fonville-memorial--tulane-school-of-social-work-bet","c6abb2c9-6a92-4e6d-aac1-3cff29358592","Tulane School of Social Work Beth Gulledge and Robert Fonville Memorial Scholarship at Tulane University 2026","Tulane University","Only tuition fees, Tuition fee","10 Jun, 2026","miscellaneous","yes","https://scholarshiptop.com/scholarships/tulane-school-of-social-work-beth-gulledge-and-robert-fonville-memorial--tulane-school-of-social-work-bet","yes","105","0","yes",""
"469","10","tulane-school-of-social-work-bertha-wolbrett-feitel-scholarship-fund-at--tulane-school-of-social-work-ber","d51241ad-5fb3-48a1-9c14-258e1933bb26","Tulane School of Social Work Bertha Wolbrett Feitel Scholarship Fund at Tulane University 2026","Tulane University","Only tuition fees, Tuition fee","10 Jun, 2026","miscellaneous","yes","https://scholarshiptop.com/scholarships/tulane-school-of-social-work-bertha-wolbrett-feitel-scholarship-fund-at--tulane-school-of-social-work-ber","yes","105","0","yes",""
"470","10","sna-foundation-scholarship-v5ervquxaagx","df972402-ba14-4d43-91bb-6a748b9e3c95","SNA Foundation Scholarship","Seldovia Native Association","2,500","7/1/2026","miscellaneous","yes","https://scholarshiptop.com/scholarships/sna-foundation-scholarship-v5ervquxaagx","yes","105","0","yes",""
"471","10","robert-d-greenberg-scholarship-udjc5tl5xdi8","de5ccab7-e8bd-4b68-aad7-f222ea013b2a","Robert D. Greenberg Scholarship","Society of Broadcast Engineers","2,500","7/1/2026","education","yes","https://scholarshiptop.com/scholarships/robert-d-greenberg-scholarship-udjc5tl5xdi8","yes","105","0","yes",""
"472","10","spouse-of-active-duty-member-drilling-reservist-national-guard-or-milita-qqx4yli0xtyw","e1b4d645-6661-4e69-8665-5c21fa634b2a","Spouse of Active-Duty Member, Drilling Reservist, National Guard, or Military Retiree Scholarship","Virginia Advisory Council on Military Education","1,000","7/1/2026","education","yes","https://scholarshiptop.com/scholarships/spouse-of-active-duty-member-drilling-reservist-national-guard-or-milita-qqx4yli0xtyw","yes","105","0","yes",""
"473","10","thomas-pick-memorial-scholarship-o86zsexg9vls","f562715a-400a-4b05-876d-2180e32bf4b5","Thomas Pick Memorial Scholarship","Soil and Water Conservation Society-Montana Chapter","500","7/1/2026","stem","yes","https://scholarshiptop.com/scholarships/thomas-pick-memorial-scholarship-o86zsexg9vls","yes","105","0","yes",""
"474","10","society-of-broadcast-engineers-youth-scholarship-kfmzlwxscagn","ea8d5e5f-3ba1-4665-8605-69aaff601bf0","Society of Broadcast Engineers Youth Scholarship","Society of Broadcast Engineers","2,500","7/1/2026","stem","yes","https://scholarshiptop.com/scholarships/society-of-broadcast-engineers-youth-scholarship-kfmzlwxscagn","yes","105","0","yes",""
"475","10","lineweaver-scholarship-4kqa80o59ags","f1f1cad1-d07d-4711-8b81-00542424ec3d","Lineweaver Scholarship","American Jersey Cattle Association","3,500","7/1/2026","stem","yes","https://scholarshiptop.com/scholarships/lineweaver-scholarship-4kqa80o59ags","yes","105","0","yes",""
"476","10","isf-film-grant-dxexeqcg9vc2","f6fbc96f-537f-42a3-ab00-367606d3fc7b","ISF Film Grant","Islamic Scholarship Fund","5,000 - 15,000","6/30/2026","miscellaneous","yes","https://scholarshiptop.com/scholarships/isf-film-grant-dxexeqcg9vc2","yes","105","0","yes",""
"477","10","progressive-automations-annual-scholarship-qq3ypbo9br1z","f613571e-c0c0-40fb-bce1-d2353305ee3c","Progressive Automations' Annual Scholarship","Progressive Automations","1,800","6/15/2026","stem","yes","https://scholarshiptop.com/scholarships/progressive-automations-annual-scholarship-qq3ypbo9br1z","yes","105","0","yes",""
"478","10","tuition-fee-waivers-for-masters-program-in-economics-finance-2523","ffd7f0fc-275b-4c58-8f3f-e8d23a8a3991","Tuition Fee Waivers for Masters Program in Economics, Finance","Barcelona GSE","700.000 Euros","June 25","stem","yes","https://scholarshiptop.com/scholarships/tuition-fee-waivers-for-masters-program-in-economics-finance-2523","yes","105","0","yes",""
"479","10","omega-phi-beta-scholarships-scholarships-com-omega-phi-beta-scholarships","ff5a68a8-95f3-43dc-9a97-f62d3835d0b9","Omega Phi Beta Scholarships USA 2026 Apply","Provider listed on ScholarshipTop","$500","May 31, 2026","miscellaneous","yes","https://scholarshiptop.com/scholarships/omega-phi-beta-scholarships-scholarships-com-omega-phi-beta-scholarships","yes","105","0","yes",""
"480","10","marylinn-munson-bio-nebraska-stem-scholarship-scholarships-com-marylinn-munson-and-bio-nebraska","ff3e2686-81a8-4276-a896-cbbc1d2b14d4","Marylinn Munson & Bio Nebraska STEM Scholarship","Bio Nebraska Foundation","$2,500","April 30, 2026","stem","yes","https://scholarshiptop.com/scholarships/marylinn-munson-bio-nebraska-stem-scholarship-scholarships-com-marylinn-munson-and-bio-nebraska","yes","105","0","yes",""
"481","10","parkon-scholarship-for-business-marketing-or-hospitality-majors-scholars-parkon-scholarship-for-business-","fefce303-c251-415d-b841-979adee52c1d","ParkON Scholarship for Business, Marketing, or Hospitality Majors","ParkON.com","$1,000","November 15, 2026","miscellaneous","yes","https://scholarshiptop.com/scholarships/parkon-scholarship-for-business-marketing-or-hospitality-majors-scholars-parkon-scholarship-for-business-","yes","105","0","yes",""
"482","10","the-captrust-scholarship-c5c9bfafce97aff4","fe7a985a-5e52-4c83-ae0f-33383793b02d","The CAPTRUST Scholarship","Unigo listing","Amount: The maximum amount per award is $2,000 for each student selected among the five recipients.","for this scholarship is Sunday, May 31, 2026","education","yes","https://scholarshiptop.com/scholarships/the-captrust-scholarship-c5c9bfafce97aff4","yes","105","0","yes",""
"483","10","shape-plus-fitness-scholarship-c6uq2i4f6s2r","fe0fe644-92e6-49f2-8973-bf04c6bd5c4e","Shape Plus Fitness Scholarship Guide and Eligibility","Shape Plus","1,500","8/1/2026","education","yes","https://scholarshiptop.com/scholarships/shape-plus-fitness-scholarship-c6uq2i4f6s2r","yes","105","0","yes",""
"484","10","alliance-medical-education-scholarship-scholarships-com-alliance-medical-education-schol","fd750675-d123-48b0-ac5d-1dce1764a5d9","Alliance Medical Education Scholarship Guide","Foundation","$2,500","September 30, 2026","education","yes","https://scholarshiptop.com/scholarships/alliance-medical-education-scholarship-scholarships-com-alliance-medical-education-schol","yes","105","0","yes",""
"485","10","standing-with-her-scholarship-scholarships-com-standing-with-her-scholarship","fcf69b86-5315-4e54-863b-efeaf10af7b5","Standing With Her Scholarship USA 2026 Apply","Provider listed on ScholarshipTop","$2,500","May 01, 2026","miscellaneous","yes","https://scholarshiptop.com/scholarships/standing-with-her-scholarship-scholarships-com-standing-with-her-scholarship","yes","105","0","yes",""
"486","10","plimpton-foundation-native-american-vocal-scholars-program-scholarships--plimpton-foundation-native-ameri","fcb091c8-9653-48dd-b733-3c388650c451","Plimpton Foundation Native American Vocal Scholars Program","Native American Vocal Scholars Program at The Plimpton Foundation","$1,000","May 01, 2026","music","yes","https://scholarshiptop.com/scholarships/plimpton-foundation-native-american-vocal-scholars-program-scholarships--plimpton-foundation-native-ameri","yes","105","0","yes",""
"487","10","nsbe-gppc-stem-futures-scholarship-scholarships-com-nsbe-gppc-stem-futures-scholarsh","fc65365d-bfad-4669-a010-3a0bb700d704","NSBE GPPC STEM Futures Scholarship","Provider listed on ScholarshipTop","$1,000","April 30, 2026","stem","yes","https://scholarshiptop.com/scholarships/nsbe-gppc-stem-futures-scholarship-scholarships-com-nsbe-gppc-stem-futures-scholarsh","yes","105","0","yes",""
"488","10","study-abroad-scholarship-in-bih-for-american-minority-students-study-abroad-scholarship-in-bih-","fbb2610a-9f1b-4acc-8a85-61b3e6603ad4","Study Abroad Scholarship in BiH for American Minority Students","TCA Study Abroad Scholarship","$2,000","January 01, 2027","miscellaneous","yes","https://scholarshiptop.com/scholarships/study-abroad-scholarship-in-bih-for-american-minority-students-study-abroad-scholarship-in-bih-","yes","105","0","yes",""
"489","10","hpra-scholarship-programs-scholarships-com-hpra-scholarship-programs","fb62cbfe-b1a6-4103-92b0-fe15c67fb1ca","HPRA Scholarship Programs: Eligibility, Deadline","Hispanic Public Relations Association (HPRA)","$2,500","June 20, 2026","miscellaneous","yes","https://scholarshiptop.com/scholarships/hpra-scholarship-programs-scholarships-com-hpra-scholarship-programs","yes","105","0","yes",""
"490","10","280-group-product-management-scholarship-12241","fb102962-146a-4ce5-8df3-c923840efa63","280 Group Product Management Scholarship","Washington State University","500 USD","15 Nov 2026","miscellaneous","yes","https://scholarshiptop.com/scholarships/280-group-product-management-scholarship-12241","yes","105","0","yes",""
"491","10","ajpsf-scholarship-ajpsf-scholarship","fa245012-bb12-43e1-9585-5672587e1af1","AJPSF Scholarship","AJ Patel Scholarship Foundation","award worth $1,500","June 30, 2026","miscellaneous","yes","https://scholarshiptop.com/scholarships/ajpsf-scholarship-ajpsf-scholarship","yes","105","0","yes",""
"492","10","ncnsfpe-brady-williamson-scholarship-scholarships-com-ncnsfpe-brady-williamson-scholar","fa220bdb-19cd-4f3f-9f33-03b133dad0e4","NCNSFPE Brady-Williamson Scholarship Guide","Provider listed on ScholarshipTop","$2,500","February 28, 2027","disability","yes","https://scholarshiptop.com/scholarships/ncnsfpe-brady-williamson-scholarship-scholarships-com-ncnsfpe-brady-williamson-scholar","yes","105","0","yes",""
"493","10","nwpcu-scholarship-nwpcu-scholarship","f8c12f41-81d2-499f-b451-a0dabc747fe1","NWPCU Scholarship","Provider listed on ScholarshipTop","$1,000","March 27, 2027","miscellaneous","yes","https://scholarshiptop.com/scholarships/nwpcu-scholarship-nwpcu-scholarship","yes","105","0","yes",""
"494","10","uc-international-scholarship-13399","f897b4d9-fa31-4050-8c5d-b0481f0c33ae","UC International Scholarship","University of Cincinnati","Various benefits","15 Jun 2026","miscellaneous","yes","https://scholarshiptop.com/scholarships/uc-international-scholarship-13399","yes","105","0","yes",""
"495","10","wwin-star-scholarship-wwin-star-scholarship","f8873a1a-f267-45cc-b445-e3d690021e60","WWIN Star Scholarship","WWIN","$20,000","April 16, 2027","miscellaneous","yes","https://scholarshiptop.com/scholarships/wwin-star-scholarship-wwin-star-scholarship","yes","105","0","yes",""
"496","10","aia-silicon-valley-ehrlich-rominger-scholarship-scholarships-com-aia-silicon-valley-ehrlich-romin","f8493df0-d062-4fd9-bf16-58716e8101b3","AIA Silicon Valley Ehrlich Rominger Scholarship Guide","Provider listed on ScholarshipTop","$5,000","April 24, 2026","miscellaneous","yes","https://scholarshiptop.com/scholarships/aia-silicon-valley-ehrlich-rominger-scholarship-scholarships-com-aia-silicon-valley-ehrlich-romin","yes","105","0","yes",""
"497","10","juf-israel-experience-high-school-scholarship-program-scholarships-com-juf-israel-experience-high-schoo","f80d7adb-674d-410e-976d-8e7805017944","JUF Israel Experience High School Scholarship Program","Jewish United Fund/Jewish Federation","$4,000","June 01, 2026","miscellaneous","yes","https://scholarshiptop.com/scholarships/juf-israel-experience-high-school-scholarship-program-scholarships-com-juf-israel-experience-high-schoo","yes","105","0","yes",""
"498","10","preventive-measures-legacy-scholarship-scholarships-com-preventive-measures-legacy-schol","f7ec7cbf-c25d-4be0-9670-bd9580093f4c","Preventive Measures Legacy Scholarship Guide","Each year, the Preventive Measures (PM) Foundation","$2,000","February 28, 2027","miscellaneous","yes","https://scholarshiptop.com/scholarships/preventive-measures-legacy-scholarship-scholarships-com-preventive-measures-legacy-schol","yes","105","0","yes",""
"499","10","pedestrian-education-video-scholarship-competition-scholarships-com-pedestrian-education-video-schol","f73330d6-5b14-4473-bfdc-142f73d239cd","Pedestrian Education Video Scholarship Competition","Provider listed on ScholarshipTop","$1,000","May 31, 2026","education","yes","https://scholarshiptop.com/scholarships/pedestrian-education-video-scholarship-competition-scholarships-com-pedestrian-education-video-schol","yes","105","0","yes",""
"500","10","nysoea-environmental-studies-scholarship-scholarships-com-nysoea-environmental-studies-sch","f6c58e93-97ed-4786-859e-4212653448ce","NYSOEA Environmental Studies Scholarship","NYSOEA","$500","July 31, 2026","miscellaneous","yes","https://scholarshiptop.com/scholarships/nysoea-environmental-studies-scholarship-scholarships-com-nysoea-environmental-studies-sch","yes","105","0","yes",""
"501","11","abbvie-cystic-fibrosis-scholarship-scholarships-com-abbvie-cystic-fibrosis-scholarsh","f6a2fe18-490f-49ed-8e04-328cb685527e","AbbVie Cystic Fibrosis Scholarship","Provider listed on ScholarshipTop","$25,000","May 15, 2026","miscellaneous","yes","https://scholarshiptop.com/scholarships/abbvie-cystic-fibrosis-scholarship-scholarships-com-abbvie-cystic-fibrosis-scholarsh","yes","105","0","yes",""
"502","11","svcf-crain-scholarship-program-scholarships-com-svcf-crain-scholarship-program","f677fca0-3b67-409d-90ce-c7d9f88f748f","SVCF Crain Scholarship Program Details & Deadline","Silicon Valley Community Foundation","$5,000","February 27, 2027","miscellaneous","yes","https://scholarshiptop.com/scholarships/svcf-crain-scholarship-program-scholarships-com-svcf-crain-scholarship-program","yes","105","0","yes",""
"503","11","lagrant-foundation-undergraduate-scholarships-scholarships-com-lagrant-foundation-undergraduate","f6518eab-e305-4d33-a5c1-45c21c5e7f14","LAGRANT Foundation Undergraduate Scholarships Guide","Each year, The LAGRANT Foundation","$2,500","February 27, 2027","miscellaneous","yes","https://scholarshiptop.com/scholarships/lagrant-foundation-undergraduate-scholarships-scholarships-com-lagrant-foundation-undergraduate","yes","105","0","yes",""
