id,slug,title,en_url,word_count,char_count,published_at,indexable,in_sitemap,complexity,priority_score,include,exclude_reason,es_fr_behavior,reasons
"422b68d5-3aa6-4eb3-b1da-b176e4eae711","verify-scholarship-winners-usa-previous-years","How to Verify Scholarship Winners in the USA From Previous Years","/resources/verify-scholarship-winners-usa-previous-years","2269","12937","2026-04-17T10:07:39.311+00:00","yes","yes","medium","55","yes","","404 (no DB route yet)","substantial body; meta complete; pillar evergreen slug"
"9907174c-cde1-49e3-8f93-dc7d091b027c","verify-scholarship-donor-credibility-usa","How to Verify Scholarship Donor Credibility in the USA","/resources/verify-scholarship-donor-credibility-usa","2370","13620","2026-04-17T10:07:26.453+00:00","yes","yes","medium","55","yes","","404 (no DB route yet)","substantial body; meta complete; pillar evergreen slug"
"b2f05c94-c9b0-4dda-a0cd-598d734ef9d6","avoid-scholarship-scams-targeting-families","How Parents Can Avoid Scholarship Scams Targeting Families","/resources/avoid-scholarship-scams-targeting-families","2091","12014","2026-04-17T09:58:57.058+00:00","yes","yes","medium","55","yes","","404 (no DB route yet)","substantial body; meta complete; pillar evergreen slug"
"8cd2d620-1408-45ad-8e22-da36dc2423c2","trustworthy-scholarship-database-2026","What Makes a Scholarship Database Trustworthy in 2026?","/resources/trustworthy-scholarship-database-2026","2389","13740","2026-04-16T12:34:56.689369+00:00","yes","yes","medium","55","yes","","404 (no DB route yet)","substantial body; meta complete; pillar evergreen slug"
"a740b1b1-2fa6-40b9-8879-1adf6b321184","trustworthy-scholarship-website-for-parents","What Makes a Scholarship Website Trustworthy for Parents?","/resources/trustworthy-scholarship-website-for-parents","2152","12616","2026-04-16T12:34:49.750218+00:00","yes","yes","medium","55","yes","","404 (no DB route yet)","substantial body; meta complete; pillar evergreen slug"
"8eaf3792-c5ba-44b4-a2dd-20c675196e25","organize-scholarship-applications-by-award-amount","How to Organize Scholarship Applications by Award Amount","/resources/organize-scholarship-applications-by-award-amount","2369","13401","2026-04-16T12:34:48.369659+00:00","yes","yes","medium","55","yes","","404 (no DB route yet)","substantial body; meta complete; pillar evergreen slug"
"164ec303-8f4f-4b85-a212-930a64aebd3a","verify-scholarship-websites-usa-before-sharing-documents","How to Verify Scholarship Websites in the USA Before Sharing Documents","/resources/verify-scholarship-websites-usa-before-sharing-documents","2233","12501","2026-04-16T12:34:43.805414+00:00","yes","yes","medium","55","yes","","404 (no DB route yet)","substantial body; meta complete; pillar evergreen slug"
"93573e98-0cae-4b5d-811f-e3e35b083fc0","verify-scholarship-renewal-rules-usa","How to Verify Scholarship Renewal Rules in the USA Before Enrollment","/resources/verify-scholarship-renewal-rules-usa","2480","14026","2026-04-16T10:30:17.803327+00:00","yes","yes","medium","55","yes","","404 (no DB route yet)","substantial body; meta complete; pillar evergreen slug"
"fd25948b-fb8d-4641-b4c5-c6d07dbd8ee0","trustworthy-scholarship-success-stories","What Makes a Scholarship Success Story Trustworthy?","/resources/trustworthy-scholarship-success-stories","2335","13434","2026-04-16T10:30:16.458276+00:00","yes","yes","medium","55","yes","","404 (no DB route yet)","substantial body; meta complete; pillar evergreen slug"
"05865751-3371-48bd-acc2-f89de3ef6b6a","trustworthy-scholarship-newsletter","What Makes a Scholarship Newsletter Trustworthy? Key Signs to Check","/resources/trustworthy-scholarship-newsletter","2060","12062","2026-04-16T10:30:11.585511+00:00","yes","yes","medium","55","yes","","404 (no DB route yet)","substantial body; meta complete; pillar evergreen slug"
"0c947ecc-65ea-4d8d-9b02-0e829e87b414","organize-scholarship-applications-family-responsibilities","How to Organize Scholarship Applications With Family Responsibilities","/resources/organize-scholarship-applications-family-responsibilities","2247","12570","2026-04-16T10:30:03.073815+00:00","yes","yes","medium","55","yes","","404 (no DB route yet)","substantial body; meta complete; pillar evergreen slug"
"d0921aae-6743-4514-8ffb-40162c0f1526","organize-scholarship-applications-part-time-work","How to Organize Scholarship Applications While Working Part Time","/resources/organize-scholarship-applications-part-time-work","2092","11913","2026-04-12T12:42:36.187+00:00","yes","yes","medium","55","yes","","404 (no DB route yet)","substantial body; meta complete; pillar evergreen slug"
"6b1e5401-1a6e-4f4f-9f9c-35dc853d82cf","verify-scholarship-eligibility-usa","How to Verify Scholarship Eligibility in the USA Without Relying on Forums","/resources/verify-scholarship-eligibility-usa","2418","14405","2026-04-08T14:55:36.11+00:00","yes","yes","medium","55","yes","","404 (no DB route yet)","substantial body; meta complete; pillar evergreen slug"
"cca8338c-9b43-46d1-84c9-543b4de94a1e","how-to-write-a-thank-you-letter-after-winning-a-scholarship","How to Write a Thank You Letter After Winning a Scholarship","/resources/how-to-write-a-thank-you-letter-after-winning-a-scholarship","2306","12083","2026-04-08T13:23:22.84+00:00","yes","yes","medium","55","yes","","404 (no DB route yet)","substantial body; meta complete; pillar evergreen slug"
"543cda3d-3bb0-486e-8a33-d220708e34f5","verify-scholarship-emails-usa","How to Verify Scholarship Emails in the USA Before Replying","/resources/verify-scholarship-emails-usa","1465","8240","2026-04-25T15:45:14.229+00:00","yes","yes","medium","47","yes","","404 (no DB route yet)","moderate body; meta complete; pillar evergreen slug"
"f95c74cf-bf69-4f9f-a39b-d61488c90d43","organize-scholarship-applications-by-difficulty","How to Organize Scholarship Applications by Difficulty Level","/resources/organize-scholarship-applications-by-difficulty","1481","8765","2026-04-25T15:39:00.979+00:00","yes","yes","medium","47","yes","","404 (no DB route yet)","moderate body; meta complete; pillar evergreen slug"
"876a3e47-500a-4f1a-865d-5c39b259da43","four-year-scholarship-plan-college","How School Students Can Prepare a Four Year Scholarship Plan for College","/resources/four-year-scholarship-plan-college","1309","7913","2026-04-25T15:31:07.668+00:00","yes","yes","medium","47","yes","","404 (no DB route yet)","moderate body; meta complete; pillar evergreen slug"
"549861b4-57d9-4189-9f51-5ebc421becb8","trustworthy-scholarship-review-online","What Makes a Scholarship Review Trustworthy Online?","/resources/trustworthy-scholarship-review-online","1456","8371","2026-04-25T15:27:51.019+00:00","yes","yes","medium","47","yes","","404 (no DB route yet)","moderate body; meta complete; pillar evergreen slug"
"19a0babc-7b31-4d86-843a-e0767a5a0051","organize-scholarship-applications-notion","How to Organize Scholarship Applications in Notion","/resources/organize-scholarship-applications-notion","1352","7705","2026-04-25T14:23:32.422+00:00","yes","yes","medium","47","yes","","404 (no DB route yet)","moderate body; meta complete; pillar evergreen slug"
"e27f7e57-537f-4ef1-8386-7f6c1bb7268f","verify-scholarship-tax-implications-usa","How to Verify Scholarship Tax Implications in the USA","/resources/verify-scholarship-tax-implications-usa","1444","8097","2026-04-25T13:42:36.77+00:00","yes","yes","medium","47","yes","","404 (no DB route yet)","moderate body; meta complete; pillar evergreen slug"
"896d874e-b049-4660-b53b-0a09127c23c3","trustworthy-scholarship-comparison-article","What Makes a Scholarship Comparison Article Trustworthy?","/resources/trustworthy-scholarship-comparison-article","1565","9336","2026-04-25T13:18:34.3+00:00","yes","yes","medium","47","yes","","404 (no DB route yet)","moderate body; meta complete; pillar evergreen slug"
"9b12195b-9f25-4dba-b7bc-ea08517c91a4","organize-scholarship-applications-by-deadline","How to Organize Scholarship Applications by Deadline","/resources/organize-scholarship-applications-by-deadline","1439","8253","2026-04-25T12:48:51.143+00:00","yes","yes","medium","47","yes","","404 (no DB route yet)","moderate body; meta complete; pillar evergreen slug"
"3295cff8-2f60-4a9c-a15d-1156cc81eb36","verify-scholarship-committee-members-usa","How to Verify Scholarship Committee Members in the USA","/resources/verify-scholarship-committee-members-usa","1404","8165","2026-04-25T11:35:44.136+00:00","yes","yes","medium","47","yes","","404 (no DB route yet)","moderate body; meta complete; pillar evergreen slug"
"9991660f-31b2-4a6f-8007-f5bb198860b8","trustworthy-scholarship-foundation","What Makes a Scholarship Foundation Trustworthy for Donors and Applicants?","/resources/trustworthy-scholarship-foundation","1499","9264","2026-04-25T09:12:41.766+00:00","yes","yes","medium","47","yes","","404 (no DB route yet)","moderate body; meta complete; pillar evergreen slug"
"8403ec68-4c4c-4968-9192-f4c8129aeb66","organize-scholarship-applications-during-exam-season","How to Organize Scholarship Applications During Exam Season","/resources/organize-scholarship-applications-during-exam-season","1376","8225","2026-04-25T08:40:46.323+00:00","yes","yes","medium","47","yes","","404 (no DB route yet)","moderate body; meta complete; pillar evergreen slug"
"9112cbbd-3be9-4429-823f-07ba1c7395d7","organize-scholarship-applications-google-sheets","How to Organize Scholarship Applications in Google Sheets","/resources/organize-scholarship-applications-google-sheets","1047","6003","2026-04-24T16:41:57.18+00:00","yes","yes","low","47","yes","","404 (no DB route yet)","moderate body; meta complete; pillar evergreen slug"
"5a37a3af-f3a3-4fae-9332-16f83689c38d","organize-scholarship-search-international-student","How to Organize Your Scholarship Search as an International Student","/resources/organize-scholarship-search-international-student","1166","7322","2026-04-24T13:33:36.7+00:00","yes","yes","low","47","yes","","404 (no DB route yet)","moderate body; meta complete; pillar evergreen slug"
"d6b6e71d-99a2-4ec4-a425-b98a72c26769","verify-scholarship-donor-history-usa","How to Verify Scholarship Donor History in the USA","/resources/verify-scholarship-donor-history-usa","1277","7295","2026-04-23T17:45:05.987+00:00","yes","yes","medium","47","yes","","404 (no DB route yet)","moderate body; meta complete; pillar evergreen slug"
"3747ed47-0e7f-4112-a2b0-52b54bb85198","how-to-write-a-winning-scholarship-essay","How to Write a Winning Scholarship Essay: Tips, Structure, and Mistakes to Avoid","/resources/how-to-write-a-winning-scholarship-essay","1139","6606","2026-04-23T12:20:08.66059+00:00","yes","yes","low","47","yes","","404 (no DB route yet)","moderate body; meta complete; pillar evergreen slug"
"43a8862a-b719-4d2f-a057-9ffc2cca5733","verify-scholarship-amount-usa","How to Verify Scholarship Amount in the USA Before Applying","/resources/verify-scholarship-amount-usa","1129","7254","2026-04-08T09:55:11.860245+00:00","yes","yes","low","47","yes","","404 (no DB route yet)","moderate body; meta complete; pillar evergreen slug"
"da24913a-f274-4e4b-b29b-ae5cb53dffe9","organize-scholarship-applications-weekly-routine","How to Organize Scholarship Applications with a Weekly Routine","/resources/organize-scholarship-applications-weekly-routine","1017","6243","2026-04-08T09:55:11.860245+00:00","yes","yes","low","47","yes","","404 (no DB route yet)","moderate body; meta complete; pillar evergreen slug"
"cfc6ff64-6a14-4449-8388-dba727f1403e","how-to-proofread-scholarship-essay","How to Proofread a Scholarship Essay Before Submission: A Step-by-Step Guide","/resources/how-to-proofread-scholarship-essay","1289","7508","2026-04-08T09:55:11.860245+00:00","yes","yes","medium","47","yes","","404 (no DB route yet)","moderate body; meta complete; pillar evergreen slug"
"0612d279-cc13-489b-af91-48ab6c104b0c","trustworthy-scholarship-advisor-for-students","What Makes a Scholarship Advisor Trustworthy for Students","/resources/trustworthy-scholarship-advisor-for-students","1247","8284","2026-04-08T09:04:23.351+00:00","yes","yes","medium","47","yes","","404 (no DB route yet)","moderate body; meta complete; pillar evergreen slug"
"31e8dcd8-3e5e-4493-84f9-bb1616a6f00b","types-of-scholarships-usa-explained","Types of Scholarships in the USA Explained: A Complete Guide","/resources/types-of-scholarships-usa-explained","1220","8316","2026-04-03T17:05:29.136+00:00","yes","yes","medium","47","yes","","404 (no DB route yet)","moderate body; meta complete; pillar evergreen slug"
"1f84af28-b44d-47bf-a707-d9283645eee2","how-to-get-recommendation-letters-for-scholarships","How to Get Recommendation Letters for Scholarships: A Complete Guide","/resources/how-to-get-recommendation-letters-for-scholarships","1071","6586","2026-04-03T17:01:09.61+00:00","yes","yes","low","47","yes","","404 (no DB route yet)","moderate body; meta complete; pillar evergreen slug"
"394282e4-bf76-4b43-b77f-e5ebdb777b56","how-to-track-scholarships-international-students","Essential Tools for Tracking Scholarships for International Students","/resources/how-to-track-scholarships-international-students","687","4962","2026-04-25T13:28:51.035+00:00","yes","yes","low","39","yes","","404 (no DB route yet)","acceptable body; meta complete; pillar evergreen slug"
"148a6205-e52d-4b67-b864-cf41323ed07f","how-to-write-scholarship-essay-as-international-student","Crafting a Compelling Scholarship Essay as an International Student","/resources/how-to-write-scholarship-essay-as-international-student","607","4236","2026-04-25T13:27:59.3+00:00","yes","yes","low","39","yes","","404 (no DB route yet)","acceptable body; meta complete; pillar evergreen slug"
"b05aa2bf-24e6-42f7-b913-6e1c1d956686","how-to-find-scholarships-for-international-students","A Comprehensive Guide to Finding Scholarships for International Students","/resources/how-to-find-scholarships-for-international-students","632","4813","2026-04-25T13:27:11.541+00:00","yes","yes","low","39","yes","","404 (no DB route yet)","acceptable body; meta complete; pillar evergreen slug"
"7c5cf05c-c4ae-47fa-8d9c-1ee7940fc862","how-to-get-full-scholarship-usa","How to Get a Full Scholarship in the USA: Complete Guide","/resources/how-to-get-full-scholarship-usa","939","6262","2026-04-03T16:44:48.077+00:00","yes","yes","low","39","yes","","404 (no DB route yet)","acceptable body; meta complete; pillar evergreen slug"
"e3e2ab04-99c9-4007-82c6-20a9f06b4071","scholarship-faq-school-students-applying-early","Scholarship FAQ for School Students Applying Early: Key Questions Answered","/resources/scholarship-faq-school-students-applying-early","2012","11955","2026-04-17T10:10:41.28+00:00","yes","yes","medium","38","yes","","404 (no DB route yet)","substantial body; meta complete; evergreen intent slug"
"cf60ecfb-6d92-4203-b8c8-c79f79d77273","scholarship-faq-pages-rank-build-trust","How to Create Scholarship FAQ Pages That Rank and Build Trust","/resources/scholarship-faq-pages-rank-build-trust","2138","12580","2026-04-17T10:07:13.366+00:00","yes","yes","medium","38","yes","","404 (no DB route yet)","substantial body; meta complete; evergreen intent slug"
"cff1698f-e874-4add-9b1b-9a7909a7d90b","best-scholarship-tracker-templates-students","Best Scholarship Tracker Templates for Students","/resources/best-scholarship-tracker-templates-students","2294","13024","2026-04-16T12:34:47.481594+00:00","yes","yes","medium","38","yes","","404 (no DB route yet)","substantial body; meta complete; evergreen intent slug"
"aefdb002-69ce-42bc-b0e7-b6a4b50095f1","track-scholarship-deadlines-usa","How to Track Scholarship Deadlines in the USA","/resources/track-scholarship-deadlines-usa","2164","11956","2026-04-16T12:34:43.376897+00:00","yes","yes","medium","38","yes","","404 (no DB route yet)","substantial body; meta complete; evergreen intent slug"
"e4a068fc-c105-4668-83ee-8e18c72c6f74","athlete-scholarship-transparency-checklist","Scholarship Transparency Checklist for Athletes: What to Review Before You Commit","/resources/athlete-scholarship-transparency-checklist","2170","12170","2026-04-16T10:30:28.497488+00:00","yes","yes","medium","38","yes","","404 (no DB route yet)","substantial body; meta complete; evergreen intent slug"
"a5eb24ac-8640-45c5-95ef-0a91150cf8c8","usa-scholarships-learning-differences","Scholarships in the USA for Students with Learning Differences","/resources/usa-scholarships-learning-differences","2440","15424","2026-04-16T10:30:10.23811+00:00","yes","yes","medium","38","yes","","404 (no DB route yet)","substantial body; meta complete; evergreen intent slug"
"b7dc3f7c-e1a1-4346-b646-7760574bc22d","scholarship-faq-comparing-multiple-offers","Scholarship FAQ for Students Comparing Multiple Offers","/resources/scholarship-faq-comparing-multiple-offers","2125","11991","2026-04-13T07:05:02.331+00:00","yes","yes","medium","38","yes","","404 (no DB route yet)","substantial body; meta complete; evergreen intent slug"
"f6f71fff-08d9-4f5b-981e-c1ec4ee92dd0","scholarship-faq-low-gpa-students","Scholarship FAQ for Students With Low GPA: What You Can Still Apply For","/resources/scholarship-faq-low-gpa-students","1450","8549","2026-04-25T15:46:53.315+00:00","yes","yes","medium","30","yes","","404 (no DB route yet)","moderate body; meta complete; evergreen intent slug"
"7619489b-3449-49e4-a25f-0a1991116162","graduate-scholarship-application-checklist","Scholarship Application Checklist for Graduate Students: What to Prepare and When","/resources/graduate-scholarship-application-checklist","1374","8728","2026-04-25T13:54:34.604+00:00","yes","yes","medium","30","yes","","404 (no DB route yet)","moderate body; meta complete; evergreen intent slug"
"c1d7aab1-2832-46d7-b9c5-bfabbf019e4f","scholarship-faq-no-recommendation-letters","Scholarship FAQ for Students Without Recommendation Letters","/resources/scholarship-faq-no-recommendation-letters","1424","8969","2026-04-25T13:04:54.897+00:00","yes","yes","medium","30","yes","","404 (no DB route yet)","moderate body; meta complete; evergreen intent slug"
"8559e251-838e-4cfa-bab5-ad6ca27472da","scholarship-faq-applying-late","Scholarship FAQ for Students Applying Late: What to Do Now","/resources/scholarship-faq-applying-late","1343","8043","2026-04-25T11:32:34.391+00:00","yes","yes","medium","30","yes","","404 (no DB route yet)","moderate body; meta complete; evergreen intent slug"
"0577987c-7446-43b1-ba46-c8f9843d080a","scholarship-faq-international-students-visa-support","Scholarship FAQ for International Students Who Need Visa Support","/resources/scholarship-faq-international-students-visa-support","1398","8242","2026-04-25T09:39:58.503+00:00","yes","yes","medium","30","yes","","404 (no DB route yet)","moderate body; meta complete; evergreen intent slug"
"3fbac7a1-9536-43b7-9124-2e57e2781654","college-students-scholarships-usa-volunteer-work","How College Students Can Get Scholarships in the USA With Volunteer Work","/resources/college-students-scholarships-usa-volunteer-work","2382","14597","2026-04-23T12:20:08.66059+00:00","yes","yes","medium","30","yes","","404 (no DB route yet)","substantial body; meta complete"
"d7d5a3b2-7ad5-46a4-b7a4-8f20970de72f","first-generation-student-scholarships-usa","Scholarships for School Students in the USA for First-Generation Families","/resources/first-generation-student-scholarships-usa","2255","13783","2026-04-23T12:20:08.66059+00:00","yes","yes","medium","30","yes","","404 (no DB route yet)","substantial body; meta complete"
"3cec38b0-ddf9-455e-9009-e4969d018fad","olympiads-to-win-scholarships-usa","How School Students Can Use Olympiads to Win Scholarships in the USA","/resources/olympiads-to-win-scholarships-usa","2354","14351","2026-04-23T12:20:08.66059+00:00","yes","yes","medium","30","yes","","404 (no DB route yet)","substantial body; meta complete"
"1fa673e6-dfb2-4249-ad02-84173319f8c4","appeal-financial-aid-scholarship-decisions","How College Students Can Appeal Financial Aid and Scholarship Decisions","/resources/appeal-financial-aid-scholarship-decisions","2210","12399","2026-04-23T12:20:08.66059+00:00","yes","yes","medium","30","yes","","404 (no DB route yet)","substantial body; meta complete"
"09a922ae-bdff-4b32-9b53-1efe2e3dac71","volunteer-hours-improve-scholarship-chances","How College Students Can Use Volunteer Hours to Improve Scholarship Chances","/resources/volunteer-hours-improve-scholarship-chances","2173","13061","2026-04-23T12:20:08.66059+00:00","yes","yes","medium","30","yes","","404 (no DB route yet)","substantial body; meta complete"
"801a2ddb-7888-4214-ae2d-c28f8164ecbd","usa-masters-scholarships-low-gpa","Best Scholarships in the USA for Master's Students With Low GPA","/resources/usa-masters-scholarships-low-gpa","2430","14534","2026-04-17T10:18:18.555+00:00","yes","yes","medium","30","yes","","404 (no DB route yet)","substantial body; meta complete"
"048f71a9-c80b-4c3f-9868-7cad68856761","usa-science-scholarships-high-school-freshmen","Scholarships in the USA for High School Freshmen Interested in Science","/resources/usa-science-scholarships-high-school-freshmen","2318","14014","2026-04-17T10:18:05.592+00:00","yes","yes","medium","30","yes","","404 (no DB route yet)","substantial body; meta complete"
"de0f06df-093d-49d4-b904-39e6f862f356","keep-scholarship-usa-minimum-gpa-rules","How to Keep a Scholarship in the USA With Minimum GPA Rules","/resources/keep-scholarship-usa-minimum-gpa-rules","2499","13680","2026-04-17T10:17:52.74+00:00","yes","yes","medium","30","yes","","404 (no DB route yet)","substantial body; meta complete"
"eeb3f4ab-31b8-45c7-91ab-b494699147bf","trusted-scholarship-databases-usa-verified-listings","Trusted Scholarship Databases in the USA With Verified Listings","/resources/trusted-scholarship-databases-usa-verified-listings","2223","13152","2026-04-17T10:17:39.861+00:00","yes","yes","medium","30","yes","","404 (no DB route yet)","substantial body; meta complete"
"c30aef63-94a3-435e-82e9-77b5b6a9c930","usa-scholarships-international-students-startup-projects","Scholarships in the USA for International Students With Startup Projects","/resources/usa-scholarships-international-students-startup-projects","2210","13968","2026-04-17T10:17:26.995+00:00","yes","yes","medium","30","yes","","404 (no DB route yet)","substantial body; meta complete"
"94536e81-ca0a-4476-a4bb-742ba8119e68","research-grants-vs-coursework-scholarships-usa","Research Grants vs Coursework Scholarships in the USA: Key Differences for Students","/resources/research-grants-vs-coursework-scholarships-usa","2246","13560","2026-04-17T10:17:00.908+00:00","yes","yes","medium","30","yes","","404 (no DB route yet)","substantial body; meta complete"
"d7badba2-42f7-412e-b24b-59cb012cb2b4","easy-usa-scholarships-international-students","Easy Scholarships in the USA for International Students to Apply Now","/resources/easy-usa-scholarships-international-students","2329","14097","2026-04-17T10:16:47.701+00:00","yes","yes","medium","30","yes","","404 (no DB route yet)","substantial body; meta complete"
"ef11428c-aed2-4fa9-8cd0-9187b5d26550","find-usa-scholarships-by-august-deadline","How to Find Scholarships in the USA by Deadline Month: August","/resources/find-usa-scholarships-by-august-deadline","2318","13575","2026-04-17T10:16:21.719+00:00","yes","yes","medium","30","yes","","404 (no DB route yet)","substantial body; meta complete"
"6059fc8f-2389-4d02-9b16-079f3e6ba3ad","counselors-teach-scholarship-scam-awareness","How Counselors Can Teach Scholarship Scam Awareness","/resources/counselors-teach-scholarship-scam-awareness","2224","13039","2026-04-17T10:16:08.882+00:00","yes","yes","medium","30","yes","","404 (no DB route yet)","substantial body; meta complete"
"7044b5de-e84c-4ec3-a2ca-64473da2487f","usa-scholarships-high-psat-scores","Scholarships in the USA for School Students With High PSAT Scores","/resources/usa-scholarships-high-psat-scores","2257","13327","2026-04-17T10:15:29.824+00:00","yes","yes","medium","30","yes","","404 (no DB route yet)","substantial body; meta complete"
"6e8e383b-e0ce-4d24-a269-eb126d616c5a","plumbing-scholarships-usa","Scholarships in the USA for Students Interested in Plumbing Careers","/resources/plumbing-scholarships-usa","2172","13497","2026-04-17T10:14:50.873+00:00","yes","yes","medium","30","yes","","404 (no DB route yet)","substantial body; meta complete"
"327e08f9-06d9-4b28-8bc5-1d22db5f6d82","keep-scholarship-usa-after-transfer","How to Keep a Scholarship in the USA After Transfer","/resources/keep-scholarship-usa-after-transfer","2277","12827","2026-04-17T10:14:37.32+00:00","yes","yes","medium","30","yes","","404 (no DB route yet)","substantial body; meta complete"
"edbd6abc-8b4e-4a42-93bc-ca8023497593","spot-fake-scholarship-facebook-pages","How to Spot Fake Scholarship Facebook Pages: Red Flags and Safety Checks","/resources/spot-fake-scholarship-facebook-pages","2439","13879","2026-04-17T10:14:23.122+00:00","yes","yes","medium","30","yes","","404 (no DB route yet)","substantial body; meta complete"
"c63418e7-74af-40d5-9943-8aa24c5cb29e","find-usa-scholarships-october-deadlines","How to Find Scholarships in the USA by Deadline Month: October","/resources/find-usa-scholarships-october-deadlines","2347","14254","2026-04-17T10:14:09.665+00:00","yes","yes","medium","30","yes","","404 (no DB route yet)","substantial body; meta complete"
"4629b8f7-2640-4c9a-bbb5-a25de1b70ad2","stem-scholarship-personal-statement-examples","Best Scholarship Personal Statement Examples for STEM Students","/resources/stem-scholarship-personal-statement-examples","2182","12981","2026-04-17T10:13:56.761+00:00","yes","yes","medium","30","yes","","404 (no DB route yet)","substantial body; meta complete"
"8010ef4b-ec9c-450a-9645-096a0b40a455","usa-universities-scholarship-transparency","How Universities in the USA Show Scholarship Transparency","/resources/usa-universities-scholarship-transparency","2223","13133","2026-04-17T10:13:43.831+00:00","yes","yes","medium","30","yes","","404 (no DB route yet)","substantial body; meta complete"
"cad66cc5-80ec-4db8-b3e0-dc2fdf5f9d98","compare-assistantships-and-scholarships-usa","How Graduate Students Can Compare Assistantships and Scholarships in the USA","/resources/compare-assistantships-and-scholarships-usa","2317","13475","2026-04-17T10:13:17.263+00:00","yes","yes","medium","30","yes","","404 (no DB route yet)","substantial body; meta complete"
"eb1faa6f-2204-4d76-b17f-4ba8b4d59dc1","usa-graduate-scholarships-travel-grants","Trusted Scholarships in the USA for Graduate Students With Travel Grants","/resources/usa-graduate-scholarships-travel-grants","1914","12016","2026-04-17T10:13:04.362+00:00","yes","yes","medium","30","yes","","404 (no DB route yet)","substantial body; meta complete"
"6c625e8f-dfbd-4301-9ecc-117ceeb30626","keep-scholarship-usa-after-first-semester","How to Keep a Scholarship in the USA After First Semester","/resources/keep-scholarship-usa-after-first-semester","2309","12687","2026-04-17T10:12:51.091+00:00","yes","yes","medium","30","yes","","404 (no DB route yet)","substantial body; meta complete"
"96938a22-12ce-4f99-bdfa-9a1795956378","full-ride-vs-tuition-only-scholarships-usa","Full Ride Scholarships vs Tuition Only Scholarships in the USA: Key Differences","/resources/full-ride-vs-tuition-only-scholarships-usa","2267","12595","2026-04-17T10:11:59.874+00:00","yes","yes","medium","30","yes","","404 (no DB route yet)","substantial body; meta complete"
"52b28b82-7c7f-411e-8d99-f278bcfa4525","harvard-scholarships-international-students","Scholarships at Harvard for International Students: What Aid Is Really Available","/resources/harvard-scholarships-international-students","2179","13498","2026-04-17T10:11:46.352+00:00","yes","yes","medium","30","yes","","404 (no DB route yet)","substantial body; meta complete"
"df8d26c2-7210-4f5a-9f2d-404383643b8f","best-nursing-scholarships-usa","Best Scholarships in the USA for College Students Majoring in Nursing","/resources/best-nursing-scholarships-usa","2144","13454","2026-04-17T10:11:33.338+00:00","yes","yes","medium","30","yes","","404 (no DB route yet)","substantial body; meta complete"
"1abd7d41-e70a-4f4b-98c0-eac13a0b1112","usa-scholarships-elder-care-students","Scholarships in the USA for Students Interested in Elder Care","/resources/usa-scholarships-elder-care-students","2289","14374","2026-04-17T10:10:54.362+00:00","yes","yes","medium","30","yes","","404 (no DB route yet)","substantial body; meta complete"
"34841e44-17f5-440c-add7-ac6bcb8fb310","foundation-vs-corporate-scholarships-usa","Foundation Scholarships vs Corporate Scholarships in the USA","/resources/foundation-vs-corporate-scholarships-usa","2536","15310","2026-04-17T10:10:28.232+00:00","yes","yes","high","30","yes","","404 (no DB route yet)","substantial body; meta complete"
"8f8b1e42-ff6b-486d-96b9-9670c9cb2b1f","usa-scholarships-youth-mentoring","Scholarships in the USA for Students Interested in Youth Mentoring","/resources/usa-scholarships-youth-mentoring","2174","13534","2026-04-17T10:10:15.151+00:00","yes","yes","medium","30","yes","","404 (no DB route yet)","substantial body; meta complete"
"af962cc1-eae0-4e6f-9837-f9988f5a4af6","improve-scholarship-chances-usa-one-year","How to Improve Your Scholarship Chances in the USA in One Year","/resources/improve-scholarship-chances-usa-one-year","2060","11927","2026-04-17T10:10:02.246+00:00","yes","yes","medium","30","yes","","404 (no DB route yet)","substantial body; meta complete"
"340452f1-5f35-44b4-9039-0427a259f89e","usa-scholarships-working-full-time-college-students","Scholarships in the USA for College Students Working Full Time","/resources/usa-scholarships-working-full-time-college-students","2240","13308","2026-04-17T10:09:09.951+00:00","yes","yes","medium","30","yes","","404 (no DB route yet)","substantial body; meta complete"
"0cfd32dd-fba5-43ae-85a4-bef71a80e946","usa-alumni-donor-scholarships-college-students","Scholarships in the USA for College Students Funded by Alumni Donors","/resources/usa-alumni-donor-scholarships-college-students","2300","13874","2026-04-17T10:08:57.017+00:00","yes","yes","medium","30","yes","","404 (no DB route yet)","substantial body; meta complete"
"7c6c2c03-a0f4-427e-87ae-22b4c4951479","usa-scholarships-school-students-aspiring-musicians","Scholarships for School Students in the USA for Aspiring Musicians","/resources/usa-scholarships-school-students-aspiring-musicians","2248","13875","2026-04-17T10:08:44.216+00:00","yes","yes","medium","30","yes","","404 (no DB route yet)","substantial body; meta complete"
"bab3f9e2-5660-495d-920f-ae4febda5c23","trusted-usa-graduate-scholarships-donor-transparency","Trusted Scholarships in the USA for Graduate Students With Donor Transparency","/resources/trusted-usa-graduate-scholarships-donor-transparency","2394","15010","2026-04-17T10:08:31.399+00:00","yes","yes","medium","30","yes","","404 (no DB route yet)","substantial body; meta complete"
"babf5539-e0d4-4b01-88ce-9b56f6f3bcb2","win-local-scholarships-college-students-usa","How College Students Can Win Local Scholarships While Studying in the USA","/resources/win-local-scholarships-college-students-usa","2235","12844","2026-04-17T10:08:18.44+00:00","yes","yes","medium","30","yes","","404 (no DB route yet)","substantial body; meta complete"
"b9fc51c2-ce88-4f72-8fac-c0acc15156b5","scholarships-after-changing-majors-usa","How College Students Can Get Scholarships in the USA After Changing Majors","/resources/scholarships-after-changing-majors-usa","2278","13242","2026-04-17T10:08:05.415+00:00","yes","yes","medium","30","yes","","404 (no DB route yet)","substantial body; meta complete"
"f5408208-3374-494b-b382-6208d37d3904","robotics-competition-grants-students-usa","Grants for School Students in the USA for Robotics Competitions","/resources/robotics-competition-grants-students-usa","2356","13732","2026-04-17T10:06:34.599+00:00","yes","yes","medium","30","yes","","404 (no DB route yet)","substantial body; meta complete"
"ae64c098-b3ed-48d5-bb74-acbce823d30e","entrepreneurship-improve-scholarship-chances","How College Students Can Use Entrepreneurship to Improve Scholarship Chances","/resources/entrepreneurship-improve-scholarship-chances","2291","13932","2026-04-17T10:06:08.065+00:00","yes","yes","medium","30","yes","","404 (no DB route yet)","substantial body; meta complete"
"edb2ab58-a73a-4771-8b9c-a6feb3c098ec","protect-personal-statements-from-plagiarism","How to Protect Personal Statements From Plagiarism During Applications","/resources/protect-personal-statements-from-plagiarism","2347","12783","2026-04-17T10:05:41.49+00:00","yes","yes","medium","30","yes","","404 (no DB route yet)","substantial body; meta complete"
"47a64e0e-45c1-44b8-bd4a-353089529d06","scholarships-after-losing-family-income","How College Students Can Find Scholarships After Losing Family Income","/resources/scholarships-after-losing-family-income","2217","13044","2026-04-17T10:05:15.516+00:00","yes","yes","medium","30","yes","","404 (no DB route yet)","substantial body; meta complete"
"dad7e092-3032-4d29-b989-b94492e22776","no-essay-scholarships-school-students-usa","Scholarships for School Students in the USA With No Essay Requirement","/resources/no-essay-scholarships-school-students-usa","2151","12665","2026-04-17T10:04:48.903+00:00","yes","yes","medium","30","yes","","404 (no DB route yet)","substantial body; meta complete"
"1cbdc37f-af5a-4614-bdcc-ac13b3d74629","transfer-student-scholarship-topics-2026","Best Long-Tail Scholarship Topics for Transfer Students in 2026","/resources/transfer-student-scholarship-topics-2026","2258","14231","2026-04-17T10:04:21.887+00:00","yes","yes","medium","30","yes","","404 (no DB route yet)","substantial body; meta complete"
"9e51c3ee-1153-4440-b818-03f58682a4a6","protect-recommendation-letters-scholarship-applications","How to Protect Recommendation Letters During Scholarship Applications","/resources/protect-recommendation-letters-scholarship-applications","2209","12966","2026-04-17T10:04:08.767+00:00","yes","yes","medium","30","yes","","404 (no DB route yet)","substantial body; meta complete"
"57ef404c-4578-49dd-aae7-ec16f3a89816","best-usa-phd-scholarships-strong-publications","Best Scholarships in the USA for PhD Students With Strong Publications","/resources/best-usa-phd-scholarships-strong-publications","2381","14720","2026-04-17T10:03:55.591+00:00","yes","yes","medium","30","yes","","404 (no DB route yet)","substantial body; meta complete"
"353d0d81-9e9e-4ea7-adde-ea2b031a3728","student-community-leadership-grants-usa","Grants for School Students in the USA for Community Leadership Projects","/resources/student-community-leadership-grants-usa","2398","13992","2026-04-17T10:03:42.43+00:00","yes","yes","medium","30","yes","","404 (no DB route yet)","substantial body; meta complete"
"0d5828e8-c96e-49bc-9ca9-922879209376","counselors-help-transfer-students-find-scholarships","How Counselors Can Help Transfer Students Find Scholarships","/resources/counselors-help-transfer-students-find-scholarships","2278","14248","2026-04-17T10:03:29.365+00:00","yes","yes","medium","30","yes","","404 (no DB route yet)","substantial body; meta complete"
"d3939097-c170-49f9-b7f0-f46dc763a46e","scholarship-trust-visas-linked","Why Scholarship Trust Matters More When Visas Are Linked","/resources/scholarship-trust-visas-linked","2360","13363","2026-04-17T10:02:23.521+00:00","yes","yes","medium","30","yes","","404 (no DB route yet)","substantial body; meta complete"
"8c2dcfe8-7d62-4463-9a68-5377adda7d70","usa-scholarships-chronic-illness-students","Scholarships in the USA for Students With Chronic Illness: Real Funding Options and How to Find Them","/resources/usa-scholarships-chronic-illness-students","2282","14401","2026-04-17T10:02:10.51+00:00","yes","yes","medium","30","yes","","404 (no DB route yet)","substantial body; meta complete"
"1486bb71-c106-4354-846a-dafe8fb916af","refund-rules-build-trust-scholarships","How Refund Rules Build Trust in Scholarships","/resources/refund-rules-build-trust-scholarships","2247","12947","2026-04-17T10:01:57.338+00:00","yes","yes","medium","30","yes","","404 (no DB route yet)","substantial body; meta complete"
"f0974761-1aab-4df0-89f4-98b7e9f1bc9d","prepare-for-scholarships-usa-from-grade-9","How to Prepare for Scholarships in the USA From Grade 9","/resources/prepare-for-scholarships-usa-from-grade-9","2248","12972","2026-04-17T10:01:43.704+00:00","yes","yes","medium","30","yes","","404 (no DB route yet)","substantial body; meta complete"
"4c481cb9-c793-4d96-a770-46f540cfcab7","usa-graduate-scholarships-full-tuition","Scholarships in the USA for Graduate Students Who Need Full Tuition Coverage","/resources/usa-graduate-scholarships-full-tuition","2329","14199","2026-04-17T10:01:28.256+00:00","yes","yes","medium","30","yes","","404 (no DB route yet)","substantial body; meta complete"
"6ed6a9e9-1a4b-418d-8cfd-9f33d51f24f8","graduate-students-scholarships-usa-advisor-network","How Graduate Students Can Find Scholarships in the USA Through Advisor Networks","/resources/graduate-students-scholarships-usa-advisor-network","2306","13757","2026-04-17T10:01:01.495+00:00","yes","yes","medium","30","yes","","404 (no DB route yet)","substantial body; meta complete"
"32d9326c-3187-4f49-9f9e-0e551e30eaff","scholarship-essay-mistakes-rejected","Scholarship Essay Mistakes That Get Applications Rejected","/resources/scholarship-essay-mistakes-rejected","2115","12256","2026-04-17T10:00:48.363+00:00","yes","yes","medium","30","yes","","404 (no DB route yet)","substantial body; meta complete"
"39138832-cde3-461c-a446-2c1d2d796efe","scholarship-scam-red-flags-social-media","Scholarship Scam Red Flags in Social Media Promotions: How to Spot Fake Offers","/resources/scholarship-scam-red-flags-social-media","2320","13326","2026-04-17T10:00:35.044+00:00","yes","yes","medium","30","yes","","404 (no DB route yet)","substantial body; meta complete"
"2d3bcbfb-068b-44e2-9277-12a92e2a5cc6","usa-graduate-scholarships-health-insurance","Trusted Scholarships in the USA for Graduate Students With Health Insurance","/resources/usa-graduate-scholarships-health-insurance","2196","13461","2026-04-17T10:00:20.948+00:00","yes","yes","medium","30","yes","","404 (no DB route yet)","substantial body; meta complete"
"329a3820-66c0-42ea-8a04-ae89e4602bc8","usa-scholarships-single-parent-families","Scholarships in the USA for Students From Single Parent Families","/resources/usa-scholarships-single-parent-families","2325","13705","2026-04-17T10:00:07.7+00:00","yes","yes","medium","30","yes","","404 (no DB route yet)","substantial body; meta complete"
"2efb56bb-dc17-4162-944b-e1ce993600de","published-rubrics-build-trust-scholarships","How Published Rubrics Build Trust in Scholarships","/resources/published-rubrics-build-trust-scholarships","2234","13226","2026-04-17T09:59:50.41+00:00","yes","yes","medium","30","yes","","404 (no DB route yet)","substantial body; meta complete"
"6adfe02b-6c50-42ef-8aa3-68836356558a","spot-fake-scholarship-interview-invitations","How to Spot Fake Scholarship Interview Invitations: Red Flags and Safe Verification Steps","/resources/spot-fake-scholarship-interview-invitations","2121","12336","2026-04-17T09:59:37.315+00:00","yes","yes","medium","30","yes","","404 (no DB route yet)","substantial body; meta complete"
"17f1496b-7695-4f48-bc3a-8c9c67580ba3","best-biology-scholarships-school-students-usa","Best Scholarships for School Students Interested in Biology in the USA","/resources/best-biology-scholarships-school-students-usa","2163","13099","2026-04-17T09:59:23.578+00:00","yes","yes","medium","30","yes","","404 (no DB route yet)","substantial body; meta complete"
"ad7883c1-e165-4a4b-9a3b-124d0c76a21b","usa-scholarships-kazakhstan-students","Best Scholarships in the USA for Students from Kazakhstan","/resources/usa-scholarships-kazakhstan-students","2195","13414","2026-04-17T09:59:09.357+00:00","yes","yes","medium","30","yes","","404 (no DB route yet)","substantial body; meta complete"
"d63dc72a-440f-4a1d-b2cb-072e2bc2e654","spot-fake-scholarship-rankings-online","How to Spot Fake Scholarship Rankings Online","/resources/spot-fake-scholarship-rankings-online","2306","13176","2026-04-17T09:58:44.036+00:00","yes","yes","medium","30","yes","","404 (no DB route yet)","substantial body; meta complete"
"c78f4ba5-99c5-484e-9f19-1124b0c17ad5","parents-help-students-find-scholarships-usa","How Parents Can Help School Students Find Scholarships in the USA","/resources/parents-help-students-find-scholarships-usa","2126","12598","2026-04-17T09:58:04.877+00:00","yes","yes","medium","30","yes","","404 (no DB route yet)","substantial body; meta complete"
"fc3c66ff-a668-437d-9eda-fa094bd7db70","scholarship-trust-when-fees-are-involved","Why Scholarship Trust Matters More When Fees Are Involved","/resources/scholarship-trust-when-fees-are-involved","2328","13225","2026-04-17T09:57:51.586+00:00","yes","yes","medium","30","yes","","404 (no DB route yet)","substantial body; meta complete"
"5d69b010-6459-4287-b23b-7245f37332b0","write-personal-statement-scholarships-usa","How to Write a Personal Statement for Scholarships in the USA","/resources/write-personal-statement-scholarships-usa","2245","12720","2026-04-17T09:57:38.443+00:00","yes","yes","medium","30","yes","","404 (no DB route yet)","substantial body; meta complete"
"e04b6517-160c-45af-8f7f-7dfaebf9bd9c","usa-scholarships-november-deadlines","How to Find Scholarships in the USA by Deadline Month: November","/resources/usa-scholarships-november-deadlines","2363","14121","2026-04-17T09:57:25.912+00:00","yes","yes","medium","30","yes","","404 (no DB route yet)","substantial body; meta complete"
"3d23c2e9-08ca-4865-b318-38b1b03d3476","protect-bank-information-scholarship-applications","How to Protect Bank Information During Scholarship Applications","/resources/protect-bank-information-scholarship-applications","2585","14892","2026-04-17T09:57:12.834+00:00","yes","yes","high","30","yes","","404 (no DB route yet)","substantial body; meta complete"
"a1d2d16e-f4f4-496c-9d57-890e4a02f739","best-music-scholarships-usa-college-students","Best Scholarships in the USA for College Students Majoring in Music","/resources/best-music-scholarships-usa-college-students","2074","13199","2026-04-17T09:56:59.074+00:00","yes","yes","medium","30","yes","","404 (no DB route yet)","substantial body; meta complete"
"5a97694d-d91f-44e1-ac9b-b01a0f84318d","parents-talk-school-counselors-scholarships","How Parents Can Talk to School Counselors About Scholarships","/resources/parents-talk-school-counselors-scholarships","2272","13255","2026-04-17T09:56:45.943+00:00","yes","yes","medium","30","yes","","404 (no DB route yet)","substantial body; meta complete"
"fbe617bf-515e-4f06-ad40-df681855846d","usa-college-student-research-travel-grants","Grants in the USA for College Students Funding Research Travel","/resources/usa-college-student-research-travel-grants","2290","13897","2026-04-16T12:34:58.78144+00:00","yes","yes","medium","30","yes","","404 (no DB route yet)","substantial body; meta complete"
"2d891c2d-6db0-476c-b0d7-77c88037cfbc","protect-passport-scans-scholarship-applications","How to Protect Passport Scans During Scholarship Applications","/resources/protect-passport-scans-scholarship-applications","2174","12367","2026-04-16T12:34:58.358497+00:00","yes","yes","medium","30","yes","","404 (no DB route yet)","substantial body; meta complete"
"f2a79713-95f7-4aa7-9011-329728054f78","renew-merit-scholarships-every-year-usa","How College Students Can Renew Merit Scholarships Every Year in the USA","/resources/renew-merit-scholarships-every-year-usa","2334","13044","2026-04-16T12:34:57.966741+00:00","yes","yes","medium","30","yes","","404 (no DB route yet)","substantial body; meta complete"
"54f95831-52d1-41f8-ad84-c0ec96f536f7","campus-media-work-scholarship-chances","How College Students Can Use Campus Media Work to Improve Scholarship Chances","/resources/campus-media-work-scholarship-chances","2174","13354","2026-04-16T12:34:57.121819+00:00","yes","yes","medium","30","yes","","404 (no DB route yet)","substantial body; meta complete"
"0d481872-0c3e-4d22-8316-38f5c641ee3d","usa-scholarships-military-family-college-students","Scholarships in the USA for College Students From Military Families","/resources/usa-scholarships-military-family-college-students","2285","14041","2026-04-16T12:34:56.287648+00:00","yes","yes","medium","30","yes","","404 (no DB route yet)","substantial body; meta complete"
"0300cfd1-f1fc-458e-86b6-ac8f2dd16696","sports-achievements-scholarships-usa","How School Students Can Use Sports Achievements to Win Scholarships in the USA","/resources/sports-achievements-scholarships-usa","2135","12657","2026-04-16T12:34:55.868412+00:00","yes","yes","medium","30","yes","","404 (no DB route yet)","substantial body; meta complete"
"c1bbf01e-9fe0-437b-9814-a4b97c8ddb50","donor-transparency-builds-trust-scholarships","How Donor Transparency Builds Trust in Scholarships","/resources/donor-transparency-builds-trust-scholarships","2109","13122","2026-04-16T12:34:55.457837+00:00","yes","yes","medium","30","yes","","404 (no DB route yet)","substantial body; meta complete"
"eab5cc7f-5e81-499b-bd6d-b929f357cfc6","best-new-york-scholarships-international-students","Best Scholarships in New York for International Students: Top University Funding Options","/resources/best-new-york-scholarships-international-students","2241","13613","2026-04-16T12:34:55.040635+00:00","yes","yes","medium","30","yes","","404 (no DB route yet)","substantial body; meta complete"
"c790dd13-2608-4a98-8b4a-1d0ea4f462e2","spot-fake-scholarship-payment-requests","How to Spot Fake Scholarship Payment Requests: Warning Signs and Safe Checks","/resources/spot-fake-scholarship-payment-requests","2211","12416","2026-04-16T12:34:54.195848+00:00","yes","yes","medium","30","yes","","404 (no DB route yet)","substantial body; meta complete"
"152c1d78-c8b8-4619-a1df-0a9ef817515e","best-usa-scholarships-pakistani-students","Best Scholarships in the USA for Students from Pakistan","/resources/best-usa-scholarships-pakistani-students","2264","13903","2026-04-16T12:34:53.785803+00:00","yes","yes","medium","30","yes","","404 (no DB route yet)","substantial body; meta complete"
"b6e0c9a4-f679-4ed9-8439-562d503b9f67","chemistry-scholarships-school-students-usa","Best Scholarships for School Students Interested in Chemistry in the USA","/resources/chemistry-scholarships-school-students-usa","2239","13522","2026-04-16T12:34:53.321772+00:00","yes","yes","medium","30","yes","","404 (no DB route yet)","substantial body; meta complete"
"20583b04-e943-45bd-a551-8ecdb6699b56","best-physics-scholarships-usa","Best Scholarships in the USA for College Students Majoring in Physics","/resources/best-physics-scholarships-usa","2385","14943","2026-04-16T12:34:52.893184+00:00","yes","yes","medium","30","yes","","404 (no DB route yet)","substantial body; meta complete"
"b22472e4-838e-4946-afb9-256566da547d","usa-scholarships-foster-care-students","Scholarships in the USA for Students From Foster Care: Grants, Waivers, and College Funding Options","/resources/usa-scholarships-foster-care-students","2310","13029","2026-04-16T12:34:52.407516+00:00","yes","yes","medium","30","yes","","404 (no DB route yet)","substantial body; meta complete"
"b01e56b8-fec4-4c0e-b2da-4ea79f44b881","multiple-scholarship-offers-what-to-do","What to Do After Receiving Multiple Scholarship Offers","/resources/multiple-scholarship-offers-what-to-do","2006","10926","2026-04-16T12:34:51.953087+00:00","yes","yes","medium","30","yes","","404 (no DB route yet)","substantial body; meta complete"
"21f84b27-0a73-47f4-a27e-b384631f9261","need-based-grants-vs-merit-scholarships-usa","Need-Based Grants vs Merit Scholarships in the USA: Key Differences","/resources/need-based-grants-vs-merit-scholarships-usa","2180","12667","2026-04-16T12:34:50.695474+00:00","yes","yes","medium","30","yes","","404 (no DB route yet)","substantial body; meta complete"
"e1c929bc-d1f6-4683-9ecb-bcf96364e730","scholarship-recommendation-request-templates","Best Scholarship Recommendation Request Templates for Students","/resources/scholarship-recommendation-request-templates","2502","14027","2026-04-16T12:34:49.293567+00:00","yes","yes","high","30","yes","","404 (no DB route yet)","substantial body; meta complete"
"e39d5eda-33be-40dc-9bf5-4c8d1da3d705","renew-scholarships-every-year-usa","How School Students Can Renew Scholarships Every Year in the USA","/resources/renew-scholarships-every-year-usa","2167","12419","2026-04-16T12:34:47.883222+00:00","yes","yes","medium","30","yes","","404 (no DB route yet)","substantial body; meta complete"
"3f80b0c9-c6fb-465d-9dd4-866f654fbee3","college-scholarships-usa-campus-jobs","How College Students Can Get Scholarships in the USA With Campus Jobs","/resources/college-scholarships-usa-campus-jobs","2243","12962","2026-04-16T12:34:46.554459+00:00","yes","yes","medium","30","yes","","404 (no DB route yet)","substantial body; meta complete"
"28f67586-5dd8-4b8c-bcd9-03bb58c01f5e","usa-scholarships-content-strategy-students","Scholarships in the USA for Students Interested in Content Strategy","/resources/usa-scholarships-content-strategy-students","2084","13297","2026-04-16T12:34:46.001619+00:00","yes","yes","medium","30","yes","","404 (no DB route yet)","substantial body; meta complete"
"b9fc5266-706f-4859-8af4-f92dc82a8345","computer-science-scholarships-usa-school-students","Best Scholarships for School Students Interested in Computer Science in the USA","/resources/computer-science-scholarships-usa-school-students","2256","13527","2026-04-16T12:34:45.58947+00:00","yes","yes","medium","30","yes","","404 (no DB route yet)","substantial body; meta complete"
"46ed6b29-2ed4-4889-8437-66f68bb314dd","trusted-fast-decision-scholarships-usa","Trusted Scholarships in the USA for College Students With Fast Decisions","/resources/trusted-fast-decision-scholarships-usa","2354","13696","2026-04-16T12:34:45.114875+00:00","yes","yes","medium","30","yes","","404 (no DB route yet)","substantial body; meta complete"
"4a5fd52a-7e56-4ba3-84f7-554b53e14abf","usa-scholarships-visual-impairments","Scholarships in the USA for Students With Visual Impairments: Trusted Opportunities and How to Apply","/resources/usa-scholarships-visual-impairments","2105","13208","2026-04-16T12:34:44.682847+00:00","yes","yes","medium","30","yes","","404 (no DB route yet)","substantial body; meta complete"
"bccf0646-525d-41dd-a7a4-ea9cce0811b2","usa-scholarships-college-students-avoiding-student-loans","Scholarships in the USA for College Students Avoiding Student Loans","/resources/usa-scholarships-college-students-avoiding-student-loans","2145","13089","2026-04-16T12:34:44.235391+00:00","yes","yes","medium","30","yes","","404 (no DB route yet)","substantial body; meta complete"
"1aa7b808-7361-41c6-89f6-603d0a4c2fef","usa-scholarships-without-standardized-tests","Scholarships in the USA for School Students Without Standardized Tests","/resources/usa-scholarships-without-standardized-tests","2303","13735","2026-04-16T12:34:42.945537+00:00","yes","yes","medium","30","yes","","404 (no DB route yet)","substantial body; meta complete"
"738cda0b-eec8-431c-8923-1624f03342e2","usa-scholarships-international-students-without-act","Scholarships in the USA for International Students Without ACT: Real Options and How to Apply","/resources/usa-scholarships-international-students-without-act","2172","13145","2026-04-16T12:34:42.479875+00:00","yes","yes","medium","30","yes","","404 (no DB route yet)","substantial body; meta complete"
"5fd8be5c-e077-46c8-a59d-f1f50e120b4b","scholarship-scam-red-flags-international-applicants-usa","Scholarship Scam Red Flags for International Applicants to the USA","/resources/scholarship-scam-red-flags-international-applicants-usa","2189","12805","2026-04-16T12:34:42.057894+00:00","yes","yes","medium","30","yes","","404 (no DB route yet)","substantial body; meta complete"
"76224b86-da9e-4cef-b3ad-abe61cfae85c","fully-funded-scholarships-usa-international-masters-students","Fully Funded Scholarships in the USA for International Master's Students","/resources/fully-funded-scholarships-usa-international-masters-students","2181","13553","2026-04-16T12:34:41.609141+00:00","yes","yes","medium","30","yes","","404 (no DB route yet)","substantial body; meta complete"
"2b4ad70f-0f55-40be-9b6e-27178ff7ff05","latin-america-students-scholarships-usa","How School Students From Latin America Can Get Scholarships in the USA","/resources/latin-america-students-scholarships-usa","2300","13557","2026-04-16T12:34:41.175038+00:00","yes","yes","medium","30","yes","","404 (no DB route yet)","substantial body; meta complete"
"3dbf6a9b-29d1-47b7-a6fa-64faaf1c24ff","usa-school-student-international-exchange-grants","Grants for School Students in the USA for International Exchange: Real Funding Options","/resources/usa-school-student-international-exchange-grants","2236","13328","2026-04-16T12:34:40.734817+00:00","yes","yes","medium","30","yes","","404 (no DB route yet)","substantial body; meta complete"
"5fb03586-fd3c-4aea-a552-bf2214e08fe2","compare-scholarship-trust-signals-graduate-awards","How to Compare Scholarship Trust Signals Across Graduate Awards","/resources/compare-scholarship-trust-signals-graduate-awards","2355","13826","2026-04-16T10:33:18.576765+00:00","yes","yes","medium","30","yes","","404 (no DB route yet)","substantial body; meta complete"
"779c074f-c7db-4197-823c-2380e4f54535","best-usa-mba-scholarships-work-experience","Best Scholarships in the USA for MBA Students With Work Experience","/resources/best-usa-mba-scholarships-work-experience","2412","14885","2026-04-16T10:30:34.262186+00:00","yes","yes","medium","30","yes","","404 (no DB route yet)","substantial body; meta complete"
"578ca215-d2c2-4682-93f0-582b101ddb56","art-portfolios-scholarships-usa","How School Students Can Use Art Portfolios to Win Scholarships in the USA","/resources/art-portfolios-scholarships-usa","2193","12731","2026-04-16T10:30:32.948899+00:00","yes","yes","medium","30","yes","","404 (no DB route yet)","substantial body; meta complete"
"e9a5ba2e-207c-40e2-b760-d65bdf53b32e","transparent-scholarship-renewal-requirements","How Scholarship Programs Publish Renewal Requirements Transparently","/resources/transparent-scholarship-renewal-requirements","2218","13292","2026-04-16T10:30:32.043111+00:00","yes","yes","medium","30","yes","","404 (no DB route yet)","substantial body; meta complete"
"f1b0e5e8-61d0-48bf-a263-aba62821605b","graduate-scholarships-usa-before-admission","How Graduate Students Can Get Scholarships in the USA Before Admission","/resources/graduate-scholarships-usa-before-admission","2210","13590","2026-04-16T10:30:31.135273+00:00","yes","yes","medium","30","yes","","404 (no DB route yet)","substantial body; meta complete"
"4244c178-9234-48a8-a93b-964ee379a2bc","evaluate-trusted-scholarship-websites","How Parents Can Evaluate Trusted Scholarship Websites","/resources/evaluate-trusted-scholarship-websites","2256","13024","2026-04-16T10:30:30.213467+00:00","yes","yes","medium","30","yes","","404 (no DB route yet)","substantial body; meta complete"
"06806285-b6b0-43cd-9cf1-37f5132305d2","usa-scholarships-monthly-stipend-international-students","Scholarships in the USA With Monthly Stipend for International Students","/resources/usa-scholarships-monthly-stipend-international-students","2119","13466","2026-04-16T10:30:29.771469+00:00","yes","yes","medium","30","yes","","404 (no DB route yet)","substantial body; meta complete"
"53d04696-b4e2-4f90-9470-6580d801f111","find-local-scholarships-before-national","How School Students Can Find Local Scholarships Before Applying Nationally","/resources/find-local-scholarships-before-national","2331","13853","2026-04-16T10:30:28.896072+00:00","yes","yes","medium","30","yes","","404 (no DB route yet)","substantial body; meta complete"
"55ac7b5d-0fe1-4d28-b202-8b1ef1d2e5c3","hackathons-improve-scholarship-chances","How College Students Can Use Hackathons to Improve Scholarship Chances","/resources/hackathons-improve-scholarship-chances","2347","13859","2026-04-16T10:30:27.340021+00:00","yes","yes","medium","30","yes","","404 (no DB route yet)","substantial body; meta complete"
"fe017211-d7eb-4393-a548-0a63755a5316","usa-scholarships-international-students-interview","Scholarships in the USA for International Students With Interview Only: What to Know","/resources/usa-scholarships-international-students-interview","2280","13727","2026-04-16T10:30:26.858594+00:00","yes","yes","medium","30","yes","","404 (no DB route yet)","substantial body; meta complete"
"f2ca93b2-f544-44ea-894c-714fa47cdae4","corporate-scholarship-transparency-usa","How Corporations in the USA Show Scholarship Transparency","/resources/corporate-scholarship-transparency-usa","2323","13933","2026-04-16T10:30:26.434768+00:00","yes","yes","medium","30","yes","","404 (no DB route yet)","substantial body; meta complete"
"2af13dcf-0c7c-46d2-a46d-880bce758247","athletic-vs-academic-scholarships-usa","Athletic Scholarships vs Academic Scholarships in the USA: Key Differences","/resources/athletic-vs-academic-scholarships-usa","2481","14894","2026-04-16T10:30:25.738411+00:00","yes","yes","medium","30","yes","","404 (no DB route yet)","substantial body; meta complete"
"f6ac4e1b-1aa4-40e6-b68a-754c54f7fd11","music-conservatory-prep-grants-usa","Grants for School Students in the USA for Music Conservatory Prep","/resources/music-conservatory-prep-grants-usa","2319","14017","2026-04-16T10:30:25.042406+00:00","yes","yes","medium","30","yes","","404 (no DB route yet)","substantial body; meta complete"
"cdb64f4a-1ba5-420f-84cf-8e4b3457d0ec","usa-scholarships-interview-based-selection","How to Find Scholarships in the USA for Students With Interview-Based Selection","/resources/usa-scholarships-interview-based-selection","2296","14129","2026-04-16T10:30:24.204399+00:00","yes","yes","medium","30","yes","","404 (no DB route yet)","substantial body; meta complete"
"43eb567c-5277-4f3b-8cd1-26aa04706a79","scholarship-interview-silence","What to Do After Scholarship Interview Silence: Smart Follow-Up Steps","/resources/scholarship-interview-silence","2035","11389","2026-04-16T10:30:23.755278+00:00","yes","yes","medium","30","yes","","404 (no DB route yet)","substantial body; meta complete"
"363e5855-fa1a-4e4a-8dca-460034b3d783","dance-scholarships-usa","Scholarships in the USA for Students Interested in Dance","/resources/dance-scholarships-usa","2236","13789","2026-04-16T10:30:23.323817+00:00","yes","yes","medium","30","yes","","404 (no DB route yet)","substantial body; meta complete"
"44f2c6bd-a56b-4c08-a73b-263f3be975ba","scholarship-recommendation-request-email","How to Write a Scholarship Recommendation Request Email","/resources/scholarship-recommendation-request-email","2154","11766","2026-04-16T10:30:22.476776+00:00","yes","yes","medium","30","yes","","404 (no DB route yet)","substantial body; meta complete"
"a6b09711-5e72-4826-a5b5-3ae5e9142928","public-policy-scholarships-usa-school-students","Best Scholarships for School Students Interested in Public Policy in the USA","/resources/public-policy-scholarships-usa-school-students","2252","13787","2026-04-16T10:30:22.078305+00:00","yes","yes","medium","30","yes","","404 (no DB route yet)","substantial body; meta complete"
"9890ef5e-e999-427f-bb9a-954455bdebf5","usa-college-student-capstone-project-grants","Grants in the USA for College Students Funding Capstone Projects","/resources/usa-college-student-capstone-project-grants","2278","14182","2026-04-16T10:30:21.661154+00:00","yes","yes","medium","30","yes","","404 (no DB route yet)","substantial body; meta complete"
"8b983c47-c89d-44bf-b9fa-9fe28c981ff1","protect-scholarship-application-documents-online","How to Protect Scholarship Application Documents Online","/resources/protect-scholarship-application-documents-online","2255","12904","2026-04-16T10:30:20.836279+00:00","yes","yes","medium","30","yes","","404 (no DB route yet)","substantial body; meta complete"
"4baf002d-fdc5-45f2-87de-c268f698316f","compare-scholarship-trust-signals","How to Compare Scholarship Trust Signals Across College Student Awards","/resources/compare-scholarship-trust-signals","2378","13548","2026-04-16T10:30:19.085414+00:00","yes","yes","medium","30","yes","","404 (no DB route yet)","substantial body; meta complete"
"2e712444-598a-4b53-8c47-a5696fb607f1","usa-graduate-thesis-grants","Grants in the USA for Graduate Students Writing Theses: Real Funding Options","/resources/usa-graduate-thesis-grants","2398","14534","2026-04-16T10:30:18.683729+00:00","yes","yes","medium","30","yes","","404 (no DB route yet)","substantial body; meta complete"
"df54ce63-2f5b-4bc1-892d-18b1123fa36c","use-foundation-annual-reports-verify-scholarships","How to Use Foundation Annual Reports to Verify Scholarships","/resources/use-foundation-annual-reports-verify-scholarships","2612","15056","2026-04-16T10:30:18.238305+00:00","yes","yes","high","30","yes","","404 (no DB route yet)","substantial body; meta complete"
"d5d9de2d-9135-471b-85d7-dc680c0c316e","scholarship-interview-mistakes-first-time-applicants","Scholarship Interview Mistakes First-Time Applicants Make and How to Avoid Them","/resources/scholarship-interview-mistakes-first-time-applicants","2175","12769","2026-04-16T10:30:16.94143+00:00","yes","yes","medium","30","yes","","404 (no DB route yet)","substantial body; meta complete"
"46ce1d64-c41b-4d85-bdf9-c68ee6593a75","trusted-sibling-scholarships-usa","Trusted Scholarships in the USA for Siblings From One Family","/resources/trusted-sibling-scholarships-usa","2291","13134","2026-04-16T10:30:15.961306+00:00","yes","yes","medium","30","yes","","404 (no DB route yet)","substantial body; meta complete"
"6532238e-cc07-42ef-92a1-d284067d5323","best-massachusetts-scholarships-international-students","Best Scholarships in Massachusetts for International Students","/resources/best-massachusetts-scholarships-international-students","2442","15458","2026-04-16T10:30:15.506328+00:00","yes","yes","medium","30","yes","","404 (no DB route yet)","substantial body; meta complete"
"66ae0626-cd28-41be-bd28-d98130b6c7d1","usa-scholarships-womens-health-research","Scholarships in the USA for Students Interested in Women’s Health Research","/resources/usa-scholarships-womens-health-research","2422","15321","2026-04-16T10:30:14.587491+00:00","yes","yes","medium","30","yes","","404 (no DB route yet)","substantial body; meta complete"
"6ed93861-3e2a-4612-a55b-6f16e7a40276","trusted-usa-masters-scholarships-transparent-funding","Trusted Scholarships in the USA for Master's Students With Transparent Funding","/resources/trusted-usa-masters-scholarships-transparent-funding","2086","12938","2026-04-16T10:30:14.1669+00:00","yes","yes","medium","30","yes","","404 (no DB route yet)","substantial body; meta complete"
"162115fe-605f-41c5-a4f3-34880f6043c0","scholarship-trust-signals-university-websites","Scholarship Trust Signals on University Websites: How Students Can Check Legitimacy","/resources/scholarship-trust-signals-university-websites","2322","13782","2026-04-16T10:30:12.920637+00:00","yes","yes","medium","30","yes","","404 (no DB route yet)","substantial body; meta complete"
"37e0eb0b-a586-4a9c-ba56-26a805250f3f","usa-scholarships-nonprofit-careers","Scholarships in the USA for Students Interested in Nonprofit Careers","/resources/usa-scholarships-nonprofit-careers","2268","14492","2026-04-16T10:30:12.502997+00:00","yes","yes","medium","30","yes","","404 (no DB route yet)","substantial body; meta complete"
"ee60b784-b9bf-43c6-b76d-34a562256908","keep-scholarships-after-first-year-usa","How College Students Can Keep Scholarships in the USA After First Year","/resources/keep-scholarships-after-first-year-usa","2398","13574","2026-04-16T10:30:12.047272+00:00","yes","yes","medium","30","yes","","404 (no DB route yet)","substantial body; meta complete"
"adecb64d-568d-46cf-a1ce-c642b6b844c6","read-scholarship-privacy-policies","How to Read Scholarship Privacy Policies Before Applying","/resources/read-scholarship-privacy-policies","2178","12366","2026-04-16T10:30:11.132381+00:00","yes","yes","medium","30","yes","","404 (no DB route yet)","substantial body; meta complete"
"7148f4a7-a5fd-440a-a2da-52201cb3c5b2","usa-scholarships-black-students","Scholarships in the USA for Black Students: Verified Opportunities and How to Apply","/resources/usa-scholarships-black-students","2108","13199","2026-04-16T10:30:10.676168+00:00","yes","yes","medium","30","yes","","404 (no DB route yet)","substantial body; meta complete"
"6a9856c7-fd29-429f-bde3-a2667910bb47","stanford-scholarships-international-students","Scholarships at Stanford for International Students: What Funding Is Actually Available","/resources/stanford-scholarships-international-students","2102","13011","2026-04-16T10:30:09.824391+00:00","yes","yes","medium","30","yes","","404 (no DB route yet)","substantial body; meta complete"
"ce29c143-7697-4e0c-bda7-e2fd0691b206","scholarship-resume-mistakes","Scholarship Resume Mistakes That Weaken Applications","/resources/scholarship-resume-mistakes","2323","13725","2026-04-16T10:30:09.382521+00:00","yes","yes","medium","30","yes","","404 (no DB route yet)","substantial body; meta complete"
"72e7f749-6c32-47c8-bf94-03e931e6943f","boys-arts-scholarships-usa-school-students","Scholarships for School Students in the USA for Boys in Arts","/resources/boys-arts-scholarships-usa-school-students","2183","13399","2026-04-16T10:30:08.473279+00:00","yes","yes","medium","30","yes","","404 (no DB route yet)","substantial body; meta complete"
"b5f2a8f3-820c-4e48-a05b-ca1ba4c9dc02","scholarship-trust-signals-counselors","Scholarship Trust Signals School Counselors Should Look For","/resources/scholarship-trust-signals-counselors","2262","13998","2026-04-16T10:30:08.038086+00:00","yes","yes","medium","30","yes","","404 (no DB route yet)","substantial body; meta complete"
"acef9cb9-b1e9-43d6-a3c2-87d43a15e276","scholarship-success-story-pages","How to Create Scholarship Success Story Pages That Build Trust","/resources/scholarship-success-story-pages","2388","13837","2026-04-16T10:30:07.592555+00:00","yes","yes","medium","30","yes","","404 (no DB route yet)","substantial body; meta complete"
"7b823755-616e-42a1-99bb-3c242737eef8","biomedical-engineering-scholarships-usa","Scholarships in the USA for Students Interested in Biomedical Engineering","/resources/biomedical-engineering-scholarships-usa","2431","15607","2026-04-16T10:30:07.156826+00:00","yes","yes","medium","30","yes","","404 (no DB route yet)","substantial body; meta complete"
"cbadf5ff-12b4-482b-9613-f482f1102076","scholarships-school-students-usa-aspiring-lawyers","Scholarships for School Students in the USA for Aspiring Lawyers","/resources/scholarships-school-students-usa-aspiring-lawyers","2124","12596","2026-04-16T10:30:06.710075+00:00","yes","yes","medium","30","yes","","404 (no DB route yet)","substantial body; meta complete"
"f76f16d2-0951-4ba9-8163-8293b946b7c0","usa-full-ride-scholarships-college-students","Scholarships in the USA for College Students With Full Ride Opportunities","/resources/usa-full-ride-scholarships-college-students","2311","13870","2026-04-16T10:30:06.272938+00:00","yes","yes","medium","30","yes","","404 (no DB route yet)","substantial body; meta complete"
"14e01b73-405a-4f48-a8fe-4525e5738c60","scholarship-essay-career-goals-usa","How to Write a Scholarship Essay About Career Goals for USA Applications","/resources/scholarship-essay-career-goals-usa","2302","12488","2026-04-16T10:30:05.347068+00:00","yes","yes","medium","30","yes","","404 (no DB route yet)","substantial body; meta complete"
"f9f92f14-bc51-42ce-a5b1-1e8599c00c6f","law-scholarships-school-students-usa","Best Scholarships for School Students Interested in Law in the USA","/resources/law-scholarships-school-students-usa","2144","13215","2026-04-16T10:30:04.872675+00:00","yes","yes","medium","30","yes","","404 (no DB route yet)","substantial body; meta complete"
"9d895cdd-6977-4fa9-a5e6-1279dbc3af5d","trusted-scholarship-comparison-pages","How to Create Trusted Scholarship Comparison Pages for Students","/resources/trusted-scholarship-comparison-pages","2660","15352","2026-04-16T10:30:04.000431+00:00","yes","yes","high","30","yes","","404 (no DB route yet)","substantial body; meta complete"
"f425f22f-cdb8-48f6-ad9d-a49855b68bd5","best-usa-gap-year-scholarships","Best Scholarships in the USA for Gap Year Students: Real Funding Options to Know","/resources/best-usa-gap-year-scholarships","2147","12610","2026-04-16T10:30:02.188302+00:00","yes","yes","medium","30","yes","","404 (no DB route yet)","substantial body; meta complete"
"7bc514d2-6dcc-414b-a56a-ea6d07a619a7","keep-scholarships-after-enrollment-usa","How School Students Can Keep Scholarships After Enrollment in the USA","/resources/keep-scholarships-after-enrollment-usa","2518","14401","2026-04-16T10:30:01.739734+00:00","yes","yes","high","30","yes","","404 (no DB route yet)","substantial body; meta complete"
"3234800c-c708-461a-8a22-a5fc825037f6","prepare-for-usa-scholarships-from-grade-10","How to Prepare for Scholarships in the USA From Grade 10","/resources/prepare-for-usa-scholarships-from-grade-10","2241","12993","2026-04-16T10:30:01.287869+00:00","yes","yes","medium","30","yes","","404 (no DB route yet)","substantial body; meta complete"
"38f59113-43ab-4dfb-bc51-0eb06cd5ce89","find-scholarships-usa-before-standardized-tests","How to Find Scholarships in the USA Before Standardized Tests","/resources/find-scholarships-usa-before-standardized-tests","2176","13045","2026-04-16T10:30:00.837399+00:00","yes","yes","medium","30","yes","","404 (no DB route yet)","substantial body; meta complete"
"645bea20-61b9-43f8-94c3-add1d48bf014","girls-stem-scholarships-usa-school-students","Scholarships for School Students in the USA for Girls in STEM","/resources/girls-stem-scholarships-usa-school-students","2261","13865","2026-04-16T10:29:59.932168+00:00","yes","yes","medium","30","yes","","404 (no DB route yet)","substantial body; meta complete"
"c78dee30-735e-417c-a02d-b9a80d4b2412","scholarship-essay-hardship-usa","How to Write a Scholarship Essay About Hardship for USA Applications","/resources/scholarship-essay-hardship-usa","2282","12810","2026-04-16T10:10:47.344+00:00","yes","yes","medium","30","yes","","404 (no DB route yet)","substantial body; meta complete"
"62f601e0-e6a4-4c8b-9ddb-6994e428cd32","build-scholarship-profile-usa-universities","How to Build a Scholarship Profile for USA Universities","/resources/build-scholarship-profile-usa-universities","2672","16123","2026-04-16T05:58:50.202+00:00","yes","yes","high","30","yes","","404 (no DB route yet)","substantial body; meta complete"
"a38330f2-0e54-4e22-a1df-f562037af1e1","usa-scholarships-high-school-sophomores-college-profiles","Scholarships in the USA for High School Sophomores Building College Profiles","/resources/usa-scholarships-high-school-sophomores-college-profiles","2258","13898","2026-04-15T17:39:57.92+00:00","yes","yes","medium","30","yes","","404 (no DB route yet)","substantial body; meta complete"
"8969be49-a88f-4c37-a89f-5aa61aeb9c56","usa-scholarships-startup-incutors","Scholarships in the USA for Students Interested in Startup Incubators","/resources/usa-scholarships-startup-incutors","2311","14669","2026-04-15T08:29:38.022+00:00","yes","yes","medium","30","yes","","404 (no DB route yet)","substantial body; meta complete"
"a524014d-7e63-4bb6-91fe-e7f4fbf01d0d","public-speaking-scholarships-usa","Scholarships in the USA for Students Interested in Public Speaking","/resources/public-speaking-scholarships-usa","2110","13419","2026-04-15T02:00:46.548+00:00","yes","yes","medium","30","yes","","404 (no DB route yet)","substantial body; meta complete"
"e3e527f3-50e0-4742-8a63-845bc3abb685","build-scholarship-portfolio-usa","How College Students Can Build a Scholarship Portfolio in the USA","/resources/build-scholarship-portfolio-usa","2202","13075","2026-04-14T19:52:56.953+00:00","yes","yes","medium","30","yes","","404 (no DB route yet)","substantial body; meta complete"
"cd4001e8-6974-4724-9e36-de229c653850","minority-graduate-scholarships-usa","Scholarships in the USA for Graduate Students Who Are Minorities","/resources/minority-graduate-scholarships-usa","2069","13416","2026-04-14T13:44:58.939+00:00","yes","yes","medium","30","yes","","404 (no DB route yet)","substantial body; meta complete"
"cc416f1b-32cc-431b-931e-b98771ec627f","read-scholarship-renewal-clauses","How to Read Scholarship Renewal Clauses Before Accepting an Offer","/resources/read-scholarship-renewal-clauses","2439","13689","2026-04-14T07:36:54.968+00:00","yes","yes","medium","30","yes","","404 (no DB route yet)","substantial body; meta complete"
"fb680aaa-61cd-4825-b83f-9b1af3328780","tutoring-experience-scholarship-chances","How College Students Can Use Tutoring Experience to Improve Scholarship Chances","/resources/tutoring-experience-scholarship-chances","2356","14108","2026-04-13T13:12:36.741+00:00","yes","yes","medium","30","yes","","404 (no DB route yet)","substantial body; meta complete"
"0fe9a7eb-34e9-4ff9-b4db-4c5c32907a29","scholarship-scam-awareness-articles-that-rank","How to Create Scholarship Scam Awareness Articles That Rank","/resources/scholarship-scam-awareness-articles-that-rank","2328","13334","2026-04-13T00:57:39.907+00:00","yes","yes","medium","30","yes","","404 (no DB route yet)","substantial body; meta complete"
"75d6a2f2-d7bf-44db-a1da-1abec11e71ed","find-usa-scholarships-december-deadlines","How to Find Scholarships in the USA by Deadline Month: December","/resources/find-usa-scholarships-december-deadlines","2440","14187","2026-04-12T18:50:15.286+00:00","yes","yes","medium","30","yes","","404 (no DB route yet)","substantial body; meta complete"
"00cf2ecb-dd48-4e6b-9269-c8ef8d7abfd1","stand-out-scholarship-applications-usa","How to Stand Out in Scholarship Applications in the USA: Practical Tips That Matter","/resources/stand-out-scholarship-applications-usa","2429","14250","2026-04-12T00:27:25.232+00:00","yes","yes","medium","30","yes","","404 (no DB route yet)","substantial body; meta complete"
"781b2d9a-efe2-469d-8d9c-bc756a8b3010","philippines-students-scholarships-usa","How School Students From the Philippines Can Get Scholarships in the USA","/resources/philippines-students-scholarships-usa","2284","13791","2026-04-11T18:19:43.19+00:00","yes","yes","medium","30","yes","","404 (no DB route yet)","substantial body; meta complete"
"f2760dc7-bf41-40aa-9427-e74300ef576b","prepare-scholarship-portfolios-music-programs","How to Prepare Scholarship Portfolios for Music Programs","/resources/prepare-scholarship-portfolios-music-programs","2248","13643","2026-04-11T12:12:13.439+00:00","yes","yes","medium","30","yes","","404 (no DB route yet)","substantial body; meta complete"
"b09b2011-7c61-4100-9bef-7e9b21f4959f","essay-vs-no-essay-scholarships-usa","Essay Scholarships vs No Essay Scholarships in the USA: Key Differences, Pros, and How to Choose","/resources/essay-vs-no-essay-scholarships-usa","2619","14521","2026-04-10T16:40:48.916+00:00","yes","yes","high","30","yes","","404 (no DB route yet)","substantial body; meta complete"
"e4728586-eddd-410b-964e-2b3a2e7adf37","questions-before-hiring-scholarship-consultant","Best Questions to Ask Before Relying on a Scholarship Consultant","/resources/questions-before-hiring-scholarship-consultant","2311","13147","2026-04-10T04:24:16.86+00:00","yes","yes","medium","30","yes","","404 (no DB route yet)","substantial body; meta complete"
"4ecf0e31-3a5f-4b35-8039-124dc338cc53","keep-scholarship-usa-while-studying-abroad","How to Keep a Scholarship in the USA While Studying Abroad","/resources/keep-scholarship-usa-while-studying-abroad","2273","12980","2026-04-09T22:16:24.991+00:00","yes","yes","medium","30","yes","","404 (no DB route yet)","substantial body; meta complete"
"c173d043-173b-4030-8cbe-a061cd0144ea","construction-management-scholarships-usa","Scholarships in the USA for Students Interested in Construction Management","/resources/construction-management-scholarships-usa","2333","15116","2026-04-09T16:09:05.003+00:00","yes","yes","medium","30","yes","","404 (no DB route yet)","substantial body; meta complete"
"cf5e83dc-d298-4c95-b083-56d01942b808","choose-merit-scholarship-vs-need-based-package","How to Choose Between a Merit Scholarship and a Need-Based Package","/resources/choose-merit-scholarship-vs-need-based-package","2398","12963","2026-04-09T10:01:30.56+00:00","yes","yes","medium","30","yes","","404 (no DB route yet)","substantial body; meta complete"
"e91a565f-5202-48a2-abe5-5384b4daf0cc","athletics-improve-scholarship-chances","How College Students Can Use Athletics to Improve Scholarship Chances","/resources/athletics-improve-scholarship-chances","2275","14057","2026-04-09T03:54:02.735+00:00","yes","yes","medium","30","yes","","404 (no DB route yet)","substantial body; meta complete"
"98089a6a-52ce-4730-b080-73770bdf85d0","usa-scholarships-low-income-urban-students","Scholarships in the USA for Students From Low-Income Urban Neighborhoods","/resources/usa-scholarships-low-income-urban-students","2371","14786","2026-04-08T21:46:49.506+00:00","yes","yes","medium","30","yes","","404 (no DB route yet)","substantial body; meta complete"
"d508f3fd-689d-4e0f-add1-944edff6731a","environmental-science-scholarships-school-students-usa","Best Scholarships for School Students Interested in Environmental Science in the USA","/resources/environmental-science-scholarships-school-students-usa","2255","14308","2026-04-08T15:39:19.162+00:00","yes","yes","medium","30","yes","","404 (no DB route yet)","substantial body; meta complete"
"79309b86-4af1-43a6-a162-63f94ca8eac2","sports-management-scholarships-usa","Scholarships in the USA for Students Interested in Sports Management","/resources/sports-management-scholarships-usa","2268","14759","2026-04-08T15:28:37.831+00:00","yes","yes","medium","30","yes","","404 (no DB route yet)","substantial body; meta complete"
"93f35c81-9fc8-411d-9887-5b3702e1cdfa","questions-before-joining-scholarship-telegram-group","Best Questions to Ask Before Joining a Scholarship Telegram Group","/resources/questions-before-joining-scholarship-telegram-group","2224","12384","2026-04-08T14:47:50.524+00:00","yes","yes","medium","30","yes","","404 (no DB route yet)","substantial body; meta complete"
"6b5d5297-a9a3-4496-8279-57749415c295","usa-scholarships-research-assistant-experience","Scholarships in the USA for College Students With Research Assistant Experience","/resources/usa-scholarships-research-assistant-experience","2354","14760","2026-04-08T14:31:57.9+00:00","yes","yes","medium","30","yes","","404 (no DB route yet)","substantial body; meta complete"
"59ea8420-63d6-4b16-a8d0-6f3d545c14c8","minority-women-stem-scholarships-usa","Scholarships in the USA for Minority Women in STEM: Verified Programs and How to Apply","/resources/minority-women-stem-scholarships-usa","2346","14701","2026-04-08T14:19:56.622+00:00","yes","yes","medium","30","yes","","404 (no DB route yet)","substantial body; meta complete"
"7b76e0cc-07f6-44ef-b0b5-baef8f6d1bbd","compare-scholarship-packages-usa","How College Students Can Compare Scholarship Packages in the USA","/resources/compare-scholarship-packages-usa","2244","12229","2026-04-08T14:13:17.782+00:00","yes","yes","medium","30","yes","","404 (no DB route yet)","substantial body; meta complete"
"8b7a1d58-ddd3-4878-8ed1-0082ebf3b2f8","graduate-scholarships-usa-after-admission","How Graduate Students Can Get Scholarships in the USA After Admission","/resources/graduate-scholarships-usa-after-admission","2374","14487","2026-04-08T13:57:07.696+00:00","yes","yes","medium","30","yes","","404 (no DB route yet)","substantial body; meta complete"
"be9318e1-8bc3-47a4-9ea6-364c348b706c","usa-scholarships-cover-living-expenses-international-students","Scholarships in the USA That Cover Living Expenses for International Students","/resources/usa-scholarships-cover-living-expenses-international-students","2301","13928","2026-04-08T13:48:19.652+00:00","yes","yes","medium","30","yes","","404 (no DB route yet)","substantial body; meta complete"
"c118ebe2-96f5-4a91-80fe-347ece41b950","verified-staff-pages-scholarship-trust","How Verified Staff Pages Build Trust in Scholarships","/resources/verified-staff-pages-scholarship-trust","2391","13557","2026-04-08T13:39:03.543+00:00","yes","yes","medium","30","yes","","404 (no DB route yet)","substantial body; meta complete"
"7b9ae74d-22d4-4ae9-b94d-61aea8b087e3","usa-scholarships-college-students-living-on-campus","Scholarships in the USA for College Students Living on Campus","/resources/usa-scholarships-college-students-living-on-campus","2031","11364","2026-04-08T13:36:16.386+00:00","yes","yes","medium","30","yes","","404 (no DB route yet)","substantial body; meta complete"
"32d30638-4894-43ba-85dd-a566a08870da","find-scholarships-usa-after-visa-approval","How to Find Scholarships in the USA After Visa Approval","/resources/find-scholarships-usa-after-visa-approval","2238","13169","2026-04-08T13:28:56.054+00:00","yes","yes","medium","30","yes","","404 (no DB route yet)","substantial body; meta complete"
"ac37b300-aa8a-451e-b1bf-6f08b1050d2a","compare-scholarship-offers-high-school-seniors","How Parents Can Compare Scholarship Offers for High School Seniors","/resources/compare-scholarship-offers-high-school-seniors","2450","15011","2026-04-08T13:18:13.273+00:00","yes","yes","medium","30","yes","","404 (no DB route yet)","substantial body; meta complete"
"73c264b2-3c2c-496f-9314-0d953b961a2b","scholarship-faq-parents-worried-scams","Scholarship FAQ for Parents Worried About Scams: How to Protect Your Child","/resources/scholarship-faq-parents-worried-scams","1226","7621","2026-04-04T18:02:09.184+00:00","yes","yes","medium","30","yes","","404 (no DB route yet)","moderate body; meta complete; evergreen intent slug"
"7a50ca14-d5d9-4e78-8eb3-df575a284bb0","scholarship-faq-students-without-ielts","Scholarship FAQ for Students Without IELTS: Your Complete Guide","/resources/scholarship-faq-students-without-ielts","1092","7325","2026-04-03T23:48:46.068+00:00","yes","yes","low","30","yes","","404 (no DB route yet)","moderate body; meta complete; evergreen intent slug"
"75d553a0-2630-4ff7-99f1-8590216c92fc","usa-scholarships-student-government-leaders","Scholarships in the USA for Student Government Leaders: Real Options and How to Qualify","/resources/usa-scholarships-student-government-leaders","1389","8990","2026-04-25T15:37:30.202+00:00","yes","yes","medium","22","yes","","404 (no DB route yet)","moderate body; meta complete"
"e7e481b6-847b-49ee-9380-189e27ead446","usa-scholarships-refugee-support-work","Scholarships in the USA for Students Interested in Refugee Support Work","/resources/usa-scholarships-refugee-support-work","1385","8838","2026-04-25T15:34:24.033+00:00","yes","yes","medium","22","yes","","404 (no DB route yet)","moderate body; meta complete"
"80fb9bc3-5095-414f-9a1b-bb65ea6abcae","questions-before-sending-passport-scholarship-office","Best Questions to Ask Before Sending Passport Documents to a Scholarship Office","/resources/questions-before-sending-passport-scholarship-office","1419","7827","2026-04-25T15:26:18.479+00:00","yes","yes","medium","22","yes","","404 (no DB route yet)","moderate body; meta complete"
"7fce70bd-a5ff-4473-a255-b186c2960e93","graduate-students-find-scholarships-usa-research-topic","How Graduate Students Can Find Scholarships in the USA by Research Topic","/resources/graduate-students-find-scholarships-usa-research-topic","1410","9113","2026-04-25T15:20:51.27+00:00","yes","yes","medium","22","yes","","404 (no DB route yet)","moderate body; meta complete"
"1c8cf96a-e84f-4ece-a6c3-3806146567dc","usa-scholarships-international-students-without-sat","Scholarships in the USA for International Students Without SAT: Real Options and How to Qualify","/resources/usa-scholarships-international-students-without-sat","1325","8295","2026-04-25T15:19:16.323+00:00","yes","yes","medium","22","yes","","404 (no DB route yet)","moderate body; meta complete"
"db5dc8cd-bbe0-4a16-bdcf-4c5b79effeb3","grants-school-students-usa-stem-camps","Grants for School Students in the USA for STEM Camps: Real Funding Options","/resources/grants-school-students-usa-stem-camps","1368","8153","2026-04-25T15:17:37.277+00:00","yes","yes","medium","22","yes","","404 (no DB route yet)","moderate body; meta complete"
"85758520-1e7c-42c6-91e9-fff12224c833","usa-college-student-conference-funding-grants","Grants in the USA for College Students Funding Conference Participation","/resources/usa-college-student-conference-funding-grants","1516","9230","2026-04-25T15:09:30.782+00:00","yes","yes","medium","22","yes","","404 (no DB route yet)","moderate body; meta complete"
"516ebf15-d701-4e31-8eef-10fb60669a8b","journalism-scholarships-school-students-usa","Scholarships for School Students in the USA for Aspiring Journalists","/resources/journalism-scholarships-school-students-usa","1403","8689","2026-04-25T15:06:21.307+00:00","yes","yes","medium","22","yes","","404 (no DB route yet)","moderate body; meta complete"
"8f23a233-3c8a-44eb-8a94-27019ef6ca1f","grants-school-students-usa-summer-academic-programs","Grants for School Students in the USA for Summer Academic Programs","/resources/grants-school-students-usa-summer-academic-programs","1413","8622","2026-04-25T15:04:47.117+00:00","yes","yes","medium","22","yes","","404 (no DB route yet)","moderate body; meta complete"
"3380f9f6-ea94-4d67-9e04-e0b4823c1d87","best-usa-scholarships-indonesian-students","Best Scholarships in the USA for Students from Indonesia","/resources/best-usa-scholarships-indonesian-students","1363","8439","2026-04-25T15:03:06.16+00:00","yes","yes","medium","22","yes","","404 (no DB route yet)","moderate body; meta complete"
"d8400c85-ae7a-4167-8d0a-44b6237ae39c","usa-scholarships-college-students-nonprofit-experience","Scholarships in the USA for College Students With Nonprofit Experience","/resources/usa-scholarships-college-students-nonprofit-experience","1452","9495","2026-04-25T15:01:35.93+00:00","yes","yes","medium","22","yes","","404 (no DB route yet)","moderate body; meta complete"
"545ea24e-7192-48d9-8fe9-929891ec6cb1","trusted-usa-scholarships-published-winners","Trusted Scholarships in the USA for College Students With Published Winners","/resources/trusted-usa-scholarships-published-winners","1412","8699","2026-04-25T14:59:57.414+00:00","yes","yes","medium","22","yes","","404 (no DB route yet)","moderate body; meta complete"
"ef1a6851-b27e-4bf0-80ec-ab96c858d77e","scholarship-application-form-mistakes-disqualification","Scholarship Application Form Mistakes That Cause Disqualification","/resources/scholarship-application-form-mistakes-disqualification","1354","8173","2026-04-25T14:56:53.727+00:00","yes","yes","medium","22","yes","","404 (no DB route yet)","moderate body; meta complete"
"596351d6-eafc-4175-99e3-1e876848adb8","questions-before-accepting-conditional-scholarship","Best Questions to Ask Before Accepting a Conditional Scholarship","/resources/questions-before-accepting-conditional-scholarship","1464","7819","2026-04-25T14:55:26.907+00:00","yes","yes","medium","22","yes","","404 (no DB route yet)","moderate body; meta complete"
"aba7e3c6-a708-46e4-be1d-16caccc69bb9","scholarship-application-calendar-usa-admissions","How to Create a Scholarship Application Calendar for USA Admissions","/resources/scholarship-application-calendar-usa-admissions","1365","8292","2026-04-25T14:52:19.112+00:00","yes","yes","medium","22","yes","","404 (no DB route yet)","moderate body; meta complete"
"b682043b-0fe4-47bb-9fb7-083c0573d403","scholarships-school-students-usa-immigrant-families","Scholarships for School Students in the USA for Immigrant Families","/resources/scholarships-school-students-usa-immigrant-families","1315","8497","2026-04-25T14:37:03.939+00:00","yes","yes","medium","22","yes","","404 (no DB route yet)","moderate body; meta complete"
"8336b8a0-a40f-43bd-b3c2-a75d4b5647ef","usa-scholarships-international-students-research-experience","Scholarships in the USA for International Students With Research Experience","/resources/usa-scholarships-international-students-research-experience","1405","8778","2026-04-25T14:35:35.89+00:00","yes","yes","medium","22","yes","","404 (no DB route yet)","moderate body; meta complete"
"ca7e9a4a-216c-4a88-85e1-8125b69cde7a","long-tail-scholarship-topics-athletes-2026","Best Long-Tail Scholarship Topics for Athletes in 2026","/resources/long-tail-scholarship-topics-athletes-2026","1336","8334","2026-04-25T14:33:59.15+00:00","yes","yes","medium","22","yes","","404 (no DB route yet)","moderate body; meta complete"
"f54e33b5-4916-4835-95d9-d857083b44f1","usa-scholarships-economics-students","Scholarships in the USA for Economics Students: Where to Look and How to Apply","/resources/usa-scholarships-economics-students","1289","8246","2026-04-25T14:32:25.394+00:00","yes","yes","medium","22","yes","","404 (no DB route yet)","moderate body; meta complete"
"c547696a-3bf6-472d-9d7d-be657d74a026","write-scholarship-essays-usa-programs","How School Students Can Write Scholarship Essays for USA Programs","/resources/write-scholarship-essays-usa-programs","1453","8133","2026-04-25T14:30:54.159+00:00","yes","yes","medium","22","yes","","404 (no DB route yet)","moderate body; meta complete"
"f2b1c6dd-f896-4e5e-9682-0213a449ffb5","apply-multiple-scholarships-usa-without-burnout","How to Apply for Multiple Scholarships in the USA Without Burnout","/resources/apply-multiple-scholarships-usa-without-burnout","1390","8292","2026-04-25T14:29:29.134+00:00","yes","yes","medium","22","yes","","404 (no DB route yet)","moderate body; meta complete"
"6e89867c-9fe1-4db2-8863-57fed0803df6","usa-student-coding-bootcamp-grants","Grants for School Students in the USA for Coding Bootcamps: Real Funding Options","/resources/usa-student-coding-bootcamp-grants","1317","7999","2026-04-25T14:28:01.421+00:00","yes","yes","medium","22","yes","","404 (no DB route yet)","moderate body; meta complete"
"eca3041b-a7f9-4fc3-b166-1377e227b2c8","prepare-scholarship-recommendation-letters-in-advance","How to Prepare Scholarship Recommendation Letters in Advance","/resources/prepare-scholarship-recommendation-letters-in-advance","1454","8572","2026-04-25T14:26:30.268+00:00","yes","yes","medium","22","yes","","404 (no DB route yet)","moderate body; meta complete"
"bec8a02a-6348-49a5-885b-358e80c4461e","theater-scholarships-usa","Scholarships in the USA for Students Interested in Theater: Where to Look and How to Apply","/resources/theater-scholarships-usa","1339","8470","2026-04-25T14:25:00.413+00:00","yes","yes","medium","22","yes","","404 (no DB route yet)","moderate body; meta complete"
"ca51f58f-a67f-469c-85c0-47e9bd7418c4","usa-scholarships-strong-attendance-records","Scholarships in the USA for School Students With Strong Attendance Records","/resources/usa-scholarships-strong-attendance-records","1443","9165","2026-04-25T14:20:40.51+00:00","yes","yes","medium","22","yes","","404 (no DB route yet)","moderate body; meta complete"
"566fba6c-1807-4e9a-a34f-f7dcdec8867a","scholarship-trust-signals-payout-schedules","Scholarship Trust Signals in Scholarship Payout Schedules: What Students Should Look For","/resources/scholarship-trust-signals-payout-schedules","1377","8047","2026-04-25T14:19:11.686+00:00","yes","yes","medium","22","yes","","404 (no DB route yet)","moderate body; meta complete"
"66d8df29-45e2-4d0d-821b-5685231489a0","emergency-tuition-help-grants-usa","Grants in the USA for College Students Needing Emergency Tuition Help","/resources/emergency-tuition-help-grants-usa","1550","8954","2026-04-25T14:17:43.132+00:00","yes","yes","medium","22","yes","","404 (no DB route yet)","moderate body; meta complete"
"e3e30127-77bb-4b64-8ec2-744b346b6d60","missing-scholarship-deadline","What to Do After Missing a Scholarship Deadline: Smart Next Steps","/resources/missing-scholarship-deadline","1357","7494","2026-04-25T14:16:05.382+00:00","yes","yes","medium","22","yes","","404 (no DB route yet)","moderate body; meta complete"
"58bf97ce-7db9-42d3-8fde-4df48f6c0dd6","best-chemistry-scholarships-usa","Best Scholarships in the USA for College Students Majoring in Chemistry","/resources/best-chemistry-scholarships-usa","1383","8984","2026-04-25T14:11:50.366+00:00","yes","yes","medium","22","yes","","404 (no DB route yet)","moderate body; meta complete"
"4029d6a9-c856-466c-a627-d6b54c7407fc","research-grants-usa-student-projects","Research Grants in the USA for Student Projects: Where to Find Funding","/resources/research-grants-usa-student-projects","1373","8492","2026-04-25T14:08:41.4+00:00","yes","yes","medium","22","yes","","404 (no DB route yet)","moderate body; meta complete"
"02326ef7-87cd-41cc-89a8-2fbdc6f50015","yale-scholarships-international-students","Scholarships at Yale for International Students: What Funding Is Available?","/resources/yale-scholarships-international-students","1329","8434","2026-04-25T14:07:09.08+00:00","yes","yes","medium","22","yes","","404 (no DB route yet)","moderate body; meta complete"
"1f873159-748c-4d0a-b852-2e5ef5ce2bd2","usa-school-student-scholarships-monthly-stipend","Scholarships in the USA for School Students With Monthly Stipend: Real Programs and How to Find Them","/resources/usa-school-student-scholarships-monthly-stipend","1449","8674","2026-04-25T14:05:41.248+00:00","yes","yes","medium","22","yes","","404 (no DB route yet)","moderate body; meta complete"
"9a2a511e-c4ac-4b94-be88-65df486786ee","best-usa-scholarships-online-graduate-students","Best Scholarships in the USA for Graduate Students Studying Online","/resources/best-usa-scholarships-online-graduate-students","1335","8397","2026-04-25T14:00:56.765+00:00","yes","yes","medium","22","yes","","404 (no DB route yet)","moderate body; meta complete"
"ad0d350b-1d0b-405e-879c-01964548b15b","university-vs-external-scholarships-usa","University Scholarships vs External Scholarships in the USA: Key Differences, Pros, and How to Choose","/resources/university-vs-external-scholarships-usa","1427","8801","2026-04-25T13:59:12.212+00:00","yes","yes","medium","22","yes","","404 (no DB route yet)","moderate body; meta complete"
"65256b41-b79e-4d27-bc5a-ebf44320ff0a","scholarships-liberal-arts-colleges-usa","How to Get Scholarships in Liberal Arts Colleges in the USA","/resources/scholarships-liberal-arts-colleges-usa","1335","7873","2026-04-25T13:57:40.672+00:00","yes","yes","medium","22","yes","","404 (no DB route yet)","moderate body; meta complete"
"460678fb-ea24-4dc3-b21d-09baac7989ea","state-vs-private-scholarships-usa","State Scholarships vs Private Scholarships in the USA: Key Differences","/resources/state-vs-private-scholarships-usa","1493","8975","2026-04-25T13:56:08.746+00:00","yes","yes","medium","22","yes","","404 (no DB route yet)","moderate body; meta complete"
"1bd7144f-c42e-4a2d-9e54-959c5fd5eb51","best-scholarship-essay-examples-international-students","Best Scholarship Essay Examples for International Students: Samples, Tips, and Structure","/resources/best-scholarship-essay-examples-international-students","1344","7870","2026-04-25T13:52:58.939+00:00","yes","yes","medium","22","yes","","404 (no DB route yet)","moderate body; meta complete"
"a7b6d670-c371-471e-bc7e-ee3e756b461a","mit-scholarships-international-students","Scholarships at MIT for International Students: What Aid Is Actually Available","/resources/mit-scholarships-international-students","1164","7401","2026-04-25T13:50:00.326+00:00","yes","yes","low","22","yes","","404 (no DB route yet)","moderate body; meta complete"
"2efea19a-4189-4727-b23c-dbf13f0f9d14","what-to-do-after-scholarship-rejection-usa","What to Do After Scholarship Rejection in the USA: Smart Next Steps","/resources/what-to-do-after-scholarship-rejection-usa","1400","8048","2026-04-25T13:48:36.686+00:00","yes","yes","medium","22","yes","","404 (no DB route yet)","moderate body; meta complete"
"ccfdb074-db35-481b-8ebb-04f48e4131e9","choose-scholarship-work-requirement-vs-without","How to Choose Between a Scholarship With a Work Requirement and One Without","/resources/choose-scholarship-work-requirement-vs-without","1498","8326","2026-04-25T13:47:04.433+00:00","yes","yes","medium","22","yes","","404 (no DB route yet)","moderate body; meta complete"
"fd0638b1-c298-421f-9e27-ddb9d5bda5d2","scholarship-essay-no-life-changing-story","How to Write a Scholarship Essay With No Life-Changing Story","/resources/scholarship-essay-no-life-changing-story","1453","8449","2026-04-25T13:45:39.535+00:00","yes","yes","medium","22","yes","","404 (no DB route yet)","moderate body; meta complete"
"a1a467f4-06d5-414b-a80c-1e1c6515b1c3","best-scholarships-usa-indian-students","Best Scholarships in the USA for Students from India: Top Funding Options","/resources/best-scholarships-usa-indian-students","1373","8818","2026-04-25T13:44:04.403+00:00","yes","yes","medium","22","yes","","404 (no DB route yet)","moderate body; meta complete"
"b0b4a54c-9f07-41ec-bf21-bd0c64bd3fc0","trusted-scholarship-portals-usa-privacy-policies","Trusted Scholarship Portals in the USA With Strong Privacy Policies","/resources/trusted-scholarship-portals-usa-privacy-policies","1445","8562","2026-04-25T13:41:09.388+00:00","yes","yes","medium","22","yes","","404 (no DB route yet)","moderate body; meta complete"
"dd3faaa1-284b-463c-be1a-8501bfa6aa07","part-time-student-scholarships-usa","Scholarships in the USA for College Students Who Study Part Time","/resources/part-time-student-scholarships-usa","1425","8566","2026-04-25T13:35:52.955+00:00","yes","yes","medium","22","yes","","404 (no DB route yet)","moderate body; meta complete"
"9036e79d-f4a5-4ad1-80a3-755adff02974","usa-scholarships-school-students-club-leadership","Scholarships in the USA for School Students With Leadership in Clubs","/resources/usa-scholarships-school-students-club-leadership","1436","9092","2026-04-25T13:34:17.594+00:00","yes","yes","medium","22","yes","","404 (no DB route yet)","moderate body; meta complete"
"c63d5e3d-0f5e-43a4-9167-14449d89cf3c","graduate-students-find-scholarships-usa-by-department","How Graduate Students Can Find Scholarships in the USA by Department","/resources/graduate-students-find-scholarships-usa-by-department","1344","8737","2026-04-25T13:32:47.317+00:00","yes","yes","medium","22","yes","","404 (no DB route yet)","moderate body; meta complete"
"a53b96e3-a422-4681-904d-178114607cb6","what-to-do-after-winning-a-scholarship-usa","What to Do After Winning a Scholarship in the USA: Next Steps Checklist","/resources/what-to-do-after-winning-a-scholarship-usa","1405","8008","2026-04-25T13:29:44.096+00:00","yes","yes","medium","22","yes","","404 (no DB route yet)","moderate body; meta complete"
"64582f65-88ca-4c41-b880-b8116f1ff111","scholarship-checklist-international-students","Essential Scholarship Checklist for International Students","/resources/scholarship-checklist-international-students","688","5109","2026-04-25T13:28:30.619+00:00","yes","yes","low","22","yes","","404 (no DB route yet)","acceptable body; meta complete; evergreen intent slug"
"7baa4e44-931a-4b81-8597-f1a9a1369454","usa-full-ride-scholarships-school-students","Scholarships in the USA for School Students With Full Ride Funding","/resources/usa-full-ride-scholarships-school-students","1395","8382","2026-04-25T13:28:12.31+00:00","yes","yes","medium","22","yes","","404 (no DB route yet)","moderate body; meta complete"
"d1283884-7a27-44fa-be5e-3d61d0a82d19","scholarships-private-universities-usa","How to Get Scholarships in Private Universities in the USA","/resources/scholarships-private-universities-usa","1310","8141","2026-04-25T13:26:44.92+00:00","yes","yes","medium","22","yes","","404 (no DB route yet)","moderate body; meta complete"
"9b88ea72-d1ad-46b0-a5d1-378d4755b892","volunteer-work-scholarships-usa","How School Students Can Use Volunteer Work to Win Scholarships in the USA","/resources/volunteer-work-scholarships-usa","1493","8775","2026-04-25T13:25:16.467+00:00","yes","yes","medium","22","yes","","404 (no DB route yet)","moderate body; meta complete"
"0249f84e-ed4e-41e9-8dfa-15b29a8e0e52","best-biology-scholarships-usa","Best Scholarships in the USA for College Students Majoring in Biology","/resources/best-biology-scholarships-usa","1461","9121","2026-04-25T13:23:41.826+00:00","yes","yes","medium","22","yes","","404 (no DB route yet)","moderate body; meta complete"
"b681d6fa-8b0f-401a-a33f-e5487e904356","education-grants-usa-graduate-students","Education Grants in the USA for Graduate Students: Real Funding Options","/resources/education-grants-usa-graduate-students","1391","8705","2026-04-25T13:21:57.177+00:00","yes","yes","medium","22","yes","","404 (no DB route yet)","moderate body; meta complete"
"c3f73b00-8ea9-4c43-ad6b-2d422806f2b5","usa-scholarships-supporting-family-members","Scholarships in the USA for Students Who Support Family Members","/resources/usa-scholarships-supporting-family-members","1367","8608","2026-04-25T13:17:00.825+00:00","yes","yes","medium","22","yes","","404 (no DB route yet)","moderate body; meta complete"
"6bc1280b-2bea-47cc-9d92-abb765d6fea4","best-animation-scholarships-school-students-usa","Best Scholarships for School Students Interested in Animation in the USA","/resources/best-animation-scholarships-school-students-usa","1379","8426","2026-04-25T13:15:20.272+00:00","yes","yes","medium","22","yes","","404 (no DB route yet)","moderate body; meta complete"
"4ef2fb7a-f45e-41de-90fa-adce96777126","best-grants-usa-international-students","Best Grants in the USA for International Students: Real Funding Options","/resources/best-grants-usa-international-students","1379","8558","2026-04-25T13:13:49.573+00:00","yes","yes","medium","22","yes","","404 (no DB route yet)","moderate body; meta complete"
"ca555cc1-a556-4c84-840e-8cea36b7719a","religious-organization-scholarships-usa-college-students","Scholarships in the USA for College Students Funded by Religious Organizations","/resources/religious-organization-scholarships-usa-college-students","1441","9275","2026-04-25T13:12:18.996+00:00","yes","yes","medium","22","yes","","404 (no DB route yet)","moderate body; meta complete"
"25af774f-1e0d-4e19-b3c7-f2e166ccf0a0","best-usa-accounting-scholarships","Best Scholarships in the USA for College Students Majoring in Accounting","/resources/best-usa-accounting-scholarships","1335","8386","2026-04-25T13:10:44.453+00:00","yes","yes","medium","22","yes","","404 (no DB route yet)","moderate body; meta complete"
"e78a4bef-608b-4483-85ba-cc8944eddd22","find-scholarships-usa-april-deadlines","How to Find Scholarships in the USA by Deadline Month: April","/resources/find-scholarships-usa-april-deadlines","1052","6291","2026-04-25T13:09:10.429+00:00","yes","yes","low","22","yes","","404 (no DB route yet)","moderate body; meta complete"
"040bf941-4178-47d9-953c-9a1a11188bee","write-financial-need-statement-scholarship","How to Write a Financial Need Statement for Scholarship Applications","/resources/write-financial-need-statement-scholarship","1470","8613","2026-04-25T13:07:48.537+00:00","yes","yes","medium","22","yes","","404 (no DB route yet)","moderate body; meta complete"
"d667b2d6-04d0-409d-8447-d8b935bd9bce","spot-fake-scholarship-whatsapp-messages","How to Spot Fake Scholarship WhatsApp Messages","/resources/spot-fake-scholarship-whatsapp-messages","1376","7979","2026-04-25T13:03:22.9+00:00","yes","yes","medium","22","yes","","404 (no DB route yet)","moderate body; meta complete"
"8b6fb19a-3184-4004-ae3c-aace2d022dbf","usa-graduate-scholarships-veterans","Scholarships in the USA for Graduate Students Who Are Veterans","/resources/usa-graduate-scholarships-veterans","1417","8842","2026-04-25T13:01:55.817+00:00","yes","yes","medium","22","yes","","404 (no DB route yet)","moderate body; meta complete"
"11ca94ab-79d4-4930-a604-dc97abe231d8","find-scholarships-usa-winter-intake","How to Find Scholarships in the USA for Winter Intake","/resources/find-scholarships-usa-winter-intake","1357","8180","2026-04-25T13:00:14.688+00:00","yes","yes","medium","22","yes","","404 (no DB route yet)","moderate body; meta complete"
"595730fa-ac77-433d-930e-092c4851b212","keep-scholarship-usa-working-on-campus","How to Keep a Scholarship in the USA While Working on Campus","/resources/keep-scholarship-usa-working-on-campus","1312","7534","2026-04-25T12:58:57.845+00:00","yes","yes","medium","22","yes","","404 (no DB route yet)","moderate body; meta complete"
"2f14dd29-4676-4f44-980b-e7bb9e896b37","usa-graduate-student-conference-grants","Grants in the USA for Graduate Students Attending Conferences","/resources/usa-graduate-student-conference-grants","1284","8039","2026-04-25T12:56:32.303+00:00","yes","yes","medium","22","yes","","404 (no DB route yet)","moderate body; meta complete"
"a7ca8a8d-df83-440c-b1db-a5de10c99c7e","conditional-scholarship-offer-next-steps","What to Do After Receiving a Conditional Scholarship Offer: Next Steps","/resources/conditional-scholarship-offer-next-steps","1573","9134","2026-04-25T12:55:04.958+00:00","yes","yes","medium","22","yes","","404 (no DB route yet)","moderate body; meta complete"
"436b8dc8-8a5b-404a-b691-b3a9906b2b36","find-scholarships-usa-spring-intake","How to Find Scholarships in the USA for Spring Intake","/resources/find-scholarships-usa-spring-intake","1283","7905","2026-04-25T12:53:36.31+00:00","yes","yes","medium","22","yes","","404 (no DB route yet)","moderate body; meta complete"
"5f386449-d306-43b7-b426-a116e856b6d0","scholarship-stipend-vs-housing","How to Choose Between a Scholarship With Stipend and a Scholarship With Housing","/resources/scholarship-stipend-vs-housing","1466","8022","2026-04-25T12:52:02.111+00:00","yes","yes","medium","22","yes","","404 (no DB route yet)","moderate body; meta complete"
"3464ca92-0418-4bac-ab06-4cc54e94f918","counselors-help-art-students-find-scholarships","How Counselors Can Help Art Students Find Scholarships","/resources/counselors-help-art-students-find-scholarships","1496","9415","2026-04-25T12:50:30.875+00:00","yes","yes","medium","22","yes","","404 (no DB route yet)","moderate body; meta complete"
"8a746a8e-a6d5-4ab6-bf28-4441eedd3592","usa-portfolio-scholarships-international-students","Scholarships in the USA for International Students With Portfolio Only","/resources/usa-portfolio-scholarships-international-students","1390","8932","2026-04-25T12:47:12.486+00:00","yes","yes","medium","22","yes","","404 (no DB route yet)","moderate body; meta complete"
"54a5bf65-db45-4274-af7d-c42adc9e31db","usa-scholarships-asylum-seeking-students","Scholarships in the USA for Asylum Seeking Students: Funding Options and How to Apply","/resources/usa-scholarships-asylum-seeking-students","1413","8632","2026-04-25T12:45:33.837+00:00","yes","yes","medium","22","yes","","404 (no DB route yet)","moderate body; meta complete"
"3f318502-e896-4c4b-912f-4d511008f416","long-tail-scholarship-topics-international-students-2026","Best Long-Tail Scholarship Topics for International Students in 2026","/resources/long-tail-scholarship-topics-international-students-2026","1539","10009","2026-04-25T12:42:21.76+00:00","yes","yes","medium","22","yes","","404 (no DB route yet)","moderate body; meta complete"
"7150f9c6-8347-4442-9ae0-f81d1962af96","find-usa-scholarships-bilingual-essays","How to Find Scholarships in the USA for Students With Bilingual Essays","/resources/find-usa-scholarships-bilingual-essays","1455","8819","2026-04-25T12:39:01.682+00:00","yes","yes","medium","22","yes","","404 (no DB route yet)","moderate body; meta complete"
"6507d494-16fe-494c-8e11-b6eeb9614859","scholarship-platform-transparency-official-sourcing","How Scholarship Platforms Show Transparency Through Official Sourcing","/resources/scholarship-platform-transparency-official-sourcing","1539","9048","2026-04-25T12:37:23.318+00:00","yes","yes","medium","22","yes","","404 (no DB route yet)","moderate body; meta complete"
"31a01c70-d8cb-4cb1-a282-957191efe737","verify-awards-with-university-financial-aid-offices","How to Use University Financial Aid Offices to Verify Awards","/resources/verify-awards-with-university-financial-aid-offices","1470","7920","2026-04-25T12:34:15.087+00:00","yes","yes","medium","22","yes","","404 (no DB route yet)","moderate body; meta complete"
"a3c4dea0-8aff-47be-9dc7-2109dc75709d","usa-scholarships-rare-language-speakers","Scholarships in the USA for Students Who Speak Rare Languages","/resources/usa-scholarships-rare-language-speakers","1333","8608","2026-04-25T12:32:44.647+00:00","yes","yes","medium","22","yes","","404 (no DB route yet)","moderate body; meta complete"
"32268204-012c-41c7-846e-03583d04f784","find-usa-scholarships-after-test-scores","How to Find Scholarships in the USA After Receiving Test Scores","/resources/find-usa-scholarships-after-test-scores","1448","8761","2026-04-25T12:31:13.173+00:00","yes","yes","medium","22","yes","","404 (no DB route yet)","moderate body; meta complete"
"8f280a96-d1b0-481d-b9af-50d7c6e6603d","trusted-usa-scholarships-alternative-credentials","Trusted Scholarships in the USA for Students Applying With Alternative Credentials","/resources/trusted-usa-scholarships-alternative-credentials","1471","9453","2026-04-25T12:29:38.863+00:00","yes","yes","medium","22","yes","","404 (no DB route yet)","moderate body; meta complete"
"786f310f-48b4-42c0-8b6b-5af4919c7564","public-winner-lists-build-trust-scholarships","How Public Winner Lists Build Trust in Scholarships","/resources/public-winner-lists-build-trust-scholarships","1359","8362","2026-04-25T12:26:28.842+00:00","yes","yes","medium","22","yes","","404 (no DB route yet)","moderate body; meta complete"
"48a5d3ae-bce6-4dab-8496-b7ab3c5191c1","usa-scholarships-high-school-seniors-this-year","Scholarships in the USA for High School Seniors Applying This Year","/resources/usa-scholarships-high-school-seniors-this-year","1297","7887","2026-04-25T12:24:59.698+00:00","yes","yes","medium","22","yes","","404 (no DB route yet)","moderate body; meta complete"
"3400eb77-b9ff-4328-957b-d86bd340d894","best-education-scholarships-usa","Best Scholarships in the USA for College Students Majoring in Education","/resources/best-education-scholarships-usa","1470","9197","2026-04-25T12:23:27.732+00:00","yes","yes","medium","22","yes","","404 (no DB route yet)","moderate body; meta complete"
"1d4e5614-cc12-4fd3-9188-af7059e83271","best-usa-scholarships-philippines-students","Best Scholarships in the USA for Students from the Philippines","/resources/best-usa-scholarships-philippines-students","1493","9253","2026-04-25T12:21:51.29+00:00","yes","yes","medium","22","yes","","404 (no DB route yet)","moderate body; meta complete"
"823b6736-c704-40ca-b1df-f1311dd97c52","usa-scholarships-app-developers","Scholarships in the USA for App Developers: Real Opportunities for Coding and CS Students","/resources/usa-scholarships-app-developers","1251","7815","2026-04-25T12:18:32.383+00:00","yes","yes","medium","22","yes","","404 (no DB route yet)","moderate body; meta complete"
"0ad32099-d18a-4385-9e09-54788d03d5ac","find-usa-scholarships-september-deadlines","How to Find Scholarships in the USA by Deadline Month: September","/resources/find-usa-scholarships-september-deadlines","1480","8845","2026-04-25T12:16:57.847+00:00","yes","yes","medium","22","yes","","404 (no DB route yet)","moderate body; meta complete"
"d409927b-0437-44e3-a653-396ad80f3df5","usa-college-grants-financial-hardship","Grants in the USA for College Students Facing Financial Hardship","/resources/usa-college-grants-financial-hardship","1354","7656","2026-04-25T12:15:24.627+00:00","yes","yes","medium","22","yes","","404 (no DB route yet)","moderate body; meta complete"
"ac423833-8dc9-4353-876d-e955c7b9a8a5","usa-scholarships-large-families","Scholarships in the USA for Students From Large Families: Real Aid Options to Explore","/resources/usa-scholarships-large-families","1380","8201","2026-04-25T12:13:54.467+00:00","yes","yes","medium","22","yes","","404 (no DB route yet)","moderate body; meta complete"
"ad0ef431-59ef-4447-a1bd-46e91ae45aae","merit-vs-need-based-scholarships-usa","How School Students Can Choose Between Merit and Need-Based Scholarships in the USA","/resources/merit-vs-need-based-scholarships-usa","1371","8152","2026-04-25T12:10:46.962+00:00","yes","yes","medium","22","yes","","404 (no DB route yet)","moderate body; meta complete"
"166a4d70-553f-490d-b2d3-3c9643b2b9ba","automatic-vs-separate-application-scholarships-usa","Automatic Scholarships vs Separate Application Scholarships in the USA","/resources/automatic-vs-separate-application-scholarships-usa","1540","9629","2026-04-25T12:06:08.505+00:00","yes","yes","medium","22","yes","","404 (no DB route yet)","moderate body; meta complete"
"234e75f4-e09b-4744-b8de-32a447ba4a35","transfer-student-scholarships-usa","How College Students Can Get Scholarships in the USA After Transferring","/resources/transfer-student-scholarships-usa","1349","8306","2026-04-25T12:04:36.716+00:00","yes","yes","medium","22","yes","","404 (no DB route yet)","moderate body; meta complete"
"ffedff42-3630-4665-af9f-208d18b6240b","questions-before-trusting-scholarship-offer","Best Questions to Ask Before Trusting a Scholarship Offer","/resources/questions-before-trusting-scholarship-offer","1309","7155","2026-04-25T12:03:05.438+00:00","yes","yes","medium","22","yes","","404 (no DB route yet)","moderate body; meta complete"
"57e29aa1-9a86-4dac-9c3c-bc9c6efce838","case-competitions-improve-scholarship-chances","How College Students Can Use Case Competitions to Improve Scholarship Chances","/resources/case-competitions-improve-scholarship-chances","1415","8696","2026-04-25T12:01:46.508+00:00","yes","yes","medium","22","yes","","404 (no DB route yet)","moderate body; meta complete"
"bfa2e95d-4e21-4da8-af3f-22988b216338","use-published-winner-profiles-verify-scholarships","How to Use Published Winner Profiles to Verify Scholarships","/resources/use-published-winner-profiles-verify-scholarships","1567","8992","2026-04-25T12:00:16.734+00:00","yes","yes","medium","22","yes","","404 (no DB route yet)","moderate body; meta complete"
"43085c84-58a6-4734-9c02-07250bf51a22","find-scholarships-usa-twins-college","How to Find Scholarships in the USA for Twins Entering College","/resources/find-scholarships-usa-twins-college","1400","8249","2026-04-25T11:58:36.99+00:00","yes","yes","medium","22","yes","","404 (no DB route yet)","moderate body; meta complete"
"05ea208a-e71f-4040-8965-d8705bd6d855","find-scholarships-every-semester-usa","How College Students Can Find Scholarships in the USA Every Semester","/resources/find-scholarships-every-semester-usa","1373","8519","2026-04-25T11:55:30.05+00:00","yes","yes","medium","22","yes","","404 (no DB route yet)","moderate body; meta complete"
"24942e84-0b27-4dcb-a810-65e0ff76ef5f","usa-scholarships-study-for-free","Scholarships in the USA for School Students Who Want to Study for Free","/resources/usa-scholarships-study-for-free","1357","8324","2026-04-25T11:53:55.963+00:00","yes","yes","medium","22","yes","","404 (no DB route yet)","moderate body; meta complete"
"90386179-c5c6-4df0-9708-013045b11480","best-criminal-justice-scholarships-usa","Best Scholarships in the USA for College Students Majoring in Criminal Justice","/resources/best-criminal-justice-scholarships-usa","1313","8453","2026-04-25T11:52:20.031+00:00","yes","yes","medium","22","yes","","404 (no DB route yet)","moderate body; meta complete"
"bcb2ce1a-97ff-4090-9c5e-c5f905edddf3","protect-scholarship-accounts-two-factor-authentication","How to Protect Scholarship Application Accounts With Two-Factor Authentication","/resources/protect-scholarship-accounts-two-factor-authentication","1481","8495","2026-04-25T11:50:49.084+00:00","yes","yes","medium","22","yes","","404 (no DB route yet)","moderate body; meta complete"
"951bea75-e016-43b9-b046-40345b77e8a9","trusted-merit-scholarships-usa-college-students","Trusted Scholarships in the USA for College Students With Merit-Based Support","/resources/trusted-merit-scholarships-usa-college-students","1288","8163","2026-04-25T11:49:24.712+00:00","yes","yes","medium","22","yes","","404 (no DB route yet)","moderate body; meta complete"
"586285f0-5e49-41cd-aeb4-6c927039496c","usa-sports-development-grants-school-students","Grants for School Students in the USA for Sports Development Programs","/resources/usa-sports-development-grants-school-students","1409","8394","2026-04-25T11:47:57.539+00:00","yes","yes","medium","22","yes","","404 (no DB route yet)","moderate body; meta complete"
"5a1a250b-d6ad-4d4b-a2e1-25d31ff87d68","prepare-scholarship-financial-documents-international-student","How to Prepare Scholarship Financial Documents as an International Student","/resources/prepare-scholarship-financial-documents-international-student","1456","8849","2026-04-25T11:44:55.83+00:00","yes","yes","medium","22","yes","","404 (no DB route yet)","moderate body; meta complete"
"49e1a41b-00f4-49e8-a21b-374d70ca2852","build-scholarship-authority-pages","How to Build Scholarship Authority Pages on a Scholarship Website","/resources/build-scholarship-authority-pages","1365","8330","2026-04-25T11:43:22.314+00:00","yes","yes","medium","22","yes","","404 (no DB route yet)","moderate body; meta complete"
"fea0ca1a-01b8-4444-b803-74d81480f0eb","scholarship-document-upload-mistakes","Scholarship Document Upload Mistakes That Delay Review","/resources/scholarship-document-upload-mistakes","1412","8265","2026-04-25T11:41:55.438+00:00","yes","yes","medium","22","yes","","404 (no DB route yet)","moderate body; meta complete"
"eb0afe1b-856f-4e7e-ba98-107eef5cda33","last-minute-scholarships-usa-international-students","Last Minute Scholarships in the USA Still Open for International Students","/resources/last-minute-scholarships-usa-international-students","1345","8407","2026-04-25T11:38:51.647+00:00","yes","yes","medium","22","yes","","404 (no DB route yet)","moderate body; meta complete"
"fc7ce692-4763-4e8b-a61f-90f483ce525d","usa-environmental-activism-scholarships-school-students","Scholarships in the USA for School Students With Environmental Activism","/resources/usa-environmental-activism-scholarships-school-students","1371","8896","2026-04-25T11:34:12.873+00:00","yes","yes","medium","22","yes","","404 (no DB route yet)","moderate body; meta complete"
"dfe49711-3d29-469c-94c8-0f1884ec5585","counselors-help-stem-students-find-scholarships","How Counselors Can Help STEM Students Find Scholarships","/resources/counselors-help-stem-students-find-scholarships","1426","8968","2026-04-25T11:30:59.563+00:00","yes","yes","medium","22","yes","","404 (no DB route yet)","moderate body; meta complete"
"8f5084cf-adc1-4586-9657-17800b166036","communications-scholarships-usa","Scholarships in the USA for Students Interested in Communications","/resources/communications-scholarships-usa","1401","9307","2026-04-25T11:29:24.3+00:00","yes","yes","medium","22","yes","","404 (no DB route yet)","moderate body; meta complete"
"3757419a-35b1-47b7-b9db-f84182dfdc5f","best-usa-film-scholarships","Best Scholarships in the USA for College Students Majoring in Film","/resources/best-usa-film-scholarships","1451","8976","2026-04-25T11:27:44.385+00:00","yes","yes","medium","22","yes","","404 (no DB route yet)","moderate body; meta complete"
"93b772c7-1192-4d8b-8d63-a1976e9dac7d","best-usa-graduate-scholarships-families","Best Scholarships in the USA for Graduate Students With Families","/resources/best-usa-graduate-scholarships-families","1410","8791","2026-04-25T11:24:44.48+00:00","yes","yes","medium","22","yes","","404 (no DB route yet)","moderate body; meta complete"
"49ea5fea-1041-488c-972d-3671116e5d61","usa-debate-program-grants-students","Grants for School Students in the USA for Debate Programs","/resources/usa-debate-program-grants-students","1479","8831","2026-04-25T11:23:08.226+00:00","yes","yes","medium","22","yes","","404 (no DB route yet)","moderate body; meta complete"
"537834bd-18db-4817-835e-88d38d63cc90","best-usa-executive-mba-scholarships","Best Scholarships in the USA for Executive MBA Candidates","/resources/best-usa-executive-mba-scholarships","1419","8621","2026-04-25T11:21:25.789+00:00","yes","yes","medium","22","yes","","404 (no DB route yet)","moderate body; meta complete"
"a0867090-628f-41fb-be01-cc502393db60","read-scholarship-travel-funding-rules","How to Read Scholarship Travel Funding Rules Before Planning","/resources/read-scholarship-travel-funding-rules","1372","7991","2026-04-25T11:19:48.073+00:00","yes","yes","medium","22","yes","","404 (no DB route yet)","moderate body; meta complete"
"7acc7ac6-aa49-44f7-ad49-2e38ca390568","scholarship-essay-strict-word-limit","How to Write a Scholarship Essay Under a Strict Word Limit","/resources/scholarship-essay-strict-word-limit","1489","8050","2026-04-25T11:18:18.617+00:00","yes","yes","medium","22","yes","","404 (no DB route yet)","moderate body; meta complete"
"5bd83c39-c2f3-4ce7-b05a-c68839aac870","long-tail-scholarship-topics-graduate-students-2026","Best Long-Tail Scholarship Topics for Graduate Students in 2026","/resources/long-tail-scholarship-topics-graduate-students-2026","1432","9169","2026-04-25T11:16:48.223+00:00","yes","yes","medium","22","yes","","404 (no DB route yet)","moderate body; meta complete"
"bc0fd2b9-2620-4f41-b4d6-2a51d8ef1d29","long-tail-scholarship-topics-parents-2026","Best Long-Tail Scholarship Topics for Parents in 2026","/resources/long-tail-scholarship-topics-parents-2026","1419","9068","2026-04-25T11:15:04.124+00:00","yes","yes","medium","22","yes","","404 (no DB route yet)","moderate body; meta complete"
"ebb6dfb5-c3ab-4dff-bf64-c8eeada5e4df","usa-scholarships-social-impact-students","Scholarships in the USA for School Students With Social Impact Projects","/resources/usa-scholarships-social-impact-students","1394","8497","2026-04-25T11:13:26.9+00:00","yes","yes","medium","22","yes","","404 (no DB route yet)","moderate body; meta complete"
"b5902031-a6c1-4a36-899f-e599a9493048","usa-scholarships-without-english-test-results","How to Get Scholarships in the USA Without English Test Results","/resources/usa-scholarships-without-english-test-results","1290","7784","2026-04-25T11:11:48.3+00:00","yes","yes","medium","22","yes","","404 (no DB route yet)","moderate body; meta complete"
"aa693861-b416-4472-9ed7-36eacab2f28b","best-engineering-scholarships-school-students-usa","Best Scholarships for School Students Interested in Engineering in the USA","/resources/best-engineering-scholarships-school-students-usa","1306","8303","2026-04-25T11:10:18.167+00:00","yes","yes","medium","22","yes","","404 (no DB route yet)","moderate body; meta complete"
"6fbd7950-d74c-4fc1-a5c6-2de3f249480b","usa-transfer-student-scholarships-community-college","Scholarships in the USA for Transfer Students From Community College","/resources/usa-transfer-student-scholarships-community-college","1432","8964","2026-04-25T11:07:09.386+00:00","yes","yes","medium","22","yes","","404 (no DB route yet)","moderate body; meta complete"
"4618c29c-1892-4621-ab55-6bb0f9add046","scholarship-waitlist-what-to-do","What to Do After Being Waitlisted for a Scholarship","/resources/scholarship-waitlist-what-to-do","1216","6752","2026-04-25T11:05:32.165+00:00","yes","yes","medium","22","yes","","404 (no DB route yet)","moderate body; meta complete"
"367d7905-8250-4127-9e9c-d7ec70a10ba4","verify-old-scholarship-listings-archived-pages","How to Use Archived Web Pages to Verify Old Scholarship Listings","/resources/verify-old-scholarship-listings-archived-pages","1493","8551","2026-04-25T11:02:30.111+00:00","yes","yes","medium","22","yes","","404 (no DB route yet)","moderate body; meta complete"
"27532378-763e-41e5-89e1-57a4deb61c36","graduate-students-write-scholarship-statements-usa","How Graduate Students Can Write Scholarship Statements for the USA","/resources/graduate-students-write-scholarship-statements-usa","1498","8836","2026-04-25T11:00:52.505+00:00","yes","yes","medium","22","yes","","404 (no DB route yet)","moderate body; meta complete"
"0a4cc6b2-a279-42ee-afe5-0d0b8c4199a0","get-usa-scholarships-international-students-step-by-step","How to Get Scholarships in the USA for International Students: Step-by-Step Guide","/resources/get-usa-scholarships-international-students-step-by-step","1378","8512","2026-04-25T10:11:24.544+00:00","yes","yes","medium","22","yes","","404 (no DB route yet)","moderate body; meta complete"
"4111f39a-2a6f-47df-bd4c-7e435a7b7a87","usa-scholarships-students-disabilities","Scholarships for School Students in the USA for Students with Disabilities","/resources/usa-scholarships-students-disabilities","1358","9037","2026-04-25T10:07:28.064+00:00","yes","yes","medium","22","yes","","404 (no DB route yet)","moderate body; meta complete"
"b4f6f8e3-7d3f-4eea-afcf-d460dac75ae1","scholarship-renewal-denial-next-steps","What to Do After Scholarship Renewal Denial: Next Steps and Funding Options","/resources/scholarship-renewal-denial-next-steps","1458","8481","2026-04-25T10:05:51.557+00:00","yes","yes","medium","22","yes","","404 (no DB route yet)","moderate body; meta complete"
"2aa2b710-e114-4cc6-ad03-3811b20874f3","compare-scholarship-trust-signals-foundations","How to Compare Scholarship Trust Signals Across Foundations","/resources/compare-scholarship-trust-signals-foundations","1555","9186","2026-04-25T10:04:13.421+00:00","yes","yes","medium","22","yes","","404 (no DB route yet)","moderate body; meta complete"
"9faf17bf-d50a-4419-982c-39a5efa15460","verify-legitimate-scholarship-usa","How to Verify if a Scholarship in the USA Is Legitimate","/resources/verify-legitimate-scholarship-usa","1438","8038","2026-04-25T10:02:39.596+00:00","yes","yes","medium","22","yes","","404 (no DB route yet)","moderate body; meta complete"
"33562252-406f-4fb9-af61-65ddb9332c33","best-finance-scholarships-usa","Best Scholarships in the USA for College Students Majoring in Finance","/resources/best-finance-scholarships-usa","1359","8608","2026-04-25T10:01:11.805+00:00","yes","yes","medium","22","yes","","404 (no DB route yet)","moderate body; meta complete"
"5e8cc16a-1ea0-4910-8f4c-dafbf3984424","easy-scholarships-school-students-usa","Scholarships for School Students in the USA With Easy Application Forms","/resources/easy-scholarships-school-students-usa","1302","7921","2026-04-25T09:57:05.431+00:00","yes","yes","medium","22","yes","","404 (no DB route yet)","moderate body; meta complete"
"a964dabe-a84f-4753-b859-7eaeacc1f21e","scholarship-scam-red-flags-parents-school-students","Scholarship Scam Red Flags for Parents of School Students","/resources/scholarship-scam-red-flags-parents-school-students","1483","8632","2026-04-25T09:55:38.001+00:00","yes","yes","medium","22","yes","","404 (no DB route yet)","moderate body; meta complete"
"d991dd7c-9508-4a8d-955c-54005ae0e3b9","usa-scholarships-high-school-juniors-early-applications","Scholarships in the USA for High School Juniors Planning Early Applications","/resources/usa-scholarships-high-school-juniors-early-applications","1279","7929","2026-04-25T09:53:59.578+00:00","yes","yes","medium","22","yes","","404 (no DB route yet)","moderate body; meta complete"
"f06b8ff0-73e1-41aa-9fa9-c0e1c28cc414","compare-scholarship-trust-signals-merit-awards","How to Compare Scholarship Trust Signals Across Merit Awards","/resources/compare-scholarship-trust-signals-merit-awards","1474","8715","2026-04-25T09:50:53.562+00:00","yes","yes","medium","22","yes","","404 (no DB route yet)","moderate body; meta complete"
"eb4ea46b-6180-49bf-a945-b7fc117e1343","scholarship-trust-signals-parents","Scholarship Trust Signals Parents Should Look For","/resources/scholarship-trust-signals-parents","1463","8626","2026-04-25T09:49:20.432+00:00","yes","yes","medium","22","yes","","404 (no DB route yet)","moderate body; meta complete"
"dd2e0c44-7b48-4088-8f20-59af5ace2d6f","recommendation-letters-usa-scholarships-students","How School Students Can Get Recommendation Letters for USA Scholarships","/resources/recommendation-letters-usa-scholarships-students","1602","8876","2026-04-25T09:43:13.947+00:00","yes","yes","medium","22","yes","","404 (no DB route yet)","moderate body; meta complete"
"0918172e-e1f3-4229-bcc2-48151d3fbc62","full-ride-vs-higher-ranked-university","How to Choose Between a Full Ride and a Higher Ranked University","/resources/full-ride-vs-higher-ranked-university","1511","8912","2026-04-25T09:41:37.532+00:00","yes","yes","medium","22","yes","","404 (no DB route yet)","moderate body; meta complete"
"d963f5fa-12f4-4cb6-b464-850530591606","trusted-usa-graduate-scholarships-verified-alumni-outcomes","Trusted Scholarships in the USA for Graduate Students With Verified Alumni Outcomes","/resources/trusted-usa-graduate-scholarships-verified-alumni-outcomes","1390","8817","2026-04-25T09:38:23.144+00:00","yes","yes","medium","22","yes","","404 (no DB route yet)","moderate body; meta complete"
"7a5165e3-88bb-4cde-9dc5-4afa3acb844e","edit-scholarship-essay-grammar-clarity","How to Edit a Scholarship Essay for Grammar and Clarity","/resources/edit-scholarship-essay-grammar-clarity","1349","7550","2026-04-25T09:36:50.223+00:00","yes","yes","medium","22","yes","","404 (no DB route yet)","moderate body; meta complete"
"299af2fa-de9f-46a9-9e01-c60c6ecfb3c7","best-aviation-scholarships-school-students-usa","Best Scholarships for School Students Interested in Aviation in the USA","/resources/best-aviation-scholarships-school-students-usa","1543","9268","2026-04-25T09:33:47.699+00:00","yes","yes","medium","22","yes","","404 (no DB route yet)","moderate body; meta complete"
"35ae9d5b-4a2d-4c33-bb6e-c452512974f2","prepare-scholarship-documents-one-folder","How to Prepare Scholarship Documents in One Folder","/resources/prepare-scholarship-documents-one-folder","1376","8441","2026-04-25T09:32:11.266+00:00","yes","yes","medium","22","yes","","404 (no DB route yet)","moderate body; meta complete"
"e349cbd2-8989-4bf5-92a2-66a70faeb855","columbia-university-scholarships-international-students","Scholarships at Columbia University for International Students: What Funding Is Available?","/resources/columbia-university-scholarships-international-students","1318","8582","2026-04-25T09:30:45.892+00:00","yes","yes","medium","22","yes","","404 (no DB route yet)","moderate body; meta complete"
"d1fa2e2c-43d0-4e3d-b0cc-53ca36d5ba1c","usa-scholarships-low-income-international-students","Scholarships in the USA for Low Income International Students: Real Funding Options","/resources/usa-scholarships-low-income-international-students","1310","8183","2026-04-25T09:29:18.599+00:00","yes","yes","medium","22","yes","","404 (no DB route yet)","moderate body; meta complete"
"84d7b885-ba2e-47fe-81e0-8ce61051d34d","usa-scholarships-former-military-service-members","Scholarships in the USA for Former Military Service Members: Best Options and How to Apply","/resources/usa-scholarships-former-military-service-members","1313","8148","2026-04-25T09:27:53.264+00:00","yes","yes","medium","22","yes","","404 (no DB route yet)","moderate body; meta complete"
"a1776d5a-0117-4156-a1ed-2f3b81adbad1","scholarship-trust-international-students","Why Scholarship Trust Matters More for International Students","/resources/scholarship-trust-international-students","1542","9160","2026-04-25T09:24:46.988+00:00","yes","yes","medium","22","yes","","404 (no DB route yet)","moderate body; meta complete"
"cee8646a-6706-4a6d-ae3e-765d51b125ee","best-music-scholarships-school-students-usa","Best Scholarships for School Students Interested in Music in the USA","/resources/best-music-scholarships-school-students-usa","1376","8650","2026-04-25T09:21:45.993+00:00","yes","yes","medium","22","yes","","404 (no DB route yet)","moderate body; meta complete"
"cb149423-30a2-4599-b655-84b071a99ab0","best-film-scholarships-school-students-usa","Best Scholarships for School Students Interested in Film in the USA","/resources/best-film-scholarships-school-students-usa","1416","8761","2026-04-25T09:20:07.019+00:00","yes","yes","medium","22","yes","","404 (no DB route yet)","moderate body; meta complete"
"726d95c7-720f-4c4b-a6b3-b5cd7c1d2560","write-scholarship-essay-structure-flow","How to Write a Scholarship Essay With Clear Structure and Flow","/resources/write-scholarship-essay-structure-flow","1437","7947","2026-04-25T09:18:34.095+00:00","yes","yes","medium","22","yes","","404 (no DB route yet)","moderate body; meta complete"
"0f0a9a8c-c352-4861-bf87-fc118e890988","occupational-therapy-scholarships-usa","Scholarships in the USA for Students Interested in Occupational Therapy","/resources/occupational-therapy-scholarships-usa","1420","8941","2026-04-25T09:17:10.576+00:00","yes","yes","medium","22","yes","","404 (no DB route yet)","moderate body; meta complete"
"0ec3dfe0-a81a-4653-a5b9-27dc4645862f","kazakhstan-students-scholarships-usa","How School Students from Kazakhstan Can Get Scholarships in the USA","/resources/kazakhstan-students-scholarships-usa","1328","7776","2026-04-25T09:15:37.147+00:00","yes","yes","medium","22","yes","","404 (no DB route yet)","moderate body; meta complete"
"508af68f-23f4-487e-ba4b-c48a188e4a4a","usa-scholarships-remote-region-students","Scholarships in the USA for Students from Remote Regions: Real Funding Options and How to Find Them","/resources/usa-scholarships-remote-region-students","1352","8669","2026-04-25T09:11:11.475+00:00","yes","yes","medium","22","yes","","404 (no DB route yet)","moderate body; meta complete"
"a6b3db90-6208-4b70-943e-95f57a6de1a2","resident-scholarships-after-moving-states","How College Students Can Qualify for Resident Scholarships After Moving States","/resources/resident-scholarships-after-moving-states","1492","8562","2026-04-25T09:08:14.138+00:00","yes","yes","medium","22","yes","","404 (no DB route yet)","moderate body; meta complete"
"29291af9-87c0-4147-9282-ac16b0aa4545","counselors-help-low-income-students-find-scholarships","How Counselors Can Help Low-Income Students Find Scholarships","/resources/counselors-help-low-income-students-find-scholarships","1312","8358","2026-04-25T09:05:12.767+00:00","yes","yes","medium","22","yes","","404 (no DB route yet)","moderate body; meta complete"
"1bbe7093-5356-4a93-bc6d-87685dfce543","usa-college-senior-scholarships-debt-free","Scholarships in the USA for College Seniors Finishing Degree Debt Free","/resources/usa-college-senior-scholarships-debt-free","1543","9272","2026-04-25T09:03:39.386+00:00","yes","yes","medium","22","yes","","404 (no DB route yet)","moderate body; meta complete"
"93669d14-3300-4330-bc04-4048b87cc515","use-scholarship-wins-future-applications","How to Use Scholarship Wins to Strengthen Future Applications","/resources/use-scholarship-wins-future-applications","1611","9190","2026-04-25T09:02:00.278+00:00","yes","yes","medium","22","yes","","404 (no DB route yet)","moderate body; meta complete"
"1dd115d4-dadc-47e0-a3b6-2ab9a3f5c5f4","qualify-departmental-scholarships-usa","How College Students Can Qualify for Departmental Scholarships in the USA","/resources/qualify-departmental-scholarships-usa","1455","8637","2026-04-25T08:58:55.061+00:00","yes","yes","medium","22","yes","","404 (no DB route yet)","moderate body; meta complete"
"59c58cd9-2807-4201-bc47-405270bab71f","find-usa-scholarships-july-deadlines","How to Find Scholarships in the USA by Deadline Month: July","/resources/find-usa-scholarships-july-deadlines","1411","8427","2026-04-25T08:55:58.663+00:00","yes","yes","medium","22","yes","","404 (no DB route yet)","moderate body; meta complete"
"243c90e2-5000-4a23-b6fd-7c181079d885","cosmetology-scholarships-usa","Scholarships in the USA for Students Interested in Cosmetology","/resources/cosmetology-scholarships-usa","1272","7807","2026-04-25T08:48:29.324+00:00","yes","yes","medium","22","yes","","404 (no DB route yet)","moderate body; meta complete"
"287d5338-5dfd-4fd6-b5c8-46e23322c9ec","parents-create-scholarship-plan-child","How Parents Can Create a Scholarship Plan for Their Child","/resources/parents-create-scholarship-plan-child","1354","8126","2026-04-25T08:45:22.343+00:00","yes","yes","medium","22","yes","","404 (no DB route yet)","moderate body; meta complete"
"b3a8ddc2-b226-4731-b894-dafb5d2d16b6","usa-scholarships-college-students-startup-projects","Scholarships in the USA for College Students With Startup Projects","/resources/usa-scholarships-college-students-startup-projects","1453","8999","2026-04-25T08:42:21.77+00:00","yes","yes","medium","22","yes","","404 (no DB route yet)","moderate body; meta complete"
"8644c364-0a69-49da-9559-c155c97f98da","use-social-proof-carefully-scholarships","How to Use Social Proof Carefully When Researching Scholarships","/resources/use-social-proof-carefully-scholarships","1603","9351","2026-04-25T08:37:19.477+00:00","yes","yes","medium","22","yes","","404 (no DB route yet)","moderate body; meta complete"
"a637bcc7-189d-4373-a693-1c4c3a3a9532","long-tail-art-scholarship-topics-2026","Best Long-Tail Scholarship Topics for Art Students in 2026","/resources/long-tail-art-scholarship-topics-2026","1420","9114","2026-04-25T08:35:45.139+00:00","yes","yes","medium","22","yes","","404 (no DB route yet)","moderate body; meta complete"
"50a7e5aa-52d4-433f-9ef6-7ca27ffe18d2","industrial-design-scholarships-usa","Scholarships in the USA for Students Interested in Industrial Design","/resources/industrial-design-scholarships-usa","1409","8762","2026-04-25T08:34:15.71+00:00","yes","yes","medium","22","yes","","404 (no DB route yet)","moderate body; meta complete"
"e6068502-899d-4442-9ee1-c64163669feb","prepare-for-usa-scholarships-from-grade-11","How to Prepare for Scholarships in the USA From Grade 11","/resources/prepare-for-usa-scholarships-from-grade-11","1386","8225","2026-04-25T08:27:59.316+00:00","yes","yes","medium","22","yes","","404 (no DB route yet)","moderate body; meta complete"
"11f3993a-6ed6-41ae-8a7f-8c2d0a04b7d5","debate-awards-scholarships-usa","How School Students Can Use Debate Awards to Win Scholarships in the USA","/resources/debate-awards-scholarships-usa","1419","8844","2026-04-25T08:26:28.893+00:00","yes","yes","medium","22","yes","","404 (no DB route yet)","moderate body; meta complete"
"0828c7e6-12e0-4ef8-98c4-e06a10e03dec","scholarships-after-low-gpa-recovery-usa","How College Students Can Get Scholarships in the USA After Low GPA Recovery","/resources/scholarships-after-low-gpa-recovery-usa","1412","8149","2026-04-25T08:24:59.203+00:00","yes","yes","medium","22","yes","","404 (no DB route yet)","moderate body; meta complete"
"66b743df-f0a1-471a-8be8-646b1747ba7f","scholarship-acceptance-rates-usa","What Scholarship Acceptance Rates Mean in the USA","/resources/scholarship-acceptance-rates-usa","1372","7899","2026-04-25T08:20:23.922+00:00","yes","yes","medium","22","yes","","404 (no DB route yet)","moderate body; meta complete"
"35f25510-952b-45ab-8cca-37eb7d9e113d","use-school-counselors-verify-scholarship-deadlines","How to Use School Counselors to Verify Scholarship Deadlines","/resources/use-school-counselors-verify-scholarship-deadlines","1445","8302","2026-04-25T08:17:35.128+00:00","yes","yes","medium","22","yes","","404 (no DB route yet)","moderate body; meta complete"
"99ddd635-04dd-465c-b61e-40c6ce520106","best-usa-scholarships-latin-america","Best Scholarships in the USA for Students from Latin America","/resources/best-usa-scholarships-latin-america","1475","9239","2026-04-25T08:16:10.09+00:00","yes","yes","medium","22","yes","","404 (no DB route yet)","moderate body; meta complete"
"3fe37273-c0d2-47c6-ad17-dafcb13f0093","usa-scholarships-trilingual-students","Scholarships in the USA for Trilingual Students: Real Options and How to Find Them","/resources/usa-scholarships-trilingual-students","1378","9003","2026-04-25T08:14:36.997+00:00","yes","yes","medium","22","yes","","404 (no DB route yet)","moderate body; meta complete"
"7d0f11c2-5bd4-4978-a392-ca5928929ffe","best-usa-scholarships-for-nigerian-students","Best Scholarships in the USA for Students from Nigeria","/resources/best-usa-scholarships-for-nigerian-students","1465","9166","2026-04-25T08:10:09.647+00:00","yes","yes","medium","22","yes","","404 (no DB route yet)","moderate body; meta complete"
"6550224d-94e8-460e-b550-feb0d3c21813","usa-scholarships-cover-tuition-housing","Scholarships in the USA That Cover Tuition and Housing: Real Full-Ride Options","/resources/usa-scholarships-cover-tuition-housing","1366","8060","2026-04-25T08:07:09.905+00:00","yes","yes","medium","22","yes","","404 (no DB route yet)","moderate body; meta complete"
"46e5c7ca-25a7-4de0-8b85-5b79076764b4","reapply-scholarships-usa-after-rejection","How to Reapply for Scholarships in the USA After Rejection","/resources/reapply-scholarships-usa-after-rejection","1376","8279","2026-04-25T08:05:43.49+00:00","yes","yes","medium","22","yes","","404 (no DB route yet)","moderate body; meta complete"
"23df8d7e-16f2-4647-a2d0-35297e060374","scholarship-motivation-letter-examples-graduate-students","Best Scholarship Motivation Letter Examples for Graduate Students","/resources/scholarship-motivation-letter-examples-graduate-students","1560","9555","2026-04-25T08:04:17.376+00:00","yes","yes","medium","22","yes","","404 (no DB route yet)","moderate body; meta complete"
"5c854a96-1842-4944-8ecf-56bb438b94d3","education-grants-usa-undergraduate-students","Education Grants in the USA for Undergraduate Students: Federal, State, and College Aid","/resources/education-grants-usa-undergraduate-students","1360","8134","2026-04-25T08:02:47.412+00:00","yes","yes","medium","22","yes","","404 (no DB route yet)","moderate body; meta complete"
"82edefa3-88cb-4436-b4ed-938311af43ba","indonesian-students-scholarships-usa","How School Students from Indonesia Can Get Scholarships in the USA","/resources/indonesian-students-scholarships-usa","1289","7934","2026-04-25T07:59:45.848+00:00","yes","yes","medium","22","yes","","404 (no DB route yet)","moderate body; meta complete"
"18be4207-8434-4c01-83d9-d0b128a52eb9","scholarship-essay-volunteering-usa","How to Write a Scholarship Essay About Volunteering for USA Applications","/resources/scholarship-essay-volunteering-usa","1471","8411","2026-04-25T07:58:16.535+00:00","yes","yes","medium","22","yes","","404 (no DB route yet)","moderate body; meta complete"
"74ad6117-336b-4c3a-935f-611542be91cc","best-architecture-scholarships-usa","Best Scholarships in the USA for College Students Majoring in Architecture","/resources/best-architecture-scholarships-usa","1255","8197","2026-04-25T07:55:15.609+00:00","yes","yes","medium","22","yes","","404 (no DB route yet)","moderate body; meta complete"
"4216e52d-d14a-45a4-8dcf-9d05759b6f4d","usa-scholarships-international-students-leadership","Scholarships in the USA for International Students With Leadership Experience","/resources/usa-scholarships-international-students-leadership","1493","9790","2026-04-25T07:53:48.568+00:00","yes","yes","medium","22","yes","","404 (no DB route yet)","moderate body; meta complete"
"60c098d4-8f33-48ee-b9a4-ac3b5386bf68","best-journalism-scholarships-usa","Best Scholarships in the USA for College Students Majoring in Journalism","/resources/best-journalism-scholarships-usa","1500","9626","2026-04-25T07:52:19.885+00:00","yes","yes","medium","22","yes","","404 (no DB route yet)","moderate body; meta complete"
"07159642-df0f-4e2a-8e09-44ba597a5d2c","usa-college-textbook-support-grants","Grants in the USA for College Students Needing Textbook Support","/resources/usa-college-textbook-support-grants","1472","8391","2026-04-25T07:50:45.855+00:00","yes","yes","medium","22","yes","","404 (no DB route yet)","moderate body; meta complete"
"d3d85ad4-5a50-4ae1-a420-efeedcc37494","write-scholarship-essay-strong-opening-paragraph","How to Write a Scholarship Essay With a Strong Opening Paragraph","/resources/write-scholarship-essay-strong-opening-paragraph","1430","7747","2026-04-25T07:47:40.343+00:00","yes","yes","medium","22","yes","","404 (no DB route yet)","moderate body; meta complete"
"48b36a73-5186-4dfe-88f3-aff03aebd932","scholarship-committee-rules-transparency","How Scholarship Programs Publish Committee Rules Transparently","/resources/scholarship-committee-rules-transparency","1497","9653","2026-04-25T07:46:12.738+00:00","yes","yes","medium","22","yes","","404 (no DB route yet)","moderate body; meta complete"
"a7f34677-8e0c-4655-95a4-b28fc29d1cb4","usa-scholarships-school-students-preparatory-year","Scholarships in the USA for School Students With Preparatory Year Options","/resources/usa-scholarships-school-students-preparatory-year","1429","8545","2026-04-25T07:44:37.586+00:00","yes","yes","medium","22","yes","","404 (no DB route yet)","moderate body; meta complete"
"b73ee22c-26bf-4dbe-b5d1-538ceaa8dd8b","counselors-help-students-find-scholarships-usa","How Counselors Can Help School Students Find Scholarships in the USA","/resources/counselors-help-students-find-scholarships-usa","1339","8404","2026-04-25T07:43:01.496+00:00","yes","yes","medium","22","yes","","404 (no DB route yet)","moderate body; meta complete"
"7481a77d-abcd-4d91-91cf-d680bff101e4","what-to-do-after-losing-a-scholarship-usa","What to Do After Losing a Scholarship in the USA: Your Next Steps","/resources/what-to-do-after-losing-a-scholarship-usa","1350","7782","2026-04-25T07:37:00.784+00:00","yes","yes","medium","22","yes","","404 (no DB route yet)","moderate body; meta complete"
"2e78bc80-e046-4869-b467-1f1f5a4d1ed0","win-national-scholarships-while-studying-in-usa","How College Students Can Win National Scholarships While Studying in the USA","/resources/win-national-scholarships-while-studying-in-usa","1386","8431","2026-04-25T07:35:35.871+00:00","yes","yes","medium","22","yes","","404 (no DB route yet)","moderate body; meta complete"
"29afab32-b090-4fcf-af19-fa748f3d4c36","write-better-scholarship-essays-usa","How College Students Can Write Better Scholarship Essays for the USA","/resources/write-better-scholarship-essays-usa","1353","7456","2026-04-25T07:34:11.393+00:00","yes","yes","medium","22","yes","","404 (no DB route yet)","moderate body; meta complete"
"66fd2927-6ea4-4c30-bb49-11a9e8d3cf2e","find-scholarships-usa-by-state","How to Find Scholarships in the USA by State: A Practical Guide","/resources/find-scholarships-usa-by-state","1414","8318","2026-04-25T07:32:49.923+00:00","yes","yes","medium","22","yes","","404 (no DB route yet)","moderate body; meta complete"
"a4cadf6a-2f08-489b-9bde-ecb29740e35e","scholarship-scam-red-flags-paid-application-support","Scholarship Scam Red Flags in Paid Application Support: How to Stay Safe","/resources/scholarship-scam-red-flags-paid-application-support","1411","8477","2026-04-25T07:31:25.425+00:00","yes","yes","medium","22","yes","","404 (no DB route yet)","moderate body; meta complete"
"753d11fb-361a-4b52-b281-1588eeebc8a2","usa-scholarships-e-commerce-students","Scholarships in the USA for Students Interested in E Commerce","/resources/usa-scholarships-e-commerce-students","1469","9236","2026-04-25T07:29:53.123+00:00","yes","yes","medium","22","yes","","404 (no DB route yet)","moderate body; meta complete"
"a81e83d6-7baf-4e8c-98ad-bda1798d2188","trusted-need-based-scholarships-usa","Trusted Scholarships in the USA for College Students With Need-Based Support","/resources/trusted-need-based-scholarships-usa","1453","9028","2026-04-25T07:28:12.249+00:00","yes","yes","medium","22","yes","","404 (no DB route yet)","moderate body; meta complete"
"9f1e9a63-0b88-4768-9157-3a077c48a0ca","scholarship-deadline-mistakes-busy-students-make","Scholarship Deadline Mistakes Busy Students Make and How to Avoid Them","/resources/scholarship-deadline-mistakes-busy-students-make","1233","7291","2026-04-25T07:26:19.972+00:00","yes","yes","medium","22","yes","","404 (no DB route yet)","moderate body; meta complete"
"ff607e81-402b-416b-9d65-37a3a309fdc0","questions-before-signing-scholarship-agreement","Best Questions to Ask Before Signing Scholarship Agreements","/resources/questions-before-signing-scholarship-agreement","1444","7973","2026-04-25T07:24:46.884+00:00","yes","yes","medium","22","yes","","404 (no DB route yet)","moderate body; meta complete"
"a7490fde-00cc-470f-9047-8db16b4e1833","usa-scholarships-international-students-community-service","Scholarships in the USA for International Students With Community Service","/resources/usa-scholarships-international-students-community-service","1278","8410","2026-04-25T07:23:08.086+00:00","yes","yes","medium","22","yes","","404 (no DB route yet)","moderate body; meta complete"
"4bed7048-207e-4e90-9c08-dc84b3b5d89d","counselors-recommend-scholarships-without-overwhelming-students","How Counselors Can Recommend Scholarships Without Overwhelming Students","/resources/counselors-recommend-scholarships-without-overwhelming-students","1449","8981","2026-04-25T07:21:31.645+00:00","yes","yes","medium","22","yes","","404 (no DB route yet)","moderate body; meta complete"
"4dbff612-70ff-42d6-afa3-ba488f22d00e","strong-scholarship-recommendation-letters-usa","How to Get Strong Recommendation Letters for Scholarships in the USA","/resources/strong-scholarship-recommendation-letters-usa","1544","8910","2026-04-25T07:19:47.469+00:00","yes","yes","medium","22","yes","","404 (no DB route yet)","moderate body; meta complete"
"89a05889-852c-46da-b829-734a7e4aff77","scholarship-trust-recurring-annual-awards","Why Scholarship Trust Matters More for Recurring Annual Awards","/resources/scholarship-trust-recurring-annual-awards","1521","9289","2026-04-25T07:15:38.998+00:00","yes","yes","medium","22","yes","","404 (no DB route yet)","moderate body; meta complete"
"e8cf5418-a912-4a55-a368-4262d9992853","usa-scholarships-nonprofit-founders","Scholarships in the USA for Nonprofit Founders: Real Funding Paths to Explore","/resources/usa-scholarships-nonprofit-founders","1486","9342","2026-04-25T07:13:55.259+00:00","yes","yes","medium","22","yes","","404 (no DB route yet)","moderate body; meta complete"
"e01f8e02-749a-4989-99fa-89ace850e773","counselors-help-athletes-find-scholarships","How Counselors Can Help Athletes Find Scholarships: A Practical Guide","/resources/counselors-help-athletes-find-scholarships","1265","7764","2026-04-25T07:12:14.729+00:00","yes","yes","medium","22","yes","","404 (no DB route yet)","moderate body; meta complete"
"e43002fd-41f3-4de8-9e51-6c1f8c2de0ba","apply-scholarships-usa-without-ielts","How to Apply for Scholarships in the USA Without IELTS","/resources/apply-scholarships-usa-without-ielts","1384","8303","2026-04-25T07:10:45.747+00:00","yes","yes","medium","22","yes","","404 (no DB route yet)","moderate body; meta complete"
"973e7ed2-e18f-451c-bd42-b87a7a4a61a8","scholarship-essay-entrepreneurship-usa","How to Write a Scholarship Essay About Entrepreneurship for USA Applications","/resources/scholarship-essay-entrepreneurship-usa","1357","7845","2026-04-25T07:09:14.592+00:00","yes","yes","medium","22","yes","","404 (no DB route yet)","moderate body; meta complete"
"3b2fe8b2-1041-4791-b330-8f8ff44c4d44","scholarship-scam-mistakes-parents-make","Scholarship Scam Mistakes Parents Make Under Pressure","/resources/scholarship-scam-mistakes-parents-make","1312","7625","2026-04-25T07:07:39.611+00:00","yes","yes","medium","22","yes","","404 (no DB route yet)","moderate body; meta complete"
"918186cc-16e9-434a-85f7-89dad34c55a9","transparent-scholarship-scoring-rubrics","How Scholarship Programs Publish Scoring Rubrics Transparently","/resources/transparent-scholarship-scoring-rubrics","1490","9111","2026-04-25T07:06:05.413+00:00","yes","yes","medium","22","yes","","404 (no DB route yet)","moderate body; meta complete"
"4bd6b132-31ed-47ef-ae13-d9728bfa2c1e","spot-fake-scholarship-telegram-channels","How to Spot Fake Scholarship Telegram Channels","/resources/spot-fake-scholarship-telegram-channels","1310","7675","2026-04-25T07:02:57.188+00:00","yes","yes","medium","22","yes","","404 (no DB route yet)","moderate body; meta complete"
"94afd242-0a49-4eba-b3ae-1f9630a0437e","usa-graduate-scholarships-for-teachers","Scholarships in the USA for Graduate Students Who Are Teachers: Real Funding Options","/resources/usa-graduate-scholarships-for-teachers","1356","8619","2026-04-25T06:59:58.048+00:00","yes","yes","medium","22","yes","","404 (no DB route yet)","moderate body; meta complete"
"e8cab943-3cb2-4d64-8bbb-2fa66370389c","scholarship-trust-urgent-deadlines","Why Scholarship Trust Matters More When Deadlines Are Urgent","/resources/scholarship-trust-urgent-deadlines","1443","8513","2026-04-25T06:58:41.541+00:00","yes","yes","medium","22","yes","","404 (no DB route yet)","moderate body; meta complete"
"2798f96d-2d1c-4f82-a007-d52832002447","graduate-student-funding-strategy-usa","How Graduate Students Can Build a Funding Strategy for the USA","/resources/graduate-student-funding-strategy-usa","1380","8296","2026-04-25T06:57:09.455+00:00","yes","yes","medium","22","yes","","404 (no DB route yet)","moderate body; meta complete"
"902334f8-260b-4015-b41c-7d28e044bcc0","trusted-usa-phd-scholarships-published-selection-criteria","Trusted Scholarships in the USA for PhD Students With Published Selection Criteria","/resources/trusted-usa-phd-scholarships-published-selection-criteria","1576","9911","2026-04-25T06:55:37.471+00:00","yes","yes","medium","22","yes","","404 (no DB route yet)","moderate body; meta complete"
"c14b090b-7a33-4ed3-83dc-be7c7e88d655","internships-improve-scholarship-chances","How College Students Can Use Internships to Improve Scholarship Chances","/resources/internships-improve-scholarship-chances","1547","9615","2026-04-25T06:53:53.932+00:00","yes","yes","medium","22","yes","","404 (no DB route yet)","moderate body; meta complete"
"e6a36a23-cdf3-48ed-bfc3-5181c855049d","usa-grants-graduate-students-field-research","Grants in the USA for Graduate Students Doing Field Research","/resources/usa-grants-graduate-students-field-research","1411","8829","2026-04-25T06:52:26.545+00:00","yes","yes","medium","22","yes","","404 (no DB route yet)","moderate body; meta complete"
"7b7b271f-4eb5-42a6-b624-6485420b8ee4","usa-scholarships-school-students-startup-ideas","Scholarships in the USA for School Students With Startup Ideas","/resources/usa-scholarships-school-students-startup-ideas","1398","8717","2026-04-25T06:49:59.373+00:00","yes","yes","medium","22","yes","","404 (no DB route yet)","moderate body; meta complete"
"b9944ee1-bf62-4e1d-9d36-ab6a414f1a5d","usa-scholarships-working-full-time-students","Scholarships in the USA for Students Who Work Full Time: Real Options for Working Adults","/resources/usa-scholarships-working-full-time-students","1303","8080","2026-04-25T06:48:23.733+00:00","yes","yes","medium","22","yes","","404 (no DB route yet)","moderate body; meta complete"
"a05b1ab9-a874-4a10-be0b-9439d297e5a5","submit-scholarship-documents-safely-public-wifi","How to Submit Scholarship Documents Safely From Public WiFi","/resources/submit-scholarship-documents-safely-public-wifi","1388","7900","2026-04-25T06:46:49.89+00:00","yes","yes","medium","22","yes","","404 (no DB route yet)","moderate body; meta complete"
"62f5d7ca-74ec-4e69-a90d-4c12e937cc70","read-scholarship-work-obligations","How to Read Scholarship Work Obligations Before Accepting","/resources/read-scholarship-work-obligations","1448","8222","2026-04-25T06:45:14.697+00:00","yes","yes","medium","22","yes","","404 (no DB route yet)","moderate body; meta complete"
"afd94e2c-ede0-4d91-98f7-fff400e12b75","usa-scholarships-first-generation-school-students","Scholarships in the USA for School Students Who Are First in Family to Study Abroad","/resources/usa-scholarships-first-generation-school-students","1358","8373","2026-04-25T06:43:37.907+00:00","yes","yes","medium","22","yes","","404 (no DB route yet)","moderate body; meta complete"
"64039f3e-3ecd-45ff-a1bf-cf56a82f39e9","europe-students-scholarships-usa","How School Students from Europe Can Get Scholarships in the USA","/resources/europe-students-scholarships-usa","1471","8901","2026-04-25T06:41:51.342+00:00","yes","yes","medium","22","yes","","404 (no DB route yet)","moderate body; meta complete"
"7d1f4488-728b-47bf-8304-6565a6c24b25","write-scholarship-essay-us-universities","How to Write a Scholarship Essay for US Universities: Step-by-Step Guide","/resources/write-scholarship-essay-us-universities","1460","8248","2026-04-25T06:40:08.271+00:00","yes","yes","medium","22","yes","","404 (no DB route yet)","moderate body; meta complete"
"0a96d109-97a9-40e2-9685-ade91307d270","gpa-requirements-scholarships-usa","GPA Requirements for Scholarships in the USA: What Students Need to Know","/resources/gpa-requirements-scholarships-usa","1435","8353","2026-04-25T06:38:22.242+00:00","yes","yes","medium","22","yes","","404 (no DB route yet)","moderate body; meta complete"
"dd0b97ed-eb0b-4f9d-b8d8-5ceb08683ac7","usa-scholarships-adult-learners-returning-school","Scholarships in the USA for Adult Learners Returning to School","/resources/usa-scholarships-adult-learners-returning-school","1446","9003","2026-04-25T06:35:29.215+00:00","yes","yes","medium","22","yes","","404 (no DB route yet)","moderate body; meta complete"
"8fe63bc0-cba0-4458-9ba0-e44091b1969e","scholarship-scam-red-flags","Scholarship Scam Red Flags Every Student Should Know","/resources/scholarship-scam-red-flags","1025","6063","2026-04-24T16:50:45.336+00:00","yes","yes","low","22","yes","","404 (no DB route yet)","moderate body; meta complete"
"500dc450-b099-4506-9b6d-edc7060e9ef5","usa-graduate-student-publication-grants","Grants in the USA for Graduate Students Publishing Papers: Funding Options and How to Apply","/resources/usa-graduate-student-publication-grants","1011","6430","2026-04-24T16:49:20.164+00:00","yes","yes","low","22","yes","","404 (no DB route yet)","moderate body; meta complete"
"1bb4546c-183b-4635-8b7c-9464e8046667","minority-scholarships-school-students-usa","Scholarships for School Students in the USA for Minority Applicants","/resources/minority-scholarships-school-students-usa","1020","6583","2026-04-24T16:47:53.605+00:00","yes","yes","low","22","yes","","404 (no DB route yet)","moderate body; meta complete"
"ae54276b-f1fd-4beb-aead-8e4f3f5a52f8","best-physics-scholarships-school-students-usa","Best Scholarships for School Students Interested in Physics in the USA","/resources/best-physics-scholarships-school-students-usa","1069","6924","2026-04-24T16:44:56.286+00:00","yes","yes","low","22","yes","","404 (no DB route yet)","moderate body; meta complete"
"89e6f741-a428-4849-8221-3a9ca4ce8640","nonprofit-work-scholarships-usa","How School Students Can Use Nonprofit Work to Win Scholarships in the USA","/resources/nonprofit-work-scholarships-usa","1090","6537","2026-04-24T16:43:30.112+00:00","yes","yes","low","22","yes","","404 (no DB route yet)","moderate body; meta complete"
"972da97e-653f-446b-a707-0473132c4b3d","get-recommendation-letters-fast-scholarship-deadlines","How to Get Letters of Recommendation Fast for Scholarship Deadlines","/resources/get-recommendation-letters-fast-scholarship-deadlines","1078","6181","2026-04-24T16:36:12.44+00:00","yes","yes","low","22","yes","","404 (no DB route yet)","moderate body; meta complete"
"6e697d4c-5e63-4517-af4b-9cdd9c866b1e","renewable-scholarships-international-students-usa","Renewable Scholarships for International Students in the USA: Where to Find Multi-Year Funding","/resources/renewable-scholarships-international-students-usa","1069","6615","2026-04-24T16:34:41.509+00:00","yes","yes","low","22","yes","","404 (no DB route yet)","moderate body; meta complete"
"1f608658-2b8a-48c9-8b5a-966fa43c8723","adobe-research-fellowship-international-students","Adobe Research Fellowship for International Students: Eligibility, Application, and Key Details","/resources/adobe-research-fellowship-international-students","1058","6724","2026-04-24T16:31:33.979+00:00","yes","yes","low","22","yes","","404 (no DB route yet)","moderate body; meta complete"
"124f8667-879f-46f1-840f-10407018437f","no-essay-scholarships-international-students-usa","No Essay Scholarships for International Students in the USA: What to Know","/resources/no-essay-scholarships-international-students-usa","1066","6824","2026-04-24T16:30:08.467+00:00","yes","yes","low","22","yes","","404 (no DB route yet)","moderate body; meta complete"
"68d85447-fca2-4a99-92a4-91bc692a4976","one-time-scholarships-international-students-usa","One-Time Scholarships for International Students in the USA: Where to Look and How to Apply","/resources/one-time-scholarships-international-students-usa","1039","6637","2026-04-24T16:28:35.666+00:00","yes","yes","low","22","yes","","404 (no DB route yet)","moderate body; meta complete"
"20081780-556c-43e1-bb96-a5fa1d26101c","southeast-asia-scholarships-usa","Scholarships for Students from Southeast Asia in the USA: Real Funding Options","/resources/southeast-asia-scholarships-usa","1068","6897","2026-04-24T16:27:11.558+00:00","yes","yes","low","22","yes","","404 (no DB route yet)","moderate body; meta complete"
"084e22aa-c7b7-48e4-9201-05fe814509e6","scholarship-resume-international-student","How to Build a Scholarship Resume as an International Student","/resources/scholarship-resume-international-student","1057","6394","2026-04-24T16:25:41.966+00:00","yes","yes","low","22","yes","","404 (no DB route yet)","moderate body; meta complete"
"633cfd8c-ae41-4e1f-ad8f-eaf0581bb685","rotary-peace-fellowship-international-students","Rotary Peace Fellowship for International Students: Eligibility, Benefits, and How to Apply","/resources/rotary-peace-fellowship-international-students","1113","7095","2026-04-24T16:21:01.287+00:00","yes","yes","low","22","yes","","404 (no DB route yet)","moderate body; meta complete"
"9ed6f9ca-415d-47cd-940e-38e55781aad3","university-emergency-grants-international-students","How to Apply for University Emergency Grants as an International Student","/resources/university-emergency-grants-international-students","1083","6470","2026-04-24T16:14:58.834+00:00","yes","yes","low","22","yes","","404 (no DB route yet)","moderate body; meta complete"
"9cbca0a2-52ac-4c61-bc71-5e7b6d8b5608","nih-research-grants-international-students","NIH Research Grants Open to International Students: Eligibility, Limits, and Funding Paths","/resources/nih-research-grants-international-students","1072","6634","2026-04-24T16:11:51.814+00:00","yes","yes","low","22","yes","","404 (no DB route yet)","moderate body; meta complete"
"a68791ae-90a2-4a65-86d1-84c6a399c861","athletic-scholarships-international-students-usa","Athletic Scholarships for International Students in the USA: What to Know","/resources/athletic-scholarships-international-students-usa","1025","6330","2026-04-24T16:10:19.576+00:00","yes","yes","low","22","yes","","404 (no DB route yet)","moderate body; meta complete"
"66458cb5-e01b-413e-8ac9-81c37d120181","public-health-scholarships-international-students","Scholarships for International Students in Public Health Programs","/resources/public-health-scholarships-international-students","1023","6661","2026-04-24T16:08:53.632+00:00","yes","yes","low","22","yes","","404 (no DB route yet)","moderate body; meta complete"
"5140e737-969b-4328-a3f1-9c809a3756d1","scholarships-filipino-students-usa","Scholarships for Filipino Students in the USA: Trusted Funding Options and How to Apply","/resources/scholarships-filipino-students-usa","1043","6562","2026-04-24T16:05:52.506+00:00","yes","yes","low","22","yes","","404 (no DB route yet)","moderate body; meta complete"
"861cdf6b-a42e-49c6-afdd-1cf1bfb715cc","gates-cambridge-scholarship-guide","Gates Cambridge Scholarship Guide: Eligibility, Benefits, and How to Apply","/resources/gates-cambridge-scholarship-guide","1027","6301","2026-04-24T16:03:03.963+00:00","yes","yes","low","22","yes","","404 (no DB route yet)","moderate body; meta complete"
"002e2739-e82a-45bd-b03a-89460eef8370","scholarships-zambian-students-usa","Scholarships for Zambian Students in the USA: Real Funding Options and How to Apply","/resources/scholarships-zambian-students-usa","1169","7102","2026-04-24T16:00:13.646+00:00","yes","yes","low","22","yes","","404 (no DB route yet)","moderate body; meta complete"
"8255f621-4fe9-4af1-830f-84122a7dbf04","scholarships-international-students-nursing","Scholarships for International Students in Nursing: Where to Find Real Funding","/resources/scholarships-international-students-nursing","1064","6838","2026-04-24T15:58:45.327+00:00","yes","yes","low","22","yes","","404 (no DB route yet)","moderate body; meta complete"
"9b42fa2c-28fe-45f6-8562-3f9aedaa5eb6","do-scholarships-affect-financial-aid-international-students","Do Scholarships Affect Financial Aid for International Students? What to Know","/resources/do-scholarships-affect-financial-aid-international-students","1114","6663","2026-04-24T15:57:18.336+00:00","yes","yes","low","22","yes","","404 (no DB route yet)","moderate body; meta complete"
"8f04beb3-8051-44b8-8401-fd1e9e015f77","research-assistantships-usa-international-students","Research Assistantships for International Students in the USA: How They Work and How to Find Them","/resources/research-assistantships-usa-international-students","1039","6577","2026-04-24T15:55:50.383+00:00","yes","yes","low","22","yes","","404 (no DB route yet)","moderate body; meta complete"
"ba485ee9-3f02-422e-9b50-29939746e186","renew-scholarship-international-student","How to Renew Your Scholarship as an International Student","/resources/renew-scholarship-international-student","1041","6315","2026-04-24T15:54:20.854+00:00","yes","yes","low","22","yes","","404 (no DB route yet)","moderate body; meta complete"
"34aaf1a3-fdf5-4a5a-a03b-eca9d2aeb526","scholarships-zimbabwean-students-usa","Scholarships for Zimbabwean Students in the USA: Real Funding Options and How to Apply","/resources/scholarships-zimbabwean-students-usa","1035","6594","2026-04-24T15:51:33.364+00:00","yes","yes","low","22","yes","","404 (no DB route yet)","moderate body; meta complete"
"94e7943f-67af-48c9-9234-75da8040e52b","english-proficiency-scores-scholarship-applications","How to Get English Proficiency Scores for Scholarship Applications","/resources/english-proficiency-scores-scholarship-applications","1067","6261","2026-04-24T15:48:32.942+00:00","yes","yes","low","22","yes","","404 (no DB route yet)","moderate body; meta complete"
"01c28063-0dbb-4fe9-ba72-427a2f520d8d","ivy-league-scholarships-international-students","Scholarships for International Students at Ivy League Schools: What Aid Is Really Available","/resources/ivy-league-scholarships-international-students","1029","6512","2026-04-24T15:46:57.607+00:00","yes","yes","low","22","yes","","404 (no DB route yet)","moderate body; meta complete"
"39b66120-e683-4ae2-91c3-4bef300df239","best-scholarships-international-students-no-citizenship-requirement","Best Scholarships for International Students With No Citizenship Requirement","/resources/best-scholarships-international-students-no-citizenship-requirement","1037","7005","2026-04-24T15:45:28.945+00:00","yes","yes","low","22","yes","","404 (no DB route yet)","moderate body; meta complete"
"baf26e86-5b67-4bdf-8e35-56db099c4635","international-student-scholarships-september-deadlines","Scholarships for International Students With Deadlines in September","/resources/international-student-scholarships-september-deadlines","1081","6962","2026-04-24T15:43:52.181+00:00","yes","yes","low","22","yes","","404 (no DB route yet)","moderate body; meta complete"
"8e7d797d-2c4b-4133-869d-8ae31212cc1f","track-scholarship-deadlines-international-student","How to Track Scholarship Deadlines as an International Student","/resources/track-scholarship-deadlines-international-student","605","3683","2026-04-24T15:42:20.474+00:00","yes","yes","low","22","yes","","404 (no DB route yet)","acceptable body; meta complete; evergreen intent slug"
"712a96d7-475a-453a-9f03-ed2a5e9dae8e","inter-american-development-bank-scholarships","Inter-American Development Bank Scholarships: What Funding Opportunities Exist","/resources/inter-american-development-bank-scholarships","1036","7094","2026-04-24T15:40:57.912+00:00","yes","yes","low","22","yes","","404 (no DB route yet)","moderate body; meta complete"
"a1b04706-d176-4516-ac80-caf042a53293","qualcomm-innovation-fellowship-international-students","Qualcomm Innovation Fellowship for International Students: Eligibility, Benefits, and How to Apply","/resources/qualcomm-innovation-fellowship-international-students","1011","6560","2026-04-24T15:39:30.313+00:00","yes","yes","low","22","yes","","404 (no DB route yet)","moderate body; meta complete"
"75bdee30-55fa-4e9e-a86e-f971eaf3fcf4","international-business-mba-scholarships","Scholarships for International Students in Business and MBA Programs","/resources/international-business-mba-scholarships","1004","6571","2026-04-24T15:38:00.224+00:00","yes","yes","low","22","yes","","404 (no DB route yet)","moderate body; meta complete"
"503d48fd-82ab-4cba-bbb1-ae7bef1797e0","environmental-science-scholarships-international-students","Scholarships for International Students in Environmental Science: Where to Find Funding","/resources/environmental-science-scholarships-international-students","1032","7098","2026-04-24T15:36:29.67+00:00","yes","yes","low","22","yes","","404 (no DB route yet)","moderate body; meta complete"
"dbb12350-2da1-4c79-865c-91b9b06a3b49","scholarships-indian-students-usa-2026","Scholarships for Indian Students in the USA 2026: Top Funding Options and How to Apply","/resources/scholarships-indian-students-usa-2026","1035","6645","2026-04-24T15:34:58.677+00:00","yes","yes","low","22","yes","","404 (no DB route yet)","moderate body; meta complete"
"0cbb256f-e231-43bf-81c5-29517e2a6543","world-bank-scholarships-international-students","World Bank Scholarships for International Students: Programs, Eligibility, and How to Apply","/resources/world-bank-scholarships-international-students","1084","6818","2026-04-24T15:33:24.54+00:00","yes","yes","low","22","yes","","404 (no DB route yet)","moderate body; meta complete"
"cc3fac64-d500-4388-93e8-546eeced70eb","fulbright-scholarship-international-students-guide","Fulbright Scholarship for International Students: Complete Guide","/resources/fulbright-scholarship-international-students-guide","1078","6810","2026-04-24T15:31:52.293+00:00","yes","yes","low","22","yes","","404 (no DB route yet)","moderate body; meta complete"
"403af935-747a-47e4-b7d8-a0baf4f321b4","scholarship-application-response-time","How Long Does It Take to Hear Back From Scholarship Applications?","/resources/scholarship-application-response-time","1030","5957","2026-04-24T15:30:24.045+00:00","yes","yes","low","22","yes","","404 (no DB route yet)","moderate body; meta complete"
"32a346d1-b499-40a4-9255-8495b66be33a","multiple-scholarships-international-student","Can You Hold Multiple Scholarships at the Same Time as an International Student?","/resources/multiple-scholarships-international-student","1073","6590","2026-04-24T15:28:54.102+00:00","yes","yes","low","22","yes","","404 (no DB route yet)","moderate body; meta complete"
"e67ac1f3-e7d8-4865-bc5a-60c28f76f3b0","computer-science-scholarships-international-students","Scholarships for International Students in Computer Science: Where to Find Funding","/resources/computer-science-scholarships-international-students","1052","7085","2026-04-24T15:27:11.905+00:00","yes","yes","low","22","yes","","404 (no DB route yet)","moderate body; meta complete"
"e18ffdde-d43a-4821-b788-6715a36eb519","scholarships-japanese-students-usa","Scholarships for Japanese Students in the USA: Verified Funding Options and How to Apply","/resources/scholarships-japanese-students-usa","1048","6594","2026-04-24T15:19:48.985+00:00","yes","yes","low","22","yes","","404 (no DB route yet)","moderate body; meta complete"
"5a40b4f6-4222-42be-90e7-39a9c4d0eb3d","ssn-required-us-scholarships","Do You Need a Social Security Number to Apply for US Scholarships?","/resources/ssn-required-us-scholarships","1045","6024","2026-04-24T15:17:02.43+00:00","yes","yes","low","22","yes","","404 (no DB route yet)","moderate body; meta complete"
"aa944bff-66c4-4615-8684-17121f17e8ae","joint-japan-world-bank-scholarship-international-students","Joint Japan World Bank Scholarship for International Students: Eligibility, Benefits, and How to Apply","/resources/joint-japan-world-bank-scholarship-international-students","1088","6647","2026-04-24T15:13:22.201+00:00","yes","yes","low","22","yes","","404 (no DB route yet)","moderate body; meta complete"
"0039cb2c-9d5a-474b-82c1-d201951d067e","financial-planning-international-students-usa","Financial Planning for International Students Studying in the USA: Budgeting, Costs, and Smart Money Tips","/resources/financial-planning-international-students-usa","1053","6249","2026-04-24T15:11:52.113+00:00","yes","yes","low","22","yes","","404 (no DB route yet)","moderate body; meta complete"
"5cfc218e-ee63-49b1-bc2f-4c40f38cdf8a","international-student-scholarships-may-deadlines","Scholarships for International Students With Deadlines in May","/resources/international-student-scholarships-may-deadlines","1129","7212","2026-04-24T15:10:23.559+00:00","yes","yes","low","22","yes","","404 (no DB route yet)","moderate body; meta complete"
"c6b3cb9d-c336-4ec4-9334-c6bce2ddcde0","tuition-waiver-vs-scholarship-international-students","Tuition Waiver vs Scholarship: What’s the Difference for International Students?","/resources/tuition-waiver-vs-scholarship-international-students","1066","6038","2026-04-24T15:08:52.934+00:00","yes","yes","low","22","yes","","404 (no DB route yet)","moderate body; meta complete"
"cfc26f8e-1d3a-445a-8b7d-9aa55e8c8b68","scholarships-grants-fellowships-international-students","Difference Between Scholarships, Grants, and Fellowships for International Students","/resources/scholarships-grants-fellowships-international-students","1054","6664","2026-04-24T15:03:13.195+00:00","yes","yes","low","22","yes","","404 (no DB route yet)","moderate body; meta complete"
"8f35b4e6-d129-457c-938f-1b22384fdbb5","international-student-scholarships-october-deadlines","Scholarships for International Students With Deadlines in October","/resources/international-student-scholarships-october-deadlines","1006","6748","2026-04-24T15:00:25.01+00:00","yes","yes","low","22","yes","","404 (no DB route yet)","moderate body; meta complete"
"f73c27e9-42d8-4df6-a07b-622303f464dc","scholarships-developing-countries","Scholarships for International Students from Developing Countries: Best Funding Options","/resources/scholarships-developing-countries","1006","6533","2026-04-24T14:57:36.09+00:00","yes","yes","low","22","yes","","404 (no DB route yet)","moderate body; meta complete"
"5f31ec6b-f67d-40ed-a789-56d681049f23","engineering-scholarships-international-students","Scholarships for International Students in Engineering: Best Funding Options","/resources/engineering-scholarships-international-students","1055","7116","2026-04-24T14:56:10.767+00:00","yes","yes","low","22","yes","","404 (no DB route yet)","moderate body; meta complete"
"8bea7af7-b2a1-43d3-90dc-c9c1ca054302","scholarships-sri-lankan-students-usa","Scholarships for Sri Lankan Students in the USA: Trusted Funding Options","/resources/scholarships-sri-lankan-students-usa","1147","7342","2026-04-24T14:53:13.67+00:00","yes","yes","low","22","yes","","404 (no DB route yet)","moderate body; meta complete"
"c0300b1d-abfa-464a-83d8-6726e7902d1f","scholarships-cover-health-insurance-international-students","Scholarships That Cover Health Insurance for International Students","/resources/scholarships-cover-health-insurance-international-students","1008","6481","2026-04-24T14:50:19.052+00:00","yes","yes","low","22","yes","","404 (no DB route yet)","moderate body; meta complete"
"596f9e5a-c298-4dc0-8b8c-51f0f1bb13d9","scholarship-essay-international-student","How to Write a Scholarship Essay as an International Student: Practical Tips That Work","/resources/scholarship-essay-international-student","1080","6334","2026-04-24T14:48:52.294+00:00","yes","yes","low","22","yes","","404 (no DB route yet)","moderate body; meta complete"
"5b2438ba-cf90-46b1-8fc9-6bc2aa8d771d","appeal-scholarship-rejection-international-student","How to Appeal a Scholarship Rejection as an International Student","/resources/appeal-scholarship-rejection-international-student","1040","6031","2026-04-24T14:47:17.384+00:00","yes","yes","low","22","yes","","404 (no DB route yet)","moderate body; meta complete"
"87f91c37-8303-46cc-8fd0-423ecb4fab30","easy-scholarships-international-students","Easy Scholarships for International Students to Apply For","/resources/easy-scholarships-international-students","1015","6497","2026-04-24T14:45:43.92+00:00","yes","yes","low","22","yes","","404 (no DB route yet)","moderate body; meta complete"
"f002e8dd-b424-499d-ac7d-e7cad3f55fcc","community-college-scholarships-international-students-usa","Scholarships for International Students at Community Colleges in the USA","/resources/community-college-scholarships-international-students-usa","1018","6513","2026-04-24T14:43:09.079+00:00","yes","yes","low","22","yes","","404 (no DB route yet)","moderate body; meta complete"
"d674968b-af04-459d-93ae-3a3f52ec5762","oas-scholarships-latin-american-students-usa","OAS Scholarships for Latin American Students in the USA: Eligibility, Benefits, and How to Apply","/resources/oas-scholarships-latin-american-students-usa","1033","6343","2026-04-24T14:40:36.694+00:00","yes","yes","low","22","yes","","404 (no DB route yet)","moderate body; meta complete"
"ad01f464-7981-4c06-917a-9a15c88b092a","need-based-scholarships-international-students-usa","Need-Based Scholarships for International Students in the USA: What to Know","/resources/need-based-scholarships-international-students-usa","1097","6696","2026-04-24T14:37:32.702+00:00","yes","yes","low","22","yes","","404 (no DB route yet)","moderate body; meta complete"
"c45da6eb-1a41-4f19-a3c2-513ac0402937","international-mathematics-scholarships","Scholarships for International Students in Mathematics: Best Funding Options","/resources/international-mathematics-scholarships","1055","7081","2026-04-24T14:36:06.94+00:00","yes","yes","low","22","yes","","404 (no DB route yet)","moderate body; meta complete"
"070c39e1-c327-411b-b596-1fb814b0372e","scholarship-amounts-international-students-usa","How Much Money Can International Students Get From Scholarships in the USA?","/resources/scholarship-amounts-international-students-usa","1031","6222","2026-04-24T14:33:17.205+00:00","yes","yes","low","22","yes","","404 (no DB route yet)","moderate body; meta complete"
"d640c88a-f809-4df1-842f-42df54a5082b","scholarships-nepali-students-usa","Scholarships for Nepali Students in the USA: Real Funding Options and How to Apply","/resources/scholarships-nepali-students-usa","1034","6604","2026-04-24T14:31:44.029+00:00","yes","yes","low","22","yes","","404 (no DB route yet)","moderate body; meta complete"
"8992c92b-45bc-4e03-b9e5-3f0fa0c4eaa0","scholarships-cover-travel-costs-international-students","Scholarships That Cover Travel Costs for International Students","/resources/scholarships-cover-travel-costs-international-students","1020","6463","2026-04-24T14:30:14.199+00:00","yes","yes","low","22","yes","","404 (no DB route yet)","moderate body; meta complete"
"41b2e0ef-48cb-4444-a199-43164877d288","arts-humanities-scholarships-international-students","Scholarships for International Students in Arts and Humanities: Real Funding Options","/resources/arts-humanities-scholarships-international-students","1147","7395","2026-04-24T14:29:33.005+00:00","yes","yes","low","22","yes","","404 (no DB route yet)","moderate body; meta complete"
"03784012-4e3a-4546-bec9-95110e7ae1c3","international-student-scholarships-december-deadlines","Scholarships for International Students With Deadlines in December","/resources/international-student-scholarships-december-deadlines","1052","7004","2026-04-24T14:28:49.891+00:00","yes","yes","low","22","yes","","404 (no DB route yet)","moderate body; meta complete"
"6f8cb85b-a27b-4570-8035-e9319d3f24f7","scholarships-venezuelan-students-usa","Scholarships for Venezuelan Students in the USA: Real Funding Options and How to Apply","/resources/scholarships-venezuelan-students-usa","1083","6978","2026-04-24T14:27:31.435+00:00","yes","yes","low","22","yes","","404 (no DB route yet)","moderate body; meta complete"
"13583e09-5ca4-47b5-a305-1e6763505c17","cost-of-studying-in-usa-for-international-students","Cost of Studying in the USA for International Students and How to Reduce It","/resources/cost-of-studying-in-usa-for-international-students","1013","6105","2026-04-24T14:25:54.054+00:00","yes","yes","low","22","yes","","404 (no DB route yet)","moderate body; meta complete"
"df1f81e9-cabb-4c8c-98b4-b2f694133815","scholarships-international-students-disabilities","Scholarships for International Students with Disabilities: Funding Options and How to Apply","/resources/scholarships-international-students-disabilities","1019","6663","2026-04-24T14:25:26.341+00:00","yes","yes","low","22","yes","","404 (no DB route yet)","moderate body; meta complete"
"7d29bb46-a3ad-484c-9c2e-d241f463771a","lose-scholarship-international-student","What to Do If You Lose Your Scholarship as an International Student","/resources/lose-scholarship-international-student","1081","6586","2026-04-24T14:24:27.348+00:00","yes","yes","low","22","yes","","404 (no DB route yet)","moderate body; meta complete"
"dc6e5d73-d5f3-42b3-bdaa-acfc0374058c","aauw-fellowships-international-women","AAUW Fellowships for International Women: Eligibility, Benefits, and How to Apply","/resources/aauw-fellowships-international-women","1133","6915","2026-04-24T14:23:40.373+00:00","yes","yes","low","22","yes","","404 (no DB route yet)","moderate body; meta complete"
"4992a7c0-f55b-4684-bd12-3035c9b34eb4","south-korean-students-usa-scholarships","Scholarships for South Korean Students in the USA: Verified Funding Options","/resources/south-korean-students-usa-scholarships","1057","6673","2026-04-24T14:23:01.189+00:00","yes","yes","low","22","yes","","404 (no DB route yet)","moderate body; meta complete"
"3b7ca495-d751-42ee-96eb-eaeee70e4656","emergency-funds-international-students-usa","Emergency Funds for International Students in the USA: Where to Find Help Fast","/resources/emergency-funds-international-students-usa","1019","5983","2026-04-24T14:21:27.937+00:00","yes","yes","low","22","yes","","404 (no DB route yet)","moderate body; meta complete"
"3b58fb02-8880-4303-92b9-2b2e695da99d","pay-for-college-usa-international-student","How to Pay for College in the USA as an International Student","/resources/pay-for-college-usa-international-student","1053","6400","2026-04-24T14:20:20.156+00:00","yes","yes","low","22","yes","","404 (no DB route yet)","moderate body; meta complete"
"28847f62-6137-4dc6-97cb-e2d46d76c5fc","generation-google-scholarship-international-stem-students","Generation Google Scholarship for International STEM Students: Eligibility, Application, and Key Details","/resources/generation-google-scholarship-international-stem-students","1089","6792","2026-04-24T14:17:40.975+00:00","yes","yes","low","22","yes","","404 (no DB route yet)","moderate body; meta complete"
"230d0697-04a8-4a02-b24e-b9217455d9f2","graduate-assistantships-vs-scholarships-international-students","Graduate Assistantships vs Scholarships for International Students: Key Differences","/resources/graduate-assistantships-vs-scholarships-international-students","1078","6844","2026-04-24T14:15:36.661+00:00","yes","yes","low","22","yes","","404 (no DB route yet)","moderate body; meta complete"
"cdf2578b-625c-4c30-a07f-943f0d682c0e","nsf-programs-international-students","NSF Programs Open to International Students: What You Can Actually Apply For","/resources/nsf-programs-international-students","1191","7433","2026-04-24T13:57:36.744+00:00","yes","yes","low","22","yes","","404 (no DB route yet)","moderate body; meta complete"
"5923196a-fb50-47ff-9ff2-00bcf903d274","scholarships-ugandan-students-usa","Scholarships for Ugandan Students in the USA: Real Funding Options and How to Apply","/resources/scholarships-ugandan-students-usa","1045","6619","2026-04-24T13:55:55.534+00:00","yes","yes","low","22","yes","","404 (no DB route yet)","moderate body; meta complete"
"11763a1d-246d-4d41-822a-4394fdcf6b2b","google-generation-scholarship-international-students","Google Generation Scholarship for International Students: Eligibility, Regions, and How to Apply","/resources/google-generation-scholarship-international-students","1114","6851","2026-04-24T13:54:05.164+00:00","yes","yes","low","22","yes","","404 (no DB route yet)","moderate body; meta complete"
"1e25f1d2-3a82-4789-97ba-cb6e0690f4d8","scholarships-nigerian-students-usa","Scholarships for Nigerian Students Studying in the USA: Real Funding Options","/resources/scholarships-nigerian-students-usa","1043","6594","2026-04-24T13:52:26.262+00:00","yes","yes","low","22","yes","","404 (no DB route yet)","moderate body; meta complete"
"8ec6e3b3-b0e7-4920-aa10-873c769ccd85","scholarships-singaporean-students-usa","Scholarships for Singaporean Students in the USA: Real Funding Options and How to Apply","/resources/scholarships-singaporean-students-usa","1056","6667","2026-04-24T13:50:32.493+00:00","yes","yes","low","22","yes","","404 (no DB route yet)","moderate body; meta complete"
"c09f1166-d83e-47c4-b731-f5a6a3cc9c9c","write-personal-statement-us-scholarship","How to Write a Personal Statement for a US Scholarship","/resources/write-personal-statement-us-scholarship","1246","7262","2026-04-24T13:48:40.429+00:00","yes","yes","medium","22","yes","","404 (no DB route yet)","moderate body; meta complete"
"8f280dd9-8491-42ba-9b70-ca88fdc36dbf","fully-funded-scholarships-usa-international-students","Fully Funded Scholarships for International Students in the USA: Best Options and How to Apply","/resources/fully-funded-scholarships-usa-international-students","1003","6589","2026-04-24T13:46:54.805+00:00","yes","yes","low","22","yes","","404 (no DB route yet)","moderate body; meta complete"
"851f2e84-ffc3-4312-9003-a99466548ae0","scholarships-mexican-students-usa","Scholarships for Mexican Students in the USA: Real Funding Options and How to Apply","/resources/scholarships-mexican-students-usa","1053","6749","2026-04-24T13:34:20.475+00:00","yes","yes","low","22","yes","","404 (no DB route yet)","moderate body; meta complete"
"bd8bbac3-8ab9-4c55-87af-f127ae6f0653","eastern-europe-students-usa-scholarships","Scholarships for Students from Eastern Europe in the USA: Real Funding Options","/resources/eastern-europe-students-usa-scholarships","1089","6779","2026-04-24T13:32:08.934+00:00","yes","yes","low","22","yes","","404 (no DB route yet)","moderate body; meta complete"
"dd32a7db-4507-4647-a00f-ae5a2800e6a3","scholarships-malaysian-students-usa","Scholarships for Malaysian Students in the USA: Real Funding Options and How to Apply","/resources/scholarships-malaysian-students-usa","1058","7055","2026-04-24T13:30:27.954+00:00","yes","yes","low","22","yes","","404 (no DB route yet)","moderate body; meta complete"
"088689c5-7d5a-4c18-9beb-c531b0beb15b","boeing-international-scholarship-programs","Boeing International Scholarship Programs: What Students Can Actually Apply For","/resources/boeing-international-scholarship-programs","1030","6764","2026-04-24T13:17:53.194+00:00","yes","yes","low","22","yes","","404 (no DB route yet)","moderate body; meta complete"
"25035792-3d88-4eb1-b511-f704f092bf41","follow-up-after-submitting-scholarship-application","How to Follow Up After Submitting a Scholarship Application","/resources/follow-up-after-submitting-scholarship-application","1194","6615","2026-04-24T13:16:02.273+00:00","yes","yes","low","22","yes","","404 (no DB route yet)","moderate body; meta complete"
"ff92c4ae-3911-489f-a0c4-c31bdbf2ffaf","scholarships-iranian-students-usa","Scholarships for Iranian Students in the USA: Real Funding Options and How to Apply","/resources/scholarships-iranian-students-usa","1069","6925","2026-04-24T13:14:20.178+00:00","yes","yes","low","22","yes","","404 (no DB route yet)","moderate body; meta complete"
"86b4e5de-276e-4ad6-8db9-3958f420e062","scholarships-tanzanian-students-usa","Scholarships for Tanzanian Students in the USA: Real Funding Options and How to Apply","/resources/scholarships-tanzanian-students-usa","1100","6978","2026-04-24T13:12:17.378+00:00","yes","yes","low","22","yes","","404 (no DB route yet)","moderate body; meta complete"
"44100e71-a421-4ac7-9734-76d96da9e153","scholarships-affect-f1-visa-status","How Scholarships Affect Your F1 Visa Status","/resources/scholarships-affect-f1-visa-status","1068","6222","2026-04-24T13:10:33.363+00:00","yes","yes","low","22","yes","","404 (no DB route yet)","moderate body; meta complete"
"0b4f3b68-4107-4382-98cd-3ec1b89fc567","un-scholarships-international-students","UN Scholarships for International Students: Real Study Opportunities and Funding Paths","/resources/un-scholarships-international-students","1021","6539","2026-04-24T13:08:53.308+00:00","yes","yes","low","22","yes","","404 (no DB route yet)","moderate body; meta complete"
"6c066794-7afe-4645-90fc-9de8b81b2d87","scholarships-bangladeshi-students-usa","Scholarships for Bangladeshi Students in the USA: Best Funding Options and How to Apply","/resources/scholarships-bangladeshi-students-usa","1057","6985","2026-04-24T13:07:15.487+00:00","yes","yes","low","22","yes","","404 (no DB route yet)","moderate body; meta complete"
"5914e710-87b8-4d36-93f3-63808f0e1912","corporate-scholarships-international-students","Corporate Scholarships Open to International Students: Real Programs and How to Apply","/resources/corporate-scholarships-international-students","1098","7313","2026-04-24T13:05:11.919+00:00","yes","yes","low","22","yes","","404 (no DB route yet)","moderate body; meta complete"
"0f150e17-9fb4-4cd2-92cc-90e862fcd407","amsco-scholarships-african-students-usa","AMSCO Scholarships for African Students in the USA: What to Know and Alternatives","/resources/amsco-scholarships-african-students-usa","1085","6842","2026-04-24T13:02:20.197+00:00","yes","yes","low","22","yes","","404 (no DB route yet)","moderate body; meta complete"
"358d7379-a644-4d43-8947-07d1c1b81ed1","scholarships-turkish-students-usa","Scholarships for Turkish Students in the USA: Real Funding Options and How to Apply","/resources/scholarships-turkish-students-usa","1063","6835","2026-04-24T13:00:37.108+00:00","yes","yes","low","22","yes","","404 (no DB route yet)","moderate body; meta complete"
"191f806f-99ce-4843-8fdc-be9359d8d163","do-scholarships-count-as-income-for-f1-visa-holders","Do Scholarships Count as Income for F1 Visa Holders? Tax Rules Explained","/resources/do-scholarships-count-as-income-for-f1-visa-holders","1094","6403","2026-04-24T12:58:51.861+00:00","yes","yes","low","22","yes","","404 (no DB route yet)","moderate body; meta complete"
"90b7a398-3dce-4dd8-9b29-421e91dfac0e","scholarships-taxable-international-students-usa","Are Scholarships Taxable for International Students in the USA?","/resources/scholarships-taxable-international-students-usa","1023","6122","2026-04-24T12:57:05.188+00:00","yes","yes","low","22","yes","","404 (no DB route yet)","moderate body; meta complete"
"c671a539-5ac8-4f94-8ddb-c3a27c5d9402","hbcu-scholarships-international-students","Scholarships for International Students at HBCUs: Where to Look and How to Apply","/resources/hbcu-scholarships-international-students","1072","6956","2026-04-24T12:55:11.04+00:00","yes","yes","low","22","yes","","404 (no DB route yet)","moderate body; meta complete"
"52a4e6e5-d709-45a6-a42d-fa4db9c8e92e","usa-scholarships-international-students-low-gpa","Best Scholarships in the USA for International Students With Low GPA","/resources/usa-scholarships-international-students-low-gpa","1048","6655","2026-04-24T12:53:19.548+00:00","yes","yes","low","22","yes","","404 (no DB route yet)","moderate body; meta complete"
"8d98ecf4-d1c9-4490-98f6-61a4e1fef129","best-usa-scholarships-african-students","Best Scholarships in the USA for Students from Africa","/resources/best-usa-scholarships-african-students","1035","6718","2026-04-24T12:51:26.278+00:00","yes","yes","low","22","yes","","404 (no DB route yet)","moderate body; meta complete"
"45d1b231-af92-450e-b917-1f998e9baa03","scholarship-essay-research-goals-usa","How to Write a Scholarship Essay About Research Goals for USA Applications","/resources/scholarship-essay-research-goals-usa","1067","6301","2026-04-24T12:49:14.92+00:00","yes","yes","low","22","yes","","404 (no DB route yet)","moderate body; meta complete"
"1b8a2482-58c4-4ba9-9498-c7b93c27afc9","future-goals-statement-scholarship-applications","How to Write a Future Goals Statement for Scholarship Applications","/resources/future-goals-statement-scholarship-applications","1038","5782","2026-04-23T18:19:00.195+00:00","yes","yes","low","22","yes","","404 (no DB route yet)","moderate body; meta complete"
"239ce53a-98ba-46f1-afe0-205ee63917a3","coding-projects-win-scholarships-usa","How School Students Can Use Coding Projects to Win Scholarships in the USA","/resources/coding-projects-win-scholarships-usa","1059","6349","2026-04-23T17:43:18.03+00:00","yes","yes","low","22","yes","","404 (no DB route yet)","moderate body; meta complete"
"db569221-c478-404f-8ab7-b3b84c343c0e","usa-scholarships-published-research","How College Students Can Get Scholarships in the USA With Published Research","/resources/usa-scholarships-published-research","1012","6602","2026-04-23T17:41:35.407+00:00","yes","yes","low","22","yes","","404 (no DB route yet)","moderate body; meta complete"
"4fff47fb-9190-4d70-bffc-e2dbf2ed951d","best-usa-environmental-science-scholarships","Best Scholarships in the USA for College Students Majoring in Environmental Science","/resources/best-usa-environmental-science-scholarships","1069","7158","2026-04-23T17:37:58.801+00:00","yes","yes","low","22","yes","","404 (no DB route yet)","moderate body; meta complete"
"ec5899de-1b04-4a54-9bec-2e52a936b570","long-tail-scholarship-topics-school-students-2026","Best Long-Tail Scholarship Topics for School Students in 2026","/resources/long-tail-scholarship-topics-school-students-2026","1039","6729","2026-04-23T17:33:18.962+00:00","yes","yes","low","22","yes","","404 (no DB route yet)","moderate body; meta complete"
"2b832b72-c675-4bef-a518-ba027e323c32","public-vs-private-scholarships-usa","Public vs Private Scholarships in the USA: Key Differences, Pros, and How to Choose","/resources/public-vs-private-scholarships-usa","1124","6861","2026-04-23T17:31:34.617+00:00","yes","yes","low","22","yes","","404 (no DB route yet)","moderate body; meta complete"
"27aec19d-80fe-4622-8539-69e730afa39d","documents-required-for-scholarships-usa","Documents Required for Scholarships in the USA: Complete Checklist","/resources/documents-required-for-scholarships-usa","1089","6892","2026-04-23T17:29:53.745+00:00","yes","yes","low","22","yes","","404 (no DB route yet)","moderate body; meta complete"
"584e0a9d-5cb0-4abe-bb5b-11031fb0061e","scholarships-stem-students-usa","Scholarships for STEM Students in the USA: Best Funding Options and How to Apply","/resources/scholarships-stem-students-usa","1011","6624","2026-04-23T17:28:01.9+00:00","yes","yes","low","22","yes","","404 (no DB route yet)","moderate body; meta complete"
"c788ec31-6fbf-45c8-bc2d-721675bd4e41","best-usa-scholarships-international-students-2026","Best Scholarships in the USA for International Students 2026","/resources/best-usa-scholarships-international-students-2026","1057","6953","2026-04-23T17:26:03.401+00:00","yes","yes","low","22","yes","","404 (no DB route yet)","moderate body; meta complete"
"9865cd1f-5abf-41fe-a64a-67cc59781b4b","usa-graduate-scholarships-industry-experience","Best Scholarships in the USA for Graduate Students With Industry Experience","/resources/usa-graduate-scholarships-industry-experience","1227","7842","2026-04-23T15:08:22.769+00:00","yes","yes","medium","22","yes","","404 (no DB route yet)","moderate body; meta complete"
"e3fa0398-86a7-4f5a-89a2-588f74d1867a","architecture-scholarships-international-students","Scholarships for International Students in Architecture: Where to Find Funding","/resources/architecture-scholarships-international-students","1187","7754","2026-04-23T15:06:32.829+00:00","yes","yes","low","22","yes","","404 (no DB route yet)","moderate body; meta complete"
"622ffd46-515d-4fe5-bac9-c74d51fea7b3","teaching-assistantships-international-students","Teaching Assistantships for International Students: How They Work","/resources/teaching-assistantships-international-students","1202","7638","2026-04-23T15:04:30.529+00:00","yes","yes","medium","22","yes","","404 (no DB route yet)","moderate body; meta complete"
"66a8df93-9750-470f-9d17-31b101957011","chevening-scholarship-guide-us-study","Chevening Scholarship: Complete Guide for US Study Searches","/resources/chevening-scholarship-guide-us-study","1151","7101","2026-04-23T15:02:17.884+00:00","yes","yes","low","22","yes","","404 (no DB route yet)","moderate body; meta complete"
"6bbffd46-cb74-4e5b-9886-bade15316d37","government-scholarships-international-students-usa","Government Scholarships for International Students in the USA: Real Programs and How to Apply","/resources/government-scholarships-international-students-usa","1180","7602","2026-04-23T15:00:33.817+00:00","yes","yes","low","22","yes","","404 (no DB route yet)","moderate body; meta complete"
"28d3e8d2-f643-45bb-91ea-34d57f2f2d8a","scholarship-recommendation-letter-international-student","How to Get a Scholarship Recommendation Letter as an International Student","/resources/scholarship-recommendation-letter-international-student","1229","7227","2026-04-23T14:58:26.611+00:00","yes","yes","medium","22","yes","","404 (no DB route yet)","moderate body; meta complete"
"0c1ef2da-d4c7-4977-a2c5-17ef941e194e","usaid-scholarships-developing-countries","USAID Scholarships for Students from Developing Countries: What to Know","/resources/usaid-scholarships-developing-countries","1160","7307","2026-04-23T14:56:36.415+00:00","yes","yes","low","22","yes","","404 (no DB route yet)","moderate body; meta complete"
"9bd8d5a0-b228-4c5f-95f2-da03374c40d6","scholarships-egyptian-students-usa","Scholarships for Egyptian Students in the USA: Best Funding Options and How to Apply","/resources/scholarships-egyptian-students-usa","1255","7975","2026-04-23T14:54:53.529+00:00","yes","yes","medium","22","yes","","404 (no DB route yet)","moderate body; meta complete"
"b72f3745-6679-40c5-b35a-73d5d2e898dc","toefl-score-us-scholarships","Do You Need a TOEFL Score for US Scholarships? What International Students Should Know","/resources/toefl-score-us-scholarships","1235","7261","2026-04-23T14:52:48.499+00:00","yes","yes","medium","22","yes","","404 (no DB route yet)","moderate body; meta complete"
"a58f3b58-420b-47be-848a-a7a31e759a32","research-grants-international-students-usa","Research Grants for International Students in the USA: Where to Find Funding","/resources/research-grants-international-students-usa","1101","6937","2026-04-23T13:23:19.809+00:00","yes","yes","low","22","yes","","404 (no DB route yet)","moderate body; meta complete"
"4778ccc3-4af2-4b7d-84b2-e4556f7af2b7","scholarships-international-students-education","Scholarships for International Students in Education: Real Funding Options","/resources/scholarships-international-students-education","1136","7576","2026-04-23T13:21:39.986+00:00","yes","yes","low","22","yes","","404 (no DB route yet)","moderate body; meta complete"
"cf9a19aa-3c57-443f-b344-941f86f33a92","opt-students-us-scholarships","Can OPT Students Apply for US Scholarships? What International Graduates Should Know","/resources/opt-students-us-scholarships","1036","6566","2026-04-23T13:20:08.337+00:00","yes","yes","low","22","yes","","404 (no DB route yet)","moderate body; meta complete"
"afd4a39b-50fd-4e01-b859-8f3e21512610","scholarships-no-gpa-international-students","Scholarships With No GPA Requirement for International Students","/resources/scholarships-no-gpa-international-students","1187","7346","2026-04-23T12:41:13.446+00:00","yes","yes","low","22","yes","","404 (no DB route yet)","moderate body; meta complete"
"e31fab8a-0f46-4aa5-a6ff-e904a55f2774","best-stem-scholarships-undergraduate-students","Best STEM Scholarships for Undergraduate Students: Top National Awards to Apply For","/resources/best-stem-scholarships-undergraduate-students","1186","7803","2026-04-23T12:20:08.66059+00:00","yes","yes","low","22","yes","","404 (no DB route yet)","moderate body; meta complete"
"1fa357b2-9e41-4863-8895-33df735cb8b2","need-based-vs-merit-based-scholarships","Need-Based vs Merit-Based Scholarships: Key Differences, Eligibility, and How to Choose","/resources/need-based-vs-merit-based-scholarships","1215","7661","2026-04-23T12:17:59.098+00:00","yes","yes","medium","22","yes","","404 (no DB route yet)","moderate body; meta complete"
"927f4598-4d42-4b48-9534-236bdbf2f2d6","common-scholarship-application-mistakes","Common Scholarship Application Mistakes and How to Avoid Them","/resources/common-scholarship-application-mistakes","1186","7326","2026-04-23T12:16:06.328+00:00","yes","yes","low","22","yes","","404 (no DB route yet)","moderate body; meta complete"
"2116a772-4cd7-4696-a356-00d53530c56f","scholarships-international-students-us","Scholarships for International Students in the US: Best Options and How to Apply","/resources/scholarships-international-students-us","1194","7614","2026-04-23T12:14:24.474+00:00","yes","yes","low","22","yes","","404 (no DB route yet)","moderate body; meta complete"
"2eee1f2e-6e77-4cba-a168-d19c80ea52fb","compare-scholarship-trust-signals-school-awards","How to Compare Scholarship Trust Signals Across School Student Awards","/resources/compare-scholarship-trust-signals-school-awards","1237","8328","2026-04-08T13:09:07.163+00:00","yes","yes","medium","22","yes","","404 (no DB route yet)","moderate body; meta complete"
"514224ac-c04c-4e92-8b53-4832b71f1fcb","usa-scholarships-pediatric-care-students","Top Scholarships in the USA for Students Interested in Pediatric Care","/resources/usa-scholarships-pediatric-care-students","1128","7779","2026-04-08T12:47:59.991+00:00","yes","yes","low","22","yes","","404 (no DB route yet)","moderate body; meta complete"
"85df5e78-52ee-459b-8ebd-72d624a55116","compare-scholarship-trust-signals-need-based-awards","How to Compare Scholarship Trust Signals Across Need-Based Awards","/resources/compare-scholarship-trust-signals-need-based-awards","1122","7696","2026-04-08T12:37:59.342+00:00","yes","yes","low","22","yes","","404 (no DB route yet)","moderate body; meta complete"
"22fe37ad-6144-4209-84bd-d2854a8ecf52","nonprofits-usa-scholarship-transparency","How Nonprofits in the USA Demonstrate Scholarship Transparency","/resources/nonprofits-usa-scholarship-transparency","1256","9116","2026-04-08T12:27:32.906+00:00","yes","yes","medium","22","yes","","404 (no DB route yet)","moderate body; meta complete"
"84f4f040-400a-40cb-ab1c-63ac7bd81eaa","best-psychology-scholarships-school-students-usa","Top Scholarships for School Students Interested in Psychology in the USA","/resources/best-psychology-scholarships-school-students-usa","1197","8473","2026-04-08T12:13:23.436+00:00","yes","yes","low","22","yes","","404 (no DB route yet)","moderate body; meta complete"
"424326d5-b2bb-4934-a1f1-4c82d8dc29d4","summer-semester-scholarships-usa-college-students","Top Scholarships in the USA for College Students Attending Summer Semesters","/resources/summer-semester-scholarships-usa-college-students","1201","7792","2026-04-08T10:51:52.385+00:00","yes","yes","medium","22","yes","","404 (no DB route yet)","moderate body; meta complete"
"22bfdece-a140-4dc5-b2b0-c3ee5882e10a","best-scholarships-usa-middle-east-students","Best Scholarships in the USA for Students from the Middle East in 2024","/resources/best-scholarships-usa-middle-east-students","1099","7218","2026-04-08T10:30:47.632+00:00","yes","yes","low","22","yes","","404 (no DB route yet)","moderate body; meta complete"
"14492a45-72b4-48ab-a2fd-a19d36cac5bd","scholarships-rural-school-students-usa","Top Scholarships for School Students in Rural Communities in the USA","/resources/scholarships-rural-school-students-usa","1134","7573","2026-04-08T10:17:52.937+00:00","yes","yes","low","22","yes","","404 (no DB route yet)","moderate body; meta complete"
"4fee64f7-4a14-488e-9d0f-5085453e9394","prepare-scholarship-portfolios-architecture-programs","How to Prepare Scholarship Portfolios for Architecture Programs","/resources/prepare-scholarship-portfolios-architecture-programs","1081","6773","2026-04-08T10:08:53.791624+00:00","yes","yes","low","22","yes","","404 (no DB route yet)","moderate body; meta complete"
"570d17c2-c677-4271-a98c-99534bf055af","personal-statement-mistakes-international-students","Top Scholarship Personal Statement Mistakes International Students Make and How to Avoid Them","/resources/personal-statement-mistakes-international-students","1412","8549","2026-04-08T10:06:11.699997+00:00","yes","yes","medium","22","yes","","404 (no DB route yet)","moderate body; meta complete"
"9ab18451-137c-44b7-9019-696a52ef56f9","nigerian-students-scholarships-usa","How Nigerian School Students Can Get Scholarships in the USA","/resources/nigerian-students-scholarships-usa","1048","6857","2026-04-08T10:06:11.699997+00:00","yes","yes","low","22","yes","","404 (no DB route yet)","moderate body; meta complete"
"13aea975-3813-4a51-b651-abe986fc81ad","prepare-scholarship-portfolios-film-programs","How to Prepare Scholarship Portfolios for Film Programs: A Complete Guide","/resources/prepare-scholarship-portfolios-film-programs","1206","7334","2026-04-08T09:55:11.860245+00:00","yes","yes","medium","22","yes","","404 (no DB route yet)","moderate body; meta complete"
"3cd74a9f-8a3e-40f3-b26b-22ddc6726552","best-scholarship-appeal-letter-examples-after-funding-loss","Best Scholarship Appeal Letter Examples After Funding Loss","/resources/best-scholarship-appeal-letter-examples-after-funding-loss","1058","6441","2026-04-08T09:55:11.860245+00:00","yes","yes","low","22","yes","","404 (no DB route yet)","moderate body; meta complete"
"3d7bab2c-c3e3-423d-be36-b9173a88101f","scholarship-scam-red-flags-fake-university-reps","Scholarship Scam Red Flags: How to Identify Fake University Representatives","/resources/scholarship-scam-red-flags-fake-university-reps","1240","7884","2026-04-08T09:55:11.860245+00:00","yes","yes","medium","22","yes","","404 (no DB route yet)","moderate body; meta complete"
"643dce6a-c908-4529-8cb4-a6c9877fe7da","scholarship-trust-signals-international-offices","Scholarship Trust Signals International Offices Should Look For","/resources/scholarship-trust-signals-international-offices","1021","7055","2026-04-08T09:55:11.860245+00:00","yes","yes","low","22","yes","","404 (no DB route yet)","moderate body; meta complete"
"82f33c77-2dae-4def-9b81-5645a0e1bf8e","scholarships-indian-school-students-usa","How Indian School Students Can Get Scholarships to Study in the USA","/resources/scholarships-indian-school-students-usa","1229","7912","2026-04-08T09:55:11.860245+00:00","yes","yes","medium","22","yes","","404 (no DB route yet)","moderate body; meta complete"
"5a854a93-728e-4f2c-9328-aa6ba27682dc","grants-usa-graduate-students-building-labs","Top Grants in the USA for Graduate Students Building Labs","/resources/grants-usa-graduate-students-building-labs","1290","8320","2026-04-08T09:55:11.860245+00:00","yes","yes","medium","22","yes","","404 (no DB route yet)","moderate body; meta complete"
"655b1db2-1016-480f-812c-5578e785a17a","usa-scholarships-for-filmmaking-students","Top Scholarships in the USA for Students Interested in Filmmaking","/resources/usa-scholarships-for-filmmaking-students","1080","7041","2026-04-08T09:55:11.860245+00:00","yes","yes","low","22","yes","","404 (no DB route yet)","moderate body; meta complete"
"b4e5f724-908e-4a0e-84e3-1f6137505ac0","read-scholarship-academic-progress-rules-before-enrolling","How to Read Scholarship Academic Progress Rules Before Enrolling","/resources/read-scholarship-academic-progress-rules-before-enrolling","1224","7859","2026-04-08T09:55:11.860245+00:00","yes","yes","medium","22","yes","","404 (no DB route yet)","moderate body; meta complete"
"958f1f7f-1eb8-4f82-a66c-6bce4856b4c3","scholarship-programs-transparent-selection-criteria","How Scholarship Programs Publish Selection Criteria Transparently","/resources/scholarship-programs-transparent-selection-criteria","1002","6838","2026-04-08T09:55:11.860245+00:00","yes","yes","low","22","yes","","404 (no DB route yet)","moderate body; meta complete"
"d5ea6ecf-ce15-40eb-ba47-ff7b000464fd","compare-scholarship-trust-signals-universities","How to Compare Scholarship Trust Signals Across Universities","/resources/compare-scholarship-trust-signals-universities","1231","7845","2026-04-08T09:55:11.860245+00:00","yes","yes","medium","22","yes","","404 (no DB route yet)","moderate body; meta complete"
"10558ef7-051c-4b6b-a85c-92c5845aac2d","find-trusted-scholarships-usa-international-students","How to Find Trusted Scholarships in the USA for International Students","/resources/find-trusted-scholarships-usa-international-students","1161","7620","2026-04-08T09:55:11.860245+00:00","yes","yes","low","22","yes","","404 (no DB route yet)","moderate body; meta complete"
"8223119b-076f-4cd4-b220-66a6aa3b83f4","best-scholarships-texas-international-students","Best Scholarships in Texas for International Students: 2024 Guide","/resources/best-scholarships-texas-international-students","1110","7418","2026-04-08T09:14:46.166+00:00","yes","yes","low","22","yes","","404 (no DB route yet)","moderate body; meta complete"
"b63a1c46-370e-4163-b4ad-e941b54fb2ce","scholarship-portfolio-mistakes-creative-students","Top Scholarship Portfolio Mistakes Creative Students Make and How to Avoid Them","/resources/scholarship-portfolio-mistakes-creative-students","1150","7175","2026-04-07T00:00:59.688+00:00","yes","yes","low","22","yes","","404 (no DB route yet)","moderate body; meta complete"
"ac2d85da-4814-4ef3-99b7-f033e968b4d1","compare-scholarship-offers-usa-students","How School Students Can Compare Scholarship Offers in the USA","/resources/compare-scholarship-offers-usa-students","1282","7946","2026-04-06T09:01:45.228+00:00","yes","yes","medium","22","yes","","404 (no DB route yet)","moderate body; meta complete"
"e81560e2-5966-49a8-8d6b-1376256c91d3","best-scholarship-interview-answers-common-questions","Best Scholarship Interview Answers for Common Questions","/resources/best-scholarship-interview-answers-common-questions","1201","7070","2026-04-06T00:02:50.004+00:00","yes","yes","medium","22","yes","","404 (no DB route yet)","moderate body; meta complete"
"7c3fdb37-7345-4bb1-9141-aaef1d47de75","scholarship-trust-signals-in-emails","Scholarship Trust Signals in Scholarship Emails: How to Identify Legitimate Opportunities","/resources/scholarship-trust-signals-in-emails","1342","8343","2026-04-05T18:00:44.074+00:00","yes","yes","medium","22","yes","","404 (no DB route yet)","moderate body; meta complete"
"dd0c3661-2efc-47ce-9f5f-ea34c2ca3cb1","fix-mistakes-scholarship-application","What to Do After Making a Mistake in a Scholarship Application","/resources/fix-mistakes-scholarship-application","1338","8009","2026-04-04T13:02:53.603+00:00","yes","yes","medium","22","yes","","404 (no DB route yet)","moderate body; meta complete"
"25670d8e-9091-4d09-84f7-3d2c37e51ec1","keep-scholarship-after-major-change-usa","How to Keep a Scholarship in the USA After Changing Your Major","/resources/keep-scholarship-after-major-change-usa","1211","7484","2026-04-04T00:00:42.511+00:00","yes","yes","medium","22","yes","","404 (no DB route yet)","moderate body; meta complete"
"5d644a5c-5413-44e5-a97d-bcaeb4e17988","best-agriculture-scholarships-school-students-usa","Best Scholarships for School Students Interested in Agriculture in the USA","/resources/best-agriculture-scholarships-school-students-usa","1051","7072","2026-04-03T23:07:06.669061+00:00","yes","yes","low","22","yes","","404 (no DB route yet)","moderate body; meta complete"
"5027742c-28a5-47b5-bf92-fa34ba96a6a5","us-engineering-scholarships-no-experience","Top Scholarships in the USA for Engineering Students Without Experience","/resources/us-engineering-scholarships-no-experience","1095","7360","2026-04-03T23:07:06.669061+00:00","yes","yes","low","22","yes","","404 (no DB route yet)","moderate body; meta complete"
"8a97fac4-0e95-44f7-9d90-91d659c65fd0","fully-funded-scholarships-usa-monthly-stipend","Top Fully Funded Scholarships in the USA Offering Monthly Stipends","/resources/fully-funded-scholarships-usa-monthly-stipend","1217","7995","2026-04-03T23:07:06.669061+00:00","yes","yes","medium","22","yes","","404 (no DB route yet)","moderate body; meta complete"
"60150db8-d140-42eb-8107-458594cb9e71","last-minute-scholarships-usa-open-now","Last Minute Scholarships in the USA Still Open Now","/resources/last-minute-scholarships-usa-open-now","1090","6790","2026-04-03T23:07:06.669061+00:00","yes","yes","low","22","yes","","404 (no DB route yet)","moderate body; meta complete"
"572ef604-167e-46e5-8d02-f05f8dc12edb","spot-fake-scholarship-urgency-messages","How to Spot Fake Scholarship Urgency Messages: Protect Yourself from Scams","/resources/spot-fake-scholarship-urgency-messages","1078","6626","2026-04-03T23:07:06.669061+00:00","yes","yes","low","22","yes","","404 (no DB route yet)","moderate body; meta complete"
"0a470ec2-2f0a-403b-a460-791380af43b5","best-long-tail-scholarship-topics-counselors-2026","Best Long Tail Scholarship Topics for Counselors in 2026","/resources/best-long-tail-scholarship-topics-counselors-2026","1110","7349","2026-04-03T23:07:06.669061+00:00","yes","yes","low","22","yes","","404 (no DB route yet)","moderate body; meta complete"
"4400ebd8-8c4b-4784-8d02-b0067d53a633","parent-support-transfer-students-scholarships","How Parents Can Support Transfer Students Seeking Scholarships","/resources/parent-support-transfer-students-scholarships","1275","8391","2026-04-03T23:07:06.669061+00:00","yes","yes","medium","22","yes","","404 (no DB route yet)","moderate body; meta complete"
"a555d1c9-3da0-47a0-98cb-c46803fa334f","usa-scholarships-no-sat-act","Top Scholarships in the USA That Do Not Require SAT or ACT Scores","/resources/usa-scholarships-no-sat-act","1110","7519","2026-04-03T20:01:10.978+00:00","yes","yes","low","22","yes","","404 (no DB route yet)","moderate body; meta complete"
"2a89c445-c436-45a7-a135-4cf7c8cc688e","no-essay-scholarships-usa-students","Top No Essay Scholarships in the USA for Students","/resources/no-essay-scholarships-usa-students","1318","8325","2026-04-03T19:20:56.355+00:00","yes","yes","medium","22","yes","","404 (no DB route yet)","moderate body; meta complete"
"ab814e41-41c7-4aef-bc8c-7bc75522e38e","us-scholarship-application-timeline","Timeline for US Scholarship Applications: Key Dates & Deadlines","/resources/us-scholarship-application-timeline","1411","8608","2026-04-03T19:01:36.802+00:00","yes","yes","medium","22","yes","","404 (no DB route yet)","moderate body; meta complete"
"69f3013c-c24d-4509-8c1d-0f6f82347c93","find-scholarships-usa-match-profile","How to Find Scholarships in the USA That Match Your Profile","/resources/find-scholarships-usa-match-profile","1167","7237","2026-04-03T18:40:06.019+00:00","yes","yes","low","22","yes","","404 (no DB route yet)","moderate body; meta complete"
"2a451a30-a1f7-42c5-9d1b-ea203076ecb4","fully-funded-vs-partial-scholarships-usa","Fully Funded vs Partial Scholarships in the USA: What You Need to Know","/resources/fully-funded-vs-partial-scholarships-usa","1287","8475","2026-04-03T18:23:16.569+00:00","yes","yes","medium","22","yes","","404 (no DB route yet)","moderate body; meta complete"
"c8f32f30-646c-4010-be3a-26131646bc90","usa-vs-canada-scholarships-which-is-better","USA vs Canada Scholarships: Which Is Better for International Students?","/resources/usa-vs-canada-scholarships-which-is-better","1320","8970","2026-04-03T18:20:07.698+00:00","yes","yes","medium","22","yes","","404 (no DB route yet)","moderate body; meta complete"
"e562cdca-9aaf-4578-9bb2-cce176206b2c","scholarships-minority-students-usa","Comprehensive Guide to Scholarships for Minority Students in the USA","/resources/scholarships-minority-students-usa","1157","7789","2026-04-03T18:15:18.977+00:00","yes","yes","low","22","yes","","404 (no DB route yet)","moderate body; meta complete"
"974f3f62-2154-43fc-84ee-17d3b1933fd8","how-international-students-can-study-in-usa-for-free","A Complete Guide for International Students on How to Study in the USA for Free","/resources/how-international-students-can-study-in-usa-for-free","1285","8438","2026-04-03T18:10:09.843+00:00","yes","yes","medium","22","yes","","404 (no DB route yet)","moderate body; meta complete"
"51818899-d227-4c7a-8c29-2708996f80de","scholarships-in-usa-without-ielts","Can You Get Scholarships in the USA Without IELTS?","/resources/scholarships-in-usa-without-ielts","1057","6849","2026-04-03T18:05:32.007+00:00","yes","yes","low","22","yes","","404 (no DB route yet)","moderate body; meta complete"
"6a40217d-89a0-48a9-b8e4-8b9dfb590b35","who-can-apply-us-scholarships","Who Can Apply for US Scholarships: Eligibility and Requirements","/resources/who-can-apply-us-scholarships","1218","8474","2026-04-03T18:00:20.042+00:00","yes","yes","medium","22","yes","","404 (no DB route yet)","moderate body; meta complete"
"0594afb9-e626-43ad-961c-37adfd217a48","scholarships-vs-financial-aid-usa","Scholarships vs Financial Aid in the USA: Understanding the Differences and Benefits","/resources/scholarships-vs-financial-aid-usa","1189","7804","2026-04-03T17:55:19.703+00:00","yes","yes","low","22","yes","","404 (no DB route yet)","moderate body; meta complete"
"cad12b34-1994-491a-a09b-62943941a324","grants-vs-scholarships-usa","Grants vs Scholarships in the USA: Understanding the Key Differences","/resources/grants-vs-scholarships-usa","1397","8628","2026-04-03T17:53:15.614+00:00","yes","yes","medium","22","yes","","404 (no DB route yet)","moderate body; meta complete"
"173b9b34-8ad3-4a6d-812c-a91202b8496c","when-to-apply-for-scholarships-usa","When to Apply for Scholarships in the USA: Key Timelines and Tips","/resources/when-to-apply-for-scholarships-usa","1009","6564","2026-04-03T17:50:19.267+00:00","yes","yes","low","22","yes","","404 (no DB route yet)","moderate body; meta complete"
"82fb1c6d-5e6b-4d56-9d97-c43afe3c8022","scholarships-cover-living-expenses-usa","Can Scholarships Cover Living Expenses in the USA? A Complete Guide","/resources/scholarships-cover-living-expenses-usa","1156","7155","2026-04-03T17:30:21.381+00:00","yes","yes","low","22","yes","","404 (no DB route yet)","moderate body; meta complete"
"09bf8d29-fd9a-4262-a499-eacfce493ea7","why-students-get-rejected-us-scholarships","Why Students Get Rejected from US Scholarships and How to Avoid It","/resources/why-students-get-rejected-us-scholarships","1278","8144","2026-04-03T17:25:26.396+00:00","yes","yes","medium","22","yes","","404 (no DB route yet)","moderate body; meta complete"
"2ce14822-528e-4731-9afb-6b6a408069ed","write-personal-statement-us-scholarships","How to Write a Personal Statement for US Scholarships: A Complete Guide","/resources/write-personal-statement-us-scholarships","1145","6892","2026-04-03T17:20:27.08+00:00","yes","yes","low","22","yes","","404 (no DB route yet)","moderate body; meta complete"
"170d6af0-6dc7-42ab-a53b-fe459c186ba0","how-scholarships-work-us-universities","How Scholarships Work in US Universities: A Complete Guide","/resources/how-scholarships-work-us-universities","1518","10049","2026-04-03T17:00:18.936+00:00","yes","yes","medium","22","yes","","404 (no DB route yet)","moderate body; meta complete"
"7d338bef-d8e6-4b60-b921-34d0b4e6a9d0","common-mistakes-applying-scholarships-usa","Common Mistakes When Applying for Scholarships in the USA","/resources/common-mistakes-applying-scholarships-usa","1188","7902","2026-04-03T16:58:19.564+00:00","yes","yes","low","22","yes","","404 (no DB route yet)","moderate body; meta complete"
"3bbdc2f8-d7dd-43c4-9d6d-a0a052beb946","fully-funded-scholarship-usa","What Is a Fully Funded Scholarship in the USA?","/resources/fully-funded-scholarship-usa","1189","7675","2026-04-03T15:59:43.58+00:00","yes","yes","low","22","yes","","404 (no DB route yet)","moderate body; meta complete"
"8634157d-6ec0-438f-a2bf-99f665e09bf1","best-way-to-find-scholarships-international-student-usa-2026","Finding Scholarships for International Students in the USA: A Comprehensive Guide for 2026","/resources/best-way-to-find-scholarships-international-student-usa-2026","628","4944","2026-04-25T13:37:09.282+00:00","yes","yes","low","14","yes","","404 (no DB route yet)","acceptable body; meta complete"
"49650024-f908-4460-b708-989c5f2222b7","scholarship-search-tools-for-f1-students","Essential Scholarship Search Tools for F-1 Students","/resources/scholarship-search-tools-for-f1-students","763","5526","2026-04-25T13:36:35.233+00:00","yes","yes","low","14","yes","","404 (no DB route yet)","acceptable body; meta complete"
"7417fe40-a02b-4d4f-b43c-b18126673867","scholarships-com-alternatives-for-international-students","Exploring Alternatives to Scholarships.com for International Students","/resources/scholarships-com-alternatives-for-international-students","691","4988","2026-04-25T13:35:47.391+00:00","yes","yes","low","14","yes","","404 (no DB route yet)","acceptable body; meta complete"
"2f4c7e53-feb2-40a0-8ee4-caf06f4c3931","scholarshiptop-vs-fastweb-international-students","Comparing ScholarshipTop and Fastweb for International Students","/resources/scholarshiptop-vs-fastweb-international-students","639","4747","2026-04-25T13:34:49.814+00:00","yes","yes","low","14","yes","","404 (no DB route yet)","acceptable body; meta complete"
"f1a3a0df-2f87-4193-8df9-891dceb2e8f5","best-scholarship-sites-for-international-students","Top Scholarship Websites for International Students: A Comprehensive Comparison","/resources/best-scholarship-sites-for-international-students","664","4959","2026-04-25T13:34:00.767+00:00","yes","yes","low","14","yes","","404 (no DB route yet)","acceptable body; meta complete"
"551c09eb-fc7c-4efd-9471-4683df15f853","do-scholarships-affect-f1-visa-status","Understanding the Impact of Scholarships on F-1 Visa Status","/resources/do-scholarships-affect-f1-visa-status","662","4744","2026-04-25T13:32:39.831+00:00","yes","yes","low","14","yes","","404 (no DB route yet)","acceptable body; meta complete"
"6981f933-e73e-416c-8860-7e452dc612fd","scholarship-application-tips-international-students","Essential Scholarship Application Tips for International Students","/resources/scholarship-application-tips-international-students","716","5175","2026-04-25T13:27:31.198+00:00","yes","yes","low","14","yes","","404 (no DB route yet)","acceptable body; meta complete"
"86eeaee2-1a5f-4ebd-bc9d-3d9147e04006","public-health-scholarships-for-international-students-usa","Comprehensive Guide to Public Health Scholarships for International Students in the USA","/resources/public-health-scholarships-for-international-students-usa","637","4981","2026-04-25T13:22:12.248+00:00","yes","yes","low","14","yes","","404 (no DB route yet)","acceptable body; meta complete"
"d6f4b52a-d936-4a24-a310-91c15f661c8a","nursing-scholarships-for-international-students-usa","Comprehensive Guide to Nursing Scholarships for International Students in the USA","/resources/nursing-scholarships-for-international-students-usa","627","4920","2026-04-25T13:21:52.1+00:00","yes","yes","low","14","yes","","404 (no DB route yet)","acceptable body; meta complete"
"ee36ae81-c994-4db8-b47a-27500b794c20","medical-scholarships-for-international-students-usa","A Comprehensive Guide to Medical Scholarships for International Students in the USA","/resources/medical-scholarships-for-international-students-usa","679","5319","2026-04-25T13:21:33.518+00:00","yes","yes","low","14","yes","","404 (no DB route yet)","acceptable body; meta complete"
"1b1accda-c9bd-4685-83dd-de6c396dc308","no-essay-scholarships-usa-international-students","No Essay Scholarships in the USA for International Students: Real Options to Apply For","/resources/no-essay-scholarships-usa-international-students","999","6405","2026-04-24T16:46:26.715+00:00","yes","yes","low","14","yes","","404 (no DB route yet)","acceptable body; meta complete"
"d40e5b65-849b-4840-a293-ceb53cbc46da","find-scholarships-usa-june-deadlines","How to Find Scholarships in the USA by Deadline Month: June","/resources/find-scholarships-usa-june-deadlines","981","6019","2026-04-24T16:40:36.306+00:00","yes","yes","low","14","yes","","404 (no DB route yet)","acceptable body; meta complete"
"3f0141d2-73fe-4c3b-bb72-7c8c03de8d1e","scholarships-pakistani-students-usa","Scholarships for Pakistani Students in the USA: Verified Funding Options","/resources/scholarships-pakistani-students-usa","883","5837","2026-04-24T16:33:08.894+00:00","yes","yes","low","14","yes","","404 (no DB route yet)","acceptable body; meta complete"
"47bd4e6c-5ef0-41f8-817d-b5141f06e8e7","scholarships-living-expenses-international-students","Scholarships That Cover Living Expenses for International Students: Best Fully Funded Options","/resources/scholarships-living-expenses-international-students","986","6468","2026-04-24T16:22:36.769+00:00","yes","yes","low","14","yes","","404 (no DB route yet)","acceptable body; meta complete"
"3f1c7827-d478-480c-85f5-955a3b9792c9","community-college-scholarships-international-students","Scholarships for International Students at Community Colleges: What to Know","/resources/community-college-scholarships-international-students","985","6180","2026-04-24T16:19:28.188+00:00","yes","yes","low","14","yes","","404 (no DB route yet)","acceptable body; meta complete"
"65c93fb2-f6d9-4b62-b811-b23fb403bdc1","daca-students-international-student-scholarships","Can DACA Students Apply for the Same Scholarships as International Students?","/resources/daca-students-international-student-scholarships","984","6458","2026-04-24T16:18:03.331+00:00","yes","yes","low","14","yes","","404 (no DB route yet)","acceptable body; meta complete"
"b06c3029-80bf-4b5e-a869-228e776b7242","law-scholarships-international-students-usa","Scholarships for International Students Studying Law in the USA","/resources/law-scholarships-international-students-usa","990","6113","2026-04-24T16:16:30.387+00:00","yes","yes","low","14","yes","","404 (no DB route yet)","acceptable body; meta complete"
"d3d0f308-1e3f-4f9a-942f-bbfe3e9dcd48","merit-based-scholarships-international-students-usa","Merit-Based Scholarships for International Students in the USA: Real Options and How to Qualify","/resources/merit-based-scholarships-international-students-usa","950","6137","2026-04-24T16:13:27.692+00:00","yes","yes","low","14","yes","","404 (no DB route yet)","acceptable body; meta complete"
"4e77f901-0662-47c2-b8a1-2877925efc5c","international-students-scholarships-usa","Can International Students Apply for Scholarships in the USA?","/resources/international-students-scholarships-usa","959","6199","2026-04-24T16:07:18.115+00:00","yes","yes","low","14","yes","","404 (no DB route yet)","acceptable body; meta complete"
"4c7317a6-e987-4b75-afd2-8a4aa4b6a70f","apply-10-scholarships-a-month-international-student","How to Apply to 10 Scholarships a Month as an International Student","/resources/apply-10-scholarships-a-month-international-student","997","6035","2026-04-24T16:04:30.686+00:00","yes","yes","low","14","yes","","404 (no DB route yet)","acceptable body; meta complete"
"cad20787-6360-465c-ab08-ef143bf3e926","latin-america-scholarships-usa","Scholarships for Students from Latin America in the USA: Real Funding Options and How to Apply","/resources/latin-america-scholarships-usa","981","6383","2026-04-24T16:01:40.577+00:00","yes","yes","low","14","yes","","404 (no DB route yet)","acceptable body; meta complete"
"00594ace-e307-49e8-9e9d-34094c91d94f","international-student-scholarships-november-deadlines","Scholarships for International Students With Deadlines in November","/resources/international-student-scholarships-november-deadlines","962","6415","2026-04-24T15:52:58.893+00:00","yes","yes","low","14","yes","","404 (no DB route yet)","acceptable body; meta complete"
"593ba791-46ae-4ff5-a8d6-3dbc88b4a09a","state-university-scholarships-international-students","Scholarships for International Students at State Universities: Where to Look and How to Apply","/resources/state-university-scholarships-international-students","957","6548","2026-04-24T15:50:05.207+00:00","yes","yes","low","14","yes","","404 (no DB route yet)","acceptable body; meta complete"
"00aee7cc-d9fc-4028-aacc-0be16097e152","apply-for-scholarships-from-home-country","How to Apply for Scholarships From Your Home Country: Step-by-Step Guide","/resources/apply-for-scholarships-from-home-country","994","6228","2026-04-24T15:25:41.693+00:00","yes","yes","low","14","yes","","404 (no DB route yet)","acceptable body; meta complete"
"7e64a76a-16be-4616-8d4a-ecce3f3e16be","asian-development-bank-scholarships-international-students","Asian Development Bank Scholarships for International Students: ADB-JSP Guide","/resources/asian-development-bank-scholarships-international-students","989","6333","2026-04-24T15:24:13.529+00:00","yes","yes","low","14","yes","","404 (no DB route yet)","acceptable body; meta complete"
"791d3837-6974-4833-951e-665b3d075caa","find-scholarships-international-student-step-by-step","How to Find Scholarships as an International Student Step by Step","/resources/find-scholarships-international-student-step-by-step","932","6094","2026-04-24T15:22:44.18+00:00","yes","yes","low","14","yes","","404 (no DB route yet)","acceptable body; meta complete"
"01f616ca-51ed-40ec-9dd0-2c95d86acf11","ford-foundation-fellowship-international-students","Ford Foundation Fellowship for International Students: Eligibility, Limits, and Alternatives","/resources/ford-foundation-fellowship-international-students","981","6480","2026-04-24T15:21:13.151+00:00","yes","yes","low","14","yes","","404 (no DB route yet)","acceptable body; meta complete"
"d78d3004-12ab-4d26-a235-f359dcc3a497","unesco-fellowships-international-students","UNESCO Fellowships for International Students: What to Know and How to Apply","/resources/unesco-fellowships-international-students","979","6361","2026-04-24T15:14:46.999+00:00","yes","yes","low","14","yes","","404 (no DB route yet)","acceptable body; meta complete"
"947435ab-ac44-422c-b18f-ddaa0ccdb81b","scholarships-cameroonian-students-usa","Scholarships for Cameroonian Students in the USA: Verified Funding Options","/resources/scholarships-cameroonian-students-usa","983","6446","2026-04-24T15:06:00.445+00:00","yes","yes","low","14","yes","","404 (no DB route yet)","acceptable body; meta complete"
"d269be7b-c8a3-481c-bfc0-6906b7dcb7f3","apply-scholarships-international-student-usa","How to Apply for Scholarships as an International Student in the USA","/resources/apply-scholarships-international-student-usa","981","6217","2026-04-24T15:04:41.517+00:00","yes","yes","low","14","yes","","404 (no DB route yet)","acceptable body; meta complete"
"2b1af0a6-cc7d-4f2c-8c72-d60ca6e49c63","who-scholarships-international-public-health-students","WHO Scholarships for International Public Health Students: Real Funding Options and Alternatives","/resources/who-scholarships-international-public-health-students","948","6132","2026-04-24T15:01:49.583+00:00","yes","yes","low","14","yes","","404 (no DB route yet)","acceptable body; meta complete"
"ef663670-03bb-44f3-b495-ef102e1583b2","international-students-financial-aid-us-universities","Can International Students Get Financial Aid at US Universities?","/resources/international-students-financial-aid-us-universities","985","6111","2026-04-24T14:58:58.034+00:00","yes","yes","low","14","yes","","404 (no DB route yet)","acceptable body; meta complete"
"a4aec3d4-10c0-4d6b-9f89-e76e6238d771","scholarships-chinese-students-usa","Scholarships for Chinese Students in the USA: Best Funding Options and How to Apply","/resources/scholarships-chinese-students-usa","964","6211","2026-04-24T14:54:42.396+00:00","yes","yes","low","14","yes","","404 (no DB route yet)","acceptable body; meta complete"
"fecd2d87-589a-474b-85f1-6b099f1d7766","international-student-scholarship-application-mistakes","Common Mistakes International Students Make on Scholarship Applications","/resources/international-student-scholarship-application-mistakes","943","5988","2026-04-24T14:51:45.288+00:00","yes","yes","low","14","yes","","404 (no DB route yet)","acceptable body; meta complete"
"bda506d1-fb8c-49f3-ba44-7c6a49e6b0fd","international-phd-scholarships-usa","Scholarships for International PhD Students in the USA: Funding Options and How to Apply","/resources/international-phd-scholarships-usa","993","6394","2026-04-24T14:39:08.116+00:00","yes","yes","low","14","yes","","404 (no DB route yet)","acceptable body; meta complete"
"9119e33b-cd67-4457-b605-3a8b80a3c728","aga-khan-foundation-scholarship-international-students","Aga Khan Foundation Scholarship for International Students: Eligibility, Benefits, and How to Apply","/resources/aga-khan-foundation-scholarship-international-students","933","5665","2026-04-24T14:34:38.098+00:00","yes","yes","low","14","yes","","404 (no DB route yet)","acceptable body; meta complete"
"a3da4d1c-884e-4b6c-ae59-aedf8b276b65","mastercard-foundation-scholars-program","Mastercard Foundation Scholars Program: Eligibility, Benefits, Partner Universities, and How to Apply","/resources/mastercard-foundation-scholars-program","972","6119","2026-04-24T14:21:59.563+00:00","yes","yes","low","14","yes","","404 (no DB route yet)","acceptable body; meta complete"
"ee6a6e74-2942-4296-a6dd-b57522f846d6","scholarships-f1-visa-holders-usa","Scholarships for F1 Visa Holders in the USA: Where to Find Funding","/resources/scholarships-f1-visa-holders-usa","940","6159","2026-04-24T14:13:51.272+00:00","yes","yes","low","14","yes","","404 (no DB route yet)","acceptable body; meta complete"
"695b91b7-8c1e-48b8-9825-a8b9fb710b9f","scholarships-international-women-usa","Scholarships for International Women Studying in the USA: Real Funding Options","/resources/scholarships-international-women-usa","778","5275","2026-04-23T12:43:36.147+00:00","yes","yes","low","14","yes","","404 (no DB route yet)","acceptable body; meta complete"
"a38ca5fc-cce4-469c-a707-57191e75aef7","trusted-renewable-scholarships-usa-college-students","Trusted Renewable Scholarships in the USA for College Students","/resources/trusted-renewable-scholarships-usa-college-students","976","6245","2026-04-08T09:55:11.860245+00:00","yes","yes","low","14","yes","","404 (no DB route yet)","acceptable body; meta complete"
"36d26ba7-8ece-4985-8022-604c3d78b00c","grants-usa-graduate-social-sciences","Top Grants in the USA for Graduate Students in Social Sciences","/resources/grants-usa-graduate-social-sciences","987","6535","2026-04-08T09:55:11.860245+00:00","yes","yes","low","14","yes","","404 (no DB route yet)","acceptable body; meta complete"
"33318c10-8289-4fac-b1b4-80426575c635","spot-fake-scholarship-acceptance-letters","How to Spot Fake Scholarship Acceptance Letters: A Step-by-Step Guide","/resources/spot-fake-scholarship-acceptance-letters","997","6366","2026-04-08T09:55:11.860245+00:00","yes","yes","low","14","yes","","404 (no DB route yet)","acceptable body; meta complete"
"a7a6c9eb-c8b3-480f-a1f7-cf32e6ed7aec","create-scholarship-deadline-roundup-pages","How to Create Scholarship Deadline Roundup Pages That Rank","/resources/create-scholarship-deadline-roundup-pages","946","6139","2026-04-08T00:00:38.91+00:00","yes","yes","low","14","yes","","404 (no DB route yet)","acceptable body; meta complete"
"710d402f-9350-41ad-bb0b-21765d27def2","compare-scholarship-trust-signals-international-awards","How to Compare Scholarship Trust Signals Across International Awards","/resources/compare-scholarship-trust-signals-international-awards","950","6368","2026-04-07T09:04:42.687+00:00","yes","yes","low","14","yes","","404 (no DB route yet)","acceptable body; meta complete"
"36a6cf17-fb2a-4107-8a20-8391405afbd1","trusted-scholarship-newsletters-usa","Top Trusted Scholarship Newsletters in the USA Worth Subscribing To","/resources/trusted-scholarship-newsletters-usa","833","5454","2026-04-06T18:03:01.691+00:00","yes","yes","low","14","yes","","404 (no DB route yet)","acceptable body; meta complete"
"235b73ba-3504-47d1-91fb-4d7dadec5617","hidden-scholarships-usa-missed-by-students","Hidden Scholarships in the USA Most Students Miss","/resources/hidden-scholarships-usa-missed-by-students","965","6025","2026-04-03T23:07:06.669061+00:00","yes","yes","low","14","yes","","404 (no DB route yet)","acceptable body; meta complete"
"5def8814-0569-4a83-98e2-1514a6f0bc46","scholarship-trust-signals-interviews","How to Demonstrate Scholarship Trust Signals in Scholarship Interviews","/resources/scholarship-trust-signals-interviews","990","6285","2026-04-03T23:07:06.669061+00:00","yes","yes","low","14","yes","","404 (no DB route yet)","acceptable body; meta complete"
"50caa161-b555-40d3-9fb0-5167ac16caea","easy-scholarships-usa-high-acceptance","Easy Scholarships in the USA with High Acceptance Rates","/resources/easy-scholarships-usa-high-acceptance","965","6189","2026-04-03T19:41:08.129+00:00","yes","yes","low","14","yes","","404 (no DB route yet)","acceptable body; meta complete"
"1e54ba3a-951b-47eb-8640-9c5040acf6bf","increase-chances-getting-scholarships-usa","How to Increase Your Chances of Getting Scholarships in the USA","/resources/increase-chances-getting-scholarships-usa","991","6419","2026-04-03T17:35:31.741+00:00","yes","yes","low","14","yes","","404 (no DB route yet)","acceptable body; meta complete"
"6d30c147-c2a9-4437-9a83-e726a15df9f1","scholarship-eligibility-requirements-usa","Scholarship Eligibility Requirements in the USA Explained","/resources/scholarship-eligibility-requirements-usa","990","6871","2026-04-03T16:31:35.02+00:00","yes","yes","low","14","yes","","404 (no DB route yet)","acceptable body; meta complete"
"32fe7aaa-b568-4b47-9894-fee980520970","usa-psychology-student-scholarships","Scholarships in the USA for Psychology Students: Real Funding Options","/resources/usa-psychology-student-scholarships","2484","15804","2026-04-23T12:20:08.66059+00:00","yes","yes","medium","12","yes","","404 (no DB route yet)","substantial body; meta complete; narrow listicle page"
"838251b0-b376-411d-ae5c-026dcc86235f","scholarships-usa-filmmakers","Scholarships in the USA for Filmmakers: Real Funding Options for Film Students","/resources/scholarships-usa-filmmakers","2288","14280","2026-04-23T12:20:08.66059+00:00","yes","yes","medium","12","yes","","404 (no DB route yet)","substantial body; meta complete; narrow listicle page"
"1344fcf0-ca27-4428-b2e6-be4f8bd38f27","usa-health-informatics-scholarships","Scholarships in the USA for Students Interested in Health Informatics","/resources/usa-health-informatics-scholarships","2346","15069","2026-04-17T10:17:14.049+00:00","yes","yes","medium","12","yes","","404 (no DB route yet)","substantial body; meta complete; narrow listicle page"
"6eff018e-157c-4cb4-a3b0-e2ffa3c429cd","usa-gifted-elementary-school-scholarships","Scholarships in the USA for Elementary School Students in Gifted Programs","/resources/usa-gifted-elementary-school-scholarships","2227","13157","2026-04-17T10:16:34.615+00:00","yes","yes","medium","12","yes","","404 (no DB route yet)","substantial body; meta complete; narrow listicle page"
"68485d23-92fe-4b13-a0dc-535f1da98130","usa-business-mba-scholarships","Scholarships in the USA for Business and MBA Students: Best Funding Options","/resources/usa-business-mba-scholarships","2078","12755","2026-04-17T10:15:55.751+00:00","yes","yes","medium","12","yes","","404 (no DB route yet)","substantial body; meta complete; narrow listicle page"
"6e6a0961-4891-42e4-b3f4-7ba923f93280","scholarships-usa-illustrators","Scholarships in the USA for Illustrators: Real Funding Options for Art Students","/resources/scholarships-usa-illustrators","2032","12673","2026-04-17T10:15:16.978+00:00","yes","yes","medium","12","yes","","404 (no DB route yet)","substantial body; meta complete; narrow listicle page"
"18ecd120-6edb-4662-8d6f-d47419fdd5a1","usa-online-college-student-scholarships","Scholarships in the USA for College Students Who Study Online","/resources/usa-online-college-student-scholarships","2299","13749","2026-04-17T10:15:04.035+00:00","yes","yes","medium","12","yes","","404 (no DB route yet)","substantial body; meta complete; narrow listicle page"
"5690c62d-44cb-4633-9002-e22d9593baa5","usa-middle-school-academic-talent-scholarships","Scholarships in the USA for Middle School Students With Academic Talent","/resources/usa-middle-school-academic-talent-scholarships","2143","13191","2026-04-17T10:13:30.27+00:00","yes","yes","medium","12","yes","","404 (no DB route yet)","substantial body; meta complete; narrow listicle page"
"bb207f96-4673-45e6-a3de-0206ce393bad","usa-actuarial-science-scholarships","Scholarships in the USA for Students Interested in Actuarial Science","/resources/usa-actuarial-science-scholarships","2166","13643","2026-04-17T10:12:38.07+00:00","yes","yes","medium","12","yes","","404 (no DB route yet)","substantial body; meta complete; narrow listicle page"
"b34e3e4b-ad21-4f69-8446-2c8c78b13e70","usa-music-student-scholarships","Scholarships in the USA for Music Students: Where to Find Funding","/resources/usa-music-student-scholarships","2146","13191","2026-04-17T10:12:25.181+00:00","yes","yes","medium","12","yes","","404 (no DB route yet)","substantial body; meta complete; narrow listicle page"
"12b6d3ac-037b-4a07-9bf3-7bd1c1c8e947","usa-basketball-scholarships","Scholarships in the USA for Basketball Players: Real Options, Eligibility, and How to Apply","/resources/usa-basketball-scholarships","2272","13699","2026-04-17T10:12:12.304+00:00","yes","yes","medium","12","yes","","404 (no DB route yet)","substantial body; meta complete; narrow listicle page"
"c562a519-d92e-46a7-b4ae-20cdd9884219","usa-college-juniors-studying-abroad-scholarships","Scholarships in the USA for College Juniors Studying Abroad: Real Funding Options","/resources/usa-college-juniors-studying-abroad-scholarships","2216","12909","2026-04-17T10:11:20.323+00:00","yes","yes","medium","12","yes","","404 (no DB route yet)","substantial body; meta complete; narrow listicle page"
"3011c177-c95d-4bd3-bd04-b5193c3ee1ca","usa-cybersecurity-law-scholarships","Scholarships in the USA for Students Interested in Cybersecurity Law","/resources/usa-cybersecurity-law-scholarships","2390","14697","2026-04-17T10:11:07.34+00:00","yes","yes","medium","12","yes","","404 (no DB route yet)","substantial body; meta complete; narrow listicle page"
"a2fcb81b-9cc5-412c-8d08-379e07b24b48","usa-phd-chemistry-scholarships","Scholarships in the USA for PhD Students in Chemistry: Funding Options and Fellowships","/resources/usa-phd-chemistry-scholarships","1921","12057","2026-04-17T10:09:49.318+00:00","yes","yes","medium","12","yes","","404 (no DB route yet)","substantial body; meta complete; narrow listicle page"
"ff0c7788-91b7-457b-8e14-5da37ec7c5f2","usa-game-design-scholarships","Scholarships in the USA for Students Interested in Game Design","/resources/usa-game-design-scholarships","2273","14159","2026-04-17T10:09:35.99+00:00","yes","yes","medium","12","yes","","404 (no DB route yet)","substantial body; meta complete; narrow listicle page"
"3b229e40-e5a3-4a4e-8c07-d32efbde8a4e","usa-economics-research-scholarships","Scholarships in the USA for Students Interested in Economics Research","/resources/usa-economics-research-scholarships","2224","13834","2026-04-17T10:09:23.048+00:00","yes","yes","medium","12","yes","","404 (no DB route yet)","substantial body; meta complete; narrow listicle page"
"f64a332d-c3ac-40b0-b3ff-672bfe9e6d23","scholarships-usa-single-mothers-college","Scholarships in the USA for Single Mothers in College: Real Funding Options","/resources/scholarships-usa-single-mothers-college","2335","13755","2026-04-17T10:07:52.311+00:00","yes","yes","medium","12","yes","","404 (no DB route yet)","substantial body; meta complete; narrow listicle page"
"04eb3ab1-14d6-413e-9af2-529de5b86221","usa-graduate-social-work-scholarships","Scholarships in the USA for Graduate Students Who Are Social Workers","/resources/usa-graduate-social-work-scholarships","2284","13932","2026-04-17T10:07:00.457+00:00","yes","yes","medium","12","yes","","404 (no DB route yet)","substantial body; meta complete; narrow listicle page"
"4aa245ef-1f36-4b4b-8941-0266255e66e9","usa-homeschool-high-school-student-scholarships","Scholarships in the USA for Homeschool High School Students: Where to Look and How to Qualify","/resources/usa-homeschool-high-school-student-scholarships","2050","12943","2026-04-17T10:06:20.934+00:00","yes","yes","medium","12","yes","","404 (no DB route yet)","substantial body; meta complete; narrow listicle page"
"18d6d065-57b9-427b-902d-60766a3744ab","scholarships-usa-singers","Scholarships in the USA for Singers: Real Opportunities for Vocal Students","/resources/scholarships-usa-singers","2219","13462","2026-04-17T10:05:54.897+00:00","yes","yes","medium","12","yes","","404 (no DB route yet)","substantial body; meta complete; narrow listicle page"
"411c332a-b0dd-47e9-af15-a66bdc932394","usa-physical-therapy-scholarships","Scholarships in the USA for Students Interested in Physical Therapy","/resources/usa-physical-therapy-scholarships","2191","13593","2026-04-17T10:05:28.51+00:00","yes","yes","medium","12","yes","","404 (no DB route yet)","substantial body; meta complete; narrow listicle page"
"f0734f2a-4df7-4094-8bc6-83b5fd71e270","usa-social-entrepreneurship-scholarships","Scholarships in the USA for Students Interested in Social Entrepreneurship","/resources/usa-social-entrepreneurship-scholarships","2147","13521","2026-04-17T10:05:02.165+00:00","yes","yes","medium","12","yes","","404 (no DB route yet)","substantial body; meta complete; narrow listicle page"
"268b5aab-a4c5-48e5-867d-416570b018c0","usa-graphic-design-scholarships","Scholarships in the USA for Students Interested in Graphic Design","/resources/usa-graphic-design-scholarships","2351","14252","2026-04-17T10:03:15.946+00:00","yes","yes","medium","12","yes","","404 (no DB route yet)","substantial body; meta complete; narrow listicle page"
"10b75d61-f43b-4107-a648-71af29f642da","usa-debate-champions-scholarships","Scholarships in the USA for Debate Champions: Real Options for Student Debaters","/resources/usa-debate-champions-scholarships","1989","12314","2026-04-17T10:03:02.599+00:00","yes","yes","medium","12","yes","","404 (no DB route yet)","substantial body; meta complete; narrow listicle page"
"83e5949d-38d4-4e8e-9c89-bfc4e576e0fa","scholarships-usa-stem-students","Scholarships in the USA for STEM Students: Best Options and How to Apply","/resources/scholarships-usa-stem-students","2458","15157","2026-04-17T10:02:49.327+00:00","yes","yes","medium","12","yes","","404 (no DB route yet)","substantial body; meta complete; narrow listicle page"
"80f44cc0-636a-4bcf-884a-2958e99aa672","usa-radiology-scholarships","Scholarships in the USA for Students Interested in Radiology","/resources/usa-radiology-scholarships","2315","14493","2026-04-17T10:02:36.36+00:00","yes","yes","medium","12","yes","","404 (no DB route yet)","substantial body; meta complete; narrow listicle page"
"9e459012-b5d5-4c4f-a7a3-a0d2b7987e3c","usa-museum-studies-scholarships","Scholarships in the USA for Students Interested in Museum Studies","/resources/usa-museum-studies-scholarships","2356","14474","2026-04-17T10:01:14.949+00:00","yes","yes","medium","12","yes","","404 (no DB route yet)","substantial body; meta complete; narrow listicle page"
"a03fd067-ca0b-440a-be65-726b65833cc9","usa-online-degree-student-scholarships","Scholarships in the USA for Online Degree Students: Real Funding Options","/resources/usa-online-degree-student-scholarships","2344","13946","2026-04-17T09:59:54.163+00:00","yes","yes","medium","12","yes","","404 (no DB route yet)","substantial body; meta complete; narrow listicle page"
"3db42fe3-9108-493f-bba0-6e0a90f69d58","usa-food-science-scholarships","Scholarships in the USA for Students Interested in Food Science","/resources/usa-food-science-scholarships","2389","14761","2026-04-17T09:58:30.972+00:00","yes","yes","medium","12","yes","","404 (no DB route yet)","substantial body; meta complete; narrow listicle page"
"24c0fc9b-cf6b-4257-abbf-2566e4a287a7","usa-men-nursing-scholarships","Scholarships in the USA for Men in Nursing: Real Funding Options and How to Apply","/resources/usa-men-nursing-scholarships","2281","13692","2026-04-17T09:58:17.939+00:00","yes","yes","medium","12","yes","","404 (no DB route yet)","substantial body; meta complete; narrow listicle page"
"34a7acb0-4e46-4704-af81-5ef0e1cc7e4b","usa-documentary-production-scholarships","Scholarships in the USA for Students Interested in Documentary Production","/resources/usa-documentary-production-scholarships","2236","14305","2026-04-16T12:34:57.540601+00:00","yes","yes","medium","12","yes","","404 (no DB route yet)","substantial body; meta complete; narrow listicle page"
"f2e6bbf3-7b9f-4853-a204-1f9ab7520d24","usa-community-college-transfer-scholarships","Scholarships in the USA for Community College Students Transferring to University","/resources/usa-community-college-transfer-scholarships","2193","13304","2026-04-16T12:34:54.627633+00:00","yes","yes","medium","12","yes","","404 (no DB route yet)","substantial body; meta complete; narrow listicle page"
"66f4d5d9-49aa-4a80-a686-98ea4c3d8b4e","usa-agriculture-technology-scholarships","Scholarships in the USA for Students Interested in Agriculture Technology","/resources/usa-agriculture-technology-scholarships","2358","15473","2026-04-16T12:34:51.522142+00:00","yes","yes","medium","12","yes","","404 (no DB route yet)","substantial body; meta complete; narrow listicle page"
"35072606-145b-454c-9523-4e705d945449","usa-college-sophomore-renewal-scholarships","Scholarships in the USA for College Sophomores Looking for Renewal Funding","/resources/usa-college-sophomore-renewal-scholarships","2149","12832","2026-04-16T12:34:51.117948+00:00","yes","yes","medium","12","yes","","404 (no DB route yet)","substantial body; meta complete; narrow listicle page"
"b2b04da6-ce22-4665-a695-211dbd04acc4","usa-phd-computer-science-scholarships","Scholarships in the USA for PhD Students in Computer Science: Funding Options and Fellowships","/resources/usa-phd-computer-science-scholarships","2381","14131","2026-04-16T12:34:50.266671+00:00","yes","yes","medium","12","yes","","404 (no DB route yet)","substantial body; meta complete; narrow listicle page"
"ac080ca5-2fc7-4c49-949e-72fb39248b08","usa-podcasting-scholarships","Scholarships in the USA for Students Interested in Podcasting","/resources/usa-podcasting-scholarships","2052","12944","2026-04-16T12:34:48.810873+00:00","yes","yes","medium","12","yes","","404 (no DB route yet)","substantial body; meta complete; narrow listicle page"
"6fe0177f-2b1b-4280-8fc1-9d5e626b25b2","usa-anthropology-scholarships","Scholarships in the USA for Students Interested in Anthropology","/resources/usa-anthropology-scholarships","2178","14191","2026-04-16T12:34:47.045308+00:00","yes","yes","medium","12","yes","","404 (no DB route yet)","substantial body; meta complete; narrow listicle page"
"82e1e584-c2e3-4ea3-8ac3-8cc9c95f0b40","usa-culinary-arts-scholarships","Scholarships in the USA for Students Interested in Culinary Arts","/resources/usa-culinary-arts-scholarships","2233","13560","2026-04-16T10:30:33.847851+00:00","yes","yes","medium","12","yes","","404 (no DB route yet)","substantial body; meta complete; narrow listicle page"
"2d8dac58-5179-43d4-acf4-9d541401cf5c","usa-community-health-scholarships","Scholarships in the USA for Students Interested in Community Health","/resources/usa-community-health-scholarships","2537","16006","2026-04-16T10:30:33.41058+00:00","yes","yes","high","12","yes","","404 (no DB route yet)","substantial body; meta complete; narrow listicle page"
"7d75b53d-e029-4e58-8cb9-c2406085f6d4","usa-masters-education-scholarships","Scholarships in the USA for Master's Students in Education: Real Funding Options","/resources/usa-masters-education-scholarships","2182","13554","2026-04-16T10:30:31.580745+00:00","yes","yes","medium","12","yes","","404 (no DB route yet)","substantial body; meta complete; narrow listicle page"
"db2e23ca-3a4f-459d-8f0c-b86b0b89a664","usa-disaster-management-scholarships","Scholarships in the USA for Students Interested in Disaster Management","/resources/usa-disaster-management-scholarships","2146","13929","2026-04-16T10:30:29.337685+00:00","yes","yes","medium","12","yes","","404 (no DB route yet)","substantial body; meta complete; narrow listicle page"
"b302d6d2-03a7-4db6-a572-b5f6bfd79937","usa-school-student-research-scholarships","Scholarships for School Students in the USA With Research Interests","/resources/usa-school-student-research-scholarships","2295","14051","2026-04-16T10:30:27.878068+00:00","yes","yes","medium","12","yes","","404 (no DB route yet)","substantial body; meta complete; narrow listicle page"
"e8cd0607-0389-4b2c-b5c4-573726cfbbef","usa-professional-association-scholarships","Scholarships in the USA for College Students Funded by Professional Associations","/resources/usa-professional-association-scholarships","2205","13780","2026-04-16T10:30:24.620974+00:00","yes","yes","medium","12","yes","","404 (no DB route yet)","substantial body; meta complete; narrow listicle page"
"385274ab-ce67-4598-a713-46e8eceaf038","usa-debate-model-un-scholarships","Scholarships in the USA for Students Interested in Debate and Model UN","/resources/usa-debate-model-un-scholarships","2258","13902","2026-04-16T10:30:22.895125+00:00","yes","yes","medium","12","yes","","404 (no DB route yet)","substantial body; meta complete; narrow listicle page"
"23921b57-610d-4784-9961-26dbce01113e","usa-public-policy-scholarships","Scholarships in the USA for Students Interested in Public Policy","/resources/usa-public-policy-scholarships","2477","15515","2026-04-16T10:30:20.388535+00:00","yes","yes","medium","12","yes","","404 (no DB route yet)","substantial body; meta complete; narrow listicle page"
"b89a9aa9-5cb4-4036-9d6f-261630885333","usa-physics-student-scholarships","Scholarships in the USA for Physics Students: Where to Find Funding","/resources/usa-physics-student-scholarships","2209","14086","2026-04-16T10:30:19.518659+00:00","yes","yes","medium","12","yes","","404 (no DB route yet)","substantial body; meta complete; narrow listicle page"
"c1cfeb73-5281-4bc9-8e79-59b3d0c23bd8","usa-women-stem-graduate-scholarships","Scholarships in the USA for Graduate Students Who Are Women in STEM","/resources/usa-women-stem-graduate-scholarships","2223","13974","2026-04-16T10:30:17.374606+00:00","yes","yes","medium","12","yes","","404 (no DB route yet)","substantial body; meta complete; narrow listicle page"
"accfb249-5fa2-4451-9707-c095f645b1d4","usa-masters-computer-science-scholarships","Scholarships in the USA for Master's Students in Computer Science","/resources/usa-masters-computer-science-scholarships","2327","14201","2026-04-16T10:30:15.038984+00:00","yes","yes","medium","12","yes","","404 (no DB route yet)","substantial body; meta complete; narrow listicle page"
"629ebbda-185e-4a25-8bda-98dbd7fbf1c1","usa-boarding-school-scholarships","Scholarships in the USA for Boarding School Students: Real Funding Options","/resources/usa-boarding-school-scholarships","2195","13134","2026-04-16T10:30:13.348283+00:00","yes","yes","medium","12","yes","","404 (no DB route yet)","substantial body; meta complete; narrow listicle page"
"fea6d3bf-0e47-44d1-a9e4-1a7026e9260e","usa-entrepreneurship-competition-scholarships","Scholarships in the USA for Students Interested in Entrepreneurship Competitions","/resources/usa-entrepreneurship-competition-scholarships","2478","15708","2026-04-16T10:30:08.97481+00:00","yes","yes","medium","12","yes","","404 (no DB route yet)","substantial body; meta complete; narrow listicle page"
"8848e507-4df8-4abb-b030-c5cf51dd46ea","usa-public-relations-scholarships","Scholarships in the USA for Students Interested in Public Relations","/resources/usa-public-relations-scholarships","2221","14395","2026-04-16T10:30:05.822376+00:00","yes","yes","medium","12","yes","","404 (no DB route yet)","substantial body; meta complete; narrow listicle page"
"f96a2f2c-a5f7-4729-bf76-2325395ee54e","usa-user-research-scholarships","Scholarships in the USA for Students Interested in User Research","/resources/usa-user-research-scholarships","2260","14121","2026-04-16T10:30:00.398953+00:00","yes","yes","medium","12","yes","","404 (no DB route yet)","substantial body; meta complete; narrow listicle page"
"cc726e13-1f2c-43ac-bfe8-db55f102fd40","usa-robotics-team-leader-scholarships","Scholarships in the USA for Robotics Team Leaders: Real Opportunities for STEM Student Leaders","/resources/usa-robotics-team-leader-scholarships","2358","14979","2026-04-16T10:29:59.4539+00:00","yes","yes","medium","12","yes","","404 (no DB route yet)","substantial body; meta complete; narrow listicle page"
"a279ec92-7a62-4d63-8d9b-6c74b57f7180","scholarships-usa-children-of-veterans","Scholarships in the USA for Children of Veterans: Federal, State, and Private Options","/resources/scholarships-usa-children-of-veterans","2494","14726","2026-04-15T23:49:06.61+00:00","yes","yes","medium","12","yes","","404 (no DB route yet)","substantial body; meta complete; narrow listicle page"
"8e360528-9dc3-42fd-810d-b7d30bf336ed","usa-graduate-nursing-scholarships","Scholarships in the USA for Graduate Students Who Are Nurses: Real Funding Options","/resources/usa-graduate-nursing-scholarships","2284","14060","2026-04-14T01:28:17.373+00:00","yes","yes","medium","12","yes","","404 (no DB route yet)","substantial body; meta complete; narrow listicle page"
"eeb11339-b683-4774-9337-39d5d11e3300","usa-meteorology-scholarships","Scholarships in the USA for Students Interested in Meteorology","/resources/usa-meteorology-scholarships","2272","14516","2026-04-13T19:20:29.39+00:00","yes","yes","medium","12","yes","","404 (no DB route yet)","substantial body; meta complete; narrow listicle page"
"d8fc136b-6818-4fde-abd2-deefddeb852c","usa-phd-mathematics-scholarships","Scholarships in the USA for PhD Students in Mathematics: Verified Funding Options","/resources/usa-phd-mathematics-scholarships","2277","13921","2026-04-12T06:34:59.366+00:00","yes","yes","medium","12","yes","","404 (no DB route yet)","substantial body; meta complete; narrow listicle page"
"4376dd78-c076-4a36-a9a0-ab1c2b332deb","scholarships-usa-student-parents","Scholarships in the USA for Student Parents: Real Aid Options and How to Qualify","/resources/scholarships-usa-student-parents","2207","13153","2026-04-11T06:04:43.126+00:00","yes","yes","medium","12","yes","","404 (no DB route yet)","substantial body; meta complete; narrow listicle page"
"d3ecf211-c6c8-4096-90bb-fe57a6d99a83","usa-phd-education-scholarships","Scholarships in the USA for PhD Students in Education: Funding Options and Fellowships","/resources/usa-phd-education-scholarships","2280","13880","2026-04-11T04:55:56.322+00:00","yes","yes","medium","12","yes","","404 (no DB route yet)","substantial body; meta complete; narrow listicle page"
"a8b47400-d193-4e6b-8e34-2d90e515022a","scholarships-usa-painters","Scholarships in the USA for Painters: Real Funding Options for Art Students","/resources/scholarships-usa-painters","2197","13613","2026-04-10T22:48:25.262+00:00","yes","yes","medium","12","yes","","404 (no DB route yet)","substantial body; meta complete; narrow listicle page"
"b337682c-154a-4d01-b9cd-8ce64a471858","usa-tennis-player-scholarships","Scholarships in the USA for Tennis Players: College Options and How to Qualify","/resources/usa-tennis-player-scholarships","2074","12273","2026-04-10T10:32:31.427+00:00","yes","yes","medium","12","yes","","404 (no DB route yet)","substantial body; meta complete; narrow listicle page"
"a479d149-f4b3-4073-a3e1-163132b398f7","scholarships-usa-deadline-january","How to Find Scholarships in the USA by Deadline Month January","/resources/scholarships-usa-deadline-january","2310","15084","2026-04-08T12:56:03.257+00:00","yes","yes","medium","12","yes","","404 (no DB route yet)","substantial body; meta complete; narrow listicle page"
"4a362d9c-5c05-4d1b-b5df-1c88913c455c","scholarships-usa-photography-students","Top Scholarships in the USA for Students Interested in Photography","/resources/scholarships-usa-photography-students","1988","13394","2026-04-08T10:58:49.947+00:00","yes","yes","medium","12","yes","","404 (no DB route yet)","substantial body; meta complete; narrow listicle page"
"dc311e2a-d2bb-45d2-b94e-4fd36d9d9a8b","how-to-find-scholarships-without-fastweb","How to find scholarships without fastweb","/resources/how-to-find-scholarships-without-fastweb","324","2268","2026-04-25T13:36:08.163+00:00","yes","yes","thin","5","yes","","404 (no DB route yet)","thin body; meta complete; pillar evergreen slug"
"dd179dd7-8341-414e-9561-bb93afefffc1","how-to-verify-scholarship-legitimacy-international-students","How to Verify the Legitimacy of Scholarships for International Students","/resources/how-to-verify-scholarship-legitimacy-international-students","531","3900","2026-04-25T13:33:41.907+00:00","yes","yes","thin","5","yes","","404 (no DB route yet)","thin body; meta complete; pillar evergreen slug"
"ace09e91-e54c-4bab-a4b8-a88878d1d751","scholarship-scams-international-students-how-to-avoid","Scholarship scams international students how to avoid","/resources/scholarship-scams-international-students-how-to-avoid","321","2271","2026-04-25T13:33:26.785+00:00","yes","yes","thin","5","yes","","404 (no DB route yet)","thin body; meta complete; pillar evergreen slug"
"7c477333-f48d-4b25-bef0-7280663519b7","how-to-apply-for-scholarships-f1-visa","A Comprehensive Guide to Applying for Scholarships on an F-1 Visa","/resources/how-to-apply-for-scholarships-f1-visa","555","4157","2026-04-25T13:26:38.867+00:00","yes","yes","thin","5","yes","","404 (no DB route yet)","thin body; meta complete; pillar evergreen slug"
"4721f1fd-f97a-4fac-88aa-29ab6ad58570","how-to-get-scholarships-as-international-student-usa","A Comprehensive Guide to Securing Scholarships as an International Student in the USA","/resources/how-to-get-scholarships-as-international-student-usa","593","4705","2026-04-25T13:26:16.761+00:00","yes","yes","thin","5","yes","","404 (no DB route yet)","thin body; meta complete; pillar evergreen slug"
"262b3ed0-5ed5-46dc-96aa-2215d235c338","usa-design-student-scholarships","Scholarships in the USA for Design Students: Real Funding Options and How to Apply","/resources/usa-design-student-scholarships","1322","8451","2026-04-25T15:43:46.254+00:00","yes","yes","medium","4","yes","","404 (no DB route yet)","moderate body; meta complete; narrow listicle page"
"16f348b5-fc88-49af-a17e-e2b8d296edf7","scholarships-usa-rural-students","Scholarships in the USA for Students From Rural Areas: Real Opportunities and How to Find Them","/resources/scholarships-usa-rural-students","1363","8543","2026-04-25T15:42:12.859+00:00","yes","yes","medium","4","yes","","404 (no DB route yet)","moderate body; meta complete; narrow listicle page"
"c379d225-bbb2-4d7f-b38f-60ced2704578","usa-dual-degree-scholarships","Scholarships in the USA for College Students in Dual Degree Programs","/resources/usa-dual-degree-scholarships","1486","8715","2026-04-25T15:40:39.426+00:00","yes","yes","medium","4","yes","","404 (no DB route yet)","moderate body; meta complete; narrow listicle page"
"1f588653-4af2-4569-91dc-2f5eab46bc93","usa-hospitality-management-scholarships","Scholarships in the USA for Students Interested in Hospitality Management","/resources/usa-hospitality-management-scholarships","1364","8696","2026-04-25T15:35:59.028+00:00","yes","yes","medium","4","yes","","404 (no DB route yet)","moderate body; meta complete; narrow listicle page"
"1b556bfb-27cd-47cd-8f5d-62a556cd139a","scholarships-usa-muslim-students","Scholarships in the USA for Muslim Students: Real Funding Options and How to Apply","/resources/scholarships-usa-muslim-students","1290","7953","2026-04-25T15:32:43.49+00:00","yes","yes","medium","4","yes","","404 (no DB route yet)","moderate body; meta complete; narrow listicle page"
"15064199-359f-4607-bffd-4b2d493facaa","scholarships-usa-jewish-students","Scholarships in the USA for Jewish Students: Trusted Programs and How to Apply","/resources/scholarships-usa-jewish-students","1402","8841","2026-04-25T15:29:29.748+00:00","yes","yes","medium","4","yes","","404 (no DB route yet)","moderate body; meta complete; narrow listicle page"
"3aae3a38-b080-4f63-b627-e56c72fb0536","usa-science-fair-scholarships","Scholarships in the USA for Students Interested in Science Fairs","/resources/usa-science-fair-scholarships","1415","8682","2026-04-25T15:23:19.358+00:00","yes","yes","medium","4","yes","","404 (no DB route yet)","moderate body; meta complete; narrow listicle page"
"88a6cfeb-92ca-436a-9b6f-bc8badc02c69","usa-speech-pathology-scholarships","Scholarships in the USA for Students Interested in Speech Pathology","/resources/usa-speech-pathology-scholarships","1464","9673","2026-04-25T15:16:00.934+00:00","yes","yes","medium","4","yes","","404 (no DB route yet)","moderate body; meta complete; narrow listicle page"
"8a4e5588-a5e5-461a-8b32-f51fd66d1bbf","usa-law-student-scholarships","Scholarships in the USA for Law Students: Best Funding Options and How to Apply","/resources/usa-law-student-scholarships","1400","8467","2026-04-25T15:14:21.769+00:00","yes","yes","medium","4","yes","","404 (no DB route yet)","moderate body; meta complete; narrow listicle page"
"2f959e67-10bb-4240-8648-e3156713ed07","usa-college-freshmen-strong-grades-scholarships","Scholarships in the USA for College Freshmen With Strong Grades","/resources/usa-college-freshmen-strong-grades-scholarships","1248","7563","2026-04-25T15:12:44.928+00:00","yes","yes","medium","4","yes","","404 (no DB route yet)","moderate body; meta complete; narrow listicle page"
"ac8b1453-74b8-4b5a-8af4-23e26b9a36f9","scholarships-usa-low-sat-score","How to Get Scholarships in the USA With a Low SAT Score","/resources/scholarships-usa-low-sat-score","1399","8277","2026-04-25T15:11:11.096+00:00","yes","yes","medium","4","yes","","404 (no DB route yet)","moderate body; meta complete; narrow listicle page"
"9e19b49c-c0da-45c7-9d4e-99eb31e9bd34","usa-geology-scholarships","Scholarships in the USA for Students Interested in Geology","/resources/usa-geology-scholarships","1400","9010","2026-04-25T15:07:53.391+00:00","yes","yes","medium","4","yes","","404 (no DB route yet)","moderate body; meta complete; narrow listicle page"
"56af2a15-b57c-4c2f-bceb-1e5f3a32ecea","scholarships-usa-swimmers","Scholarships in the USA for Swimmers: College Funding Options and How to Qualify","/resources/scholarships-usa-swimmers","1468","8596","2026-04-25T14:58:25.506+00:00","yes","yes","medium","4","yes","","404 (no DB route yet)","moderate body; meta complete; narrow listicle page"
"c4909029-34b9-4a4e-b946-a2ce9b894303","scholarships-usa-married-students","Scholarships in the USA for Married Students: Real Aid Options and How to Qualify","/resources/scholarships-usa-married-students","1397","8730","2026-04-25T14:53:58.236+00:00","yes","yes","medium","4","yes","","404 (no DB route yet)","moderate body; meta complete; narrow listicle page"
"71e86384-bfbd-4879-94c0-586456266dee","scholarships-usa-gymnasts","Scholarships in the USA for Gymnasts: College Funding, NCAA Options, and Recruiting Tips","/resources/scholarships-usa-gymnasts","1460","8843","2026-04-25T14:50:48.86+00:00","yes","yes","medium","4","yes","","404 (no DB route yet)","moderate body; meta complete; narrow listicle page"
"7396580b-8ace-4e43-950a-0fa59e9c0cf5","usa-behavioral-science-scholarships","Scholarships in the USA for Students Interested in Behavioral Science","/resources/usa-behavioral-science-scholarships","1484","9259","2026-04-25T14:49:20.137+00:00","yes","yes","medium","4","yes","","404 (no DB route yet)","moderate body; meta complete; narrow listicle page"
"dbcfac91-746b-4217-a8e3-3afd0b6302de","usa-athlete-sports-scholarships","Scholarships in the USA for Athletes and Sports Students: What to Know","/resources/usa-athlete-sports-scholarships","1456","8700","2026-04-25T14:40:04.071+00:00","yes","yes","medium","4","yes","","404 (no DB route yet)","moderate body; meta complete; narrow listicle page"
"719760fb-e4be-4e60-aa50-c5f43bd1279f","usa-peace-studies-scholarships","Scholarships in the USA for Students Interested in Peace Studies","/resources/usa-peace-studies-scholarships","1438","9341","2026-04-25T14:38:33.913+00:00","yes","yes","medium","4","yes","","404 (no DB route yet)","moderate body; meta complete; narrow listicle page"
"004847ad-a576-4f68-b080-cd37bc3a0d40","usa-criminal-justice-scholarships","Scholarships in the USA for Students Interested in Criminal Justice","/resources/usa-criminal-justice-scholarships","1454","9182","2026-04-25T14:22:11.881+00:00","yes","yes","medium","4","yes","","404 (no DB route yet)","moderate body; meta complete; narrow listicle page"
"e0790925-bb5c-445e-81ce-5e44fc9bb120","usa-volleyball-scholarships","Scholarships in the USA for Volleyball Players: College Options and How to Qualify","/resources/usa-volleyball-scholarships","1295","7921","2026-04-25T14:14:35.805+00:00","yes","yes","medium","4","yes","","404 (no DB route yet)","moderate body; meta complete; narrow listicle page"
"3b244b7a-a3cf-466e-88a9-84622f7b9b0e","usa-zoology-scholarships","Scholarships in the USA for Students Interested in Zoology","/resources/usa-zoology-scholarships","1427","8933","2026-04-25T14:10:15.096+00:00","yes","yes","medium","4","yes","","404 (no DB route yet)","moderate body; meta complete; narrow listicle page"
"d1d77444-2bbf-449d-9417-922608784682","usa-rowing-scholarships","Scholarships in the USA for Rowers: What to Know About College Rowing Aid","/resources/usa-rowing-scholarships","1296","7848","2026-04-25T14:04:07.536+00:00","yes","yes","medium","4","yes","","404 (no DB route yet)","moderate body; meta complete; narrow listicle page"
"7f76a46f-473a-4079-9236-f79f79132136","usa-cybersecurity-student-scholarships","Scholarships in the USA for Cybersecurity Students: Trusted Funding Options","/resources/usa-cybersecurity-student-scholarships","1493","9692","2026-04-25T14:02:37.503+00:00","yes","yes","medium","4","yes","","404 (no DB route yet)","moderate body; meta complete; narrow listicle page"
"1fa359d7-2321-44bd-bc01-ef4e863ad8e1","scholarships-usa-women-law","Scholarships in the USA for Women in Law: Real Funding Options for Law Students","/resources/scholarships-usa-women-law","1403","8609","2026-04-25T13:51:29.014+00:00","yes","yes","medium","4","yes","","404 (no DB route yet)","moderate body; meta complete; narrow listicle page"
"a563850a-49a4-4a31-a04a-d5924c5cd5af","usa-dental-hygiene-scholarships","Scholarships in the USA for Students Interested in Dental Hygiene","/resources/usa-dental-hygiene-scholarships","1262","8188","2026-04-25T13:39:41.095+00:00","yes","yes","medium","4","yes","","404 (no DB route yet)","moderate body; meta complete; narrow listicle page"
"d437b060-6022-4cf8-864d-32231af11f60","usa-student-athlete-scholarships","Scholarships for School Students in the USA for Aspiring Athletes","/resources/usa-student-athlete-scholarships","1231","7458","2026-04-25T13:38:05.001+00:00","yes","yes","medium","4","yes","","404 (no DB route yet)","moderate body; meta complete; narrow listicle page"
"fbe5ac99-3329-4201-8910-c67f8d51f317","usa-international-student-debate-scholarships","Scholarships in the USA for International Students with Debate Awards","/resources/usa-international-student-debate-scholarships","1478","9377","2026-04-25T13:31:18.278+00:00","yes","yes","medium","4","yes","","404 (no DB route yet)","moderate body; meta complete; narrow listicle page"
"410ec271-69c5-4910-bee5-2ee0f790ecce","usa-animation-scholarships","Scholarships in the USA for Students Interested in Animation","/resources/usa-animation-scholarships","1410","8701","2026-04-25T13:20:14.388+00:00","yes","yes","medium","4","yes","","404 (no DB route yet)","moderate body; meta complete; narrow listicle page"
"253f0ef3-19a5-4eb7-89d3-61cb3ed010d4","usa-phd-biology-scholarships","Scholarships in the USA for PhD Students in Biology: Real Funding Options","/resources/usa-phd-biology-scholarships","1323","8229","2026-04-25T13:06:35.249+00:00","yes","yes","medium","4","yes","","404 (no DB route yet)","moderate body; meta complete; narrow listicle page"
"e596fc8d-b73e-49f9-b563-83ed48fd6a69","usa-public-administration-scholarships","Scholarships in the USA for Students Interested in Public Administration","/resources/usa-public-administration-scholarships","1483","9606","2026-04-25T12:43:57.022+00:00","yes","yes","medium","4","yes","","404 (no DB route yet)","moderate body; meta complete; narrow listicle page"
"58ef1da2-f94e-486c-a41f-0348566ecdae","usa-oceanography-scholarships","Scholarships in the USA for Students Interested in Oceanography","/resources/usa-oceanography-scholarships","1329","8485","2026-04-25T12:40:40.754+00:00","yes","yes","medium","4","yes","","404 (no DB route yet)","moderate body; meta complete; narrow listicle page"
"78c1bae4-ae0e-4dd2-a1a7-966d8a3e6e6c","usa-botany-scholarships","Scholarships in the USA for Students Interested in Botany","/resources/usa-botany-scholarships","1266","8309","2026-04-25T12:35:50.53+00:00","yes","yes","medium","4","yes","","404 (no DB route yet)","moderate body; meta complete; narrow listicle page"
"ca69a66b-21f6-4973-937e-41d61b246847","usa-orchestra-performance-scholarships","Scholarships in the USA for Students Interested in Orchestra Performance","/resources/usa-orchestra-performance-scholarships","1448","8918","2026-04-25T12:28:05.805+00:00","yes","yes","medium","4","yes","","404 (no DB route yet)","moderate body; meta complete; narrow listicle page"
"3466c6fc-5c12-4c57-aa06-fb9f957a7434","usa-masters-public-policy-scholarships","Scholarships in the USA for Master’s Students in Public Policy: Funding Options and How to Apply","/resources/usa-masters-public-policy-scholarships","1478","9168","2026-04-25T12:20:13.411+00:00","yes","yes","medium","4","yes","","404 (no DB route yet)","moderate body; meta complete; narrow listicle page"
"0353343b-aba2-44fa-b9ed-05f19dfa2f65","usa-data-science-scholarships","Scholarships in the USA for Data Science Students: Real Funding Options","/resources/usa-data-science-scholarships","1354","8613","2026-04-25T12:12:18.117+00:00","yes","yes","medium","4","yes","","404 (no DB route yet)","moderate body; meta complete; narrow listicle page"
"8cdbe27d-999e-4bb4-95fc-2baacba76863","scholarships-usa-actors","Scholarships in the USA for Actors: Real Options for Theatre and Acting Students","/resources/scholarships-usa-actors","1479","9024","2026-04-25T12:07:43.09+00:00","yes","yes","medium","4","yes","","404 (no DB route yet)","moderate body; meta complete; narrow listicle page"
"51585b93-5523-4e47-acf2-e550436d8e0a","usa-philosophy-scholarships","Scholarships in the USA for Students Interested in Philosophy","/resources/usa-philosophy-scholarships","1321","8277","2026-04-25T11:57:03.636+00:00","yes","yes","medium","4","yes","","404 (no DB route yet)","moderate body; meta complete; narrow listicle page"
"fc7ec84c-b4d1-46c7-856d-cacf8d58e7fa","scholarships-usa-before-high-school-graduation","How to Get Scholarships in the USA Before Finishing High School","/resources/scholarships-usa-before-high-school-graduation","1356","8260","2026-04-25T11:46:26.292+00:00","yes","yes","medium","4","yes","","404 (no DB route yet)","moderate body; meta complete; narrow listicle page"
"48245da6-ead4-4499-8f32-79e151f75ddf","usa-public-speaking-scholarships","Scholarships in the USA for Public Speakers: Real Opportunities for Speech, Debate, and Communication Students","/resources/usa-public-speaking-scholarships","1406","8849","2026-04-25T11:40:26.317+00:00","yes","yes","medium","4","yes","","404 (no DB route yet)","moderate body; meta complete; narrow listicle page"
"1a79b6ab-1a34-4ffe-b57d-5787b870c610","scholarships-usa-college-students-living-off-campus","Scholarships in the USA for College Students Living Off Campus","/resources/scholarships-usa-college-students-living-off-campus","1394","8399","2026-04-25T11:37:20.533+00:00","yes","yes","medium","4","yes","","404 (no DB route yet)","moderate body; meta complete; narrow listicle page"
"554b42d9-6af7-4bd2-81d5-24e29f7788b5","usa-journalism-ethics-scholarships","Scholarships in the USA for Students Interested in Journalism Ethics","/resources/usa-journalism-ethics-scholarships","1271","8160","2026-04-25T11:26:08.962+00:00","yes","yes","medium","4","yes","","404 (no DB route yet)","moderate body; meta complete; narrow listicle page"
"1e13b78f-3099-4c97-b633-f23083a4ef92","usa-data-science-masters-scholarships","Scholarships in the USA for Master's Students in Data Science: Real Funding Options","/resources/usa-data-science-masters-scholarships","1451","9067","2026-04-25T11:08:49.888+00:00","yes","yes","medium","4","yes","","404 (no DB route yet)","moderate body; meta complete; narrow listicle page"
"58033d22-871a-4775-9ce0-3244c27d59db","usa-foster-care-student-scholarships","Scholarships in the USA for College Students From Foster Care Backgrounds","/resources/usa-foster-care-student-scholarships","1382","8005","2026-04-25T11:04:04.747+00:00","yes","yes","medium","4","yes","","404 (no DB route yet)","moderate body; meta complete; narrow listicle page"
"dbdf3314-e5de-43fb-a0c8-86113bb20cd3","usa-aviation-management-scholarships","Scholarships in the USA for Students Interested in Aviation Management","/resources/usa-aviation-management-scholarships","1404","9117","2026-04-25T10:09:14.261+00:00","yes","yes","medium","4","yes","","404 (no DB route yet)","moderate body; meta complete; narrow listicle page"
"88af8cae-1fba-49aa-b7d4-0f25ca62b22a","usa-renewable-energy-trades-scholarships","Scholarships in the USA for Students Interested in Renewable Energy Trades","/resources/usa-renewable-energy-trades-scholarships","1399","9044","2026-04-25T09:58:40.385+00:00","yes","yes","medium","4","yes","","404 (no DB route yet)","moderate body; meta complete; narrow listicle page"
"ff97c957-27a3-4a46-9fe6-00ea542df3c5","usa-masters-artificial-intificial-intelligence-scholarships","Scholarships in the USA for Master's Students in Artificial Intelligence","/resources/usa-masters-artificial-intificial-intelligence-scholarships","1384","8675","2026-04-25T09:52:28.429+00:00","yes","yes","medium","4","yes","","404 (no DB route yet)","moderate body; meta complete; narrow listicle page"
"4e6311f6-849a-4eb4-b204-a7c95f49373c","usa-phd-economics-scholarships","Scholarships in the USA for PhD Students in Economics: Funding Options and Fellowships","/resources/usa-phd-economics-scholarships","1281","7962","2026-04-25T09:46:27.453+00:00","yes","yes","medium","4","yes","","404 (no DB route yet)","moderate body; meta complete; narrow listicle page"
"f4d6b969-cc27-404d-86dc-805c84a79ef1","usa-political-science-phd-scholarships","Scholarships in the USA for PhD Students in Political Science: Funding Options and How to Apply","/resources/usa-political-science-phd-scholarships","1506","9097","2026-04-25T09:44:53.728+00:00","yes","yes","medium","4","yes","","404 (no DB route yet)","moderate body; meta complete; narrow listicle page"
"b8f5dd0b-81e5-4b9f-b65c-07df5f7a7b92","usa-climate-activist-scholarships","Scholarships in the USA for Climate Activists: Real Funding Options for Students","/resources/usa-climate-activist-scholarships","1351","8936","2026-04-25T09:35:21.906+00:00","yes","yes","medium","4","yes","","404 (no DB route yet)","moderate body; meta complete; narrow listicle page"
"91ff1416-89d0-488f-aba9-18c35dde5648","usa-sociology-research-scholarships","Scholarships in the USA for Students Interested in Sociology Research","/resources/usa-sociology-research-scholarships","1390","8926","2026-04-25T09:26:25.682+00:00","yes","yes","medium","4","yes","","404 (no DB route yet)","moderate body; meta complete; narrow listicle page"
"f7b8ccae-0474-43fb-8a19-f003f1e243df","usa-special-education-scholarships","Scholarships in the USA for Students Interested in Special Education","/resources/usa-special-education-scholarships","1422","9066","2026-04-25T09:23:16.749+00:00","yes","yes","medium","4","yes","","404 (no DB route yet)","moderate body; meta complete; narrow listicle page"
"08d2aa79-8695-4476-a330-0a2fc17bd5cb","usa-welding-trades-scholarships","Scholarships in the USA for Students Interested in Welding and Trades","/resources/usa-welding-trades-scholarships","1391","8577","2026-04-25T09:14:10.378+00:00","yes","yes","medium","4","yes","","404 (no DB route yet)","moderate body; meta complete; narrow listicle page"
"9c9ac714-f998-421b-b852-00b2fd9f4727","scholarships-usa-bilingual-students","Scholarships in the USA for Bilingual Students: Real Opportunities and How to Find Them","/resources/scholarships-usa-bilingual-students","1366","8857","2026-04-25T09:09:41.376+00:00","yes","yes","medium","4","yes","","404 (no DB route yet)","moderate body; meta complete; narrow listicle page"
"4dc3e548-bd85-4d9b-ae6a-44177cfd66e9","usa-coding-competition-scholarships","Scholarships in the USA for Students Interested in Coding Competitions","/resources/usa-coding-competition-scholarships","1439","9262","2026-04-25T09:06:45.67+00:00","yes","yes","medium","4","yes","","404 (no DB route yet)","moderate body; meta complete; narrow listicle page"
"39e898dc-d62e-4275-a243-3305c1a7731a","scholarships-usa-drummers","Scholarships in the USA for Drummers: Real Options for Percussion Students","/resources/scholarships-usa-drummers","1505","9076","2026-04-25T08:54:27.365+00:00","yes","yes","medium","4","yes","","404 (no DB route yet)","moderate body; meta complete; narrow listicle page"
"df357a11-8913-4e3b-948f-afa65d75d50a","scholarships-usa-pianists","Scholarships in the USA for Pianists: Where to Find Funding for Music Study","/resources/scholarships-usa-pianists","1244","7805","2026-04-25T08:52:56.962+00:00","yes","yes","medium","4","yes","","404 (no DB route yet)","moderate body; meta complete; narrow listicle page"
"52acf6fc-9975-4430-a67b-f72935dc5deb","usa-sustainability-career-scholarships","Scholarships in the USA for Students Interested in Sustainability Careers","/resources/usa-sustainability-career-scholarships","1502","9804","2026-04-25T08:51:32.447+00:00","yes","yes","medium","4","yes","","404 (no DB route yet)","moderate body; meta complete; narrow listicle page"
"6f26714b-64bb-418c-9533-62d5408f9181","usa-laboratory-science-scholarships","Scholarships in the USA for Students Interested in Laboratory Science","/resources/usa-laboratory-science-scholarships","1410","9212","2026-04-25T08:50:01.554+00:00","yes","yes","medium","4","yes","","404 (no DB route yet)","moderate body; meta complete; narrow listicle page"
"f17229c0-4b2a-46f7-8617-273a730634e6","usa-product-design-scholarships","Scholarships in the USA for Students Interested in Product Design","/resources/usa-product-design-scholarships","1408","9109","2026-04-25T08:46:58.453+00:00","yes","yes","medium","4","yes","","404 (no DB route yet)","moderate body; meta complete; narrow listicle page"
"a5966ddb-3b70-419c-9cda-1b85c4ae59cf","usa-public-service-scholarships","Scholarships in the USA for Students Interested in Public Service","/resources/usa-public-service-scholarships","1396","8973","2026-04-25T08:43:52.639+00:00","yes","yes","medium","4","yes","","404 (no DB route yet)","moderate body; meta complete; narrow listicle page"
"70152cb4-9b25-4ff8-ae06-24ee322519a1","scholarships-usa-dancers","Scholarships in the USA for Dancers: College, Ballet, and Performing Arts Funding","/resources/scholarships-usa-dancers","1320","8187","2026-04-25T08:38:52.631+00:00","yes","yes","medium","4","yes","","404 (no DB route yet)","moderate body; meta complete; narrow listicle page"
"878d785b-3623-4dc1-a257-ce05e0bc3bac","usa-cybersecurity-operations-scholarships","Scholarships in the USA for Students Interested in Cybersecurity Operations","/resources/usa-cybersecurity-operations-scholarships","1501","9594","2026-04-25T08:32:47.476+00:00","yes","yes","medium","4","yes","","404 (no DB route yet)","moderate body; meta complete; narrow listicle page"
"ee069051-6122-4a16-a379-b87666ffb0fa","usa-educational-technology-scholarships","Scholarships in the USA for Students Interested in Educational Technology","/resources/usa-educational-technology-scholarships","1374","9101","2026-04-25T08:31:12.575+00:00","yes","yes","medium","4","yes","","404 (no DB route yet)","moderate body; meta complete; narrow listicle page"
"fc691286-cc8f-4a22-b976-7646128bbeac","usa-masters-architecture-scholarships","Scholarships in the USA for Master's Students in Architecture: Real Funding Options","/resources/usa-masters-architecture-scholarships","1413","8930","2026-04-25T08:29:38.031+00:00","yes","yes","medium","4","yes","","404 (no DB route yet)","moderate body; meta complete; narrow listicle page"
"7fb49185-bdc0-4e02-90b8-110153bcd92b","usa-disability-advocacy-scholarships","Scholarships in the USA for Students Interested in Disability Advocacy","/resources/usa-disability-advocacy-scholarships","1457","9664","2026-04-25T08:23:31.994+00:00","yes","yes","medium","4","yes","","404 (no DB route yet)","moderate body; meta complete; narrow listicle page"
"ec3bff9e-c294-4948-bead-42b5dfa0e7ad","usa-public-health-masters-scholarships","Scholarships in the USA for Master's Students in Public Health: Verified Funding Options","/resources/usa-public-health-masters-scholarships","1464","9221","2026-04-25T08:21:59.691+00:00","yes","yes","medium","4","yes","","404 (no DB route yet)","moderate body; meta complete; narrow listicle page"
"8476f3fa-4ce8-463e-a848-9586856694ef","usa-automotive-technology-scholarships","Scholarships in the USA for Students Interested in Automotive Technology","/resources/usa-automotive-technology-scholarships","1340","8501","2026-04-25T08:18:56.163+00:00","yes","yes","medium","4","yes","","404 (no DB route yet)","moderate body; meta complete; narrow listicle page"
"edb3279e-fd34-405c-82bd-5da7800a725d","scholarships-usa-daca-students","Scholarships in the USA for DACA Students: Trusted Funding Options and How to Apply","/resources/scholarships-usa-daca-students","1275","7846","2026-04-25T08:13:06.271+00:00","yes","yes","medium","4","yes","","404 (no DB route yet)","moderate body; meta complete; narrow listicle page"
"1c077119-e646-4892-97b1-1aaeedf698d7","usa-cultural-preservation-scholarships","Scholarships in the USA for Students Interested in Cultural Preservation","/resources/usa-cultural-preservation-scholarships","1444","9617","2026-04-25T08:11:41.747+00:00","yes","yes","medium","4","yes","","404 (no DB route yet)","moderate body; meta complete; narrow listicle page"
"0621746b-3bfa-4aae-993a-5b7610c86205","usa-music-production-scholarships","Scholarships in the USA for Students Interested in Music Production","/resources/usa-music-production-scholarships","1255","7832","2026-04-25T08:08:36.294+00:00","yes","yes","medium","4","yes","","404 (no DB route yet)","moderate body; meta complete; narrow listicle page"
"684d7a8a-0abb-46bd-9a21-b42d892eb594","usa-hackathon-student-scholarships","Scholarships in the USA for Students Interested in Hackathons","/resources/usa-hackathon-student-scholarships","1290","8396","2026-04-25T08:01:17.655+00:00","yes","yes","medium","4","yes","","404 (no DB route yet)","moderate body; meta complete; narrow listicle page"
"fbaf8739-861c-4e87-a7d6-28d729816725","scholarships-usa-siblings-applying-together","How to Find Scholarships in the USA for Siblings Applying Together","/resources/scholarships-usa-siblings-applying-together","1445","8521","2026-04-25T07:56:45.313+00:00","yes","yes","medium","4","yes","","404 (no DB route yet)","moderate body; meta complete; narrow listicle page"
"f024b064-2c45-4572-9d85-76575602b332","usa-engineering-student-scholarships","Scholarships in the USA for Engineering Students: Best Options and How to Apply","/resources/usa-engineering-student-scholarships","1339","8884","2026-04-25T07:49:14.223+00:00","yes","yes","medium","4","yes","","404 (no DB route yet)","moderate body; meta complete; narrow listicle page"
"e4c0e819-7b4b-45fe-acda-6fec66ce2c97","scholarships-usa-arab-students","Scholarships in the USA for Arab Students: Real Funding Options and How to Apply","/resources/scholarships-usa-arab-students","1271","8155","2026-04-25T07:41:32.193+00:00","yes","yes","medium","4","yes","","404 (no DB route yet)","moderate body; meta complete; narrow listicle page"
"edcc9dd6-cd2d-43e5-9d9c-680184a083b2","usa-honors-program-scholarships","Scholarships in the USA for College Students in Honors Programs","/resources/usa-honors-program-scholarships","1398","8577","2026-04-25T07:40:04.846+00:00","yes","yes","medium","4","yes","","404 (no DB route yet)","moderate body; meta complete; narrow listicle page"
"4eb5d6d9-1370-413c-bd53-d0cbbb443cdf","usa-college-leadership-scholarships","Scholarships in the USA for College Students With Campus Leadership Roles","/resources/usa-college-leadership-scholarships","1472","9341","2026-04-25T07:38:33.704+00:00","yes","yes","medium","4","yes","","404 (no DB route yet)","moderate body; meta complete; narrow listicle page"
"aceb2990-effb-41ea-9dff-d54b4504ced7","usa-environmental-science-scholarships","Scholarships in the USA for Environmental Science Students: Best Funding Options","/resources/usa-environmental-science-scholarships","1460","9521","2026-04-25T07:17:18.309+00:00","yes","yes","medium","4","yes","","404 (no DB route yet)","moderate body; meta complete; narrow listicle page"
"feda219b-ecd8-4647-8df5-083525d3c806","usa-military-spouse-scholarships","Scholarships in the USA for Military Spouses: Trusted Programs and How to Apply","/resources/usa-military-spouse-scholarships","1376","8512","2026-04-25T07:04:27.457+00:00","yes","yes","medium","4","yes","","404 (no DB route yet)","moderate body; meta complete; narrow listicle page"
"fd379d6a-7ce0-4593-9751-725d453c2d28","scholarships-usa-students-adhd","Scholarships in the USA for Students with ADHD: Real Options and How to Apply","/resources/scholarships-usa-students-adhd","1442","8921","2026-04-25T07:01:34.123+00:00","yes","yes","medium","4","yes","","404 (no DB route yet)","moderate body; meta complete; narrow listicle page"
"29488e92-e379-42ac-827c-feb8f6ff825d","usa-medical-nursing-scholarships","Scholarships in the USA for Medical and Nursing Students: Trusted Funding Options","/resources/usa-medical-nursing-scholarships","1069","6760","2026-04-24T16:39:12.327+00:00","yes","yes","low","4","yes","","404 (no DB route yet)","moderate body; meta complete; narrow listicle page"
"dae98a0d-1e4a-4a30-a5ce-869e4f56eef6","usa-machine-learning-scholarships","Scholarships in the USA for Students Interested in Machine Learning","/resources/usa-machine-learning-scholarships","1034","6764","2026-04-23T17:48:30.048+00:00","yes","yes","low","4","yes","","404 (no DB route yet)","moderate body; meta complete; narrow listicle page"
"db761fd9-397d-42d3-ad0e-3abb86cc7019","scholarships-usa-undocumented-immigrant-students","Scholarships in the USA for Undocumented Immigrant Students: Where to Look and How to Apply","/resources/scholarships-usa-undocumented-immigrant-students","1096","6974","2026-04-23T17:46:47.205+00:00","yes","yes","low","4","yes","","404 (no DB route yet)","moderate body; meta complete; narrow listicle page"
"6c287bc3-6443-4959-9b73-15c6dd81f11f","usa-environmental-law-scholarships","Scholarships in the USA for Students Interested in Environmental Law","/resources/usa-environmental-law-scholarships","1124","7228","2026-04-23T17:39:49.316+00:00","yes","yes","low","4","yes","","404 (no DB route yet)","moderate body; meta complete; narrow listicle page"
"f44d9d5c-09e6-4d10-92ae-691ea0a965d7","usa-photography-scholarships","Scholarships in the USA for Photographers: Real Funding Options for Photography Students","/resources/usa-photography-scholarships","1044","6632","2026-04-23T17:35:14.687+00:00","yes","yes","low","4","yes","","404 (no DB route yet)","moderate body; meta complete; narrow listicle page"
"9ea194bc-75dc-4d6c-ae3e-6f4878b75844","scholarships-usa-immigrant-college-students","Top Scholarships in the USA for College Students Who Are Immigrants","/resources/scholarships-usa-immigrant-college-students","1203","8023","2026-04-08T12:20:16.912+00:00","yes","yes","medium","4","yes","","404 (no DB route yet)","moderate body; meta complete; narrow listicle page"
"7306e61b-67d0-459e-80b9-122a40c6a39d","scholarships-usa-orphan-students","Top Scholarships in the USA for Students from Orphan Backgrounds","/resources/scholarships-usa-orphan-students","1274","8019","2026-04-08T10:46:25.524+00:00","yes","yes","medium","4","yes","","404 (no DB route yet)","moderate body; meta complete; narrow listicle page"
"2cfc4603-eb8c-4676-9fe7-6fd07c0efafa","scholarships-usa-biotechnology-students","Top Scholarships in the USA for Students Interested in Biotechnology","/resources/scholarships-usa-biotechnology-students","1206","8450","2026-04-08T09:55:11.860245+00:00","yes","yes","medium","4","yes","","404 (no DB route yet)","moderate body; meta complete; narrow listicle page"
"86f22d5f-0d8b-4064-9959-67a1cf9e2dba","scholarships-usa-climate-action-students","Top Scholarships in the USA for Students Interested in Climate Action","/resources/scholarships-usa-climate-action-students","1119","7687","2026-04-08T09:55:11.860245+00:00","yes","yes","low","4","yes","","404 (no DB route yet)","moderate body; meta complete; narrow listicle page"
"ae8db052-caed-4c88-879f-16541aa3478f","scholarships-usa-civic-leadership","Top Scholarships in the USA for Students Interested in Civic Leadership","/resources/scholarships-usa-civic-leadership","1248","8155","2026-04-08T09:55:11.860245+00:00","yes","yes","medium","4","yes","","404 (no DB route yet)","moderate body; meta complete; narrow listicle page"
"c9dff3aa-f608-4f6c-90c1-b2b74763b41e","scholarships-usa-film-students","Top Scholarships in the USA for Film Students: Financial Aid for Aspiring Filmmakers","/resources/scholarships-usa-film-students","1060","6826","2026-04-08T09:55:11.860245+00:00","yes","yes","low","4","yes","","404 (no DB route yet)","moderate body; meta complete; narrow listicle page"
"42b3f727-af3b-47c7-9f5f-a8a86c9f1c3c","scholarships-usa-masters-law","Top Scholarships in the USA for Master's Students in Law","/resources/scholarships-usa-masters-law","1081","7126","2026-04-08T09:55:11.860245+00:00","yes","yes","low","4","yes","","404 (no DB route yet)","moderate body; meta complete; narrow listicle page"
"f27d6e9e-1c2d-4254-84b1-eb7a06b450de","usa-phd-physics-scholarships","Top Scholarships in the USA for PhD Students in Physics","/resources/usa-phd-physics-scholarships","1248","8106","2026-04-08T09:55:11.860245+00:00","yes","yes","medium","4","yes","","404 (no DB route yet)","moderate body; meta complete; narrow listicle page"
"fb3e36c1-eea7-4ace-adde-7ee31511d237","scholarships-usa-chemistry-students","Top Scholarships in the USA for Chemistry Students: Funding Your Science Education","/resources/scholarships-usa-chemistry-students","1100","7607","2026-04-08T09:55:11.860245+00:00","yes","yes","low","4","yes","","404 (no DB route yet)","moderate body; meta complete; narrow listicle page"
"91e6e1b8-c208-4448-8bac-132d8a5c10cf","scholarships-usa-women-medicine","Top Scholarships in the USA for Women Pursuing Medicine","/resources/scholarships-usa-women-medicine","1135","7697","2026-04-08T09:55:11.860245+00:00","yes","yes","low","4","yes","","404 (no DB route yet)","moderate body; meta complete; narrow listicle page"
"bc534914-0f01-428a-b229-c6427a49750c","scholarships-usa-single-fathers-college","Top Scholarships in the USA for Single Fathers Pursuing College","/resources/scholarships-usa-single-fathers-college","1018","6603","2026-04-08T09:55:11.860245+00:00","yes","yes","low","4","yes","","404 (no DB route yet)","moderate body; meta complete; narrow listicle page"
"686117cf-c0ce-4b76-93bf-ff4ab7c602a8","scholarships-usa-returning-college-students","Top Scholarships in the USA for College Students Returning After a Gap","/resources/scholarships-usa-returning-college-students","1267","8301","2026-04-05T09:03:17.154+00:00","yes","yes","medium","4","yes","","404 (no DB route yet)","moderate body; meta complete; narrow listicle page"
"5022a5b9-e294-46b2-9593-ecb6b8cf9d17","scholarships-usa-genetics-students","Top Scholarships in the USA for Students Interested in Genetics","/resources/scholarships-usa-genetics-students","1263","8513","2026-04-05T00:03:27.169+00:00","yes","yes","medium","4","yes","","404 (no DB route yet)","moderate body; meta complete; narrow listicle page"
"e508afa1-e246-48c0-a9d6-ba8ee69fa3cb","scholarships-usa-rotc-students","Comprehensive Guide to Scholarships in the USA for ROTC Students","/resources/scholarships-usa-rotc-students","1415","8466","2026-04-04T09:03:46.642+00:00","yes","yes","medium","4","yes","","404 (no DB route yet)","moderate body; meta complete; narrow listicle page"
"92ffe1e6-0eca-4f12-895d-592afea96aa8","scholarships-usa-quantum-computing-students","Top Scholarships in the USA for Students Interested in Quantum Computing","/resources/scholarships-usa-quantum-computing-students","1113","7751","2026-04-03T23:33:49.275+00:00","yes","yes","low","4","yes","","404 (no DB route yet)","moderate body; meta complete; narrow listicle page"
"b2e4e04e-a995-424f-b9d2-365c5d27fd9e","scholarships-usa-graduate-entrepreneurs","Top Scholarships in the USA for Graduate Students Who Are Entrepreneurs","/resources/scholarships-usa-graduate-entrepreneurs","1158","7860","2026-04-03T23:07:06.669061+00:00","yes","yes","low","4","yes","","404 (no DB route yet)","moderate body; meta complete; narrow listicle page"
"45ff59e4-fe0d-43a7-a513-e230ae1ff9ed","scholarships-usa-law-students","Top Scholarships in the USA for Law Students: Funding Your Legal Education","/resources/scholarships-usa-law-students","1263","8398","2026-04-03T23:07:06.669061+00:00","yes","yes","medium","4","yes","","404 (no DB route yet)","moderate body; meta complete; narrow listicle page"
"83a39f3d-9611-442d-ad9d-b48e7b05b9fa","scholarships-usa-no-gpa-requirement","Top Scholarships in the USA with No GPA Requirement for 2024","/resources/scholarships-usa-no-gpa-requirement","1058","6678","2026-04-03T23:07:06.669061+00:00","yes","yes","low","4","yes","","404 (no DB route yet)","moderate body; meta complete; narrow listicle page"
"0af175b1-6536-463e-81e7-e423d52d6b22","scholarships-usa-international-students-no-ielts-2026","Top Scholarships in the USA for International Students Without IELTS in 2026","/resources/scholarships-usa-international-students-no-ielts-2026","1153","7841","2026-04-03T23:07:06.669061+00:00","yes","yes","low","4","yes","","404 (no DB route yet)","moderate body; meta complete; narrow listicle page"
"2c4da974-a1ab-4d80-ad6d-6ba8282ab9f4","scholarships-usa-full-tuition-housing","Top Scholarships in the USA Covering Tuition and Housing Costs","/resources/scholarships-usa-full-tuition-housing","1192","7955","2026-04-03T23:07:06.669061+00:00","yes","yes","low","4","yes","","404 (no DB route yet)","moderate body; meta complete; narrow listicle page"
"da83431c-3e43-4176-b939-5bd75c0da0ef","scholarships-usa-low-gpa","Top Scholarships in the USA for Low GPA Students: Opportunities to Fund Your Education","/resources/scholarships-usa-low-gpa","1080","6931","2026-04-03T23:07:06.669061+00:00","yes","yes","low","4","yes","","404 (no DB route yet)","moderate body; meta complete; narrow listicle page"
"a53b3f44-2d28-4a35-8a61-9f5cfb22bab4","scholarships-usa-first-generation-immigrant-families","Top Scholarships in the USA for First Generation Immigrant Families","/resources/scholarships-usa-first-generation-immigrant-families","1187","7930","2026-04-03T23:07:06.669061+00:00","yes","yes","low","4","yes","","404 (no DB route yet)","moderate body; meta complete; narrow listicle page"
"d8b68fca-29bb-4b15-a108-803616007132","scholarships-usa-accelerated-college-programs","Top Scholarships in the USA for College Students in Accelerated Programs","/resources/scholarships-usa-accelerated-college-programs","1093","7260","2026-04-03T23:07:06.669061+00:00","yes","yes","low","4","yes","","404 (no DB route yet)","moderate body; meta complete; narrow listicle page"
"1a6d2794-bb46-4e55-82a0-d49fba49e56b","scholarships-usa-business-mba-students","Top Scholarships in the USA for Business and MBA Students","/resources/scholarships-usa-business-mba-students","1105","7304","2026-04-03T23:01:04.148+00:00","yes","yes","low","4","yes","","404 (no DB route yet)","moderate body; meta complete; narrow listicle page"
"e2b91d1e-d498-4df1-94a3-9488e684e7bb","scholarships-usa-arts-creative-majors","Top Scholarships in the USA for Arts and Creative Majors","/resources/scholarships-usa-arts-creative-majors","1160","7706","2026-04-03T22:52:26.883+00:00","yes","yes","low","4","yes","","404 (no DB route yet)","moderate body; meta complete; narrow listicle page"
"fde2f0f2-fd50-4f16-90de-5382e8458faf","scholarships-usa-athletes-sports-students","Top Scholarships in the USA for Athletes and Sports Students","/resources/scholarships-usa-athletes-sports-students","1064","6672","2026-04-03T22:41:09.875+00:00","yes","yes","low","4","yes","","404 (no DB route yet)","moderate body; meta complete; narrow listicle page"
"7beb0540-60a1-4209-9a69-aad631c2ad73","scholarships-usa-students-disabilities","Top Scholarships in the USA for Students with Disabilities","/resources/scholarships-usa-students-disabilities","1077","7218","2026-04-03T22:41:00.779+00:00","yes","yes","low","4","yes","","404 (no DB route yet)","moderate body; meta complete; narrow listicle page"
"7679be53-7600-4205-a7d2-33b825a96428","scholarships-usa-veterans-military-families","Top Scholarships in the USA for Veterans and Military Families","/resources/scholarships-usa-veterans-military-families","1117","7154","2026-04-03T22:21:54.218+00:00","yes","yes","low","4","yes","","404 (no DB route yet)","moderate body; meta complete; narrow listicle page"
"4b115ee3-5de3-4155-9be2-4bd3059fff76","scholarships-usa-online-degree-programs","Top Scholarships in the USA for Online Degree Programs in 2024","/resources/scholarships-usa-online-degree-programs","1157","7697","2026-04-03T22:18:21.284+00:00","yes","yes","low","4","yes","","404 (no DB route yet)","moderate body; meta complete; narrow listicle page"
"e3870f3b-66ee-4f36-9b3b-bceb6105c30a","scholarships-usa-gap-year-students","Top Scholarships in the USA for Gap Year Students: Opportunities & Tips","/resources/scholarships-usa-gap-year-students","1125","6708","2026-04-03T22:00:36.626+00:00","yes","yes","low","4","yes","","404 (no DB route yet)","moderate body; meta complete; narrow listicle page"
"14533de7-abdb-48e7-8a6d-185a5c5e910b","scholarships-usa-high-school-juniors","Top Scholarships in the USA for High School Juniors in 2024","/resources/scholarships-usa-high-school-juniors","1112","7265","2026-04-03T21:41:29.788+00:00","yes","yes","low","4","yes","","404 (no DB route yet)","moderate body; meta complete; narrow listicle page"
"be5cfd62-6b99-4810-9239-360161f2dd0c","scholarships-usa-undocumented-students","Top Scholarships in the USA for Undocumented Students: A Complete Guide","/resources/scholarships-usa-undocumented-students","1262","8378","2026-04-03T21:21:15.932+00:00","yes","yes","medium","4","yes","","404 (no DB route yet)","moderate body; meta complete; narrow listicle page"
"3cfce2f3-144a-4ca6-bd94-8f28de5fd917","scholarships-usa-first-generation-college-students","Top Scholarships in the USA for First Generation College Students","/resources/scholarships-usa-first-generation-college-students","1105","7321","2026-04-03T21:01:17.227+00:00","yes","yes","low","4","yes","","404 (no DB route yet)","moderate body; meta complete; narrow listicle page"
"d2645b5e-9c4f-4004-8459-57a4daf91858","scholarships-usa-community-college-students","Top Scholarships in the USA for Community College Students in 2024","/resources/scholarships-usa-community-college-students","1163","7806","2026-04-03T20:40:42.07+00:00","yes","yes","low","4","yes","","404 (no DB route yet)","moderate body; meta complete; narrow listicle page"
"fd3ff7f3-d12d-499b-a131-938cf7dbcdc2","scholarships-usa-transfer-students","Top Scholarships in the USA for Transfer Students in 2024","/resources/scholarships-usa-transfer-students","1246","8564","2026-04-03T20:21:33.673+00:00","yes","yes","medium","4","yes","","404 (no DB route yet)","moderate body; meta complete; narrow listicle page"
"a2a31f82-c4d9-418a-b439-dcea404429b2","scholarships-usa-women","Top Scholarships in the USA for Women: Financial Aid Opportunities for Female Students","/resources/scholarships-usa-women","1397","9328","2026-04-03T16:03:03.108+00:00","yes","yes","medium","4","yes","","404 (no DB route yet)","moderate body; meta complete; narrow listicle page"
"807af942-dfc6-46d6-a72b-7c10cd9fd434","scholarships-usa-low-income-students","Top Scholarships in the USA for Low-Income Students: Financial Aid Opportunities","/resources/scholarships-usa-low-income-students","1261","8307","2026-04-03T16:01:15.933+00:00","yes","yes","medium","4","yes","","404 (no DB route yet)","moderate body; meta complete; narrow listicle page"
"65f3e0b3-918e-48ed-89be-62a3f57da2bc","scholarship-application-checklist-art-students","Scholarship Application Checklist for Art Students: What to Prepare Before You Apply","/resources/scholarship-application-checklist-art-students","2254","13488","2026-04-17T10:06:47.599+00:00","yes","yes","medium","3","yes","","404 (no DB route yet)","substantial body; meta complete; evergreen intent slug; content-hub template cluster"
"931e84bd-71e7-4e55-9578-193ecdbe1919","scholarship-application-checklist-college-students","Scholarship Application Checklist for College Students: What to Prepare and When","/resources/scholarship-application-checklist-college-students","2202","12799","2026-04-17T10:04:36.05+00:00","yes","yes","medium","3","yes","","404 (no DB route yet)","substantial body; meta complete; evergreen intent slug; content-hub template cluster"
"7eac8ba1-c009-41f5-bfd7-5eff8378b488","scholarship-transparency-checklist-graduate-applicants","Scholarship Transparency Checklist for Graduate Applicants","/resources/scholarship-transparency-checklist-graduate-applicants","2283","13633","2026-04-16T10:30:32.509266+00:00","yes","yes","medium","3","yes","","404 (no DB route yet)","substantial body; meta complete; evergreen intent slug; content-hub template cluster"
"3dd7646b-7543-4bf3-8476-aea2bea5c15f","scholarship-transparency-checklist-stem-students","Scholarship Transparency Checklist for STEM Students","/resources/scholarship-transparency-checklist-stem-students","2222","12998","2026-04-16T10:30:21.264295+00:00","yes","yes","medium","3","yes","","404 (no DB route yet)","substantial body; meta complete; evergreen intent slug; content-hub template cluster"
"f4bc0498-398d-40ee-8053-fd20ec433c56","scholarship-application-checklist-athletes","Scholarship Application Checklist for Athletes: What Student-Athletes Need to Prepare","/resources/scholarship-application-checklist-athletes","2271","13408","2026-04-16T10:30:19.935906+00:00","yes","yes","medium","3","yes","","404 (no DB route yet)","substantial body; meta complete; evergreen intent slug; content-hub template cluster"
"c2fc0ac5-ccd0-451b-a735-692382afe776","scholarship-application-checklist-low-income-families","Scholarship Application Checklist for Low Income Families: What to Prepare and When","/resources/scholarship-application-checklist-low-income-families","2435","14519","2026-04-08T14:05:52.109+00:00","yes","yes","medium","3","yes","","404 (no DB route yet)","substantial body; meta complete; evergreen intent slug; content-hub template cluster"
"e7c21d13-7fb6-4496-aab2-13a7a8b6318d","find-usa-scholarships-february-deadlines","How to Find Scholarships in the USA by Deadline Month: February","/resources/find-usa-scholarships-february-deadlines","2432","14224","2026-04-16T10:30:30.666515+00:00","yes","yes","medium","0","yes","","404 (no DB route yet)","substantial body; meta complete; month-deadline stale risk"
"1ad14f98-7f1c-4925-88e9-4efd46512754","scholarships-usa-fintech-students","Top Scholarships in the USA for Students Interested in Fintech","/resources/scholarships-usa-fintech-students","893","6192","2026-04-08T09:55:11.860245+00:00","yes","yes","low","-4","yes","","404 (no DB route yet)","acceptable body; meta complete; narrow listicle page"
"f9fd0b7b-16b8-43cc-bba4-6d7aaa90276d","scholarships-usa-deadline-may","How to Find Scholarships in the USA with May Deadlines","/resources/scholarships-usa-deadline-may","966","6218","2026-04-07T18:02:59.774+00:00","yes","yes","low","-4","yes","","404 (no DB route yet)","acceptable body; meta complete; narrow listicle page"
"d5a9d49d-df25-43ef-9761-a0cde2477a4f","scholarships-usa-rolling-deadlines","Top Scholarships in the USA with Rolling Deadlines for 2024","/resources/scholarships-usa-rolling-deadlines","915","5829","2026-04-03T23:07:06.669061+00:00","yes","yes","low","-4","yes","","404 (no DB route yet)","acceptable body; meta complete; narrow listicle page"
"3b8f093d-f321-463c-ba11-fc472cdde626","scholarships-usa-automatic-consideration","Top Scholarships in the USA with Automatic Consideration","/resources/scholarships-usa-automatic-consideration","993","6501","2026-04-03T23:07:06.669061+00:00","yes","yes","low","-4","yes","","404 (no DB route yet)","acceptable body; meta complete; narrow listicle page"
"f9b171f8-3902-43f5-80c9-d7c7c681567f","scholarships-usa-social-media-strategy","Top Scholarships in the USA for Students Interested in Social Media Strategy","/resources/scholarships-usa-social-media-strategy","980","6419","2026-04-03T23:07:06.669061+00:00","yes","yes","low","-4","yes","","404 (no DB route yet)","acceptable body; meta complete; narrow listicle page"
"9107f217-fb84-4c50-b4b2-ea7a5a515773","scholarships-usa-part-time-students","Top Scholarships in the USA for Part Time Students in 2024","/resources/scholarships-usa-part-time-students","913","5763","2026-04-03T22:04:06.419+00:00","yes","yes","low","-4","yes","","404 (no DB route yet)","acceptable body; meta complete; narrow listicle page"
"1f9818d3-f0b6-4abc-9d22-8ac86592d384","scholarship-transparency-checklist-transfer-students","Scholarship Transparency Checklist for Transfer Students","/resources/scholarship-transparency-checklist-transfer-students","1486","8791","2026-04-25T09:47:53.043+00:00","yes","yes","medium","-5","yes","","404 (no DB route yet)","moderate body; meta complete; evergreen intent slug; content-hub template cluster"
"e999ca49-2cdf-43b1-b85d-3c7733249599","scholarship-application-checklist-transfer-students","Scholarship Application Checklist for Transfer Students: What to Prepare and When","/resources/scholarship-application-checklist-transfer-students","1415","8875","2026-04-25T09:00:24.901+00:00","yes","yes","medium","-5","yes","","404 (no DB route yet)","moderate body; meta complete; evergreen intent slug; content-hub template cluster"
"e96d470e-7cfe-4a4f-83e8-03ae151c63d9","scholarship-transparency-checklist","Scholarship Transparency Checklist for School Students and Parents","/resources/scholarship-transparency-checklist","1403","8385","2026-04-25T08:57:25.642+00:00","yes","yes","medium","-5","yes","","404 (no DB route yet)","moderate body; meta complete; evergreen intent slug; content-hub template cluster"
"db1f987b-117e-4dc3-b532-27bbde0c0b51","scholarship-application-checklist-international-students","Scholarship Application Checklist for International Students","/resources/scholarship-application-checklist-international-students","1013","6388","2026-04-24T16:24:03.056+00:00","yes","yes","low","-5","yes","","404 (no DB route yet)","moderate body; meta complete; evergreen intent slug; content-hub template cluster"
"b511a573-8824-4c15-8473-6408b292daaf","create-trusted-scholarship-guides-college-students","How to Create Scholarship Guides for College Students That Build Trust","/resources/create-trusted-scholarship-guides-college-students","2356","13726","2026-04-17T10:15:42.739+00:00","yes","yes","medium","-5","yes","","404 (no DB route yet)","substantial body; meta complete; content-hub template cluster"
"456758d0-097f-49a1-9ddc-93417b29bae3","create-trusted-scholarship-guides-for-school-students","How to Create Scholarship Guides for School Students That Build Trust","/resources/create-trusted-scholarship-guides-for-school-students","2429","14000","2026-04-16T10:30:04.453107+00:00","yes","yes","medium","-5","yes","","404 (no DB route yet)","substantial body; meta complete; content-hub template cluster"
"5d38507f-88f3-4962-885c-07320eff4ceb","scholarship-transparency-checklist-arts-students","Scholarship Transparency Checklist for Arts Students: What to Look For","/resources/scholarship-transparency-checklist-arts-students","1173","7580","2026-04-08T09:55:11.860245+00:00","yes","yes","low","-5","yes","","404 (no DB route yet)","moderate body; meta complete; evergreen intent slug; content-hub template cluster"
"c57109f3-eee5-47f5-8b64-03efc88760ce","find-scholarships-usa-march-deadlines","How to Find Scholarships in the USA by Deadline Month: March","/resources/find-scholarships-usa-march-deadlines","1501","8802","2026-04-25T15:24:48.259+00:00","yes","yes","medium","-8","yes","","404 (no DB route yet)","moderate body; meta complete; month-deadline stale risk"
"3a690d28-d4d2-444d-aee7-551cde5f5877","international-student-scholarships-january-deadlines","Scholarships for International Students With Deadlines in January","/resources/international-student-scholarships-january-deadlines","1028","6596","2026-04-24T16:37:37.988+00:00","yes","yes","low","-8","yes","","404 (no DB route yet)","moderate body; meta complete; month-deadline stale risk"
"d39162fb-5807-4b76-96c6-308a6f490427","international-student-scholarships-february-deadlines","Scholarships for International Students With Deadlines in February","/resources/international-student-scholarships-february-deadlines","1089","7090","2026-04-24T14:27:19.692+00:00","yes","yes","low","-8","yes","","404 (no DB route yet)","moderate body; meta complete; month-deadline stale risk"
"4b48ca0e-19c3-4f05-bf7e-7004e3fb6ecc","create-trusted-scholarship-guides-for-parents","How to Create Scholarship Guides for Parents That Build Trust","/resources/create-trusted-scholarship-guides-for-parents","1396","8424","2026-04-25T12:09:15.873+00:00","yes","yes","medium","-13","yes","","404 (no DB route yet)","moderate body; meta complete; content-hub template cluster"
"d21b48c0-3219-48f7-a9b4-cb7b563298c0","best-free-scholarship-database-international-students","Top Free Scholarship Databases for International Students","/resources/best-free-scholarship-database-international-students","596","4423","2026-04-25T13:35:26.681+00:00","yes","yes","thin","-20","yes","","404 (no DB route yet)","thin body; meta complete"
"6d5ea66a-6fa2-4d39-8783-6dab68f24c97","best-scholarship-search-engine-international-students","Top Scholarship Search Engines for International Students","/resources/best-scholarship-search-engine-international-students","539","3894","2026-04-25T13:35:08.513+00:00","yes","yes","thin","-20","yes","","404 (no DB route yet)","thin body; meta complete"
"08ee6a95-de02-4246-96f2-68231b616fa9","fastweb-vs-scholarships-com-for-international-students","Fastweb vs Scholarships.com: A Guide for International Students","/resources/fastweb-vs-scholarships-com-for-international-students","594","4521","2026-04-25T13:34:19.863+00:00","yes","yes","thin","-20","yes","","404 (no DB route yet)","thin body; meta complete"
"2a0d755e-7763-42da-8c9a-ef6b9892b7f1","can-you-hold-multiple-scholarships-international-student","Can International Students Hold Multiple Scholarships?","/resources/can-you-hold-multiple-scholarships-international-student","439","3381","2026-04-25T13:33:03.893+00:00","yes","yes","thin","-20","yes","","404 (no DB route yet)","thin body; meta complete"
"6e395466-a9ec-4649-b986-89140979e917","are-scholarships-taxable-for-international-students-usa","Understanding the Tax Implications of Scholarships for International Students in the USA","/resources/are-scholarships-taxable-for-international-students-usa","582","3993","2026-04-25T13:32:15.063+00:00","yes","yes","thin","-20","yes","","404 (no DB route yet)","thin body; meta complete"
"b60fcfd7-9c53-4a4c-b688-6b2f19e90e85","scholarship-interview-tips-international-students","Essential Scholarship Interview Tips for International Students","/resources/scholarship-interview-tips-international-students","592","4006","2026-04-25T13:29:11.724+00:00","yes","yes","thin","-20","yes","","404 (no DB route yet)","thin body; meta complete"
