canonical_path,state_slug,topic_slug,degree_segment,active_grants_count
florida/undergraduate/nursing,florida,nursing,undergraduate,402
florida/undergraduate/arts,florida,arts,undergraduate,402
florida/graduate/nursing,florida,nursing,graduate,267
florida/graduate/nursing,florida,nursing,mba,267
florida/graduate/arts,florida,arts,graduate,267
florida/graduate/arts,florida,arts,mba,267
california/high-school/nursing,california,nursing,high-school,245
california/high-school/arts,california,arts,high-school,245
california/high-school-senior/nursing,california,nursing,high-school-senior,207
california/high-school-senior/arts,california,arts,high-school-senior,207
california/undergraduate/nursing,california,nursing,undergraduate,181
california/undergraduate/arts,california,arts,undergraduate,181
illinois/high-school/nursing,illinois,nursing,high-school,173
illinois/high-school/arts,illinois,arts,high-school,173
florida/high-school/nursing,florida,nursing,high-school,148
florida/high-school/arts,florida,arts,high-school,148
connecticut/undergraduate/nursing,connecticut,nursing,undergraduate,135
connecticut/undergraduate/arts,connecticut,arts,undergraduate,135
illinois/high-school-senior/nursing,illinois,nursing,high-school-senior,135
illinois/high-school-senior/arts,illinois,arts,high-school-senior,135
connecticut/high-school/nursing,connecticut,nursing,high-school,130
connecticut/high-school/arts,connecticut,arts,high-school,130
connecticut/high-school-senior/nursing,connecticut,nursing,high-school-senior,121
connecticut/high-school-senior/arts,connecticut,arts,high-school-senior,121
texas/high-school/nursing,texas,nursing,high-school,119
texas/high-school/arts,texas,arts,high-school,119
massachusetts/undergraduate/nursing,massachusetts,nursing,undergraduate,113
massachusetts/undergraduate/arts,massachusetts,arts,undergraduate,113
florida/high-school-senior/nursing,florida,nursing,high-school-senior,110
florida/high-school-senior/arts,florida,arts,high-school-senior,110
indiana/high-school/nursing,indiana,nursing,high-school,106
indiana/high-school/arts,indiana,arts,high-school,106
texas/high-school-senior/nursing,texas,nursing,high-school-senior,102
texas/high-school-senior/arts,texas,arts,high-school-senior,102
washington/high-school/nursing,washington,nursing,high-school,86
washington/high-school/arts,washington,arts,high-school,86
washington/undergraduate/nursing,washington,nursing,undergraduate,80
washington/undergraduate/arts,washington,arts,undergraduate,80
washington/high-school-senior/nursing,washington,nursing,high-school-senior,76
washington/high-school-senior/arts,washington,arts,high-school-senior,76
california/graduate/nursing,california,nursing,graduate,75
california/graduate/nursing,california,nursing,mba,75
california/graduate/arts,california,arts,graduate,75
california/graduate/arts,california,arts,mba,75
florida/undergraduate/engineering,florida,engineering,undergraduate,74
pennsylvania/high-school/nursing,pennsylvania,nursing,high-school,74
pennsylvania/high-school/arts,pennsylvania,arts,high-school,74
massachusetts/high-school/nursing,massachusetts,nursing,high-school,72
massachusetts/high-school/arts,massachusetts,arts,high-school,72
oregon/high-school/nursing,oregon,nursing,high-school,68
oregon/high-school/arts,oregon,arts,high-school,68
virginia/undergraduate/nursing,virginia,nursing,undergraduate,65
virginia/undergraduate/arts,virginia,arts,undergraduate,65
connecticut/graduate/nursing,connecticut,nursing,graduate,64
connecticut/graduate/nursing,connecticut,nursing,mba,64
connecticut/graduate/arts,connecticut,arts,graduate,64
connecticut/graduate/arts,connecticut,arts,mba,64
massachusetts/graduate/nursing,massachusetts,nursing,graduate,64
massachusetts/graduate/nursing,massachusetts,nursing,mba,64
massachusetts/graduate/arts,massachusetts,arts,graduate,64
massachusetts/graduate/arts,massachusetts,arts,mba,64
pennsylvania/high-school-senior/nursing,pennsylvania,nursing,high-school-senior,56
pennsylvania/high-school-senior/arts,pennsylvania,arts,high-school-senior,56
virginia/high-school/nursing,virginia,nursing,high-school,56
virginia/high-school/arts,virginia,arts,high-school,56
massachusetts/high-school-senior/nursing,massachusetts,nursing,high-school-senior,55
massachusetts/high-school-senior/arts,massachusetts,arts,high-school-senior,55
illinois/undergraduate/nursing,illinois,nursing,undergraduate,53
illinois/undergraduate/arts,illinois,arts,undergraduate,53
virginia/high-school-senior/nursing,virginia,nursing,high-school-senior,50
virginia/high-school-senior/arts,virginia,arts,high-school-senior,50
florida/graduate/engineering,florida,engineering,graduate,49
florida/graduate/engineering,florida,engineering,mba,49
ohio/undergraduate/nursing,ohio,nursing,undergraduate,49
ohio/undergraduate/arts,ohio,arts,undergraduate,49
pennsylvania/undergraduate/nursing,pennsylvania,nursing,undergraduate,48
pennsylvania/undergraduate/arts,pennsylvania,arts,undergraduate,48
texas/undergraduate/nursing,texas,nursing,undergraduate,48
texas/undergraduate/arts,texas,arts,undergraduate,48
alaska/undergraduate/nursing,alaska,nursing,undergraduate,46
alaska/undergraduate/arts,alaska,arts,undergraduate,46
new-jersey/high-school/nursing,new-jersey,nursing,high-school,44
new-jersey/high-school/arts,new-jersey,arts,high-school,44
ohio/high-school/nursing,ohio,nursing,high-school,43
ohio/high-school/arts,ohio,arts,high-school,43
wisconsin/high-school/nursing,wisconsin,nursing,high-school,43
wisconsin/high-school/arts,wisconsin,arts,high-school,43
washington/graduate/nursing,washington,nursing,graduate,38
washington/graduate/nursing,washington,nursing,mba,38
washington/graduate/arts,washington,arts,graduate,38
washington/graduate/arts,washington,arts,mba,38
new-jersey/high-school-senior/nursing,new-jersey,nursing,high-school-senior,37
new-jersey/high-school-senior/arts,new-jersey,arts,high-school-senior,37
wisconsin/high-school-senior/nursing,wisconsin,nursing,high-school-senior,37
wisconsin/high-school-senior/arts,wisconsin,arts,high-school-senior,37
maine/high-school/nursing,maine,nursing,high-school,36
maine/high-school/arts,maine,arts,high-school,36
wisconsin/undergraduate/nursing,wisconsin,nursing,undergraduate,35
wisconsin/undergraduate/arts,wisconsin,arts,undergraduate,35
indiana/undergraduate/nursing,indiana,nursing,undergraduate,34
indiana/undergraduate/arts,indiana,arts,undergraduate,34
missouri/high-school/nursing,missouri,nursing,high-school,34
missouri/high-school/arts,missouri,arts,high-school,34
new-jersey/undergraduate/nursing,new-jersey,nursing,undergraduate,33
new-jersey/undergraduate/arts,new-jersey,arts,undergraduate,33
new-york/high-school/nursing,new-york,nursing,high-school,33
new-york/high-school/arts,new-york,arts,high-school,33
delaware/high-school/nursing,delaware,nursing,high-school,32
delaware/high-school/arts,delaware,arts,high-school,32
maine/high-school-senior/nursing,maine,nursing,high-school-senior,32
maine/high-school-senior/arts,maine,arts,high-school-senior,32
missouri/undergraduate/nursing,missouri,nursing,undergraduate,32
missouri/undergraduate/arts,missouri,arts,undergraduate,32
north-carolina/high-school/nursing,north-carolina,nursing,high-school,32
north-carolina/high-school/arts,north-carolina,arts,high-school,32
ohio/high-school-senior/nursing,ohio,nursing,high-school-senior,32
ohio/high-school-senior/arts,ohio,arts,high-school-senior,32
alaska/graduate/nursing,alaska,nursing,graduate,31
alaska/graduate/nursing,alaska,nursing,mba,31
alaska/graduate/arts,alaska,arts,graduate,31
alaska/graduate/arts,alaska,arts,mba,31
colorado/high-school/nursing,colorado,nursing,high-school,31
colorado/high-school/arts,colorado,arts,high-school,31
georgia/high-school/nursing,georgia,nursing,high-school,31
georgia/high-school/arts,georgia,arts,high-school,31
new-york/undergraduate/nursing,new-york,nursing,undergraduate,30
new-york/undergraduate/arts,new-york,arts,undergraduate,30
north-carolina/undergraduate/nursing,north-carolina,nursing,undergraduate,30
north-carolina/undergraduate/arts,north-carolina,arts,undergraduate,30
rhode-island/undergraduate/nursing,rhode-island,nursing,undergraduate,30
rhode-island/undergraduate/arts,rhode-island,arts,undergraduate,30
delaware/high-school-senior/nursing,delaware,nursing,high-school-senior,29
delaware/high-school-senior/arts,delaware,arts,high-school-senior,29
maryland/high-school/nursing,maryland,nursing,high-school,29
maryland/high-school/arts,maryland,arts,high-school,29
arizona/undergraduate/nursing,arizona,nursing,undergraduate,28
arizona/undergraduate/arts,arizona,arts,undergraduate,28
idaho/undergraduate/nursing,idaho,nursing,undergraduate,28
idaho/undergraduate/arts,idaho,arts,undergraduate,28
indiana/high-school-senior/nursing,indiana,nursing,high-school-senior,28
indiana/high-school-senior/arts,indiana,arts,high-school-senior,28
maine/undergraduate/nursing,maine,nursing,undergraduate,28
maine/undergraduate/arts,maine,arts,undergraduate,28
missouri/high-school-senior/nursing,missouri,nursing,high-school-senior,27
missouri/high-school-senior/arts,missouri,arts,high-school-senior,27
north-carolina/high-school-senior/nursing,north-carolina,nursing,high-school-senior,27
north-carolina/high-school-senior/arts,north-carolina,arts,high-school-senior,27
rhode-island/high-school/nursing,rhode-island,nursing,high-school,27
rhode-island/high-school/arts,rhode-island,arts,high-school,27
colorado/high-school-senior/nursing,colorado,nursing,high-school-senior,26
colorado/high-school-senior/arts,colorado,arts,high-school-senior,26
georgia/undergraduate/nursing,georgia,nursing,undergraduate,25
georgia/undergraduate/arts,georgia,arts,undergraduate,25
hawaii/undergraduate/nursing,hawaii,nursing,undergraduate,25
hawaii/undergraduate/arts,hawaii,arts,undergraduate,25
maryland/high-school-senior/nursing,maryland,nursing,high-school-senior,25
maryland/high-school-senior/arts,maryland,arts,high-school-senior,25
new-hampshire/undergraduate/nursing,new-hampshire,nursing,undergraduate,25
new-hampshire/high-school/nursing,new-hampshire,nursing,high-school,25
new-hampshire/undergraduate/arts,new-hampshire,arts,undergraduate,25
new-hampshire/high-school/arts,new-hampshire,arts,high-school,25
new-york/high-school-senior/nursing,new-york,nursing,high-school-senior,25
new-york/high-school-senior/arts,new-york,arts,high-school-senior,25
alaska/high-school/nursing,alaska,nursing,high-school,24
alaska/high-school/arts,alaska,arts,high-school,24
hawaii/high-school/nursing,hawaii,nursing,high-school,24
hawaii/high-school/arts,hawaii,arts,high-school,24
rhode-island/high-school-senior/nursing,rhode-island,nursing,high-school-senior,24
rhode-island/high-school-senior/arts,rhode-island,arts,high-school-senior,24
virginia/graduate/nursing,virginia,nursing,graduate,24
virginia/graduate/nursing,virginia,nursing,mba,24
virginia/graduate/arts,virginia,arts,graduate,24
virginia/graduate/arts,virginia,arts,mba,24
colorado/undergraduate/nursing,colorado,nursing,undergraduate,23
colorado/undergraduate/arts,colorado,arts,undergraduate,23
hawaii/high-school-senior/nursing,hawaii,nursing,high-school-senior,23
hawaii/high-school-senior/arts,hawaii,arts,high-school-senior,23
kentucky/undergraduate/nursing,kentucky,nursing,undergraduate,23
kentucky/high-school/nursing,kentucky,nursing,high-school,23
kentucky/undergraduate/arts,kentucky,arts,undergraduate,23
kentucky/high-school/arts,kentucky,arts,high-school,23
arizona/high-school/nursing,arizona,nursing,high-school,22
arizona/high-school/arts,arizona,arts,high-school,22
oregon/undergraduate/nursing,oregon,nursing,undergraduate,22
oregon/undergraduate/arts,oregon,arts,undergraduate,22
pennsylvania/graduate/nursing,pennsylvania,nursing,graduate,22
pennsylvania/graduate/nursing,pennsylvania,nursing,mba,22
pennsylvania/graduate/arts,pennsylvania,arts,graduate,22
pennsylvania/graduate/arts,pennsylvania,arts,mba,22
georgia/high-school-senior/nursing,georgia,nursing,high-school-senior,21
georgia/high-school-senior/arts,georgia,arts,high-school-senior,21
idaho/high-school/nursing,idaho,nursing,high-school,21
idaho/high-school/arts,idaho,arts,high-school,21
illinois/graduate/nursing,illinois,nursing,graduate,21
illinois/graduate/nursing,illinois,nursing,mba,21
illinois/graduate/arts,illinois,arts,graduate,21
illinois/graduate/arts,illinois,arts,mba,21
minnesota/high-school/nursing,minnesota,nursing,high-school,21
minnesota/high-school/arts,minnesota,arts,high-school,21
new-hampshire/high-school-senior/nursing,new-hampshire,nursing,high-school-senior,21
new-hampshire/high-school-senior/arts,new-hampshire,arts,high-school-senior,21
vermont/undergraduate/nursing,vermont,nursing,undergraduate,21
vermont/high-school/nursing,vermont,nursing,high-school,21
vermont/undergraduate/arts,vermont,arts,undergraduate,21
vermont/high-school/arts,vermont,arts,high-school,21
alaska/high-school-senior/nursing,alaska,nursing,high-school-senior,20
alaska/high-school-senior/arts,alaska,arts,high-school-senior,20
arizona/high-school-senior/nursing,arizona,nursing,high-school-senior,20
arizona/high-school-senior/arts,arizona,arts,high-school-senior,20
idaho/high-school-senior/nursing,idaho,nursing,high-school-senior,19
idaho/high-school-senior/arts,idaho,arts,high-school-senior,19
iowa/high-school/nursing,iowa,nursing,high-school,19
iowa/high-school/arts,iowa,arts,high-school,19
texas/graduate/nursing,texas,nursing,graduate,19
texas/graduate/nursing,texas,nursing,mba,19
texas/graduate/arts,texas,arts,graduate,19
texas/graduate/arts,texas,arts,mba,19
alabama/undergraduate/nursing,alabama,nursing,undergraduate,18
alabama/undergraduate/arts,alabama,arts,undergraduate,18
delaware/undergraduate/nursing,delaware,nursing,undergraduate,18
delaware/undergraduate/arts,delaware,arts,undergraduate,18
kentucky/high-school-senior/nursing,kentucky,nursing,high-school-senior,18
kentucky/high-school-senior/arts,kentucky,arts,high-school-senior,18
michigan/undergraduate/nursing,michigan,nursing,undergraduate,18
michigan/undergraduate/arts,michigan,arts,undergraduate,18
montana/undergraduate/nursing,montana,nursing,undergraduate,18
montana/high-school/nursing,montana,nursing,high-school,18
montana/undergraduate/arts,montana,arts,undergraduate,18
montana/high-school/arts,montana,arts,high-school,18
new-mexico/undergraduate/nursing,new-mexico,nursing,undergraduate,18
new-mexico/undergraduate/arts,new-mexico,arts,undergraduate,18
ohio/graduate/nursing,ohio,nursing,graduate,18
ohio/graduate/nursing,ohio,nursing,mba,18
ohio/graduate/arts,ohio,arts,graduate,18
ohio/graduate/arts,ohio,arts,mba,18
oregon/high-school-senior/nursing,oregon,nursing,high-school-senior,18
oregon/high-school-senior/arts,oregon,arts,high-school-senior,18
rhode-island/graduate/nursing,rhode-island,nursing,graduate,18
rhode-island/graduate/nursing,rhode-island,nursing,mba,18
rhode-island/graduate/arts,rhode-island,arts,graduate,18
rhode-island/graduate/arts,rhode-island,arts,mba,18
vermont/high-school-senior/nursing,vermont,nursing,high-school-senior,18
vermont/high-school-senior/arts,vermont,arts,high-school-senior,18
indiana/graduate/nursing,indiana,nursing,graduate,17
indiana/graduate/nursing,indiana,nursing,mba,17
indiana/graduate/arts,indiana,arts,graduate,17
indiana/graduate/arts,indiana,arts,mba,17
iowa/high-school-senior/nursing,iowa,nursing,high-school-senior,17
iowa/high-school-senior/arts,iowa,arts,high-school-senior,17
maine/graduate/nursing,maine,nursing,graduate,17
maine/graduate/nursing,maine,nursing,mba,17
maine/graduate/arts,maine,arts,graduate,17
maine/graduate/arts,maine,arts,mba,17
maryland/undergraduate/nursing,maryland,nursing,undergraduate,17
maryland/undergraduate/arts,maryland,arts,undergraduate,17
nevada/high-school/nursing,nevada,nursing,high-school,17
nevada/high-school/arts,nevada,arts,high-school,17
tennessee/undergraduate/nursing,tennessee,nursing,undergraduate,17
tennessee/undergraduate/arts,tennessee,arts,undergraduate,17
florida/high-school/engineering,florida,engineering,high-school,16
kansas/high-school/nursing,kansas,nursing,high-school,16
kansas/high-school/arts,kansas,arts,high-school,16
michigan/high-school/nursing,michigan,nursing,high-school,16
michigan/high-school/arts,michigan,arts,high-school,16
minnesota/undergraduate/nursing,minnesota,nursing,undergraduate,16
minnesota/undergraduate/arts,minnesota,arts,undergraduate,16
montana/high-school-senior/nursing,montana,nursing,high-school-senior,16
montana/high-school-senior/arts,montana,arts,high-school-senior,16
nevada/high-school-senior/nursing,nevada,nursing,high-school-senior,16
nevada/high-school-senior/arts,nevada,arts,high-school-senior,16
florida/phd/nursing,florida,nursing,phd,15
florida/phd/arts,florida,arts,phd,15
minnesota/high-school-senior/nursing,minnesota,nursing,high-school-senior,15
minnesota/high-school-senior/arts,minnesota,arts,high-school-senior,15
nevada/undergraduate/nursing,nevada,nursing,undergraduate,15
nevada/undergraduate/arts,nevada,arts,undergraduate,15
new-york/graduate/nursing,new-york,nursing,graduate,15
new-york/graduate/nursing,new-york,nursing,mba,15
new-york/graduate/arts,new-york,arts,graduate,15
new-york/graduate/arts,new-york,arts,mba,15
south-carolina/undergraduate/nursing,south-carolina,nursing,undergraduate,15
south-carolina/undergraduate/arts,south-carolina,arts,undergraduate,15
arizona/graduate/nursing,arizona,nursing,graduate,14
arizona/graduate/nursing,arizona,nursing,mba,14
arizona/graduate/arts,arizona,arts,graduate,14
arizona/graduate/arts,arizona,arts,mba,14
georgia/graduate/nursing,georgia,nursing,graduate,14
georgia/graduate/nursing,georgia,nursing,mba,14
georgia/graduate/arts,georgia,arts,graduate,14
georgia/graduate/arts,georgia,arts,mba,14
mississippi/undergraduate/nursing,mississippi,nursing,undergraduate,14
mississippi/undergraduate/arts,mississippi,arts,undergraduate,14
utah/undergraduate/nursing,utah,nursing,undergraduate,14
utah/undergraduate/arts,utah,arts,undergraduate,14
wyoming/high-school/nursing,wyoming,nursing,high-school,14
wyoming/high-school-senior/nursing,wyoming,nursing,high-school-senior,14
wyoming/high-school/arts,wyoming,arts,high-school,14
wyoming/high-school-senior/arts,wyoming,arts,high-school-senior,14
arkansas/undergraduate/nursing,arkansas,nursing,undergraduate,13
arkansas/undergraduate/arts,arkansas,arts,undergraduate,13
kansas/undergraduate/nursing,kansas,nursing,undergraduate,13
kansas/high-school-senior/nursing,kansas,nursing,high-school-senior,13
kansas/undergraduate/arts,kansas,arts,undergraduate,13
kansas/high-school-senior/arts,kansas,arts,high-school-senior,13
michigan/high-school-senior/nursing,michigan,nursing,high-school-senior,13
michigan/high-school-senior/arts,michigan,arts,high-school-senior,13
missouri/graduate/nursing,missouri,nursing,graduate,13
missouri/graduate/nursing,missouri,nursing,mba,13
missouri/graduate/arts,missouri,arts,graduate,13
missouri/graduate/arts,missouri,arts,mba,13
new-hampshire/graduate/nursing,new-hampshire,nursing,graduate,13
new-hampshire/graduate/nursing,new-hampshire,nursing,mba,13
new-hampshire/graduate/arts,new-hampshire,arts,graduate,13
new-hampshire/graduate/arts,new-hampshire,arts,mba,13
new-mexico/high-school/nursing,new-mexico,nursing,high-school,13
new-mexico/high-school-senior/nursing,new-mexico,nursing,high-school-senior,13
new-mexico/high-school/arts,new-mexico,arts,high-school,13
new-mexico/high-school-senior/arts,new-mexico,arts,high-school-senior,13
south-carolina/high-school/nursing,south-carolina,nursing,high-school,13
south-carolina/high-school/arts,south-carolina,arts,high-school,13
california/undergraduate/engineering,california,engineering,undergraduate,12
colorado/graduate/nursing,colorado,nursing,graduate,12
colorado/graduate/nursing,colorado,nursing,mba,12
colorado/graduate/arts,colorado,arts,graduate,12
colorado/graduate/arts,colorado,arts,mba,12
idaho/graduate/nursing,idaho,nursing,graduate,12
idaho/graduate/nursing,idaho,nursing,mba,12
idaho/graduate/arts,idaho,arts,graduate,12
idaho/graduate/arts,idaho,arts,mba,12
iowa/undergraduate/nursing,iowa,nursing,undergraduate,12
iowa/undergraduate/arts,iowa,arts,undergraduate,12
kentucky/graduate/nursing,kentucky,nursing,graduate,12
kentucky/graduate/nursing,kentucky,nursing,mba,12
kentucky/graduate/arts,kentucky,arts,graduate,12
kentucky/graduate/arts,kentucky,arts,mba,12
new-jersey/graduate/nursing,new-jersey,nursing,graduate,12
new-jersey/graduate/nursing,new-jersey,nursing,mba,12
new-jersey/graduate/arts,new-jersey,arts,graduate,12
new-jersey/graduate/arts,new-jersey,arts,mba,12
oklahoma/high-school/nursing,oklahoma,nursing,high-school,12
oklahoma/high-school/arts,oklahoma,arts,high-school,12
vermont/graduate/nursing,vermont,nursing,graduate,12
vermont/graduate/nursing,vermont,nursing,mba,12
vermont/graduate/arts,vermont,arts,graduate,12
vermont/graduate/arts,vermont,arts,mba,12
wyoming/undergraduate/nursing,wyoming,nursing,undergraduate,12
wyoming/undergraduate/arts,wyoming,arts,undergraduate,12
california/high-school/engineering,california,engineering,high-school,11
connecticut/high-school/engineering,connecticut,engineering,high-school,11
connecticut/high-school-senior/engineering,connecticut,engineering,high-school-senior,11
florida/high-school-senior/engineering,florida,engineering,high-school-senior,11
louisiana/undergraduate/nursing,louisiana,nursing,undergraduate,11
louisiana/undergraduate/arts,louisiana,arts,undergraduate,11
nebraska/high-school/nursing,nebraska,nursing,high-school,11
nebraska/high-school-senior/nursing,nebraska,nursing,high-school-senior,11
nebraska/high-school/arts,nebraska,arts,high-school,11
nebraska/high-school-senior/arts,nebraska,arts,high-school-senior,11
tennessee/high-school/nursing,tennessee,nursing,high-school,11
tennessee/high-school/arts,tennessee,arts,high-school,11
west-virginia/undergraduate/nursing,west-virginia,nursing,undergraduate,11
west-virginia/high-school/nursing,west-virginia,nursing,high-school,11
west-virginia/undergraduate/arts,west-virginia,arts,undergraduate,11
west-virginia/high-school/arts,west-virginia,arts,high-school,11
alabama/high-school/nursing,alabama,nursing,high-school,10
alabama/high-school/arts,alabama,arts,high-school,10
arkansas/high-school/nursing,arkansas,nursing,high-school,10
arkansas/high-school/arts,arkansas,arts,high-school,10
nebraska/undergraduate/nursing,nebraska,nursing,undergraduate,10
nebraska/undergraduate/arts,nebraska,arts,undergraduate,10
oklahoma/undergraduate/nursing,oklahoma,nursing,undergraduate,10
oklahoma/undergraduate/arts,oklahoma,arts,undergraduate,10
oregon/graduate/nursing,oregon,nursing,graduate,10
oregon/graduate/nursing,oregon,nursing,mba,10
oregon/graduate/arts,oregon,arts,graduate,10
oregon/graduate/arts,oregon,arts,mba,10
tennessee/graduate/nursing,tennessee,nursing,graduate,10
tennessee/graduate/nursing,tennessee,nursing,mba,10
tennessee/graduate/arts,tennessee,arts,graduate,10
tennessee/graduate/arts,tennessee,arts,mba,10
alabama/graduate/nursing,alabama,nursing,graduate,9
alabama/graduate/nursing,alabama,nursing,mba,9
alabama/graduate/arts,alabama,arts,graduate,9
alabama/graduate/arts,alabama,arts,mba,9
connecticut/undergraduate/engineering,connecticut,engineering,undergraduate,9
hawaii/phd/nursing,hawaii,nursing,phd,9
hawaii/phd/arts,hawaii,arts,phd,9
illinois/high-school/engineering,illinois,engineering,high-school,9
louisiana/high-school/nursing,louisiana,nursing,high-school,9
louisiana/high-school/arts,louisiana,arts,high-school,9
maryland/graduate/nursing,maryland,nursing,graduate,9
maryland/graduate/nursing,maryland,nursing,mba,9
maryland/graduate/arts,maryland,arts,graduate,9
maryland/graduate/arts,maryland,arts,mba,9
mississippi/high-school/nursing,mississippi,nursing,high-school,9
mississippi/high-school/arts,mississippi,arts,high-school,9
north-carolina/graduate/nursing,north-carolina,nursing,graduate,9
north-carolina/graduate/nursing,north-carolina,nursing,mba,9
north-carolina/graduate/arts,north-carolina,arts,graduate,9
north-carolina/graduate/arts,north-carolina,arts,mba,9
south-dakota/high-school/nursing,south-dakota,nursing,high-school,9
south-dakota/high-school-senior/nursing,south-dakota,nursing,high-school-senior,9
south-dakota/high-school/arts,south-dakota,arts,high-school,9
south-dakota/high-school-senior/arts,south-dakota,arts,high-school-senior,9
wisconsin/graduate/nursing,wisconsin,nursing,graduate,9
wisconsin/graduate/nursing,wisconsin,nursing,mba,9
wisconsin/graduate/arts,wisconsin,arts,graduate,9
wisconsin/graduate/arts,wisconsin,arts,mba,9
arkansas/high-school-senior/nursing,arkansas,nursing,high-school-senior,8
arkansas/high-school-senior/arts,arkansas,arts,high-school-senior,8
california/graduate/engineering,california,engineering,graduate,8
california/graduate/engineering,california,engineering,mba,8
hawaii/graduate/nursing,hawaii,nursing,graduate,8
hawaii/graduate/nursing,hawaii,nursing,mba,8
hawaii/graduate/arts,hawaii,arts,graduate,8
hawaii/graduate/arts,hawaii,arts,mba,8
michigan/graduate/nursing,michigan,nursing,graduate,8
michigan/graduate/nursing,michigan,nursing,mba,8
michigan/graduate/arts,michigan,arts,graduate,8
michigan/graduate/arts,michigan,arts,mba,8
south-carolina/high-school-senior/nursing,south-carolina,nursing,high-school-senior,8
south-carolina/high-school-senior/arts,south-carolina,arts,high-school-senior,8
tennessee/high-school-senior/nursing,tennessee,nursing,high-school-senior,8
tennessee/high-school-senior/arts,tennessee,arts,high-school-senior,8
utah/high-school/nursing,utah,nursing,high-school,8
utah/high-school/arts,utah,arts,high-school,8
virginia/undergraduate/engineering,virginia,engineering,undergraduate,8
virginia/high-school/engineering,virginia,engineering,high-school,8
virginia/high-school-senior/engineering,virginia,engineering,high-school-senior,8
west-virginia/high-school-senior/nursing,west-virginia,nursing,high-school-senior,8
west-virginia/high-school-senior/arts,west-virginia,arts,high-school-senior,8
alabama/high-school-senior/nursing,alabama,nursing,high-school-senior,7
alabama/high-school-senior/arts,alabama,arts,high-school-senior,7
delaware/graduate/nursing,delaware,nursing,graduate,7
delaware/graduate/nursing,delaware,nursing,mba,7
delaware/graduate/arts,delaware,arts,graduate,7
delaware/graduate/arts,delaware,arts,mba,7
illinois/undergraduate/engineering,illinois,engineering,undergraduate,7
illinois/high-school-senior/engineering,illinois,engineering,high-school-senior,7
kansas/graduate/nursing,kansas,nursing,graduate,7
kansas/graduate/nursing,kansas,nursing,mba,7
kansas/graduate/arts,kansas,arts,graduate,7
kansas/graduate/arts,kansas,arts,mba,7
louisiana/high-school-senior/nursing,louisiana,nursing,high-school-senior,7
louisiana/high-school-senior/arts,louisiana,arts,high-school-senior,7
minnesota/graduate/nursing,minnesota,nursing,graduate,7
minnesota/graduate/nursing,minnesota,nursing,mba,7
minnesota/graduate/arts,minnesota,arts,graduate,7
minnesota/graduate/arts,minnesota,arts,mba,7
mississippi/high-school-senior/nursing,mississippi,nursing,high-school-senior,7
mississippi/high-school-senior/arts,mississippi,arts,high-school-senior,7
new-mexico/graduate/nursing,new-mexico,nursing,graduate,7
new-mexico/graduate/nursing,new-mexico,nursing,mba,7
new-mexico/graduate/arts,new-mexico,arts,graduate,7
new-mexico/graduate/arts,new-mexico,arts,mba,7
oklahoma/high-school-senior/nursing,oklahoma,nursing,high-school-senior,7
oklahoma/high-school-senior/arts,oklahoma,arts,high-school-senior,7
south-carolina/graduate/nursing,south-carolina,nursing,graduate,7
south-carolina/graduate/nursing,south-carolina,nursing,mba,7
south-carolina/graduate/arts,south-carolina,arts,graduate,7
south-carolina/graduate/arts,south-carolina,arts,mba,7
utah/high-school-senior/nursing,utah,nursing,high-school-senior,7
utah/high-school-senior/arts,utah,arts,high-school-senior,7
alaska/undergraduate/engineering,alaska,engineering,undergraduate,6
alaska/graduate/engineering,alaska,engineering,graduate,6
alaska/graduate/engineering,alaska,engineering,mba,6
california/high-school-senior/engineering,california,engineering,high-school-senior,6
illinois/graduate/engineering,illinois,engineering,graduate,6
illinois/graduate/engineering,illinois,engineering,mba,6
iowa/graduate/nursing,iowa,nursing,graduate,6
iowa/graduate/nursing,iowa,nursing,mba,6
iowa/graduate/arts,iowa,arts,graduate,6
iowa/graduate/arts,iowa,arts,mba,6
massachusetts/undergraduate/engineering,massachusetts,engineering,undergraduate,6
massachusetts/high-school/engineering,massachusetts,engineering,high-school,6
ohio/undergraduate/engineering,ohio,engineering,undergraduate,6
oklahoma/graduate/nursing,oklahoma,nursing,graduate,6
oklahoma/graduate/nursing,oklahoma,nursing,mba,6
oklahoma/graduate/arts,oklahoma,arts,graduate,6
oklahoma/graduate/arts,oklahoma,arts,mba,6
texas/undergraduate/engineering,texas,engineering,undergraduate,6
utah/graduate/nursing,utah,nursing,graduate,6
utah/graduate/nursing,utah,nursing,mba,6
utah/graduate/arts,utah,arts,graduate,6
utah/graduate/arts,utah,arts,mba,6
virginia/graduate/engineering,virginia,engineering,graduate,6
virginia/graduate/engineering,virginia,engineering,mba,6
washington/undergraduate/engineering,washington,engineering,undergraduate,6
west-virginia/graduate/nursing,west-virginia,nursing,graduate,6
west-virginia/graduate/nursing,west-virginia,nursing,mba,6
west-virginia/graduate/arts,west-virginia,arts,graduate,6
west-virginia/graduate/arts,west-virginia,arts,mba,6
alaska/phd/nursing,alaska,nursing,phd,5
alaska/phd/arts,alaska,arts,phd,5
connecticut/graduate/engineering,connecticut,engineering,graduate,5
connecticut/graduate/engineering,connecticut,engineering,mba,5
maine/high-school/engineering,maine,engineering,high-school,5
maine/high-school-senior/engineering,maine,engineering,high-school-senior,5
massachusetts/high-school-senior/engineering,massachusetts,engineering,high-school-senior,5
montana/graduate/nursing,montana,nursing,graduate,5
montana/graduate/nursing,montana,nursing,mba,5
montana/graduate/arts,montana,arts,graduate,5
montana/graduate/arts,montana,arts,mba,5
north-dakota/undergraduate/nursing,north-dakota,nursing,undergraduate,5
north-dakota/undergraduate/arts,north-dakota,arts,undergraduate,5
pennsylvania/high-school/engineering,pennsylvania,engineering,high-school,5
pennsylvania/high-school-senior/engineering,pennsylvania,engineering,high-school-senior,5
south-dakota/undergraduate/nursing,south-dakota,nursing,undergraduate,5
south-dakota/undergraduate/arts,south-dakota,arts,undergraduate,5
washington/graduate/engineering,washington,engineering,graduate,5
washington/graduate/engineering,washington,engineering,mba,5
wyoming/graduate/nursing,wyoming,nursing,graduate,5
wyoming/graduate/nursing,wyoming,nursing,mba,5
wyoming/graduate/arts,wyoming,arts,graduate,5
wyoming/graduate/arts,wyoming,arts,mba,5
arkansas/graduate/nursing,arkansas,nursing,graduate,4
arkansas/graduate/nursing,arkansas,nursing,mba,4
arkansas/graduate/arts,arkansas,arts,graduate,4
arkansas/graduate/arts,arkansas,arts,mba,4
california/phd/nursing,california,nursing,phd,4
california/phd/arts,california,arts,phd,4
delaware/high-school/engineering,delaware,engineering,high-school,4
delaware/high-school-senior/engineering,delaware,engineering,high-school-senior,4
florida/undergraduate/computer-science,florida,computer-science,undergraduate,4
idaho/undergraduate/engineering,idaho,engineering,undergraduate,4
louisiana/graduate/nursing,louisiana,nursing,graduate,4
louisiana/graduate/nursing,louisiana,nursing,mba,4
louisiana/graduate/arts,louisiana,arts,graduate,4
louisiana/graduate/arts,louisiana,arts,mba,4
massachusetts/graduate/engineering,massachusetts,engineering,graduate,4
massachusetts/graduate/engineering,massachusetts,engineering,mba,4
mississippi/graduate/nursing,mississippi,nursing,graduate,4
mississippi/graduate/nursing,mississippi,nursing,mba,4
mississippi/graduate/arts,mississippi,arts,graduate,4
mississippi/graduate/arts,mississippi,arts,mba,4
nebraska/graduate/nursing,nebraska,nursing,graduate,4
nebraska/graduate/nursing,nebraska,nursing,mba,4
nebraska/graduate/arts,nebraska,arts,graduate,4
nebraska/graduate/arts,nebraska,arts,mba,4
nevada/graduate/nursing,nevada,nursing,graduate,4
nevada/graduate/nursing,nevada,nursing,mba,4
nevada/graduate/arts,nevada,arts,graduate,4
nevada/graduate/arts,nevada,arts,mba,4
pennsylvania/undergraduate/engineering,pennsylvania,engineering,undergraduate,4
texas/high-school/engineering,texas,engineering,high-school,4
washington/high-school/engineering,washington,engineering,high-school,4
washington/high-school-senior/engineering,washington,engineering,high-school-senior,4
arizona/undergraduate/engineering,arizona,engineering,undergraduate,3
arizona/high-school/engineering,arizona,engineering,high-school,3
arizona/high-school-senior/engineering,arizona,engineering,high-school-senior,3
california/undergraduate/computer-science,california,computer-science,undergraduate,3
california/high-school/computer-science,california,computer-science,high-school,3
colorado/undergraduate/engineering,colorado,engineering,undergraduate,3
colorado/high-school/engineering,colorado,engineering,high-school,3
colorado/high-school-senior/engineering,colorado,engineering,high-school-senior,3
connecticut/undergraduate/computer-science,connecticut,computer-science,undergraduate,3
connecticut/high-school/computer-science,connecticut,computer-science,high-school,3
connecticut/high-school-senior/computer-science,connecticut,computer-science,high-school-senior,3
district-of-columbia/undergraduate/nursing,district-of-columbia,nursing,undergraduate,3
district-of-columbia/high-school/nursing,district-of-columbia,nursing,high-school,3
district-of-columbia/undergraduate/arts,district-of-columbia,arts,undergraduate,3
district-of-columbia/high-school/arts,district-of-columbia,arts,high-school,3
georgia/undergraduate/engineering,georgia,engineering,undergraduate,3
georgia/graduate/engineering,georgia,engineering,graduate,3
georgia/graduate/engineering,georgia,engineering,mba,3
hawaii/undergraduate/engineering,hawaii,engineering,undergraduate,3
hawaii/high-school/engineering,hawaii,engineering,high-school,3
hawaii/high-school-senior/engineering,hawaii,engineering,high-school-senior,3
idaho/graduate/engineering,idaho,engineering,graduate,3
idaho/graduate/engineering,idaho,engineering,mba,3
montana/high-school/engineering,montana,engineering,high-school,3
montana/high-school-senior/engineering,montana,engineering,high-school-senior,3
new-hampshire/undergraduate/engineering,new-hampshire,engineering,undergraduate,3
new-hampshire/high-school/engineering,new-hampshire,engineering,high-school,3
new-hampshire/high-school-senior/engineering,new-hampshire,engineering,high-school-senior,3
new-mexico/undergraduate/engineering,new-mexico,engineering,undergraduate,3
new-mexico/high-school/engineering,new-mexico,engineering,high-school,3
new-mexico/high-school-senior/engineering,new-mexico,engineering,high-school-senior,3
north-dakota/graduate/nursing,north-dakota,nursing,graduate,3
north-dakota/graduate/nursing,north-dakota,nursing,mba,3
north-dakota/graduate/arts,north-dakota,arts,graduate,3
north-dakota/graduate/arts,north-dakota,arts,mba,3
oregon/undergraduate/engineering,oregon,engineering,undergraduate,3
oregon/graduate/engineering,oregon,engineering,graduate,3
oregon/graduate/engineering,oregon,engineering,mba,3
tennessee/undergraduate/engineering,tennessee,engineering,undergraduate,3
tennessee/graduate/engineering,tennessee,engineering,graduate,3
tennessee/graduate/engineering,tennessee,engineering,mba,3
texas/graduate/engineering,texas,engineering,graduate,3
texas/graduate/engineering,texas,engineering,mba,3
texas/high-school-senior/engineering,texas,engineering,high-school-senior,3
texas/high-school/computer-science,texas,computer-science,high-school,3
texas/high-school-senior/computer-science,texas,computer-science,high-school-senior,3
texas/phd/nursing,texas,nursing,phd,3
texas/phd/arts,texas,arts,phd,3
utah/undergraduate/engineering,utah,engineering,undergraduate,3
wyoming/undergraduate/engineering,wyoming,engineering,undergraduate,3
alabama/undergraduate/engineering,alabama,engineering,undergraduate,2
alabama/high-school/engineering,alabama,engineering,high-school,2
alabama/high-school-senior/engineering,alabama,engineering,high-school-senior,2
alaska/high-school/engineering,alaska,engineering,high-school,2
alaska/high-school-senior/engineering,alaska,engineering,high-school-senior,2
california/high-school-senior/computer-science,california,computer-science,high-school-senior,2
colorado/graduate/engineering,colorado,engineering,graduate,2
colorado/graduate/engineering,colorado,engineering,mba,2
connecticut/graduate/computer-science,connecticut,computer-science,graduate,2
connecticut/graduate/computer-science,connecticut,computer-science,mba,2
delaware/undergraduate/engineering,delaware,engineering,undergraduate,2
district-of-columbia/high-school-senior/nursing,district-of-columbia,nursing,high-school-senior,2
district-of-columbia/high-school-senior/arts,district-of-columbia,arts,high-school-senior,2
florida/phd/engineering,florida,engineering,phd,2
florida/graduate/computer-science,florida,computer-science,graduate,2
florida/graduate/computer-science,florida,computer-science,mba,2
georgia/high-school/engineering,georgia,engineering,high-school,2
georgia/high-school-senior/engineering,georgia,engineering,high-school-senior,2
hawaii/phd/engineering,hawaii,engineering,phd,2
idaho/high-school/engineering,idaho,engineering,high-school,2
idaho/high-school-senior/engineering,idaho,engineering,high-school-senior,2
indiana/undergraduate/engineering,indiana,engineering,undergraduate,2
indiana/graduate/engineering,indiana,engineering,graduate,2
indiana/high-school/engineering,indiana,engineering,high-school,2
indiana/graduate/engineering,indiana,engineering,mba,2
indiana/phd/nursing,indiana,nursing,phd,2
indiana/phd/arts,indiana,arts,phd,2
kentucky/undergraduate/engineering,kentucky,engineering,undergraduate,2
louisiana/undergraduate/engineering,louisiana,engineering,undergraduate,2
louisiana/graduate/engineering,louisiana,engineering,graduate,2
louisiana/graduate/engineering,louisiana,engineering,mba,2
maryland/high-school/engineering,maryland,engineering,high-school,2
maryland/high-school-senior/engineering,maryland,engineering,high-school-senior,2
massachusetts/undergraduate/computer-science,massachusetts,computer-science,undergraduate,2
massachusetts/high-school/computer-science,massachusetts,computer-science,high-school,2
massachusetts/high-school-senior/computer-science,massachusetts,computer-science,high-school-senior,2
massachusetts/phd/nursing,massachusetts,nursing,phd,2
massachusetts/phd/arts,massachusetts,arts,phd,2
michigan/undergraduate/engineering,michigan,engineering,undergraduate,2
michigan/phd/nursing,michigan,nursing,phd,2
michigan/phd/arts,michigan,arts,phd,2
minnesota/phd/nursing,minnesota,nursing,phd,2
minnesota/phd/arts,minnesota,arts,phd,2
mississippi/undergraduate/engineering,mississippi,engineering,undergraduate,2
missouri/undergraduate/engineering,missouri,engineering,undergraduate,2
montana/undergraduate/engineering,montana,engineering,undergraduate,2
montana/phd/nursing,montana,nursing,phd,2
montana/phd/arts,montana,arts,phd,2
nevada/undergraduate/engineering,nevada,engineering,undergraduate,2
north-dakota/high-school/nursing,north-dakota,nursing,high-school,2
north-dakota/high-school-senior/nursing,north-dakota,nursing,high-school-senior,2
north-dakota/high-school/arts,north-dakota,arts,high-school,2
north-dakota/high-school-senior/arts,north-dakota,arts,high-school-senior,2
ohio/graduate/engineering,ohio,engineering,graduate,2
ohio/graduate/engineering,ohio,engineering,mba,2
ohio/phd/nursing,ohio,nursing,phd,2
ohio/phd/arts,ohio,arts,phd,2
oregon/high-school/engineering,oregon,engineering,high-school,2
pennsylvania/graduate/engineering,pennsylvania,engineering,graduate,2
pennsylvania/graduate/engineering,pennsylvania,engineering,mba,2
rhode-island/high-school/engineering,rhode-island,engineering,high-school,2
rhode-island/high-school-senior/engineering,rhode-island,engineering,high-school-senior,2
south-dakota/graduate/nursing,south-dakota,nursing,graduate,2
south-dakota/graduate/nursing,south-dakota,nursing,mba,2
south-dakota/graduate/arts,south-dakota,arts,graduate,2
south-dakota/graduate/arts,south-dakota,arts,mba,2
utah/graduate/engineering,utah,engineering,graduate,2
utah/high-school/engineering,utah,engineering,high-school,2
utah/graduate/engineering,utah,engineering,mba,2
utah/high-school-senior/engineering,utah,engineering,high-school-senior,2
virginia/phd/nursing,virginia,nursing,phd,2
virginia/phd/arts,virginia,arts,phd,2
wisconsin/high-school/engineering,wisconsin,engineering,high-school,2
wisconsin/high-school-senior/engineering,wisconsin,engineering,high-school-senior,2
wisconsin/phd/nursing,wisconsin,nursing,phd,2
wisconsin/phd/arts,wisconsin,arts,phd,2
wyoming/graduate/engineering,wyoming,engineering,graduate,2
wyoming/high-school/engineering,wyoming,engineering,high-school,2
wyoming/graduate/engineering,wyoming,engineering,mba,2
wyoming/high-school-senior/engineering,wyoming,engineering,high-school-senior,2
alabama/graduate/engineering,alabama,engineering,graduate,1
alabama/graduate/engineering,alabama,engineering,mba,1
arizona/graduate/engineering,arizona,engineering,graduate,1
arizona/graduate/engineering,arizona,engineering,mba,1
arizona/phd/nursing,arizona,nursing,phd,1
arizona/phd/arts,arizona,arts,phd,1
arkansas/phd/nursing,arkansas,nursing,phd,1
arkansas/phd/arts,arkansas,arts,phd,1
california/graduate/computer-science,california,computer-science,graduate,1
california/graduate/computer-science,california,computer-science,mba,1
delaware/graduate/engineering,delaware,engineering,graduate,1
delaware/graduate/engineering,delaware,engineering,mba,1
florida/phd/computer-science,florida,computer-science,phd,1
hawaii/undergraduate/computer-science,hawaii,computer-science,undergraduate,1
hawaii/high-school/computer-science,hawaii,computer-science,high-school,1
hawaii/phd/computer-science,hawaii,computer-science,phd,1
hawaii/high-school-senior/computer-science,hawaii,computer-science,high-school-senior,1
idaho/phd/nursing,idaho,nursing,phd,1
idaho/phd/arts,idaho,arts,phd,1
illinois/undergraduate/computer-science,illinois,computer-science,undergraduate,1
illinois/graduate/computer-science,illinois,computer-science,graduate,1
illinois/high-school/computer-science,illinois,computer-science,high-school,1
illinois/graduate/computer-science,illinois,computer-science,mba,1
indiana/high-school-senior/engineering,indiana,engineering,high-school-senior,1
kansas/undergraduate/engineering,kansas,engineering,undergraduate,1
kentucky/graduate/engineering,kentucky,engineering,graduate,1
kentucky/high-school/engineering,kentucky,engineering,high-school,1
kentucky/graduate/engineering,kentucky,engineering,mba,1
kentucky/high-school-senior/engineering,kentucky,engineering,high-school-senior,1
kentucky/phd/nursing,kentucky,nursing,phd,1
kentucky/phd/arts,kentucky,arts,phd,1
maine/undergraduate/engineering,maine,engineering,undergraduate,1
maine/graduate/engineering,maine,engineering,graduate,1
maine/graduate/engineering,maine,engineering,mba,1
maine/high-school/computer-science,maine,computer-science,high-school,1
maine/high-school-senior/computer-science,maine,computer-science,high-school-senior,1
maryland/undergraduate/engineering,maryland,engineering,undergraduate,1
maryland/graduate/engineering,maryland,engineering,graduate,1
maryland/graduate/engineering,maryland,engineering,mba,1
maryland/phd/nursing,maryland,nursing,phd,1
maryland/phd/arts,maryland,arts,phd,1
massachusetts/graduate/computer-science,massachusetts,computer-science,graduate,1
massachusetts/graduate/computer-science,massachusetts,computer-science,mba,1
michigan/graduate/engineering,michigan,engineering,graduate,1
michigan/graduate/engineering,michigan,engineering,mba,1
minnesota/undergraduate/engineering,minnesota,engineering,undergraduate,1
mississippi/graduate/engineering,mississippi,engineering,graduate,1
mississippi/high-school/engineering,mississippi,engineering,high-school,1
mississippi/graduate/engineering,mississippi,engineering,mba,1
mississippi/high-school-senior/engineering,mississippi,engineering,high-school-senior,1
missouri/graduate/engineering,missouri,engineering,graduate,1
missouri/high-school/engineering,missouri,engineering,high-school,1
missouri/graduate/engineering,missouri,engineering,mba,1
missouri/high-school-senior/engineering,missouri,engineering,high-school-senior,1
montana/graduate/engineering,montana,engineering,graduate,1
montana/graduate/engineering,montana,engineering,mba,1
nevada/graduate/engineering,nevada,engineering,graduate,1
nevada/high-school/engineering,nevada,engineering,high-school,1
nevada/graduate/engineering,nevada,engineering,mba,1
nevada/high-school-senior/engineering,nevada,engineering,high-school-senior,1
nevada/phd/nursing,nevada,nursing,phd,1
nevada/phd/arts,nevada,arts,phd,1
new-hampshire/graduate/engineering,new-hampshire,engineering,graduate,1
new-hampshire/graduate/engineering,new-hampshire,engineering,mba,1
new-jersey/undergraduate/engineering,new-jersey,engineering,undergraduate,1
new-jersey/graduate/engineering,new-jersey,engineering,graduate,1
new-jersey/graduate/engineering,new-jersey,engineering,mba,1
new-mexico/graduate/engineering,new-mexico,engineering,graduate,1
new-mexico/graduate/engineering,new-mexico,engineering,mba,1
new-mexico/phd/engineering,new-mexico,engineering,phd,1
new-mexico/phd/nursing,new-mexico,nursing,phd,1
new-mexico/phd/arts,new-mexico,arts,phd,1
new-york/undergraduate/engineering,new-york,engineering,undergraduate,1
new-york/graduate/engineering,new-york,engineering,graduate,1
new-york/high-school/engineering,new-york,engineering,high-school,1
new-york/graduate/engineering,new-york,engineering,mba,1
new-york/high-school-senior/engineering,new-york,engineering,high-school-senior,1
north-carolina/undergraduate/engineering,north-carolina,engineering,undergraduate,1
north-carolina/graduate/engineering,north-carolina,engineering,graduate,1
north-carolina/high-school/engineering,north-carolina,engineering,high-school,1
north-carolina/graduate/engineering,north-carolina,engineering,mba,1
north-carolina/high-school-senior/engineering,north-carolina,engineering,high-school-senior,1
north-carolina/phd/nursing,north-carolina,nursing,phd,1
north-carolina/phd/arts,north-carolina,arts,phd,1
ohio/high-school/engineering,ohio,engineering,high-school,1
oklahoma/undergraduate/engineering,oklahoma,engineering,undergraduate,1
oklahoma/graduate/engineering,oklahoma,engineering,graduate,1
oklahoma/high-school/engineering,oklahoma,engineering,high-school,1
oklahoma/graduate/engineering,oklahoma,engineering,mba,1
oregon/high-school-senior/engineering,oregon,engineering,high-school-senior,1
oregon/phd/nursing,oregon,nursing,phd,1
oregon/phd/arts,oregon,arts,phd,1
rhode-island/undergraduate/engineering,rhode-island,engineering,undergraduate,1
rhode-island/graduate/engineering,rhode-island,engineering,graduate,1
rhode-island/graduate/engineering,rhode-island,engineering,mba,1
south-carolina/undergraduate/engineering,south-carolina,engineering,undergraduate,1
south-carolina/graduate/engineering,south-carolina,engineering,graduate,1
south-carolina/high-school/engineering,south-carolina,engineering,high-school,1
south-carolina/graduate/engineering,south-carolina,engineering,mba,1
south-carolina/high-school-senior/engineering,south-carolina,engineering,high-school-senior,1
tennessee/high-school/engineering,tennessee,engineering,high-school,1
tennessee/high-school-senior/engineering,tennessee,engineering,high-school-senior,1
tennessee/phd/nursing,tennessee,nursing,phd,1
tennessee/phd/arts,tennessee,arts,phd,1
texas/undergraduate/computer-science,texas,computer-science,undergraduate,1
utah/phd/nursing,utah,nursing,phd,1
utah/phd/arts,utah,arts,phd,1
vermont/undergraduate/engineering,vermont,engineering,undergraduate,1
vermont/graduate/engineering,vermont,engineering,graduate,1
vermont/high-school/engineering,vermont,engineering,high-school,1
vermont/graduate/engineering,vermont,engineering,mba,1
vermont/high-school-senior/engineering,vermont,engineering,high-school-senior,1
virginia/high-school/computer-science,virginia,computer-science,high-school,1
virginia/high-school-senior/computer-science,virginia,computer-science,high-school-senior,1
washington/undergraduate/computer-science,washington,computer-science,undergraduate,1
washington/phd/nursing,washington,nursing,phd,1
washington/phd/arts,washington,arts,phd,1
west-virginia/undergraduate/engineering,west-virginia,engineering,undergraduate,1
west-virginia/graduate/engineering,west-virginia,engineering,graduate,1
west-virginia/graduate/engineering,west-virginia,engineering,mba,1
wisconsin/undergraduate/engineering,wisconsin,engineering,undergraduate,1
wisconsin/high-school/computer-science,wisconsin,computer-science,high-school,1
wisconsin/high-school-senior/computer-science,wisconsin,computer-science,high-school-senior,1
alabama/phd/engineering,alabama,engineering,phd,0
alabama/community-college/engineering,alabama,engineering,community-college,0
alabama/trade-school/engineering,alabama,engineering,trade-school,0
alabama/undergraduate/computer-science,alabama,computer-science,undergraduate,0
alabama/graduate/computer-science,alabama,computer-science,graduate,0
alabama/high-school/computer-science,alabama,computer-science,high-school,0
alabama/graduate/computer-science,alabama,computer-science,mba,0
alabama/phd/computer-science,alabama,computer-science,phd,0
alabama/community-college/computer-science,alabama,computer-science,community-college,0
alabama/trade-school/computer-science,alabama,computer-science,trade-school,0
alabama/high-school-senior/computer-science,alabama,computer-science,high-school-senior,0
alabama/phd/nursing,alabama,nursing,phd,0
alabama/community-college/nursing,alabama,nursing,community-college,0
alabama/trade-school/nursing,alabama,nursing,trade-school,0
alabama/phd/arts,alabama,arts,phd,0
alabama/community-college/arts,alabama,arts,community-college,0
alabama/trade-school/arts,alabama,arts,trade-school,0
alaska/phd/engineering,alaska,engineering,phd,0
alaska/community-college/engineering,alaska,engineering,community-college,0
alaska/trade-school/engineering,alaska,engineering,trade-school,0
alaska/undergraduate/computer-science,alaska,computer-science,undergraduate,0
alaska/graduate/computer-science,alaska,computer-science,graduate,0
alaska/high-school/computer-science,alaska,computer-science,high-school,0
alaska/graduate/computer-science,alaska,computer-science,mba,0
alaska/phd/computer-science,alaska,computer-science,phd,0
alaska/community-college/computer-science,alaska,computer-science,community-college,0
alaska/trade-school/computer-science,alaska,computer-science,trade-school,0
alaska/high-school-senior/computer-science,alaska,computer-science,high-school-senior,0
alaska/community-college/nursing,alaska,nursing,community-college,0
alaska/trade-school/nursing,alaska,nursing,trade-school,0
alaska/community-college/arts,alaska,arts,community-college,0
alaska/trade-school/arts,alaska,arts,trade-school,0
arizona/phd/engineering,arizona,engineering,phd,0
arizona/community-college/engineering,arizona,engineering,community-college,0
arizona/trade-school/engineering,arizona,engineering,trade-school,0
arizona/undergraduate/computer-science,arizona,computer-science,undergraduate,0
arizona/graduate/computer-science,arizona,computer-science,graduate,0
arizona/high-school/computer-science,arizona,computer-science,high-school,0
arizona/graduate/computer-science,arizona,computer-science,mba,0
arizona/phd/computer-science,arizona,computer-science,phd,0
arizona/community-college/computer-science,arizona,computer-science,community-college,0
arizona/trade-school/computer-science,arizona,computer-science,trade-school,0
arizona/high-school-senior/computer-science,arizona,computer-science,high-school-senior,0
arizona/community-college/nursing,arizona,nursing,community-college,0
arizona/trade-school/nursing,arizona,nursing,trade-school,0
arizona/community-college/arts,arizona,arts,community-college,0
arizona/trade-school/arts,arizona,arts,trade-school,0
arkansas/undergraduate/engineering,arkansas,engineering,undergraduate,0
arkansas/graduate/engineering,arkansas,engineering,graduate,0
arkansas/high-school/engineering,arkansas,engineering,high-school,0
arkansas/graduate/engineering,arkansas,engineering,mba,0
arkansas/phd/engineering,arkansas,engineering,phd,0
arkansas/community-college/engineering,arkansas,engineering,community-college,0
arkansas/trade-school/engineering,arkansas,engineering,trade-school,0
arkansas/high-school-senior/engineering,arkansas,engineering,high-school-senior,0
arkansas/undergraduate/computer-science,arkansas,computer-science,undergraduate,0
arkansas/graduate/computer-science,arkansas,computer-science,graduate,0
arkansas/high-school/computer-science,arkansas,computer-science,high-school,0
arkansas/graduate/computer-science,arkansas,computer-science,mba,0
arkansas/phd/computer-science,arkansas,computer-science,phd,0
arkansas/community-college/computer-science,arkansas,computer-science,community-college,0
arkansas/trade-school/computer-science,arkansas,computer-science,trade-school,0
arkansas/high-school-senior/computer-science,arkansas,computer-science,high-school-senior,0
arkansas/community-college/nursing,arkansas,nursing,community-college,0
arkansas/trade-school/nursing,arkansas,nursing,trade-school,0
arkansas/community-college/arts,arkansas,arts,community-college,0
arkansas/trade-school/arts,arkansas,arts,trade-school,0
california/phd/engineering,california,engineering,phd,0
california/community-college/engineering,california,engineering,community-college,0
california/trade-school/engineering,california,engineering,trade-school,0
california/phd/computer-science,california,computer-science,phd,0
california/community-college/computer-science,california,computer-science,community-college,0
california/trade-school/computer-science,california,computer-science,trade-school,0
california/community-college/nursing,california,nursing,community-college,0
california/trade-school/nursing,california,nursing,trade-school,0
california/community-college/arts,california,arts,community-college,0
california/trade-school/arts,california,arts,trade-school,0
colorado/phd/engineering,colorado,engineering,phd,0
colorado/community-college/engineering,colorado,engineering,community-college,0
colorado/trade-school/engineering,colorado,engineering,trade-school,0
colorado/undergraduate/computer-science,colorado,computer-science,undergraduate,0
colorado/graduate/computer-science,colorado,computer-science,graduate,0
colorado/high-school/computer-science,colorado,computer-science,high-school,0
colorado/graduate/computer-science,colorado,computer-science,mba,0
colorado/phd/computer-science,colorado,computer-science,phd,0
colorado/community-college/computer-science,colorado,computer-science,community-college,0
colorado/trade-school/computer-science,colorado,computer-science,trade-school,0
colorado/high-school-senior/computer-science,colorado,computer-science,high-school-senior,0
colorado/phd/nursing,colorado,nursing,phd,0
colorado/community-college/nursing,colorado,nursing,community-college,0
colorado/trade-school/nursing,colorado,nursing,trade-school,0
colorado/phd/arts,colorado,arts,phd,0
colorado/community-college/arts,colorado,arts,community-college,0
colorado/trade-school/arts,colorado,arts,trade-school,0
connecticut/phd/engineering,connecticut,engineering,phd,0
connecticut/community-college/engineering,connecticut,engineering,community-college,0
connecticut/trade-school/engineering,connecticut,engineering,trade-school,0
connecticut/phd/computer-science,connecticut,computer-science,phd,0
connecticut/community-college/computer-science,connecticut,computer-science,community-college,0
connecticut/trade-school/computer-science,connecticut,computer-science,trade-school,0
connecticut/phd/nursing,connecticut,nursing,phd,0
connecticut/community-college/nursing,connecticut,nursing,community-college,0
connecticut/trade-school/nursing,connecticut,nursing,trade-school,0
connecticut/phd/arts,connecticut,arts,phd,0
connecticut/community-college/arts,connecticut,arts,community-college,0
connecticut/trade-school/arts,connecticut,arts,trade-school,0
delaware/phd/engineering,delaware,engineering,phd,0
delaware/community-college/engineering,delaware,engineering,community-college,0
delaware/trade-school/engineering,delaware,engineering,trade-school,0
delaware/undergraduate/computer-science,delaware,computer-science,undergraduate,0
delaware/graduate/computer-science,delaware,computer-science,graduate,0
delaware/high-school/computer-science,delaware,computer-science,high-school,0
delaware/graduate/computer-science,delaware,computer-science,mba,0
delaware/phd/computer-science,delaware,computer-science,phd,0
delaware/community-college/computer-science,delaware,computer-science,community-college,0
delaware/trade-school/computer-science,delaware,computer-science,trade-school,0
delaware/high-school-senior/computer-science,delaware,computer-science,high-school-senior,0
delaware/phd/nursing,delaware,nursing,phd,0
delaware/community-college/nursing,delaware,nursing,community-college,0
delaware/trade-school/nursing,delaware,nursing,trade-school,0
delaware/phd/arts,delaware,arts,phd,0
delaware/community-college/arts,delaware,arts,community-college,0
delaware/trade-school/arts,delaware,arts,trade-school,0
district-of-columbia/undergraduate/engineering,district-of-columbia,engineering,undergraduate,0
district-of-columbia/graduate/engineering,district-of-columbia,engineering,graduate,0
district-of-columbia/high-school/engineering,district-of-columbia,engineering,high-school,0
district-of-columbia/graduate/engineering,district-of-columbia,engineering,mba,0
district-of-columbia/phd/engineering,district-of-columbia,engineering,phd,0
district-of-columbia/community-college/engineering,district-of-columbia,engineering,community-college,0
district-of-columbia/trade-school/engineering,district-of-columbia,engineering,trade-school,0
district-of-columbia/high-school-senior/engineering,district-of-columbia,engineering,high-school-senior,0
district-of-columbia/undergraduate/computer-science,district-of-columbia,computer-science,undergraduate,0
district-of-columbia/graduate/computer-science,district-of-columbia,computer-science,graduate,0
district-of-columbia/high-school/computer-science,district-of-columbia,computer-science,high-school,0
district-of-columbia/graduate/computer-science,district-of-columbia,computer-science,mba,0
district-of-columbia/phd/computer-science,district-of-columbia,computer-science,phd,0
district-of-columbia/community-college/computer-science,district-of-columbia,computer-science,community-college,0
district-of-columbia/trade-school/computer-science,district-of-columbia,computer-science,trade-school,0
district-of-columbia/high-school-senior/computer-science,district-of-columbia,computer-science,high-school-senior,0
district-of-columbia/graduate/nursing,district-of-columbia,nursing,graduate,0
district-of-columbia/graduate/nursing,district-of-columbia,nursing,mba,0
district-of-columbia/phd/nursing,district-of-columbia,nursing,phd,0
district-of-columbia/community-college/nursing,district-of-columbia,nursing,community-college,0
district-of-columbia/trade-school/nursing,district-of-columbia,nursing,trade-school,0
district-of-columbia/graduate/arts,district-of-columbia,arts,graduate,0
district-of-columbia/graduate/arts,district-of-columbia,arts,mba,0
district-of-columbia/phd/arts,district-of-columbia,arts,phd,0
district-of-columbia/community-college/arts,district-of-columbia,arts,community-college,0
district-of-columbia/trade-school/arts,district-of-columbia,arts,trade-school,0
florida/community-college/engineering,florida,engineering,community-college,0
florida/trade-school/engineering,florida,engineering,trade-school,0
florida/high-school/computer-science,florida,computer-science,high-school,0
florida/community-college/computer-science,florida,computer-science,community-college,0
florida/trade-school/computer-science,florida,computer-science,trade-school,0
florida/high-school-senior/computer-science,florida,computer-science,high-school-senior,0
florida/community-college/nursing,florida,nursing,community-college,0
florida/trade-school/nursing,florida,nursing,trade-school,0
florida/community-college/arts,florida,arts,community-college,0
florida/trade-school/arts,florida,arts,trade-school,0
georgia/phd/engineering,georgia,engineering,phd,0
georgia/community-college/engineering,georgia,engineering,community-college,0
georgia/trade-school/engineering,georgia,engineering,trade-school,0
georgia/undergraduate/computer-science,georgia,computer-science,undergraduate,0
georgia/graduate/computer-science,georgia,computer-science,graduate,0
georgia/high-school/computer-science,georgia,computer-science,high-school,0
georgia/graduate/computer-science,georgia,computer-science,mba,0
georgia/phd/computer-science,georgia,computer-science,phd,0
georgia/community-college/computer-science,georgia,computer-science,community-college,0
georgia/trade-school/computer-science,georgia,computer-science,trade-school,0
georgia/high-school-senior/computer-science,georgia,computer-science,high-school-senior,0
georgia/phd/nursing,georgia,nursing,phd,0
georgia/community-college/nursing,georgia,nursing,community-college,0
georgia/trade-school/nursing,georgia,nursing,trade-school,0
georgia/phd/arts,georgia,arts,phd,0
georgia/community-college/arts,georgia,arts,community-college,0
georgia/trade-school/arts,georgia,arts,trade-school,0
hawaii/graduate/engineering,hawaii,engineering,graduate,0
hawaii/graduate/engineering,hawaii,engineering,mba,0
hawaii/community-college/engineering,hawaii,engineering,community-college,0
hawaii/trade-school/engineering,hawaii,engineering,trade-school,0
hawaii/graduate/computer-science,hawaii,computer-science,graduate,0
hawaii/graduate/computer-science,hawaii,computer-science,mba,0
hawaii/community-college/computer-science,hawaii,computer-science,community-college,0
hawaii/trade-school/computer-science,hawaii,computer-science,trade-school,0
hawaii/community-college/nursing,hawaii,nursing,community-college,0
hawaii/trade-school/nursing,hawaii,nursing,trade-school,0
hawaii/community-college/arts,hawaii,arts,community-college,0
hawaii/trade-school/arts,hawaii,arts,trade-school,0
idaho/phd/engineering,idaho,engineering,phd,0
idaho/community-college/engineering,idaho,engineering,community-college,0
idaho/trade-school/engineering,idaho,engineering,trade-school,0
idaho/undergraduate/computer-science,idaho,computer-science,undergraduate,0
idaho/graduate/computer-science,idaho,computer-science,graduate,0
idaho/high-school/computer-science,idaho,computer-science,high-school,0
idaho/graduate/computer-science,idaho,computer-science,mba,0
idaho/phd/computer-science,idaho,computer-science,phd,0
idaho/community-college/computer-science,idaho,computer-science,community-college,0
idaho/trade-school/computer-science,idaho,computer-science,trade-school,0
idaho/high-school-senior/computer-science,idaho,computer-science,high-school-senior,0
idaho/community-college/nursing,idaho,nursing,community-college,0
idaho/trade-school/nursing,idaho,nursing,trade-school,0
idaho/community-college/arts,idaho,arts,community-college,0
idaho/trade-school/arts,idaho,arts,trade-school,0
illinois/phd/engineering,illinois,engineering,phd,0
illinois/community-college/engineering,illinois,engineering,community-college,0
illinois/trade-school/engineering,illinois,engineering,trade-school,0
illinois/phd/computer-science,illinois,computer-science,phd,0
illinois/community-college/computer-science,illinois,computer-science,community-college,0
illinois/trade-school/computer-science,illinois,computer-science,trade-school,0
illinois/high-school-senior/computer-science,illinois,computer-science,high-school-senior,0
illinois/phd/nursing,illinois,nursing,phd,0
illinois/community-college/nursing,illinois,nursing,community-college,0
illinois/trade-school/nursing,illinois,nursing,trade-school,0
illinois/phd/arts,illinois,arts,phd,0
illinois/community-college/arts,illinois,arts,community-college,0
illinois/trade-school/arts,illinois,arts,trade-school,0
indiana/phd/engineering,indiana,engineering,phd,0
indiana/community-college/engineering,indiana,engineering,community-college,0
indiana/trade-school/engineering,indiana,engineering,trade-school,0
indiana/undergraduate/computer-science,indiana,computer-science,undergraduate,0
indiana/graduate/computer-science,indiana,computer-science,graduate,0
indiana/high-school/computer-science,indiana,computer-science,high-school,0
indiana/graduate/computer-science,indiana,computer-science,mba,0
indiana/phd/computer-science,indiana,computer-science,phd,0
indiana/community-college/computer-science,indiana,computer-science,community-college,0
indiana/trade-school/computer-science,indiana,computer-science,trade-school,0
indiana/high-school-senior/computer-science,indiana,computer-science,high-school-senior,0
indiana/community-college/nursing,indiana,nursing,community-college,0
indiana/trade-school/nursing,indiana,nursing,trade-school,0
indiana/community-college/arts,indiana,arts,community-college,0
indiana/trade-school/arts,indiana,arts,trade-school,0
iowa/undergraduate/engineering,iowa,engineering,undergraduate,0
iowa/graduate/engineering,iowa,engineering,graduate,0
iowa/high-school/engineering,iowa,engineering,high-school,0
iowa/graduate/engineering,iowa,engineering,mba,0
iowa/phd/engineering,iowa,engineering,phd,0
iowa/community-college/engineering,iowa,engineering,community-college,0
iowa/trade-school/engineering,iowa,engineering,trade-school,0
iowa/high-school-senior/engineering,iowa,engineering,high-school-senior,0
iowa/undergraduate/computer-science,iowa,computer-science,undergraduate,0
iowa/graduate/computer-science,iowa,computer-science,graduate,0
iowa/high-school/computer-science,iowa,computer-science,high-school,0
iowa/graduate/computer-science,iowa,computer-science,mba,0
iowa/phd/computer-science,iowa,computer-science,phd,0
iowa/community-college/computer-science,iowa,computer-science,community-college,0
iowa/trade-school/computer-science,iowa,computer-science,trade-school,0
iowa/high-school-senior/computer-science,iowa,computer-science,high-school-senior,0
iowa/phd/nursing,iowa,nursing,phd,0
iowa/community-college/nursing,iowa,nursing,community-college,0
iowa/trade-school/nursing,iowa,nursing,trade-school,0
iowa/phd/arts,iowa,arts,phd,0
iowa/community-college/arts,iowa,arts,community-college,0
iowa/trade-school/arts,iowa,arts,trade-school,0
kansas/graduate/engineering,kansas,engineering,graduate,0
kansas/high-school/engineering,kansas,engineering,high-school,0
kansas/graduate/engineering,kansas,engineering,mba,0
kansas/phd/engineering,kansas,engineering,phd,0
kansas/community-college/engineering,kansas,engineering,community-college,0
kansas/trade-school/engineering,kansas,engineering,trade-school,0
kansas/high-school-senior/engineering,kansas,engineering,high-school-senior,0
kansas/undergraduate/computer-science,kansas,computer-science,undergraduate,0
kansas/graduate/computer-science,kansas,computer-science,graduate,0
kansas/high-school/computer-science,kansas,computer-science,high-school,0
kansas/graduate/computer-science,kansas,computer-science,mba,0
kansas/phd/computer-science,kansas,computer-science,phd,0
kansas/community-college/computer-science,kansas,computer-science,community-college,0
kansas/trade-school/computer-science,kansas,computer-science,trade-school,0
kansas/high-school-senior/computer-science,kansas,computer-science,high-school-senior,0
kansas/phd/nursing,kansas,nursing,phd,0
kansas/community-college/nursing,kansas,nursing,community-college,0
kansas/trade-school/nursing,kansas,nursing,trade-school,0
kansas/phd/arts,kansas,arts,phd,0
kansas/community-college/arts,kansas,arts,community-college,0
kansas/trade-school/arts,kansas,arts,trade-school,0
kentucky/phd/engineering,kentucky,engineering,phd,0
kentucky/community-college/engineering,kentucky,engineering,community-college,0
kentucky/trade-school/engineering,kentucky,engineering,trade-school,0
kentucky/undergraduate/computer-science,kentucky,computer-science,undergraduate,0
kentucky/graduate/computer-science,kentucky,computer-science,graduate,0
kentucky/high-school/computer-science,kentucky,computer-science,high-school,0
kentucky/graduate/computer-science,kentucky,computer-science,mba,0
kentucky/phd/computer-science,kentucky,computer-science,phd,0
kentucky/community-college/computer-science,kentucky,computer-science,community-college,0
kentucky/trade-school/computer-science,kentucky,computer-science,trade-school,0
kentucky/high-school-senior/computer-science,kentucky,computer-science,high-school-senior,0
kentucky/community-college/nursing,kentucky,nursing,community-college,0
kentucky/trade-school/nursing,kentucky,nursing,trade-school,0
kentucky/community-college/arts,kentucky,arts,community-college,0
kentucky/trade-school/arts,kentucky,arts,trade-school,0
louisiana/high-school/engineering,louisiana,engineering,high-school,0
louisiana/phd/engineering,louisiana,engineering,phd,0
louisiana/community-college/engineering,louisiana,engineering,community-college,0
louisiana/trade-school/engineering,louisiana,engineering,trade-school,0
louisiana/high-school-senior/engineering,louisiana,engineering,high-school-senior,0
louisiana/undergraduate/computer-science,louisiana,computer-science,undergraduate,0
louisiana/graduate/computer-science,louisiana,computer-science,graduate,0
louisiana/high-school/computer-science,louisiana,computer-science,high-school,0
louisiana/graduate/computer-science,louisiana,computer-science,mba,0
louisiana/phd/computer-science,louisiana,computer-science,phd,0
louisiana/community-college/computer-science,louisiana,computer-science,community-college,0
louisiana/trade-school/computer-science,louisiana,computer-science,trade-school,0
louisiana/high-school-senior/computer-science,louisiana,computer-science,high-school-senior,0
louisiana/phd/nursing,louisiana,nursing,phd,0
louisiana/community-college/nursing,louisiana,nursing,community-college,0
louisiana/trade-school/nursing,louisiana,nursing,trade-school,0
louisiana/phd/arts,louisiana,arts,phd,0
louisiana/community-college/arts,louisiana,arts,community-college,0
louisiana/trade-school/arts,louisiana,arts,trade-school,0
maine/phd/engineering,maine,engineering,phd,0
maine/community-college/engineering,maine,engineering,community-college,0
maine/trade-school/engineering,maine,engineering,trade-school,0
maine/undergraduate/computer-science,maine,computer-science,undergraduate,0
maine/graduate/computer-science,maine,computer-science,graduate,0
maine/graduate/computer-science,maine,computer-science,mba,0
maine/phd/computer-science,maine,computer-science,phd,0
maine/community-college/computer-science,maine,computer-science,community-college,0
maine/trade-school/computer-science,maine,computer-science,trade-school,0
maine/phd/nursing,maine,nursing,phd,0
maine/community-college/nursing,maine,nursing,community-college,0
maine/trade-school/nursing,maine,nursing,trade-school,0
maine/phd/arts,maine,arts,phd,0
maine/community-college/arts,maine,arts,community-college,0
maine/trade-school/arts,maine,arts,trade-school,0
maryland/phd/engineering,maryland,engineering,phd,0
maryland/community-college/engineering,maryland,engineering,community-college,0
maryland/trade-school/engineering,maryland,engineering,trade-school,0
maryland/undergraduate/computer-science,maryland,computer-science,undergraduate,0
maryland/graduate/computer-science,maryland,computer-science,graduate,0
maryland/high-school/computer-science,maryland,computer-science,high-school,0
maryland/graduate/computer-science,maryland,computer-science,mba,0
maryland/phd/computer-science,maryland,computer-science,phd,0
maryland/community-college/computer-science,maryland,computer-science,community-college,0
maryland/trade-school/computer-science,maryland,computer-science,trade-school,0
maryland/high-school-senior/computer-science,maryland,computer-science,high-school-senior,0
maryland/community-college/nursing,maryland,nursing,community-college,0
maryland/trade-school/nursing,maryland,nursing,trade-school,0
maryland/community-college/arts,maryland,arts,community-college,0
maryland/trade-school/arts,maryland,arts,trade-school,0
massachusetts/phd/engineering,massachusetts,engineering,phd,0
massachusetts/community-college/engineering,massachusetts,engineering,community-college,0
massachusetts/trade-school/engineering,massachusetts,engineering,trade-school,0
massachusetts/phd/computer-science,massachusetts,computer-science,phd,0
massachusetts/community-college/computer-science,massachusetts,computer-science,community-college,0
massachusetts/trade-school/computer-science,massachusetts,computer-science,trade-school,0
massachusetts/community-college/nursing,massachusetts,nursing,community-college,0
massachusetts/trade-school/nursing,massachusetts,nursing,trade-school,0
massachusetts/community-college/arts,massachusetts,arts,community-college,0
massachusetts/trade-school/arts,massachusetts,arts,trade-school,0
michigan/high-school/engineering,michigan,engineering,high-school,0
michigan/phd/engineering,michigan,engineering,phd,0
michigan/community-college/engineering,michigan,engineering,community-college,0
michigan/trade-school/engineering,michigan,engineering,trade-school,0
michigan/high-school-senior/engineering,michigan,engineering,high-school-senior,0
michigan/undergraduate/computer-science,michigan,computer-science,undergraduate,0
michigan/graduate/computer-science,michigan,computer-science,graduate,0
michigan/high-school/computer-science,michigan,computer-science,high-school,0
michigan/graduate/computer-science,michigan,computer-science,mba,0
michigan/phd/computer-science,michigan,computer-science,phd,0
michigan/community-college/computer-science,michigan,computer-science,community-college,0
michigan/trade-school/computer-science,michigan,computer-science,trade-school,0
michigan/high-school-senior/computer-science,michigan,computer-science,high-school-senior,0
michigan/community-college/nursing,michigan,nursing,community-college,0
michigan/trade-school/nursing,michigan,nursing,trade-school,0
michigan/community-college/arts,michigan,arts,community-college,0
michigan/trade-school/arts,michigan,arts,trade-school,0
minnesota/graduate/engineering,minnesota,engineering,graduate,0
minnesota/high-school/engineering,minnesota,engineering,high-school,0
minnesota/graduate/engineering,minnesota,engineering,mba,0
minnesota/phd/engineering,minnesota,engineering,phd,0
minnesota/community-college/engineering,minnesota,engineering,community-college,0
minnesota/trade-school/engineering,minnesota,engineering,trade-school,0
minnesota/high-school-senior/engineering,minnesota,engineering,high-school-senior,0
minnesota/undergraduate/computer-science,minnesota,computer-science,undergraduate,0
minnesota/graduate/computer-science,minnesota,computer-science,graduate,0
minnesota/high-school/computer-science,minnesota,computer-science,high-school,0
minnesota/graduate/computer-science,minnesota,computer-science,mba,0
minnesota/phd/computer-science,minnesota,computer-science,phd,0
minnesota/community-college/computer-science,minnesota,computer-science,community-college,0
minnesota/trade-school/computer-science,minnesota,computer-science,trade-school,0
minnesota/high-school-senior/computer-science,minnesota,computer-science,high-school-senior,0
minnesota/community-college/nursing,minnesota,nursing,community-college,0
minnesota/trade-school/nursing,minnesota,nursing,trade-school,0
minnesota/community-college/arts,minnesota,arts,community-college,0
minnesota/trade-school/arts,minnesota,arts,trade-school,0
mississippi/phd/engineering,mississippi,engineering,phd,0
mississippi/community-college/engineering,mississippi,engineering,community-college,0
mississippi/trade-school/engineering,mississippi,engineering,trade-school,0
mississippi/undergraduate/computer-science,mississippi,computer-science,undergraduate,0
mississippi/graduate/computer-science,mississippi,computer-science,graduate,0
mississippi/high-school/computer-science,mississippi,computer-science,high-school,0
mississippi/graduate/computer-science,mississippi,computer-science,mba,0
mississippi/phd/computer-science,mississippi,computer-science,phd,0
mississippi/community-college/computer-science,mississippi,computer-science,community-college,0
mississippi/trade-school/computer-science,mississippi,computer-science,trade-school,0
mississippi/high-school-senior/computer-science,mississippi,computer-science,high-school-senior,0
mississippi/phd/nursing,mississippi,nursing,phd,0
mississippi/community-college/nursing,mississippi,nursing,community-college,0
mississippi/trade-school/nursing,mississippi,nursing,trade-school,0
mississippi/phd/arts,mississippi,arts,phd,0
mississippi/community-college/arts,mississippi,arts,community-college,0
mississippi/trade-school/arts,mississippi,arts,trade-school,0
missouri/phd/engineering,missouri,engineering,phd,0
missouri/community-college/engineering,missouri,engineering,community-college,0
missouri/trade-school/engineering,missouri,engineering,trade-school,0
missouri/undergraduate/computer-science,missouri,computer-science,undergraduate,0
missouri/graduate/computer-science,missouri,computer-science,graduate,0
missouri/high-school/computer-science,missouri,computer-science,high-school,0
missouri/graduate/computer-science,missouri,computer-science,mba,0
missouri/phd/computer-science,missouri,computer-science,phd,0
missouri/community-college/computer-science,missouri,computer-science,community-college,0
missouri/trade-school/computer-science,missouri,computer-science,trade-school,0
missouri/high-school-senior/computer-science,missouri,computer-science,high-school-senior,0
missouri/phd/nursing,missouri,nursing,phd,0
missouri/community-college/nursing,missouri,nursing,community-college,0
missouri/trade-school/nursing,missouri,nursing,trade-school,0
missouri/phd/arts,missouri,arts,phd,0
missouri/community-college/arts,missouri,arts,community-college,0
missouri/trade-school/arts,missouri,arts,trade-school,0
montana/phd/engineering,montana,engineering,phd,0
montana/community-college/engineering,montana,engineering,community-college,0
montana/trade-school/engineering,montana,engineering,trade-school,0
montana/undergraduate/computer-science,montana,computer-science,undergraduate,0
montana/graduate/computer-science,montana,computer-science,graduate,0
montana/high-school/computer-science,montana,computer-science,high-school,0
montana/graduate/computer-science,montana,computer-science,mba,0
montana/phd/computer-science,montana,computer-science,phd,0
montana/community-college/computer-science,montana,computer-science,community-college,0
montana/trade-school/computer-science,montana,computer-science,trade-school,0
montana/high-school-senior/computer-science,montana,computer-science,high-school-senior,0
montana/community-college/nursing,montana,nursing,community-college,0
montana/trade-school/nursing,montana,nursing,trade-school,0
montana/community-college/arts,montana,arts,community-college,0
montana/trade-school/arts,montana,arts,trade-school,0
nebraska/undergraduate/engineering,nebraska,engineering,undergraduate,0
nebraska/graduate/engineering,nebraska,engineering,graduate,0
nebraska/high-school/engineering,nebraska,engineering,high-school,0
nebraska/graduate/engineering,nebraska,engineering,mba,0
nebraska/phd/engineering,nebraska,engineering,phd,0
nebraska/community-college/engineering,nebraska,engineering,community-college,0
nebraska/trade-school/engineering,nebraska,engineering,trade-school,0
nebraska/high-school-senior/engineering,nebraska,engineering,high-school-senior,0
nebraska/undergraduate/computer-science,nebraska,computer-science,undergraduate,0
nebraska/graduate/computer-science,nebraska,computer-science,graduate,0
nebraska/high-school/computer-science,nebraska,computer-science,high-school,0
nebraska/graduate/computer-science,nebraska,computer-science,mba,0
nebraska/phd/computer-science,nebraska,computer-science,phd,0
nebraska/community-college/computer-science,nebraska,computer-science,community-college,0
nebraska/trade-school/computer-science,nebraska,computer-science,trade-school,0
nebraska/high-school-senior/computer-science,nebraska,computer-science,high-school-senior,0
nebraska/phd/nursing,nebraska,nursing,phd,0
nebraska/community-college/nursing,nebraska,nursing,community-college,0
nebraska/trade-school/nursing,nebraska,nursing,trade-school,0
nebraska/phd/arts,nebraska,arts,phd,0
nebraska/community-college/arts,nebraska,arts,community-college,0
nebraska/trade-school/arts,nebraska,arts,trade-school,0
nevada/phd/engineering,nevada,engineering,phd,0
nevada/community-college/engineering,nevada,engineering,community-college,0
nevada/trade-school/engineering,nevada,engineering,trade-school,0
nevada/undergraduate/computer-science,nevada,computer-science,undergraduate,0
nevada/graduate/computer-science,nevada,computer-science,graduate,0
nevada/high-school/computer-science,nevada,computer-science,high-school,0
nevada/graduate/computer-science,nevada,computer-science,mba,0
nevada/phd/computer-science,nevada,computer-science,phd,0
nevada/community-college/computer-science,nevada,computer-science,community-college,0
nevada/trade-school/computer-science,nevada,computer-science,trade-school,0
nevada/high-school-senior/computer-science,nevada,computer-science,high-school-senior,0
nevada/community-college/nursing,nevada,nursing,community-college,0
nevada/trade-school/nursing,nevada,nursing,trade-school,0
nevada/community-college/arts,nevada,arts,community-college,0
nevada/trade-school/arts,nevada,arts,trade-school,0
new-hampshire/phd/engineering,new-hampshire,engineering,phd,0
new-hampshire/community-college/engineering,new-hampshire,engineering,community-college,0
new-hampshire/trade-school/engineering,new-hampshire,engineering,trade-school,0
new-hampshire/undergraduate/computer-science,new-hampshire,computer-science,undergraduate,0
new-hampshire/graduate/computer-science,new-hampshire,computer-science,graduate,0
new-hampshire/high-school/computer-science,new-hampshire,computer-science,high-school,0
new-hampshire/graduate/computer-science,new-hampshire,computer-science,mba,0
new-hampshire/phd/computer-science,new-hampshire,computer-science,phd,0
new-hampshire/community-college/computer-science,new-hampshire,computer-science,community-college,0
new-hampshire/trade-school/computer-science,new-hampshire,computer-science,trade-school,0
new-hampshire/high-school-senior/computer-science,new-hampshire,computer-science,high-school-senior,0
new-hampshire/phd/nursing,new-hampshire,nursing,phd,0
new-hampshire/community-college/nursing,new-hampshire,nursing,community-college,0
new-hampshire/trade-school/nursing,new-hampshire,nursing,trade-school,0
new-hampshire/phd/arts,new-hampshire,arts,phd,0
new-hampshire/community-college/arts,new-hampshire,arts,community-college,0
new-hampshire/trade-school/arts,new-hampshire,arts,trade-school,0
new-jersey/high-school/engineering,new-jersey,engineering,high-school,0
new-jersey/phd/engineering,new-jersey,engineering,phd,0
new-jersey/community-college/engineering,new-jersey,engineering,community-college,0
new-jersey/trade-school/engineering,new-jersey,engineering,trade-school,0
new-jersey/high-school-senior/engineering,new-jersey,engineering,high-school-senior,0
new-jersey/undergraduate/computer-science,new-jersey,computer-science,undergraduate,0
new-jersey/graduate/computer-science,new-jersey,computer-science,graduate,0
new-jersey/high-school/computer-science,new-jersey,computer-science,high-school,0
new-jersey/graduate/computer-science,new-jersey,computer-science,mba,0
new-jersey/phd/computer-science,new-jersey,computer-science,phd,0
new-jersey/community-college/computer-science,new-jersey,computer-science,community-college,0
new-jersey/trade-school/computer-science,new-jersey,computer-science,trade-school,0
new-jersey/high-school-senior/computer-science,new-jersey,computer-science,high-school-senior,0
new-jersey/phd/nursing,new-jersey,nursing,phd,0
new-jersey/community-college/nursing,new-jersey,nursing,community-college,0
new-jersey/trade-school/nursing,new-jersey,nursing,trade-school,0
new-jersey/phd/arts,new-jersey,arts,phd,0
new-jersey/community-college/arts,new-jersey,arts,community-college,0
new-jersey/trade-school/arts,new-jersey,arts,trade-school,0
new-mexico/community-college/engineering,new-mexico,engineering,community-college,0
new-mexico/trade-school/engineering,new-mexico,engineering,trade-school,0
new-mexico/undergraduate/computer-science,new-mexico,computer-science,undergraduate,0
new-mexico/graduate/computer-science,new-mexico,computer-science,graduate,0
new-mexico/high-school/computer-science,new-mexico,computer-science,high-school,0
new-mexico/graduate/computer-science,new-mexico,computer-science,mba,0
new-mexico/phd/computer-science,new-mexico,computer-science,phd,0
new-mexico/community-college/computer-science,new-mexico,computer-science,community-college,0
new-mexico/trade-school/computer-science,new-mexico,computer-science,trade-school,0
new-mexico/high-school-senior/computer-science,new-mexico,computer-science,high-school-senior,0
new-mexico/community-college/nursing,new-mexico,nursing,community-college,0
new-mexico/trade-school/nursing,new-mexico,nursing,trade-school,0
new-mexico/community-college/arts,new-mexico,arts,community-college,0
new-mexico/trade-school/arts,new-mexico,arts,trade-school,0
new-york/phd/engineering,new-york,engineering,phd,0
new-york/community-college/engineering,new-york,engineering,community-college,0
new-york/trade-school/engineering,new-york,engineering,trade-school,0
new-york/undergraduate/computer-science,new-york,computer-science,undergraduate,0
new-york/graduate/computer-science,new-york,computer-science,graduate,0
new-york/high-school/computer-science,new-york,computer-science,high-school,0
new-york/graduate/computer-science,new-york,computer-science,mba,0
new-york/phd/computer-science,new-york,computer-science,phd,0
new-york/community-college/computer-science,new-york,computer-science,community-college,0
new-york/trade-school/computer-science,new-york,computer-science,trade-school,0
new-york/high-school-senior/computer-science,new-york,computer-science,high-school-senior,0
new-york/phd/nursing,new-york,nursing,phd,0
new-york/community-college/nursing,new-york,nursing,community-college,0
new-york/trade-school/nursing,new-york,nursing,trade-school,0
new-york/phd/arts,new-york,arts,phd,0
new-york/community-college/arts,new-york,arts,community-college,0
new-york/trade-school/arts,new-york,arts,trade-school,0
north-carolina/phd/engineering,north-carolina,engineering,phd,0
north-carolina/community-college/engineering,north-carolina,engineering,community-college,0
north-carolina/trade-school/engineering,north-carolina,engineering,trade-school,0
north-carolina/undergraduate/computer-science,north-carolina,computer-science,undergraduate,0
north-carolina/graduate/computer-science,north-carolina,computer-science,graduate,0
north-carolina/high-school/computer-science,north-carolina,computer-science,high-school,0
north-carolina/graduate/computer-science,north-carolina,computer-science,mba,0
north-carolina/phd/computer-science,north-carolina,computer-science,phd,0
north-carolina/community-college/computer-science,north-carolina,computer-science,community-college,0
north-carolina/trade-school/computer-science,north-carolina,computer-science,trade-school,0
north-carolina/high-school-senior/computer-science,north-carolina,computer-science,high-school-senior,0
north-carolina/community-college/nursing,north-carolina,nursing,community-college,0
north-carolina/trade-school/nursing,north-carolina,nursing,trade-school,0
north-carolina/community-college/arts,north-carolina,arts,community-college,0
north-carolina/trade-school/arts,north-carolina,arts,trade-school,0
north-dakota/undergraduate/engineering,north-dakota,engineering,undergraduate,0
north-dakota/graduate/engineering,north-dakota,engineering,graduate,0
north-dakota/high-school/engineering,north-dakota,engineering,high-school,0
north-dakota/graduate/engineering,north-dakota,engineering,mba,0
north-dakota/phd/engineering,north-dakota,engineering,phd,0
north-dakota/community-college/engineering,north-dakota,engineering,community-college,0
north-dakota/trade-school/engineering,north-dakota,engineering,trade-school,0
north-dakota/high-school-senior/engineering,north-dakota,engineering,high-school-senior,0
north-dakota/undergraduate/computer-science,north-dakota,computer-science,undergraduate,0
north-dakota/graduate/computer-science,north-dakota,computer-science,graduate,0
north-dakota/high-school/computer-science,north-dakota,computer-science,high-school,0
north-dakota/graduate/computer-science,north-dakota,computer-science,mba,0
north-dakota/phd/computer-science,north-dakota,computer-science,phd,0
north-dakota/community-college/computer-science,north-dakota,computer-science,community-college,0
north-dakota/trade-school/computer-science,north-dakota,computer-science,trade-school,0
north-dakota/high-school-senior/computer-science,north-dakota,computer-science,high-school-senior,0
north-dakota/phd/nursing,north-dakota,nursing,phd,0
north-dakota/community-college/nursing,north-dakota,nursing,community-college,0
north-dakota/trade-school/nursing,north-dakota,nursing,trade-school,0
north-dakota/phd/arts,north-dakota,arts,phd,0
north-dakota/community-college/arts,north-dakota,arts,community-college,0
north-dakota/trade-school/arts,north-dakota,arts,trade-school,0
ohio/phd/engineering,ohio,engineering,phd,0
ohio/community-college/engineering,ohio,engineering,community-college,0
ohio/trade-school/engineering,ohio,engineering,trade-school,0
ohio/high-school-senior/engineering,ohio,engineering,high-school-senior,0
ohio/undergraduate/computer-science,ohio,computer-science,undergraduate,0
ohio/graduate/computer-science,ohio,computer-science,graduate,0
ohio/high-school/computer-science,ohio,computer-science,high-school,0
ohio/graduate/computer-science,ohio,computer-science,mba,0
ohio/phd/computer-science,ohio,computer-science,phd,0
ohio/community-college/computer-science,ohio,computer-science,community-college,0
ohio/trade-school/computer-science,ohio,computer-science,trade-school,0
ohio/high-school-senior/computer-science,ohio,computer-science,high-school-senior,0
ohio/community-college/nursing,ohio,nursing,community-college,0
ohio/trade-school/nursing,ohio,nursing,trade-school,0
ohio/community-college/arts,ohio,arts,community-college,0
ohio/trade-school/arts,ohio,arts,trade-school,0
oklahoma/phd/engineering,oklahoma,engineering,phd,0
oklahoma/community-college/engineering,oklahoma,engineering,community-college,0
oklahoma/trade-school/engineering,oklahoma,engineering,trade-school,0
oklahoma/high-school-senior/engineering,oklahoma,engineering,high-school-senior,0
oklahoma/undergraduate/computer-science,oklahoma,computer-science,undergraduate,0
oklahoma/graduate/computer-science,oklahoma,computer-science,graduate,0
oklahoma/high-school/computer-science,oklahoma,computer-science,high-school,0
oklahoma/graduate/computer-science,oklahoma,computer-science,mba,0
oklahoma/phd/computer-science,oklahoma,computer-science,phd,0
oklahoma/community-college/computer-science,oklahoma,computer-science,community-college,0
oklahoma/trade-school/computer-science,oklahoma,computer-science,trade-school,0
oklahoma/high-school-senior/computer-science,oklahoma,computer-science,high-school-senior,0
oklahoma/phd/nursing,oklahoma,nursing,phd,0
oklahoma/community-college/nursing,oklahoma,nursing,community-college,0
oklahoma/trade-school/nursing,oklahoma,nursing,trade-school,0
oklahoma/phd/arts,oklahoma,arts,phd,0
oklahoma/community-college/arts,oklahoma,arts,community-college,0
oklahoma/trade-school/arts,oklahoma,arts,trade-school,0
oregon/phd/engineering,oregon,engineering,phd,0
oregon/community-college/engineering,oregon,engineering,community-college,0
oregon/trade-school/engineering,oregon,engineering,trade-school,0
oregon/undergraduate/computer-science,oregon,computer-science,undergraduate,0
oregon/graduate/computer-science,oregon,computer-science,graduate,0
oregon/high-school/computer-science,oregon,computer-science,high-school,0
oregon/graduate/computer-science,oregon,computer-science,mba,0
oregon/phd/computer-science,oregon,computer-science,phd,0
oregon/community-college/computer-science,oregon,computer-science,community-college,0
oregon/trade-school/computer-science,oregon,computer-science,trade-school,0
oregon/high-school-senior/computer-science,oregon,computer-science,high-school-senior,0
oregon/community-college/nursing,oregon,nursing,community-college,0
oregon/trade-school/nursing,oregon,nursing,trade-school,0
oregon/community-college/arts,oregon,arts,community-college,0
oregon/trade-school/arts,oregon,arts,trade-school,0
pennsylvania/phd/engineering,pennsylvania,engineering,phd,0
pennsylvania/community-college/engineering,pennsylvania,engineering,community-college,0
pennsylvania/trade-school/engineering,pennsylvania,engineering,trade-school,0
pennsylvania/undergraduate/computer-science,pennsylvania,computer-science,undergraduate,0
pennsylvania/graduate/computer-science,pennsylvania,computer-science,graduate,0
pennsylvania/high-school/computer-science,pennsylvania,computer-science,high-school,0
pennsylvania/graduate/computer-science,pennsylvania,computer-science,mba,0
pennsylvania/phd/computer-science,pennsylvania,computer-science,phd,0
pennsylvania/community-college/computer-science,pennsylvania,computer-science,community-college,0
pennsylvania/trade-school/computer-science,pennsylvania,computer-science,trade-school,0
pennsylvania/high-school-senior/computer-science,pennsylvania,computer-science,high-school-senior,0
pennsylvania/phd/nursing,pennsylvania,nursing,phd,0
pennsylvania/community-college/nursing,pennsylvania,nursing,community-college,0
pennsylvania/trade-school/nursing,pennsylvania,nursing,trade-school,0
pennsylvania/phd/arts,pennsylvania,arts,phd,0
pennsylvania/community-college/arts,pennsylvania,arts,community-college,0
pennsylvania/trade-school/arts,pennsylvania,arts,trade-school,0
rhode-island/phd/engineering,rhode-island,engineering,phd,0
rhode-island/community-college/engineering,rhode-island,engineering,community-college,0
rhode-island/trade-school/engineering,rhode-island,engineering,trade-school,0
rhode-island/undergraduate/computer-science,rhode-island,computer-science,undergraduate,0
rhode-island/graduate/computer-science,rhode-island,computer-science,graduate,0
rhode-island/high-school/computer-science,rhode-island,computer-science,high-school,0
rhode-island/graduate/computer-science,rhode-island,computer-science,mba,0
rhode-island/phd/computer-science,rhode-island,computer-science,phd,0
rhode-island/community-college/computer-science,rhode-island,computer-science,community-college,0
rhode-island/trade-school/computer-science,rhode-island,computer-science,trade-school,0
rhode-island/high-school-senior/computer-science,rhode-island,computer-science,high-school-senior,0
rhode-island/phd/nursing,rhode-island,nursing,phd,0
rhode-island/community-college/nursing,rhode-island,nursing,community-college,0
rhode-island/trade-school/nursing,rhode-island,nursing,trade-school,0
rhode-island/phd/arts,rhode-island,arts,phd,0
rhode-island/community-college/arts,rhode-island,arts,community-college,0
rhode-island/trade-school/arts,rhode-island,arts,trade-school,0
south-carolina/phd/engineering,south-carolina,engineering,phd,0
south-carolina/community-college/engineering,south-carolina,engineering,community-college,0
south-carolina/trade-school/engineering,south-carolina,engineering,trade-school,0
south-carolina/undergraduate/computer-science,south-carolina,computer-science,undergraduate,0
south-carolina/graduate/computer-science,south-carolina,computer-science,graduate,0
south-carolina/high-school/computer-science,south-carolina,computer-science,high-school,0
south-carolina/graduate/computer-science,south-carolina,computer-science,mba,0
south-carolina/phd/computer-science,south-carolina,computer-science,phd,0
south-carolina/community-college/computer-science,south-carolina,computer-science,community-college,0
south-carolina/trade-school/computer-science,south-carolina,computer-science,trade-school,0
south-carolina/high-school-senior/computer-science,south-carolina,computer-science,high-school-senior,0
south-carolina/phd/nursing,south-carolina,nursing,phd,0
south-carolina/community-college/nursing,south-carolina,nursing,community-college,0
south-carolina/trade-school/nursing,south-carolina,nursing,trade-school,0
south-carolina/phd/arts,south-carolina,arts,phd,0
south-carolina/community-college/arts,south-carolina,arts,community-college,0
south-carolina/trade-school/arts,south-carolina,arts,trade-school,0
south-dakota/undergraduate/engineering,south-dakota,engineering,undergraduate,0
south-dakota/graduate/engineering,south-dakota,engineering,graduate,0
south-dakota/high-school/engineering,south-dakota,engineering,high-school,0
south-dakota/graduate/engineering,south-dakota,engineering,mba,0
south-dakota/phd/engineering,south-dakota,engineering,phd,0
south-dakota/community-college/engineering,south-dakota,engineering,community-college,0
south-dakota/trade-school/engineering,south-dakota,engineering,trade-school,0
south-dakota/high-school-senior/engineering,south-dakota,engineering,high-school-senior,0
south-dakota/undergraduate/computer-science,south-dakota,computer-science,undergraduate,0
south-dakota/graduate/computer-science,south-dakota,computer-science,graduate,0
south-dakota/high-school/computer-science,south-dakota,computer-science,high-school,0
south-dakota/graduate/computer-science,south-dakota,computer-science,mba,0
south-dakota/phd/computer-science,south-dakota,computer-science,phd,0
south-dakota/community-college/computer-science,south-dakota,computer-science,community-college,0
south-dakota/trade-school/computer-science,south-dakota,computer-science,trade-school,0
south-dakota/high-school-senior/computer-science,south-dakota,computer-science,high-school-senior,0
south-dakota/phd/nursing,south-dakota,nursing,phd,0
south-dakota/community-college/nursing,south-dakota,nursing,community-college,0
south-dakota/trade-school/nursing,south-dakota,nursing,trade-school,0
south-dakota/phd/arts,south-dakota,arts,phd,0
south-dakota/community-college/arts,south-dakota,arts,community-college,0
south-dakota/trade-school/arts,south-dakota,arts,trade-school,0
tennessee/phd/engineering,tennessee,engineering,phd,0
tennessee/community-college/engineering,tennessee,engineering,community-college,0
tennessee/trade-school/engineering,tennessee,engineering,trade-school,0
tennessee/undergraduate/computer-science,tennessee,computer-science,undergraduate,0
tennessee/graduate/computer-science,tennessee,computer-science,graduate,0
tennessee/high-school/computer-science,tennessee,computer-science,high-school,0
tennessee/graduate/computer-science,tennessee,computer-science,mba,0
tennessee/phd/computer-science,tennessee,computer-science,phd,0
tennessee/community-college/computer-science,tennessee,computer-science,community-college,0
tennessee/trade-school/computer-science,tennessee,computer-science,trade-school,0
tennessee/high-school-senior/computer-science,tennessee,computer-science,high-school-senior,0
tennessee/community-college/nursing,tennessee,nursing,community-college,0
tennessee/trade-school/nursing,tennessee,nursing,trade-school,0
tennessee/community-college/arts,tennessee,arts,community-college,0
tennessee/trade-school/arts,tennessee,arts,trade-school,0
texas/phd/engineering,texas,engineering,phd,0
texas/community-college/engineering,texas,engineering,community-college,0
texas/trade-school/engineering,texas,engineering,trade-school,0
texas/graduate/computer-science,texas,computer-science,graduate,0
texas/graduate/computer-science,texas,computer-science,mba,0
texas/phd/computer-science,texas,computer-science,phd,0
texas/community-college/computer-science,texas,computer-science,community-college,0
texas/trade-school/computer-science,texas,computer-science,trade-school,0
texas/community-college/nursing,texas,nursing,community-college,0
texas/trade-school/nursing,texas,nursing,trade-school,0
texas/community-college/arts,texas,arts,community-college,0
texas/trade-school/arts,texas,arts,trade-school,0
utah/phd/engineering,utah,engineering,phd,0
utah/community-college/engineering,utah,engineering,community-college,0
utah/trade-school/engineering,utah,engineering,trade-school,0
utah/undergraduate/computer-science,utah,computer-science,undergraduate,0
utah/graduate/computer-science,utah,computer-science,graduate,0
utah/high-school/computer-science,utah,computer-science,high-school,0
utah/graduate/computer-science,utah,computer-science,mba,0
utah/phd/computer-science,utah,computer-science,phd,0
utah/community-college/computer-science,utah,computer-science,community-college,0
utah/trade-school/computer-science,utah,computer-science,trade-school,0
utah/high-school-senior/computer-science,utah,computer-science,high-school-senior,0
utah/community-college/nursing,utah,nursing,community-college,0
utah/trade-school/nursing,utah,nursing,trade-school,0
utah/community-college/arts,utah,arts,community-college,0
utah/trade-school/arts,utah,arts,trade-school,0
vermont/phd/engineering,vermont,engineering,phd,0
vermont/community-college/engineering,vermont,engineering,community-college,0
vermont/trade-school/engineering,vermont,engineering,trade-school,0
vermont/undergraduate/computer-science,vermont,computer-science,undergraduate,0
vermont/graduate/computer-science,vermont,computer-science,graduate,0
vermont/high-school/computer-science,vermont,computer-science,high-school,0
vermont/graduate/computer-science,vermont,computer-science,mba,0
vermont/phd/computer-science,vermont,computer-science,phd,0
vermont/community-college/computer-science,vermont,computer-science,community-college,0
vermont/trade-school/computer-science,vermont,computer-science,trade-school,0
vermont/high-school-senior/computer-science,vermont,computer-science,high-school-senior,0
vermont/phd/nursing,vermont,nursing,phd,0
vermont/community-college/nursing,vermont,nursing,community-college,0
vermont/trade-school/nursing,vermont,nursing,trade-school,0
vermont/phd/arts,vermont,arts,phd,0
vermont/community-college/arts,vermont,arts,community-college,0
vermont/trade-school/arts,vermont,arts,trade-school,0
virginia/phd/engineering,virginia,engineering,phd,0
virginia/community-college/engineering,virginia,engineering,community-college,0
virginia/trade-school/engineering,virginia,engineering,trade-school,0
virginia/undergraduate/computer-science,virginia,computer-science,undergraduate,0
virginia/graduate/computer-science,virginia,computer-science,graduate,0
virginia/graduate/computer-science,virginia,computer-science,mba,0
virginia/phd/computer-science,virginia,computer-science,phd,0
virginia/community-college/computer-science,virginia,computer-science,community-college,0
virginia/trade-school/computer-science,virginia,computer-science,trade-school,0
virginia/community-college/nursing,virginia,nursing,community-college,0
virginia/trade-school/nursing,virginia,nursing,trade-school,0
virginia/community-college/arts,virginia,arts,community-college,0
virginia/trade-school/arts,virginia,arts,trade-school,0
washington/phd/engineering,washington,engineering,phd,0
washington/community-college/engineering,washington,engineering,community-college,0
washington/trade-school/engineering,washington,engineering,trade-school,0
washington/graduate/computer-science,washington,computer-science,graduate,0
washington/high-school/computer-science,washington,computer-science,high-school,0
washington/graduate/computer-science,washington,computer-science,mba,0
washington/phd/computer-science,washington,computer-science,phd,0
washington/community-college/computer-science,washington,computer-science,community-college,0
washington/trade-school/computer-science,washington,computer-science,trade-school,0
washington/high-school-senior/computer-science,washington,computer-science,high-school-senior,0
washington/community-college/nursing,washington,nursing,community-college,0
washington/trade-school/nursing,washington,nursing,trade-school,0
washington/community-college/arts,washington,arts,community-college,0
washington/trade-school/arts,washington,arts,trade-school,0
west-virginia/high-school/engineering,west-virginia,engineering,high-school,0
west-virginia/phd/engineering,west-virginia,engineering,phd,0
west-virginia/community-college/engineering,west-virginia,engineering,community-college,0
west-virginia/trade-school/engineering,west-virginia,engineering,trade-school,0
west-virginia/high-school-senior/engineering,west-virginia,engineering,high-school-senior,0
west-virginia/undergraduate/computer-science,west-virginia,computer-science,undergraduate,0
west-virginia/graduate/computer-science,west-virginia,computer-science,graduate,0
west-virginia/high-school/computer-science,west-virginia,computer-science,high-school,0
west-virginia/graduate/computer-science,west-virginia,computer-science,mba,0
west-virginia/phd/computer-science,west-virginia,computer-science,phd,0
west-virginia/community-college/computer-science,west-virginia,computer-science,community-college,0
west-virginia/trade-school/computer-science,west-virginia,computer-science,trade-school,0
west-virginia/high-school-senior/computer-science,west-virginia,computer-science,high-school-senior,0
west-virginia/phd/nursing,west-virginia,nursing,phd,0
west-virginia/community-college/nursing,west-virginia,nursing,community-college,0
west-virginia/trade-school/nursing,west-virginia,nursing,trade-school,0
west-virginia/phd/arts,west-virginia,arts,phd,0
west-virginia/community-college/arts,west-virginia,arts,community-college,0
west-virginia/trade-school/arts,west-virginia,arts,trade-school,0
wisconsin/graduate/engineering,wisconsin,engineering,graduate,0
wisconsin/graduate/engineering,wisconsin,engineering,mba,0
wisconsin/phd/engineering,wisconsin,engineering,phd,0
wisconsin/community-college/engineering,wisconsin,engineering,community-college,0
wisconsin/trade-school/engineering,wisconsin,engineering,trade-school,0
wisconsin/undergraduate/computer-science,wisconsin,computer-science,undergraduate,0
wisconsin/graduate/computer-science,wisconsin,computer-science,graduate,0
wisconsin/graduate/computer-science,wisconsin,computer-science,mba,0
wisconsin/phd/computer-science,wisconsin,computer-science,phd,0
wisconsin/community-college/computer-science,wisconsin,computer-science,community-college,0
wisconsin/trade-school/computer-science,wisconsin,computer-science,trade-school,0
wisconsin/community-college/nursing,wisconsin,nursing,community-college,0
wisconsin/trade-school/nursing,wisconsin,nursing,trade-school,0
wisconsin/community-college/arts,wisconsin,arts,community-college,0
wisconsin/trade-school/arts,wisconsin,arts,trade-school,0
wyoming/phd/engineering,wyoming,engineering,phd,0
wyoming/community-college/engineering,wyoming,engineering,community-college,0
wyoming/trade-school/engineering,wyoming,engineering,trade-school,0
wyoming/undergraduate/computer-science,wyoming,computer-science,undergraduate,0
wyoming/graduate/computer-science,wyoming,computer-science,graduate,0
wyoming/high-school/computer-science,wyoming,computer-science,high-school,0
wyoming/graduate/computer-science,wyoming,computer-science,mba,0
wyoming/phd/computer-science,wyoming,computer-science,phd,0
wyoming/community-college/computer-science,wyoming,computer-science,community-college,0
wyoming/trade-school/computer-science,wyoming,computer-science,trade-school,0
wyoming/high-school-senior/computer-science,wyoming,computer-science,high-school-senior,0
wyoming/phd/nursing,wyoming,nursing,phd,0
wyoming/community-college/nursing,wyoming,nursing,community-college,0
wyoming/trade-school/nursing,wyoming,nursing,trade-school,0
wyoming/phd/arts,wyoming,arts,phd,0
wyoming/community-college/arts,wyoming,arts,community-college,0
wyoming/trade-school/arts,wyoming,arts,trade-school,0