id,slug,title,provider_name,source,deadline_date,award_amount_text,apply_url_present,provider_url_present,query_exact_title,query_title_provider,query_title_scholarship,query_title_deadline_year,query_title_provider_scholarship,query_title_scholarshiptop,manual_google_url_exact_title,manual_google_url_title_provider,manual_google_url_title_scholarship,expected_replaceability_risk
013fc88e-51c8-425f-854b-e127cab2e4d9,nahma-educational-foundation-scholarship-f4abcbgnj3wx,NAHMA Educational Foundation Scholarship,National Affordable Housing Management Association,bigfuture,2026-05-01,Amount Varies,yes,yes,NAHMA Educational Foundation Scholarship,NAHMA Educational Foundation Scholarship National Affordable Housing Management Association,NAHMA Educational Foundation Scholarship scholarship,NAHMA Educational Foundation Scholarship 2026,NAHMA Educational Foundation Scholarship National Affordable Housing Management Association scholarship,NAHMA Educational Foundation Scholarship ScholarshipStop,,,,low
02c1b63f-ce0e-492e-91d0-0b86ee419c1a,music-scholarship-965xaavzzqrz,Music Scholarship,Tarleton State University,bigfuture,2026-07-01,Amount Varies,yes,yes,Music Scholarship,Music Scholarship Tarleton State University,Music Scholarship scholarship,Music Scholarship 2026,Music Scholarship Tarleton State University scholarship,Music Scholarship ScholarshipStop,,,,low
0fd509b6-3c80-4e84-8c6a-7aef6bed44f9,presidential-scholarship-ysawhfrhtrxu,Presidential Scholarship,University of Fort Lauderdale,bigfuture,2026-07-15,Amount Varies,yes,yes,Presidential Scholarship,Presidential Scholarship University of Fort Lauderdale,Presidential Scholarship scholarship,Presidential Scholarship 2026,Presidential Scholarship University of Fort Lauderdale scholarship,Presidential Scholarship ScholarshipStop,,,,low
14bc5eee-ac63-4638-a32d-b1aef4e148ae,amy-rose-grabina-leadership-scholarship-6zx7pucuzjce,Amy Rose Grabina Leadership Scholarship,Florida State University,bigfuture,2026-04-18,Amount Varies,yes,yes,Amy Rose Grabina Leadership Scholarship,Amy Rose Grabina Leadership Scholarship Florida State University,Amy Rose Grabina Leadership Scholarship scholarship,Amy Rose Grabina Leadership Scholarship 2026,Amy Rose Grabina Leadership Scholarship Florida State University scholarship,Amy Rose Grabina Leadership Scholarship ScholarshipStop,,,,high
16e76b5c-43b2-4bf9-a024-1dc1a1436e57,dr-terri-stahlman-endowed-fellowship-07zejosknucr,Dr. Terri Stahlman Endowed Fellowship,University of North Florida,bigfuture,2026-04-15,,yes,yes,Dr. Terri Stahlman Endowed Fellowship,Dr. Terri Stahlman Endowed Fellowship University of North Florida,Dr. Terri Stahlman Endowed Fellowship scholarship,Dr. Terri Stahlman Endowed Fellowship 2026,Dr. Terri Stahlman Endowed Fellowship University of North Florida scholarship,Dr. Terri Stahlman Endowed Fellowship ScholarshipStop,,,,medium
197575ae-aa08-4bc6-9142-8a948ec915da,last-mile-scholarship-4vvpiacwolfg,Last Mile Scholarship,College of Central Florida,bigfuture,2026-05-01,Amount Varies,yes,yes,Last Mile Scholarship,Last Mile Scholarship College of Central Florida,Last Mile Scholarship scholarship,Last Mile Scholarship 2026,Last Mile Scholarship College of Central Florida scholarship,Last Mile Scholarship ScholarshipStop,,,,low
1ccde318-9022-4109-8209-d1f11ce764de,south-austin-medical-center-auxiliary-endowed-scholarship-yhgmakd6icf8,South Austin Medical Center Auxiliary Endowed Scholarship,Austin Community College,bigfuture,2026-05-01,Amount Varies,yes,yes,South Austin Medical Center Auxiliary Endowed Scholarship,South Austin Medical Center Auxiliary Endowed Scholarship Austin Community College,South Austin Medical Center Auxiliary Endowed Scholarship scholarship,South Austin Medical Center Auxiliary Endowed Scholarship 2026,South Austin Medical Center Auxiliary Endowed Scholarship Austin Community College scholarship,South Austin Medical Center Auxiliary Endowed Scholarship ScholarshipStop,,,,high
1ee426c9-49ee-41e5-800c-0c07bba7493a,fort-worth-stock-show-syndicate-jim-bob-norman-memorial-scholarship-pcq739ascu1e,Fort Worth Stock Show Syndicate-Jim Bob Norman Memorial Scholarship,Texas FFA Association,bigfuture,2026-04-17,Amount Varies,yes,yes,Fort Worth Stock Show Syndicate-Jim Bob Norman Memorial Scholarship,Fort Worth Stock Show Syndicate-Jim Bob Norman Memorial Scholarship Texas FFA Association,Fort Worth Stock Show Syndicate-Jim Bob Norman Memorial Scholarship scholarship,Fort Worth Stock Show Syndicate-Jim Bob Norman Memorial Scholarship 2026,Fort Worth Stock Show Syndicate-Jim Bob Norman Memorial Scholarship Texas FFA Association scholarship,Fort Worth Stock Show Syndicate-Jim Bob Norman Memorial Scholarship ScholarshipStop,,,,medium
1fae8d88-c941-49ca-a309-0a5f78e5f68c,odom-moses-company-endowed-scholarship-fvpnuysfelqd,"Odom, Moses & Company Endowed Scholarship",Florida Gateway College,bigfuture,2026-05-01,Amount Varies,yes,yes,"Odom, Moses & Company Endowed Scholarship","Odom, Moses & Company Endowed Scholarship Florida Gateway College","Odom, Moses & Company Endowed Scholarship scholarship","Odom, Moses & Company Endowed Scholarship 2026","Odom, Moses & Company Endowed Scholarship Florida Gateway College scholarship","Odom, Moses & Company Endowed Scholarship ScholarshipStop",,,,medium
2a75c370-5858-4940-8439-fad11707f1b4,centex-moaa-chapter-scholarship-dgoxvf0elssk,CenTex MOAA Chapter Scholarship,Military Officers Association of America-Central Texas Chapter,bigfuture,2026-04-30,Amount Varies,yes,yes,CenTex MOAA Chapter Scholarship,CenTex MOAA Chapter Scholarship Military Officers Association of America-Central Texas Chapter,CenTex MOAA Chapter Scholarship scholarship,CenTex MOAA Chapter Scholarship 2026,CenTex MOAA Chapter Scholarship Military Officers Association of America-Central Texas Chapter scholarship,CenTex MOAA Chapter Scholarship ScholarshipStop,,,,low
2c50c5f1-02fb-4836-bfd5-f166e6ee7b8f,blue-cross-blue-shield-of-florida-nursing-scholarship-undergraduate-vv973rnyolgs,Blue Cross & Blue Shield of Florida Nursing Scholarship - Undergraduate,University of West Florida,bigfuture,2026-09-30,Amount Varies,yes,yes,Blue Cross & Blue Shield of Florida Nursing Scholarship - Undergraduate,Blue Cross & Blue Shield of Florida Nursing Scholarship - Undergraduate University of West Florida,Blue Cross & Blue Shield of Florida Nursing Scholarship - Undergraduate scholarship,Blue Cross & Blue Shield of Florida Nursing Scholarship - Undergraduate 2026,Blue Cross & Blue Shield of Florida Nursing Scholarship - Undergraduate University of West Florida scholarship,Blue Cross & Blue Shield of Florida Nursing Scholarship - Undergraduate ScholarshipStop,,,,high
30460dae-0ffd-4eb5-a125-ba33661d35b7,frances-kayo-bowman-glo-endowed-scholarship-qnuwzsbh1weo,Frances Kayo Bowman GLO Endowed Scholarship,Florida Gateway College,bigfuture,2026-05-01,Amount Varies,yes,yes,Frances Kayo Bowman GLO Endowed Scholarship,Frances Kayo Bowman GLO Endowed Scholarship Florida Gateway College,Frances Kayo Bowman GLO Endowed Scholarship scholarship,Frances Kayo Bowman GLO Endowed Scholarship 2026,Frances Kayo Bowman GLO Endowed Scholarship Florida Gateway College scholarship,Frances Kayo Bowman GLO Endowed Scholarship ScholarshipStop,,,,medium
30d9b74f-1773-4cdc-95f2-e450668d87ba,mike-matthews-endowed-fine-arts-scholarship-5jyvr4fwx2hb,Mike Matthews Endowed Fine Arts Scholarship,Tarrant County College Foundation,bigfuture,2026-04-15,Amount Varies,yes,yes,Mike Matthews Endowed Fine Arts Scholarship,Mike Matthews Endowed Fine Arts Scholarship Tarrant County College Foundation,Mike Matthews Endowed Fine Arts Scholarship scholarship,Mike Matthews Endowed Fine Arts Scholarship 2026,Mike Matthews Endowed Fine Arts Scholarship Tarrant County College Foundation scholarship,Mike Matthews Endowed Fine Arts Scholarship ScholarshipStop,,,,high
33daf466-c9a6-47d0-af23-373a8daad882,holly-burnette-memorial-scholarship-nguwar4iee4a,Holly Burnette Memorial Scholarship,Florida Gateway College,bigfuture,2026-05-01,Amount Varies,yes,yes,Holly Burnette Memorial Scholarship,Holly Burnette Memorial Scholarship Florida Gateway College,Holly Burnette Memorial Scholarship scholarship,Holly Burnette Memorial Scholarship 2026,Holly Burnette Memorial Scholarship Florida Gateway College scholarship,Holly Burnette Memorial Scholarship ScholarshipStop,,,,low
49353cdc-efd0-4b45-abd5-71c1e00a2341,cassandra-toroian-scholarship-6773,Cassandra Toroian Scholarship,Cassandra Toroian,mastersportal,2026-08-25,1000 USD,yes,no,Cassandra Toroian Scholarship,Cassandra Toroian Scholarship Cassandra Toroian,Cassandra Toroian Scholarship scholarship,Cassandra Toroian Scholarship 2026,Cassandra Toroian Scholarship Cassandra Toroian scholarship,Cassandra Toroian Scholarship ScholarshipStop,,,,low
061f7ed5-f468-4127-a546-5b6d82f4f587,urban-empowerment-educational-advancement-grant-urban-empowerment-educational-ad,Urban Empowerment Educational Advancement Grant,,scholarships_com,2027-04-15,"$1,000",yes,no,Urban Empowerment Educational Advancement Grant,Urban Empowerment Educational Advancement Grant,Urban Empowerment Educational Advancement Grant scholarship,Urban Empowerment Educational Advancement Grant 2027,Urban Empowerment Educational Advancement Grant scholarship,Urban Empowerment Educational Advancement Grant ScholarshipStop,,,,medium
08319407-48ed-4c5c-8188-4a50155ee407,rci-iibec-foundation-lewis-w-newland-scholarship-scholarships-com-rci-iibec-foundation-lewis-w-new,RCI-IIBEC Foundation Lewis W. Newland Scholarship,,scholarships_com,2027-04-02,"$2,500",yes,no,RCI-IIBEC Foundation Lewis W. Newland Scholarship,RCI-IIBEC Foundation Lewis W. Newland Scholarship,RCI-IIBEC Foundation Lewis W. Newland Scholarship scholarship,RCI-IIBEC Foundation Lewis W. Newland Scholarship 2027,RCI-IIBEC Foundation Lewis W. Newland Scholarship scholarship,RCI-IIBEC Foundation Lewis W. Newland Scholarship ScholarshipStop,,,,medium
0fe41fff-c389-453e-851d-9fa97928d15a,kafi-foundry-foundation-scholarship-scholarships-com-kafi-foundry-foundation-scholars,Kafi Foundry Foundation Scholarship Guide 2026,,scholarships_com,2026-05-31,"$5,000",yes,no,Kafi Foundry Foundation Scholarship Guide 2026,Kafi Foundry Foundation Scholarship Guide 2026,Kafi Foundry Foundation Scholarship Guide 2026 scholarship,Kafi Foundry Foundation Scholarship Guide 2026 2026,Kafi Foundry Foundation Scholarship Guide 2026 scholarship,Kafi Foundry Foundation Scholarship Guide 2026 ScholarshipStop,,,,medium
1735ec48-e926-4eb4-96a6-855a75443b07,charles-h-esther-p-miller-scholarship-scholarships-com-charles-h-and-esther-p-miller-sc,Charles H. & Esther P. Miller Scholarship,,scholarships_com,2027-03-15,"$1,000",yes,no,Charles H. & Esther P. Miller Scholarship,Charles H. & Esther P. Miller Scholarship,Charles H. & Esther P. Miller Scholarship scholarship,Charles H. & Esther P. Miller Scholarship 2027,Charles H. & Esther P. Miller Scholarship scholarship,Charles H. & Esther P. Miller Scholarship ScholarshipStop,,,,medium
26215590-5683-4e70-9555-c051f901aee8,research-paper-contest-for-everyone-research-paper-contest-for-every,Research Paper Contest For Everyone,,scholarships_com,2026-12-31,"$5,000",yes,no,Research Paper Contest For Everyone,Research Paper Contest For Everyone,Research Paper Contest For Everyone scholarship,Research Paper Contest For Everyone 2026,Research Paper Contest For Everyone scholarship,Research Paper Contest For Everyone ScholarshipStop,,,,medium
3a341d72-684c-440a-baa7-b00de962f7b1,epsilon-tau-pi-foundation-soaring-eagle-scout-scholarship-scholarships-c-epsilon-tau-pi-foundation-soarin,Epsilon Tau Pi Foundation Soaring Eagle Scout Scholarship,,scholarships_com,2026-05-31,"$4,000",yes,no,Epsilon Tau Pi Foundation Soaring Eagle Scout Scholarship,Epsilon Tau Pi Foundation Soaring Eagle Scout Scholarship,Epsilon Tau Pi Foundation Soaring Eagle Scout Scholarship scholarship,Epsilon Tau Pi Foundation Soaring Eagle Scout Scholarship 2026,Epsilon Tau Pi Foundation Soaring Eagle Scout Scholarship scholarship,Epsilon Tau Pi Foundation Soaring Eagle Scout Scholarship ScholarshipStop,,,,medium
3f2530e5-5c9a-487f-9300-c726248134eb,dr-roderick-a-scofield-scholarship-in-meteorology-scholarships-com-dr-roderick-a-scofield-scholarsh,Dr. Roderick A. Scofield Scholarship in Meteorology,,scholarships_com,2026-05-21,"$1,000",yes,no,Dr. Roderick A. Scofield Scholarship in Meteorology,Dr. Roderick A. Scofield Scholarship in Meteorology,Dr. Roderick A. Scofield Scholarship in Meteorology scholarship,Dr. Roderick A. Scofield Scholarship in Meteorology 2026,Dr. Roderick A. Scofield Scholarship in Meteorology scholarship,Dr. Roderick A. Scofield Scholarship in Meteorology ScholarshipStop,,,,medium
466f4e2f-f028-45ba-9886-2c363a7b3aa8,sciencesaves-high-school-video-scholarship-scholarships-com-sciencesaves-high-school-video-s,ScienceSaves High School Video Scholarship,,scholarships_com,2026-05-04,"$10,000",yes,no,ScienceSaves High School Video Scholarship,ScienceSaves High School Video Scholarship,ScienceSaves High School Video Scholarship scholarship,ScienceSaves High School Video Scholarship 2026,ScienceSaves High School Video Scholarship scholarship,ScienceSaves High School Video Scholarship ScholarshipStop,,,,medium
4f718be8-71dc-49c4-85f2-e485799d5bbc,lillian-and-arthur-dunn-scholarship-lillian-and-arthur-dunn-scholars,Lillian and Arthur Dunn Scholarship,,scholarships_com,2027-01-31,"$20,000",yes,no,Lillian and Arthur Dunn Scholarship,Lillian and Arthur Dunn Scholarship,Lillian and Arthur Dunn Scholarship scholarship,Lillian and Arthur Dunn Scholarship 2027,Lillian and Arthur Dunn Scholarship scholarship,Lillian and Arthur Dunn Scholarship ScholarshipStop,,,,medium
03ca635b-5577-44bb-be3f-5d97466774ce,cure-cancer-support-scholarship-scholarships-com-cure-cancer-support-scholarship,Cure Cancer Support Scholarship,,scholarships_com,2026-06-01,"$5,000",yes,no,Cure Cancer Support Scholarship,Cure Cancer Support Scholarship,Cure Cancer Support Scholarship scholarship,Cure Cancer Support Scholarship 2026,Cure Cancer Support Scholarship scholarship,Cure Cancer Support Scholarship ScholarshipStop,,,,low
129a67d5-ad0b-44d4-b9b7-3e38739ad987,julie-walter-memorial-scholarship-scholarships-com-julie-walter-memorial-scholarshi,Julie Walter Memorial Scholarship Guide 2026,,scholarships_com,2026-11-30,"$5,000",yes,no,Julie Walter Memorial Scholarship Guide 2026,Julie Walter Memorial Scholarship Guide 2026,Julie Walter Memorial Scholarship Guide 2026 scholarship,Julie Walter Memorial Scholarship Guide 2026 2026,Julie Walter Memorial Scholarship Guide 2026 scholarship,Julie Walter Memorial Scholarship Guide 2026 ScholarshipStop,,,,medium
1ac2be47-6c5b-4bb1-835b-4b988e2f8bfd,cvbia-young-designers-scholarship-competition-scholarships-com-cvbia-young-designers-scholarshi,CVBIA Young Designers' Scholarship Competition,,scholarships_com,2026-05-29,"$1,500",yes,no,CVBIA Young Designers' Scholarship Competition,CVBIA Young Designers' Scholarship Competition,CVBIA Young Designers' Scholarship Competition scholarship,CVBIA Young Designers' Scholarship Competition 2026,CVBIA Young Designers' Scholarship Competition scholarship,CVBIA Young Designers' Scholarship Competition ScholarshipStop,,,,medium
2ecfc81a-b288-42c3-9dc4-badd3a0e22d5,ivy-pearls-scholarship-scholarships-com-ivy-and-pearls-scholarship,Ivy & Pearls Scholarship,,scholarships_com,2027-03-31,"$3,000",yes,no,Ivy & Pearls Scholarship,Ivy & Pearls Scholarship,Ivy & Pearls Scholarship scholarship,Ivy & Pearls Scholarship 2027,Ivy & Pearls Scholarship scholarship,Ivy & Pearls Scholarship ScholarshipStop,,,,low
3928c678-534f-4714-aac9-4d80b71af2e8,lisa-higgins-hussman-scholarship-lisa-higgins-hussman-scholarship,Lisa Higgins Hussman Scholarship,,scholarships_com,2027-04-20,"$3,000",yes,no,Lisa Higgins Hussman Scholarship,Lisa Higgins Hussman Scholarship,Lisa Higgins Hussman Scholarship scholarship,Lisa Higgins Hussman Scholarship 2027,Lisa Higgins Hussman Scholarship scholarship,Lisa Higgins Hussman Scholarship ScholarshipStop,,,,low
cf83e419-15bc-46a5-bc13-ac78b89f23c2,colorado-opportunity-scholarship-initiative-cosi-colorado-opportunity-scholarship,Colorado Opportunity Scholarship Initiative (COSI),I Have a Dream Foundation,scholarships360,2026-05-06,"award worth $3,000",yes,no,Colorado Opportunity Scholarship Initiative (COSI),Colorado Opportunity Scholarship Initiative (COSI) I Have a Dream Foundation,Colorado Opportunity Scholarship Initiative (COSI) scholarship,Colorado Opportunity Scholarship Initiative (COSI) 2026,Colorado Opportunity Scholarship Initiative (COSI) I Have a Dream Foundation scholarship,Colorado Opportunity Scholarship Initiative (COSI) ScholarshipStop,,,,high
14620074-17cf-4594-8905-9c21ca320320,chadron-state-college-international-transfer-tuition-waiver-2617,Chadron State College International Transfer Tuition Waiver,Chadron State College,iefa,,Approximate total value over 2 years: $4620,yes,no,Chadron State College International Transfer Tuition Waiver,Chadron State College International Transfer Tuition Waiver Chadron State College,Chadron State College International Transfer Tuition Waiver scholarship,Chadron State College International Transfer Tuition Waiver deadline,Chadron State College International Transfer Tuition Waiver Chadron State College scholarship,Chadron State College International Transfer Tuition Waiver ScholarshipStop,,,,high
6473f8d5-1d49-4d34-ae4f-3629c6284338,tuition-free-business-administration-and-computer-science-2198,Tuition-Free Business Administration and Computer Science,University of the People,iefa,,Variable,yes,no,Tuition-Free Business Administration and Computer Science,Tuition-Free Business Administration and Computer Science University of the People,Tuition-Free Business Administration and Computer Science scholarship,Tuition-Free Business Administration and Computer Science deadline,Tuition-Free Business Administration and Computer Science University of the People scholarship,Tuition-Free Business Administration and Computer Science ScholarshipStop,,,,high
2f82fa3f-1a45-4a33-b472-708d1e72a500,international-partnership-scholarship-3383,International Partnership Scholarship,Birmingham Southern College,iefa,,"$2,000-$15,000",yes,no,International Partnership Scholarship,International Partnership Scholarship Birmingham Southern College,International Partnership Scholarship scholarship,International Partnership Scholarship deadline,International Partnership Scholarship Birmingham Southern College scholarship,International Partnership Scholarship ScholarshipStop,,,,low
0fd603d5-21e8-46d6-b273-1c113bb8185b,volunteer-of-the-year-2801,Volunteer of the Year,International Volunteer HQ,iefa,,2500,yes,no,Volunteer of the Year,Volunteer of the Year International Volunteer HQ,Volunteer of the Year scholarship,Volunteer of the Year deadline,Volunteer of the Year International Volunteer HQ scholarship,Volunteer of the Year ScholarshipStop,,,,low
22cad87a-efde-4ab5-b231-87f772f59e5b,international-academic-opportunity-scholarship-3361,International Academic Opportunity Scholarship,Ohio Dominican University,iefa,,"$13,000",yes,no,International Academic Opportunity Scholarship,International Academic Opportunity Scholarship Ohio Dominican University,International Academic Opportunity Scholarship scholarship,International Academic Opportunity Scholarship deadline,International Academic Opportunity Scholarship Ohio Dominican University scholarship,International Academic Opportunity Scholarship ScholarshipStop,,,,high
5ff08266-eec7-46a7-ac87-16952245d0d6,vietnamese-academic-excellence-award-3364,Vietnamese Academic Excellence Award,Ohio Dominican University,iefa,,"$2,000",yes,no,Vietnamese Academic Excellence Award,Vietnamese Academic Excellence Award Ohio Dominican University,Vietnamese Academic Excellence Award scholarship,Vietnamese Academic Excellence Award deadline,Vietnamese Academic Excellence Award Ohio Dominican University scholarship,Vietnamese Academic Excellence Award ScholarshipStop,,,,low
0f608e5a-cdbd-4a5d-b18f-2052c49d161a,ibs-starter-scholarships-2469,IBS Starter Scholarships,International Business School,iefa,,The Starter Scholarship offers to cover 50% of the first year.,yes,no,IBS Starter Scholarships,IBS Starter Scholarships International Business School,IBS Starter Scholarships scholarship,IBS Starter Scholarships deadline,IBS Starter Scholarships International Business School scholarship,IBS Starter Scholarships ScholarshipStop,,,,low
106aff16-2fae-49ea-b710-b82b99abc5c0,international-scholar-award-2287,International Scholar Award,Snow College,iefa,,5000,yes,no,International Scholar Award,International Scholar Award Snow College,International Scholar Award scholarship,International Scholar Award deadline,International Scholar Award Snow College scholarship,International Scholar Award ScholarshipStop,,,,low
3eb242a1-0d01-4a50-8bff-8483121ad796,75-global-scholarships-to-study-online-at-uni-of-south-wales-3151,75% Global Scholarships to study Online at Uni of South Wales,University of South Wales,iefa,,75%,yes,no,75% Global Scholarships to study Online at Uni of South Wales,75% Global Scholarships to study Online at Uni of South Wales University of South Wales,75% Global Scholarships to study Online at Uni of South Wales scholarship,75% Global Scholarships to study Online at Uni of South Wales deadline,75% Global Scholarships to study Online at Uni of South Wales University of South Wales scholarship,75% Global Scholarships to study Online at Uni of South Wales ScholarshipStop,,,,high
0349358b-af0b-4c4e-9a43-496e54bb086a,york-trade-scholarship-for-the-disabled-7463,York Trade Scholarship for the Disabled,Carol York,bold_org,2026-05-11,$1000,yes,no,York Trade Scholarship for the Disabled,York Trade Scholarship for the Disabled Carol York,York Trade Scholarship for the Disabled scholarship,York Trade Scholarship for the Disabled 2026,York Trade Scholarship for the Disabled Carol York scholarship,York Trade Scholarship for the Disabled ScholarshipStop,,,,high
1b772b4e-a9a4-4a54-882d-5eb597ffc78e,wells-fargo-veterans-scholarship-program-wellsfargoveterans,Wells Fargo Veterans Scholarship Program,Wells Fargo,scholarship_america,2026-04-10,"$5,000",yes,no,Wells Fargo Veterans Scholarship Program,Wells Fargo Veterans Scholarship Program Wells Fargo,Wells Fargo Veterans Scholarship Program scholarship,Wells Fargo Veterans Scholarship Program 2026,Wells Fargo Veterans Scholarship Program Wells Fargo scholarship,Wells Fargo Veterans Scholarship Program ScholarshipStop,,,,high
07b15229-e7f6-4460-8bb5-f4c1339f3e04,palumbo-family-foundation-scholarships-scholarships-com-palumbo-family-foundation-schola,Palumbo Family Foundation Scholarships Guide,,scholarships_com,2027-03-31,"$10,000",yes,no,Palumbo Family Foundation Scholarships Guide,Palumbo Family Foundation Scholarships Guide,Palumbo Family Foundation Scholarships Guide scholarship,Palumbo Family Foundation Scholarships Guide 2027,Palumbo Family Foundation Scholarships Guide scholarship,Palumbo Family Foundation Scholarships Guide ScholarshipStop,,,,medium
452ff6e6-20ac-48c2-a6b6-a06399783a7d,roj-postsecondary-scholarship-scholarships-com-roj-postsecondary-scholarship,ROJ Postsecondary Scholarship Eligibility and Deadline,,scholarships_com,2027-01-23,"$10,000",yes,no,ROJ Postsecondary Scholarship Eligibility and Deadline,ROJ Postsecondary Scholarship Eligibility and Deadline,ROJ Postsecondary Scholarship Eligibility and Deadline scholarship,ROJ Postsecondary Scholarship Eligibility and Deadline 2027,ROJ Postsecondary Scholarship Eligibility and Deadline scholarship,ROJ Postsecondary Scholarship Eligibility and Deadline ScholarshipStop,,,,medium
290aa779-a153-41ff-abf8-01c9c1b84554,mount-laurel-garden-club-scholarship-scholarships-com-mount-laurel-garden-club-scholar,Mount Laurel Garden Club Scholarship Guide,,scholarships_com,2026-05-15,"$1,000",yes,no,Mount Laurel Garden Club Scholarship Guide,Mount Laurel Garden Club Scholarship Guide,Mount Laurel Garden Club Scholarship Guide scholarship,Mount Laurel Garden Club Scholarship Guide 2026,Mount Laurel Garden Club Scholarship Guide scholarship,Mount Laurel Garden Club Scholarship Guide ScholarshipStop,,,,medium
7c15c37e-ca8c-4bd1-a99c-f86c31fd053f,dcas-scholarship-scholarships-com-dcas-scholarship,"DCAS Scholarship: Eligibility, Deadline, Application",,scholarships_com,2026-05-08,"$10,000",yes,no,"DCAS Scholarship: Eligibility, Deadline, Application","DCAS Scholarship: Eligibility, Deadline, Application","DCAS Scholarship: Eligibility, Deadline, Application scholarship","DCAS Scholarship: Eligibility, Deadline, Application 2026","DCAS Scholarship: Eligibility, Deadline, Application scholarship","DCAS Scholarship: Eligibility, Deadline, Application ScholarshipStop",,,,medium
2e964219-71d6-4d9e-9bec-dbe6e07985e6,rmhc-scholars-scholarship-program-scholarships-com-rmhc-scholars-scholarship-progra,RMHC Scholars Scholarship Program Guide,,scholarships_com,2027-02-13,"$2,000",yes,no,RMHC Scholars Scholarship Program Guide,RMHC Scholars Scholarship Program Guide,RMHC Scholars Scholarship Program Guide scholarship,RMHC Scholars Scholarship Program Guide 2027,RMHC Scholars Scholarship Program Guide scholarship,RMHC Scholars Scholarship Program Guide ScholarshipStop,,,,medium
4730e75b-1deb-414a-8096-f8a7e66878f6,leading-light-awards-and-scholarship-scholarships-com-leading-light-awards-and-scholar,Leading Light Awards and Scholarship Guide,Women & Hi Tech,scholarships_com,2026-07-03,"$5,000",yes,no,Leading Light Awards and Scholarship Guide,Leading Light Awards and Scholarship Guide Women & Hi Tech,Leading Light Awards and Scholarship Guide scholarship,Leading Light Awards and Scholarship Guide 2026,Leading Light Awards and Scholarship Guide Women & Hi Tech scholarship,Leading Light Awards and Scholarship Guide ScholarshipStop,,,,high
69cdb658-5bc9-4ca2-812a-2c97628b802f,aises-burlington-northern-santa-fe-bnsf-foundation-scholarship-scholarsh-aises-burlington-northern-santa-,AISES Burlington Northern Santa Fe (BNSF) Foundation Scholarship,Burlington Northern Santa Fe (BNSF) Foundation,scholarships_com,2026-04-30,"$10,000",yes,no,AISES Burlington Northern Santa Fe (BNSF) Foundation Scholarship,AISES Burlington Northern Santa Fe (BNSF) Foundation Scholarship Burlington Northern Santa Fe (BNSF) Foundation,AISES Burlington Northern Santa Fe (BNSF) Foundation Scholarship scholarship,AISES Burlington Northern Santa Fe (BNSF) Foundation Scholarship 2026,AISES Burlington Northern Santa Fe (BNSF) Foundation Scholarship Burlington Northern Santa Fe (BNSF) Foundation scholarship,AISES Burlington Northern Santa Fe (BNSF) Foundation Scholarship ScholarshipStop,,,,high
52343b24-f7ef-4bd9-b882-c493061bfe7a,cu-succeed-scholarship-scholarships-com-cu-succeed-scholarship,"CU Succeed Scholarship: Eligibility, Deadline & How to Apply",,scholarships_com,2026-05-08,"$8,000",yes,no,"CU Succeed Scholarship: Eligibility, Deadline & How to Apply","CU Succeed Scholarship: Eligibility, Deadline & How to Apply","CU Succeed Scholarship: Eligibility, Deadline & How to Apply scholarship","CU Succeed Scholarship: Eligibility, Deadline & How to Apply 2026","CU Succeed Scholarship: Eligibility, Deadline & How to Apply scholarship","CU Succeed Scholarship: Eligibility, Deadline & How to Apply ScholarshipStop",,,,medium
22ce1f2f-901f-4f03-b72b-148a65c24649,afcea-san-diego-county-scholarship-program-scholarships-com-afcea-san-diego-county-scholarsh,AFCEA San Diego County Scholarship Program Guide,,scholarships_com,2026-06-02,"$8,000",yes,no,AFCEA San Diego County Scholarship Program Guide,AFCEA San Diego County Scholarship Program Guide,AFCEA San Diego County Scholarship Program Guide scholarship,AFCEA San Diego County Scholarship Program Guide 2026,AFCEA San Diego County Scholarship Program Guide scholarship,AFCEA San Diego County Scholarship Program Guide ScholarshipStop,,,,medium
df2bdb38-689e-4ade-bf01-7ba5c8cdc205,ability-center-of-greater-toledo-scholarship-scholarships-com-ability-center-of-greater-toledo,Ability Center of Greater Toledo Scholarship Guide,,scholarships_com,2027-01-15,"$2,500",yes,no,Ability Center of Greater Toledo Scholarship Guide,Ability Center of Greater Toledo Scholarship Guide,Ability Center of Greater Toledo Scholarship Guide scholarship,Ability Center of Greater Toledo Scholarship Guide 2027,Ability Center of Greater Toledo Scholarship Guide scholarship,Ability Center of Greater Toledo Scholarship Guide ScholarshipStop,,,,medium
7b4e1404-c2a5-4484-9d2d-a6b1f38eeef5,media-alliance-of-houston-scholarship-scholarships-com-media-alliance-of-houston-schola,Media Alliance of Houston Scholarship Guide,,scholarships_com,2027-04-01,"$5,000",yes,no,Media Alliance of Houston Scholarship Guide,Media Alliance of Houston Scholarship Guide,Media Alliance of Houston Scholarship Guide scholarship,Media Alliance of Houston Scholarship Guide 2027,Media Alliance of Houston Scholarship Guide scholarship,Media Alliance of Houston Scholarship Guide ScholarshipStop,,,,medium
40587851-cdf5-4784-af0f-06671603106d,mary-fran-carroll-traditional-scholarship-scholarships-com-mary-fran-carroll-traditional-sc,Mary Fran Carroll Traditional Scholarship Guide,,scholarships_com,2027-03-01,"$22,500",yes,no,Mary Fran Carroll Traditional Scholarship Guide,Mary Fran Carroll Traditional Scholarship Guide,Mary Fran Carroll Traditional Scholarship Guide scholarship,Mary Fran Carroll Traditional Scholarship Guide 2027,Mary Fran Carroll Traditional Scholarship Guide scholarship,Mary Fran Carroll Traditional Scholarship Guide ScholarshipStop,,,,medium
7d0e3dc7-413d-427e-be69-f8c18c38af80,ted-holly-rollins-scholarship-scholarships-com-ted-and-holly-rollins-scholarshi,Ted & Holly Rollins Scholarship Deadline 2026 USA,,scholarships_com,2026-05-15,"$10,000",yes,no,Ted & Holly Rollins Scholarship Deadline 2026 USA,Ted & Holly Rollins Scholarship Deadline 2026 USA,Ted & Holly Rollins Scholarship Deadline 2026 USA scholarship,Ted & Holly Rollins Scholarship Deadline 2026 USA 2026,Ted & Holly Rollins Scholarship Deadline 2026 USA scholarship,Ted & Holly Rollins Scholarship Deadline 2026 USA ScholarshipStop,,,,medium
1622e0ca-0d4b-40d3-8f11-f3aea57b026b,kids-chance-of-florida-scholarship-scholarships-com-kids-chance-of-florida-scholarsh,Kids' Chance of Florida Scholarship Guide,,scholarships_com,2026-06-27,"$10,000",yes,no,Kids' Chance of Florida Scholarship Guide,Kids' Chance of Florida Scholarship Guide,Kids' Chance of Florida Scholarship Guide scholarship,Kids' Chance of Florida Scholarship Guide 2026,Kids' Chance of Florida Scholarship Guide scholarship,Kids' Chance of Florida Scholarship Guide ScholarshipStop,,,,medium
4dd4fe07-fd5d-4eb7-a178-b301ce4d02a7,leads-scholarship-scholarships-com-leads-scholarship,"LEADS! Scholarship Eligibility, Deadline & How to Apply",,scholarships_com,2027-04-17,"$5,000",yes,no,"LEADS! Scholarship Eligibility, Deadline & How to Apply","LEADS! Scholarship Eligibility, Deadline & How to Apply","LEADS! Scholarship Eligibility, Deadline & How to Apply scholarship","LEADS! Scholarship Eligibility, Deadline & How to Apply 2027","LEADS! Scholarship Eligibility, Deadline & How to Apply scholarship","LEADS! Scholarship Eligibility, Deadline & How to Apply ScholarshipStop",,,,medium
0eaf006e-e742-4b3b-bab6-40389cfd8a84,junior-service-club-of-edwardsville-glen-carbon-annual-scholarship-schol-junior-service-club-of-edwardsvi,Junior Service Club Scholarship 2027 Guide,,scholarships_com,2027-03-31,"$5,000",yes,no,Junior Service Club Scholarship 2027 Guide,Junior Service Club Scholarship 2027 Guide,Junior Service Club Scholarship 2027 Guide scholarship,Junior Service Club Scholarship 2027 Guide 2027,Junior Service Club Scholarship 2027 Guide scholarship,Junior Service Club Scholarship 2027 Guide ScholarshipStop,,,,medium
3488de74-83b9-4f8c-83a5-1032ee2a66a1,acf-woodcock-family-education-scholarship-scholarships-com-acf-woodcock-family-education-sc,ACF Woodcock Family Education Scholarship Guide,,scholarships_com,2027-04-01,"$40,000",yes,no,ACF Woodcock Family Education Scholarship Guide,ACF Woodcock Family Education Scholarship Guide,ACF Woodcock Family Education Scholarship Guide scholarship,ACF Woodcock Family Education Scholarship Guide 2027,ACF Woodcock Family Education Scholarship Guide scholarship,ACF Woodcock Family Education Scholarship Guide ScholarshipStop,,,,medium
0a2693ee-a1ad-4f75-b7c3-050ebecb5b7b,texas-women-in-public-finance-scholarship-scholarships-com-texas-women-in-public-finance-sc,Texas Women in Public Finance Scholarship Guide,,scholarships_com,2026-05-08,"$3,500",yes,no,Texas Women in Public Finance Scholarship Guide,Texas Women in Public Finance Scholarship Guide,Texas Women in Public Finance Scholarship Guide scholarship,Texas Women in Public Finance Scholarship Guide 2026,Texas Women in Public Finance Scholarship Guide scholarship,Texas Women in Public Finance Scholarship Guide ScholarshipStop,,,,medium
74e53336-410d-4012-bf7c-9e4110a596c9,crew-orange-county-scholarship-scholarships-com-crew-orange-county-scholarship,CREW Orange County Scholarship Eligibility and Deadline,,scholarships_com,2026-06-15,"$5,000",yes,no,CREW Orange County Scholarship Eligibility and Deadline,CREW Orange County Scholarship Eligibility and Deadline,CREW Orange County Scholarship Eligibility and Deadline scholarship,CREW Orange County Scholarship Eligibility and Deadline 2026,CREW Orange County Scholarship Eligibility and Deadline scholarship,CREW Orange County Scholarship Eligibility and Deadline ScholarshipStop,,,,medium
3e9cd545-2685-4c4f-9cb4-1d311ef6acbf,texas-grant-program-scholarships-com-texas-grant-program,"TEXAS Grant Program: Eligibility, Deadline, Application",,scholarships_com,2027-01-15,"$16,182",yes,no,"TEXAS Grant Program: Eligibility, Deadline, Application","TEXAS Grant Program: Eligibility, Deadline, Application","TEXAS Grant Program: Eligibility, Deadline, Application scholarship","TEXAS Grant Program: Eligibility, Deadline, Application 2027","TEXAS Grant Program: Eligibility, Deadline, Application scholarship","TEXAS Grant Program: Eligibility, Deadline, Application ScholarshipStop",,,,medium
07a658f4-3e9b-4421-a23e-c9d823923315,dallas-hispanic-law-foundation-scholarship-scholarships-com-dallas-hispanic-law-foundation-s,Dallas Hispanic Law Foundation Scholarship Guide,,scholarships_com,2027-03-31,"$2,000",yes,no,Dallas Hispanic Law Foundation Scholarship Guide,Dallas Hispanic Law Foundation Scholarship Guide,Dallas Hispanic Law Foundation Scholarship Guide scholarship,Dallas Hispanic Law Foundation Scholarship Guide 2027,Dallas Hispanic Law Foundation Scholarship Guide scholarship,Dallas Hispanic Law Foundation Scholarship Guide ScholarshipStop,,,,medium
58bc3bae-a4fa-4de7-a953-db27299bc343,nissin-foods-good-neighbor-scholarship-scholarships-com-nissin-foods-good-neighbor-schol,Nissin Foods Good Neighbor Scholarship Guide,,scholarships_com,2026-06-16,"$5,000",yes,no,Nissin Foods Good Neighbor Scholarship Guide,Nissin Foods Good Neighbor Scholarship Guide,Nissin Foods Good Neighbor Scholarship Guide scholarship,Nissin Foods Good Neighbor Scholarship Guide 2026,Nissin Foods Good Neighbor Scholarship Guide scholarship,Nissin Foods Good Neighbor Scholarship Guide ScholarshipStop,,,,medium
a863c015-debb-4c3d-8712-15186cd57bd9,central-coast-greenhouse-growers-association-scholarship-scholarships-co-central-coast-greenhouse-growers,Central Coast Greenhouse Growers Association Scholarship,Central Coast Greenhouse Growers Association,scholarships_com,2026-05-01,"$1,500",yes,no,Central Coast Greenhouse Growers Association Scholarship,Central Coast Greenhouse Growers Association Scholarship Central Coast Greenhouse Growers Association,Central Coast Greenhouse Growers Association Scholarship scholarship,Central Coast Greenhouse Growers Association Scholarship 2026,Central Coast Greenhouse Growers Association Scholarship Central Coast Greenhouse Growers Association scholarship,Central Coast Greenhouse Growers Association Scholarship ScholarshipStop,,,,high
7c29dee2-4dac-4fcf-876a-358662227eab,chicana-latina-foundation-scholarships-scholarships-com-chicana-latina-foundation-schola,Chicana Latina Foundation Scholarships Guide,,scholarships_com,2027-03-31,"$2,000",yes,no,Chicana Latina Foundation Scholarships Guide,Chicana Latina Foundation Scholarships Guide,Chicana Latina Foundation Scholarships Guide scholarship,Chicana Latina Foundation Scholarships Guide 2027,Chicana Latina Foundation Scholarships Guide scholarship,Chicana Latina Foundation Scholarships Guide ScholarshipStop,,,,medium
4939eae9-06d3-429e-9bb8-8de5e2e38cb2,canyon-institute-arizona-resident-scholarship-scholarships-com-canyon-institute-arizona-residen,Canyon Institute Arizona Resident Scholarship Guide,,scholarships_com,2026-05-31,"$3,000",yes,no,Canyon Institute Arizona Resident Scholarship Guide,Canyon Institute Arizona Resident Scholarship Guide,Canyon Institute Arizona Resident Scholarship Guide scholarship,Canyon Institute Arizona Resident Scholarship Guide 2026,Canyon Institute Arizona Resident Scholarship Guide scholarship,Canyon Institute Arizona Resident Scholarship Guide ScholarshipStop,,,,medium
76c98c97-56f7-447a-ba5b-786a8a61e9c4,mck-americas-inc-scholarship-fund-scholarships-com-mck-americas-inc-scholarship-fun,MCK Americas INC. Scholarship Fund Guide,,scholarships_com,2026-06-15,"$2,500",yes,no,MCK Americas INC. Scholarship Fund Guide,MCK Americas INC. Scholarship Fund Guide,MCK Americas INC. Scholarship Fund Guide scholarship,MCK Americas INC. Scholarship Fund Guide 2026,MCK Americas INC. Scholarship Fund Guide scholarship,MCK Americas INC. Scholarship Fund Guide ScholarshipStop,,,,medium
1ef97be7-b802-43d3-bbe8-8317565bda50,nat-moore-scholarship-scholarships-com-nat-moore-scholarship,"Nat Moore Scholarship: Eligibility, Deadline & How to Apply",,scholarships_com,2026-12-31,"$20,000",yes,no,"Nat Moore Scholarship: Eligibility, Deadline & How to Apply","Nat Moore Scholarship: Eligibility, Deadline & How to Apply","Nat Moore Scholarship: Eligibility, Deadline & How to Apply scholarship","Nat Moore Scholarship: Eligibility, Deadline & How to Apply 2026","Nat Moore Scholarship: Eligibility, Deadline & How to Apply scholarship","Nat Moore Scholarship: Eligibility, Deadline & How to Apply ScholarshipStop",,,,medium
1a5aa765-413e-43e3-8697-9d43a38415bc,arnold-w-fritz-scholarship-scholarships-com-arnold-w-fritz-scholarship,Arnold W. Fritz Scholarship Eligibility and Deadline,,scholarships_com,2027-04-01,"$2,000",yes,no,Arnold W. Fritz Scholarship Eligibility and Deadline,Arnold W. Fritz Scholarship Eligibility and Deadline,Arnold W. Fritz Scholarship Eligibility and Deadline scholarship,Arnold W. Fritz Scholarship Eligibility and Deadline 2027,Arnold W. Fritz Scholarship Eligibility and Deadline scholarship,Arnold W. Fritz Scholarship Eligibility and Deadline ScholarshipStop,,,,medium
71fec436-55a3-45c7-a888-f9409e694b95,peace-prosperity-empowerment-through-education-scholarship-scholarships--peace-and-prosperity-empowerment,Peace & Prosperity Education Scholarship Guide,,scholarships_com,2027-04-07,"$2,500",yes,no,Peace & Prosperity Education Scholarship Guide,Peace & Prosperity Education Scholarship Guide,Peace & Prosperity Education Scholarship Guide scholarship,Peace & Prosperity Education Scholarship Guide 2027,Peace & Prosperity Education Scholarship Guide scholarship,Peace & Prosperity Education Scholarship Guide ScholarshipStop,,,,medium
36b4e459-a8e0-4232-b5cf-89ced9c70870,kansas-association-of-broadcasters-broadcast-scholarship-cea8jkuqtpso,Kansas Association of Broadcasters Broadcast Scholarship,Kansas Association of Broadcasters,bigfuture,2026-05-01,Amount Varies,yes,yes,Kansas Association of Broadcasters Broadcast Scholarship,Kansas Association of Broadcasters Broadcast Scholarship Kansas Association of Broadcasters,Kansas Association of Broadcasters Broadcast Scholarship scholarship,Kansas Association of Broadcasters Broadcast Scholarship 2026,Kansas Association of Broadcasters Broadcast Scholarship Kansas Association of Broadcasters scholarship,Kansas Association of Broadcasters Broadcast Scholarship ScholarshipStop,,,,medium
37424697-cec6-413a-90d7-407da6544a2f,susan-eason-scholarship-for-students-with-disabilities-9k7ympoxsh4t,Susan Eason Scholarship for Students with Disabilities,Austin Community College,bigfuture,2026-05-01,Amount Varies,yes,yes,Susan Eason Scholarship for Students with Disabilities,Susan Eason Scholarship for Students with Disabilities Austin Community College,Susan Eason Scholarship for Students with Disabilities scholarship,Susan Eason Scholarship for Students with Disabilities 2026,Susan Eason Scholarship for Students with Disabilities Austin Community College scholarship,Susan Eason Scholarship for Students with Disabilities ScholarshipStop,,,,high
41d60a50-b600-4647-adf8-56bb3585cf8d,thomas-m-spencer-memorial-endowed-scholarship-central-ghta7jurvkje,Thomas M. Spencer Memorial Endowed Scholarship Central,San Jacinto College,bigfuture,2026-10-30,"1,000",yes,yes,Thomas M. Spencer Memorial Endowed Scholarship Central,Thomas M. Spencer Memorial Endowed Scholarship Central San Jacinto College,Thomas M. Spencer Memorial Endowed Scholarship Central scholarship,Thomas M. Spencer Memorial Endowed Scholarship Central 2026,Thomas M. Spencer Memorial Endowed Scholarship Central San Jacinto College scholarship,Thomas M. Spencer Memorial Endowed Scholarship Central ScholarshipStop,,,,high
5bd8b04c-48ea-4076-bd97-32fc45d67139,the-peter-j-trainor-leadership-award-aizaxuuostdq,The Peter J. Trainor Leadership Award,Mount Wachusett Community College,bigfuture,2026-06-30,Amount Varies,yes,yes,The Peter J. Trainor Leadership Award,The Peter J. Trainor Leadership Award Mount Wachusett Community College,The Peter J. Trainor Leadership Award scholarship,The Peter J. Trainor Leadership Award 2026,The Peter J. Trainor Leadership Award Mount Wachusett Community College scholarship,The Peter J. Trainor Leadership Award ScholarshipStop,,,,medium
91aa9afe-dbf2-401a-b02a-ff618f1f3cd6,edwards-scholarship-ypqryeauweom,Edwards Scholarship,Edwards Scholarship Fund,bigfuture,2026-05-15,Amount Varies,yes,yes,Edwards Scholarship,Edwards Scholarship Edwards Scholarship Fund,Edwards Scholarship scholarship,Edwards Scholarship 2026,Edwards Scholarship Edwards Scholarship Fund scholarship,Edwards Scholarship ScholarshipStop,,,,low
a990d8ef-b568-45f4-ad0d-bdc6f192ca6d,dick-smith-college-of-science-mathematics-graduate-scholarship-bkvvd97t3ex3,Dick Smith College of Science & Mathematics Graduate Scholarship,Tarleton State University,bigfuture,2026-07-01,Amount Varies,yes,yes,Dick Smith College of Science & Mathematics Graduate Scholarship,Dick Smith College of Science & Mathematics Graduate Scholarship Tarleton State University,Dick Smith College of Science & Mathematics Graduate Scholarship scholarship,Dick Smith College of Science & Mathematics Graduate Scholarship 2026,Dick Smith College of Science & Mathematics Graduate Scholarship Tarleton State University scholarship,Dick Smith College of Science & Mathematics Graduate Scholarship ScholarshipStop,,,,high
bc8e06aa-3405-4189-8173-2aa37c5c9887,nursing-scholarship-9q7hoe2vmspx,Nursing Scholarship,University of West Florida,bigfuture,2026-09-30,Amount Varies,yes,yes,Nursing Scholarship,Nursing Scholarship University of West Florida,Nursing Scholarship scholarship,Nursing Scholarship 2026,Nursing Scholarship University of West Florida scholarship,Nursing Scholarship ScholarshipStop,,,,low
d88496fb-1c55-48cc-8d9d-1429527e1908,bank-of-america-dream-makers-scholarship-kjqcmi0galds,Bank of America Dream Makers Scholarship,Pensacola State College,bigfuture,2026-12-31,Amount Varies,yes,yes,Bank of America Dream Makers Scholarship,Bank of America Dream Makers Scholarship Pensacola State College,Bank of America Dream Makers Scholarship scholarship,Bank of America Dream Makers Scholarship 2026,Bank of America Dream Makers Scholarship Pensacola State College scholarship,Bank of America Dream Makers Scholarship ScholarshipStop,,,,high
eef99602-23b8-4033-b58b-d3946fa9dcf1,kids-chance-of-maine-scholarship-gesdre5yo0ub,Kids' Chance of Maine Scholarship,Kids' Chance of Maine,bigfuture,2026-12-31,"1,000 - 5,000",yes,yes,Kids' Chance of Maine Scholarship,Kids' Chance of Maine Scholarship Kids' Chance of Maine,Kids' Chance of Maine Scholarship scholarship,Kids' Chance of Maine Scholarship 2026,Kids' Chance of Maine Scholarship Kids' Chance of Maine scholarship,Kids' Chance of Maine Scholarship ScholarshipStop,,,,medium
f448f019-0973-423b-9c67-6779272a3f2d,mwcc-veteran-s-memorial-scholarship-pg66eurot0sw,MWCC Veteran’s Memorial Scholarship,Mount Wachusett Community College,bigfuture,2026-06-30,Amount Varies,yes,yes,MWCC Veteran’s Memorial Scholarship,MWCC Veteran’s Memorial Scholarship Mount Wachusett Community College,MWCC Veteran’s Memorial Scholarship scholarship,MWCC Veteran’s Memorial Scholarship 2026,MWCC Veteran’s Memorial Scholarship Mount Wachusett Community College scholarship,MWCC Veteran’s Memorial Scholarship ScholarshipStop,,,,low
006658eb-b8a5-40e4-994e-176eb4f3438f,doctoral-alumni-scholarship-qhee9juvv8zk,Doctoral Alumni Scholarship,Nova Southeastern University,bigfuture,2026-04-20,Amount Varies,yes,yes,Doctoral Alumni Scholarship,Doctoral Alumni Scholarship Nova Southeastern University,Doctoral Alumni Scholarship scholarship,Doctoral Alumni Scholarship 2026,Doctoral Alumni Scholarship Nova Southeastern University scholarship,Doctoral Alumni Scholarship ScholarshipStop,,,,low
06323499-6be9-4f9e-99cb-e0d0f9592839,charles-kunz-memorial-undergraduate-scholarship-hw9a5plkeon1,Charles Kunz Memorial Undergraduate Scholarship,Emergency Nurses Foundation,bigfuture,2026-04-17,Amount Varies,yes,yes,Charles Kunz Memorial Undergraduate Scholarship,Charles Kunz Memorial Undergraduate Scholarship Emergency Nurses Foundation,Charles Kunz Memorial Undergraduate Scholarship scholarship,Charles Kunz Memorial Undergraduate Scholarship 2026,Charles Kunz Memorial Undergraduate Scholarship Emergency Nurses Foundation scholarship,Charles Kunz Memorial Undergraduate Scholarship ScholarshipStop,,,,medium
1f27fb6c-79fe-4fbf-9d2d-39cc1b4af865,sealaska-heritage-institute-scholarship-zutopujhpwws,Sealaska Heritage Institute Scholarship,Sealaska Heritage Institute,bigfuture,2026-05-01,Amount Varies,yes,yes,Sealaska Heritage Institute Scholarship,Sealaska Heritage Institute Scholarship Sealaska Heritage Institute,Sealaska Heritage Institute Scholarship scholarship,Sealaska Heritage Institute Scholarship 2026,Sealaska Heritage Institute Scholarship Sealaska Heritage Institute scholarship,Sealaska Heritage Institute Scholarship ScholarshipStop,,,,low
2bc99ee6-d135-4670-8e59-15a9af10fc4d,dick-smith-college-of-liberal-fine-arts-graduate-scholarship-onvcbohgt3ir,Dick Smith College of Liberal & Fine Arts Graduate Scholarship,Tarleton State University,bigfuture,2026-07-01,Amount Varies,yes,yes,Dick Smith College of Liberal & Fine Arts Graduate Scholarship,Dick Smith College of Liberal & Fine Arts Graduate Scholarship Tarleton State University,Dick Smith College of Liberal & Fine Arts Graduate Scholarship scholarship,Dick Smith College of Liberal & Fine Arts Graduate Scholarship 2026,Dick Smith College of Liberal & Fine Arts Graduate Scholarship Tarleton State University scholarship,Dick Smith College of Liberal & Fine Arts Graduate Scholarship ScholarshipStop,,,,high
2c0111e2-304a-476c-8917-670540bdf1bc,class-of-1954-scholarship-4r9zqsqlmiiz,Class of 1954 Scholarship,University of Massachusetts Amherst,bigfuture,2026-06-30,Amount Varies,yes,yes,Class of 1954 Scholarship,Class of 1954 Scholarship University of Massachusetts Amherst,Class of 1954 Scholarship scholarship,Class of 1954 Scholarship 2026,Class of 1954 Scholarship University of Massachusetts Amherst scholarship,Class of 1954 Scholarship ScholarshipStop,,,,low
2c0e4bf7-00a8-4821-8db7-d23ab1a6f1bb,roy-spence-endowed-scholarship-thwdvbt0s3nc,Roy Spence Endowed Scholarship,Austin Community College,bigfuture,2026-05-01,Amount Varies,yes,yes,Roy Spence Endowed Scholarship,Roy Spence Endowed Scholarship Austin Community College,Roy Spence Endowed Scholarship scholarship,Roy Spence Endowed Scholarship 2026,Roy Spence Endowed Scholarship Austin Community College scholarship,Roy Spence Endowed Scholarship ScholarshipStop,,,,low
2c248641-bddb-4275-aa9f-f5f390b3c193,the-brandon-paul-memorial-foundation-scholarship-f9wuebqlqmg6,The Brandon Paul Memorial Foundation Scholarship,Citrus County Coalition for College & Careers,bigfuture,2026-04-17,Amount Varies,yes,yes,The Brandon Paul Memorial Foundation Scholarship,The Brandon Paul Memorial Foundation Scholarship Citrus County Coalition for College & Careers,The Brandon Paul Memorial Foundation Scholarship scholarship,The Brandon Paul Memorial Foundation Scholarship 2026,The Brandon Paul Memorial Foundation Scholarship Citrus County Coalition for College & Careers scholarship,The Brandon Paul Memorial Foundation Scholarship ScholarshipStop,,,,medium
34b12089-4d71-4dd6-abd4-a868da929629,calflowers-scholarship-inlvfxnflx3s,CalFlowers Scholarship,American Floral Endowment,bigfuture,2026-05-01,Amount Varies,yes,yes,CalFlowers Scholarship,CalFlowers Scholarship American Floral Endowment,CalFlowers Scholarship scholarship,CalFlowers Scholarship 2026,CalFlowers Scholarship American Floral Endowment scholarship,CalFlowers Scholarship ScholarshipStop,,,,low
362de1a9-83c2-4b4e-984d-5fc07c383be2,oklahoma-cattlemen-s-scholarship-tabvcpzhvxpx,Oklahoma Cattlemen's Scholarship,Oklahoma Cattlemen's Association,bigfuture,2026-05-01,Amount Varies,yes,yes,Oklahoma Cattlemen's Scholarship,Oklahoma Cattlemen's Scholarship Oklahoma Cattlemen's Association,Oklahoma Cattlemen's Scholarship scholarship,Oklahoma Cattlemen's Scholarship 2026,Oklahoma Cattlemen's Scholarship Oklahoma Cattlemen's Association scholarship,Oklahoma Cattlemen's Scholarship ScholarshipStop,,,,low
39183f8a-a892-4c7a-8ea2-595890f58900,john-gloucester-memorial-presbyterian-church-scholarship-2zssvhwkrded,John Gloucester Memorial Presbyterian Church Scholarship,Presbytery of Boston,bigfuture,2026-06-30,"3,500 - 5,000",yes,yes,John Gloucester Memorial Presbyterian Church Scholarship,John Gloucester Memorial Presbyterian Church Scholarship Presbytery of Boston,John Gloucester Memorial Presbyterian Church Scholarship scholarship,John Gloucester Memorial Presbyterian Church Scholarship 2026,John Gloucester Memorial Presbyterian Church Scholarship Presbytery of Boston scholarship,John Gloucester Memorial Presbyterian Church Scholarship ScholarshipStop,,,,medium
4ce4f005-7ca9-4245-a823-7a6dc2f7e3b6,alumni-scholarship-htnwn8psnjen,Alumni Scholarship,San Jacinto College,bigfuture,2026-10-30,500,yes,yes,Alumni Scholarship,Alumni Scholarship San Jacinto College,Alumni Scholarship scholarship,Alumni Scholarship 2026,Alumni Scholarship San Jacinto College scholarship,Alumni Scholarship ScholarshipStop,,,,low
a4658a70-5ed2-46c7-9f33-3dd20fd0dcb1,mwcc-alumni-association-continuing-student-scholarship-x1lccrontsjn,MWCC Alumni Association Continuing Student Scholarship,Mount Wachusett Community College,bigfuture,2026-12-31,Amount Varies,yes,yes,MWCC Alumni Association Continuing Student Scholarship,MWCC Alumni Association Continuing Student Scholarship Mount Wachusett Community College,MWCC Alumni Association Continuing Student Scholarship scholarship,MWCC Alumni Association Continuing Student Scholarship 2026,MWCC Alumni Association Continuing Student Scholarship Mount Wachusett Community College scholarship,MWCC Alumni Association Continuing Student Scholarship ScholarshipStop,,,,medium
d212d96e-2881-499c-b92d-a50465931692,higher-education-scholarship-s0l5n2mibl5j,Higher Education Scholarship,Maniilaq Association,bigfuture,2026-12-31,Amount Varies,yes,yes,Higher Education Scholarship,Higher Education Scholarship Maniilaq Association,Higher Education Scholarship scholarship,Higher Education Scholarship 2026,Higher Education Scholarship Maniilaq Association scholarship,Higher Education Scholarship ScholarshipStop,,,,low
d2b9d192-6631-4f51-b85e-580fbeefaecc,pay-it-forward-scholarship-eepb3ewqokwl,Pay It Forward Scholarship,Alamo Colleges Foundation,bigfuture,2026-05-15,Amount Varies,yes,yes,Pay It Forward Scholarship,Pay It Forward Scholarship Alamo Colleges Foundation,Pay It Forward Scholarship scholarship,Pay It Forward Scholarship 2026,Pay It Forward Scholarship Alamo Colleges Foundation scholarship,Pay It Forward Scholarship ScholarshipStop,,,,low
d4db3d2e-61bb-4f1f-956c-81ee53f4c608,rural-health-scholarship-wsueu6k8nxzg,Rural Health Scholarship,Indiana State University,bigfuture,2026-07-06,Amount Varies,yes,yes,Rural Health Scholarship,Rural Health Scholarship Indiana State University,Rural Health Scholarship scholarship,Rural Health Scholarship 2026,Rural Health Scholarship Indiana State University scholarship,Rural Health Scholarship ScholarshipStop,,,,low
edb6136f-71f1-42c9-90b3-e81f272df206,michael-greenwood-business-scholarship-3t10wzszkfr5,Michael Greenwood Business Scholarship,Mount Wachusett Community College,bigfuture,2026-06-30,Amount Varies,yes,yes,Michael Greenwood Business Scholarship,Michael Greenwood Business Scholarship Mount Wachusett Community College,Michael Greenwood Business Scholarship scholarship,Michael Greenwood Business Scholarship 2026,Michael Greenwood Business Scholarship Mount Wachusett Community College scholarship,Michael Greenwood Business Scholarship ScholarshipStop,,,,low
0f2f3a09-255e-4bd1-ad4d-aa5cf0c4d567,greater-than-gatsby-annual-scholarship-qnczvdnaxtch,Greater Than Gatsby Annual Scholarship,Greater Than Gatsby,bigfuture,2026-05-01,"$2,000",yes,no,Greater Than Gatsby Annual Scholarship,Greater Than Gatsby Annual Scholarship Greater Than Gatsby,Greater Than Gatsby Annual Scholarship scholarship,Greater Than Gatsby Annual Scholarship 2026,Greater Than Gatsby Annual Scholarship Greater Than Gatsby scholarship,Greater Than Gatsby Annual Scholarship ScholarshipStop,,,,high
3aea2196-9bf2-4432-a04d-6b16ccb9a10e,centuri-scholarship-bjpeq7q2pkf3,Centuri Scholarship,Centuri Group,bigfuture,2026-05-01,"$5,000",yes,no,Centuri Scholarship,Centuri Scholarship Centuri Group,Centuri Scholarship scholarship,Centuri Scholarship 2026,Centuri Scholarship Centuri Group scholarship,Centuri Scholarship ScholarshipStop,,,,low
401a5252-4c6c-44fa-911c-d0a9a4d0bb04,king-barton-scholarship-king-barton-scholarship,King-Barton Scholarship,,scholarships_com,2027-03-06,"$1,000",yes,no,King-Barton Scholarship,King-Barton Scholarship,King-Barton Scholarship scholarship,King-Barton Scholarship 2027,King-Barton Scholarship scholarship,King-Barton Scholarship ScholarshipStop,,,,low
4dd33187-8225-4429-a580-a78ee4e0b3c2,guardian-scholars-foundation-scholarship-guardian-scholars-foundation-sch,Guardian Scholars Foundation Scholarship,,scholarships_com,2027-03-01,"$8,000",yes,no,Guardian Scholars Foundation Scholarship,Guardian Scholars Foundation Scholarship,Guardian Scholars Foundation Scholarship scholarship,Guardian Scholars Foundation Scholarship 2027,Guardian Scholars Foundation Scholarship scholarship,Guardian Scholars Foundation Scholarship ScholarshipStop,,,,low
4fc73193-c3fb-4695-9e0b-1f58b5ac9b6a,atss-roadway-worker-memorial-scholarship-program-scholarships-com-atss-roadway-worker-memorial-sch,ATSS Roadway Worker Memorial Scholarship Program,,scholarships_com,2027-02-15,"$10,000",yes,no,ATSS Roadway Worker Memorial Scholarship Program,ATSS Roadway Worker Memorial Scholarship Program,ATSS Roadway Worker Memorial Scholarship Program scholarship,ATSS Roadway Worker Memorial Scholarship Program 2027,ATSS Roadway Worker Memorial Scholarship Program scholarship,ATSS Roadway Worker Memorial Scholarship Program ScholarshipStop,,,,medium
501b568b-52d5-4ad4-a670-1f2f0645b727,cbsca-scholarship-cbsca-scholarship,CBSCA Scholarship,,scholarships_com,2027-03-14,Amount Varies,yes,no,CBSCA Scholarship,CBSCA Scholarship,CBSCA Scholarship scholarship,CBSCA Scholarship 2027,CBSCA Scholarship scholarship,CBSCA Scholarship ScholarshipStop,,,,low
51432760-2ee5-44b8-83a7-d7131becaa4f,apiqwtc-scholarship-scholarships-com-apiqwtc-scholarship,APIQWTC Scholarship,,scholarships_com,2027-02-01,"$3,500",yes,no,APIQWTC Scholarship,APIQWTC Scholarship,APIQWTC Scholarship scholarship,APIQWTC Scholarship 2027,APIQWTC Scholarship scholarship,APIQWTC Scholarship ScholarshipStop,,,,low
56409585-f8c7-400d-b1d1-4351a7d2bc2a,toys-for-kids-hendu-education-scholarship-toys-for-kids-hendu-education-sc,Toys for Kids Hendu Education Scholarship,,scholarships_com,2026-09-12,"$5,000",yes,no,Toys for Kids Hendu Education Scholarship,Toys for Kids Hendu Education Scholarship,Toys for Kids Hendu Education Scholarship scholarship,Toys for Kids Hendu Education Scholarship 2026,Toys for Kids Hendu Education Scholarship scholarship,Toys for Kids Hendu Education Scholarship ScholarshipStop,,,,medium
5918b8a0-c057-4c40-98c1-67db43390b91,sjcf-stockton-student-athletes-scholarship-fund-sjcf-stockton-student-athletes-s,SJCF Stockton Student Athletes Scholarship Fund,,scholarships_com,2027-04-17,"$6,000",yes,no,SJCF Stockton Student Athletes Scholarship Fund,SJCF Stockton Student Athletes Scholarship Fund,SJCF Stockton Student Athletes Scholarship Fund scholarship,SJCF Stockton Student Athletes Scholarship Fund 2027,SJCF Stockton Student Athletes Scholarship Fund scholarship,SJCF Stockton Student Athletes Scholarship Fund ScholarshipStop,,,,medium
5febc9b0-e7b3-44bd-bc02-ea01798519b0,alisa-s-angels-scholarship-scholarships-com-alisas-angels-scholarship,Alisa's Angels Scholarship,,scholarships_com,2027-03-01,"$5,000",yes,no,Alisa's Angels Scholarship,Alisa's Angels Scholarship,Alisa's Angels Scholarship scholarship,Alisa's Angels Scholarship 2027,Alisa's Angels Scholarship scholarship,Alisa's Angels Scholarship ScholarshipStop,,,,low
62628868-efd4-4d5d-b44f-efb6a5d01125,emma-e-buckley-scholarship-scholarships-com-emma-e-buckley-scholarship,Emma E. Buckley Scholarship,,scholarships_com,2027-03-06,"$10,000",yes,no,Emma E. Buckley Scholarship,Emma E. Buckley Scholarship,Emma E. Buckley Scholarship scholarship,Emma E. Buckley Scholarship 2027,Emma E. Buckley Scholarship scholarship,Emma E. Buckley Scholarship ScholarshipStop,,,,low
853daea4-dd3b-4a31-ad6c-d44c8a7596ac,san-diego-county-farm-bureau-scholarship-wyx9c2bkd5vq,San Diego County Farm Bureau Scholarship,Farm Bureau of San Diego County,bigfuture,2026-04-15,"$5,000",yes,no,San Diego County Farm Bureau Scholarship,San Diego County Farm Bureau Scholarship Farm Bureau of San Diego County,San Diego County Farm Bureau Scholarship scholarship,San Diego County Farm Bureau Scholarship 2026,San Diego County Farm Bureau Scholarship Farm Bureau of San Diego County scholarship,San Diego County Farm Bureau Scholarship ScholarshipStop,,,,high
96730efb-9cdc-42da-b695-0d0d901e8195,transfer-scholarship-tt2eqvlovqur,Transfer Scholarship,Framingham State University,bigfuture,2026-05-01,"$1,000",yes,no,Transfer Scholarship,Transfer Scholarship Framingham State University,Transfer Scholarship scholarship,Transfer Scholarship 2026,Transfer Scholarship Framingham State University scholarship,Transfer Scholarship ScholarshipStop,,,,low
a661d0e5-61e1-41e2-be3b-8706de406d87,performing-arts-scholarship-9bl5tirg0n1e,Performing Arts Scholarship,Waubonsee Community College,bigfuture,2026-05-04,"$1,200",yes,no,Performing Arts Scholarship,Performing Arts Scholarship Waubonsee Community College,Performing Arts Scholarship scholarship,Performing Arts Scholarship 2026,Performing Arts Scholarship Waubonsee Community College scholarship,Performing Arts Scholarship ScholarshipStop,,,,low
dfb60e23-9dbc-4839-8fed-beb7d47126a6,codewizardshq-educational-scholarship-sg3fd961c0ws,CodeWizardsHQ Educational Scholarship,CodeWizardsHQ,bigfuture,2026-05-01,"$2,500",yes,no,CodeWizardsHQ Educational Scholarship,CodeWizardsHQ Educational Scholarship CodeWizardsHQ,CodeWizardsHQ Educational Scholarship scholarship,CodeWizardsHQ Educational Scholarship 2026,CodeWizardsHQ Educational Scholarship CodeWizardsHQ scholarship,CodeWizardsHQ Educational Scholarship ScholarshipStop,,,,low
eab71d25-040f-45c4-b027-d6854834208d,colorado-opportunity-scholarship-initiative-cosi-pqizqrw62d07,Colorado Opportunity Scholarship Initiative (COSI),I Have a Dream Foundation,bigfuture,2026-05-06,"$16,000",yes,no,Colorado Opportunity Scholarship Initiative (COSI),Colorado Opportunity Scholarship Initiative (COSI) I Have a Dream Foundation,Colorado Opportunity Scholarship Initiative (COSI) scholarship,Colorado Opportunity Scholarship Initiative (COSI) 2026,Colorado Opportunity Scholarship Initiative (COSI) I Have a Dream Foundation scholarship,Colorado Opportunity Scholarship Initiative (COSI) ScholarshipStop,,,,high
f43d7d9a-6cf1-4898-97da-d1f29d2e6b48,mta-college-scholarship-9uglk6ulxyb2,MTA College Scholarship,Mississippi Tennis Association,bigfuture,2026-05-04,"$1,000",yes,no,MTA College Scholarship,MTA College Scholarship Mississippi Tennis Association,MTA College Scholarship scholarship,MTA College Scholarship 2026,MTA College Scholarship Mississippi Tennis Association scholarship,MTA College Scholarship ScholarshipStop,,,,low
0b2ffd43-365b-4963-bc98-5b46a1579bdc,sarah-scott-schofield-scholarship-sarah-scott-schofield-scholarshi,Sarah Scott Schofield Scholarship,,scholarships_com,2027-02-01,"$2,500",yes,no,Sarah Scott Schofield Scholarship,Sarah Scott Schofield Scholarship,Sarah Scott Schofield Scholarship scholarship,Sarah Scott Schofield Scholarship 2027,Sarah Scott Schofield Scholarship scholarship,Sarah Scott Schofield Scholarship ScholarshipStop,,,,low
0db754b5-0de5-4c9e-b6d6-78774ae581cb,drew-swan-sibling-scholarship-scholarships-com-drew-swan-sibling-scholarship,Drew Swan Sibling Scholarship,,scholarships_com,2026-06-30,"$1,500",yes,no,Drew Swan Sibling Scholarship,Drew Swan Sibling Scholarship,Drew Swan Sibling Scholarship scholarship,Drew Swan Sibling Scholarship 2026,Drew Swan Sibling Scholarship scholarship,Drew Swan Sibling Scholarship ScholarshipStop,,,,low
1d6bc97f-cf77-432d-9952-99354f099c0b,richard-t-gates-engineering-and-technology-endowed-challenge-scholarship-richard-t-gates-engineering-and-,Richard T. Gates Engineering and Technology Scholarship,,scholarships_com,2027-02-12,"$16,000",yes,no,Richard T. Gates Engineering and Technology Scholarship,Richard T. Gates Engineering and Technology Scholarship,Richard T. Gates Engineering and Technology Scholarship scholarship,Richard T. Gates Engineering and Technology Scholarship 2027,Richard T. Gates Engineering and Technology Scholarship scholarship,Richard T. Gates Engineering and Technology Scholarship ScholarshipStop,,,,medium
2b0a7efd-b713-4f90-8839-5599bfbc793c,adventuresinlove4andie-veds-scholarship-scholarships-com-adventuresinlove4andie-veds-scho,Adventuresinlove4Andie VEDS Scholarship,,scholarships_com,2026-06-30,$750,yes,no,Adventuresinlove4Andie VEDS Scholarship,Adventuresinlove4Andie VEDS Scholarship,Adventuresinlove4Andie VEDS Scholarship scholarship,Adventuresinlove4Andie VEDS Scholarship 2026,Adventuresinlove4Andie VEDS Scholarship scholarship,Adventuresinlove4Andie VEDS Scholarship ScholarshipStop,,,,low
3dec4b74-c434-4066-a429-fff29775f07d,sjcf-bill-pollard-jr-scholarship-scholarships-com-sjcf-bill-pollard-jr-scholarship,SJCF Bill Pollard Jr. Scholarship,,scholarships_com,2027-04-17,"$1,000",yes,no,SJCF Bill Pollard Jr. Scholarship,SJCF Bill Pollard Jr. Scholarship,SJCF Bill Pollard Jr. Scholarship scholarship,SJCF Bill Pollard Jr. Scholarship 2027,SJCF Bill Pollard Jr. Scholarship scholarship,SJCF Bill Pollard Jr. Scholarship ScholarshipStop,,,,medium
4ee7f5b1-6c51-4efd-bbea-6d66970251e7,kris-paper-legacy-scholarship-for-women-in-technology-scholarships-com-kris-paper-legacy-scholarship-fo,Kris Paper Legacy Scholarship For Women In Technology,,scholarships_com,2027-04-15,"$1,500",yes,no,Kris Paper Legacy Scholarship For Women In Technology,Kris Paper Legacy Scholarship For Women In Technology,Kris Paper Legacy Scholarship For Women In Technology scholarship,Kris Paper Legacy Scholarship For Women In Technology 2027,Kris Paper Legacy Scholarship For Women In Technology scholarship,Kris Paper Legacy Scholarship For Women In Technology ScholarshipStop,,,,medium
58496027-fc72-4922-bbb0-c2bd71a671ef,nds-mike-lancaster-sophomore-merit-scholarship-scholarships-com-nds-mike-lancaster-sophomore-mer,NDS Mike Lancaster Sophomore Merit Scholarship,,scholarships_com,2027-04-15,"$1,500",yes,no,NDS Mike Lancaster Sophomore Merit Scholarship,NDS Mike Lancaster Sophomore Merit Scholarship,NDS Mike Lancaster Sophomore Merit Scholarship scholarship,NDS Mike Lancaster Sophomore Merit Scholarship 2027,NDS Mike Lancaster Sophomore Merit Scholarship scholarship,NDS Mike Lancaster Sophomore Merit Scholarship ScholarshipStop,,,,medium
e7356cdd-90b1-40be-a49f-91c9ed447c2a,luxury-goods-management-scholarship-14199,Luxury Goods Management Scholarship,Università Cattolica del Sacro Cuore,mastersportal,2026-06-24,3000 EUR,yes,no,Luxury Goods Management Scholarship,Luxury Goods Management Scholarship Università Cattolica del Sacro Cuore,Luxury Goods Management Scholarship scholarship,Luxury Goods Management Scholarship 2026,Luxury Goods Management Scholarship Università Cattolica del Sacro Cuore scholarship,Luxury Goods Management Scholarship ScholarshipStop,,,,low
11746f8c-372b-45f2-be68-1f29be59116e,livinfrance-scholarship-6744,Livinfrance Scholarship,Livinfrance,mastersportal,2026-06-10,1000 USD,yes,no,Livinfrance Scholarship,Livinfrance Scholarship Livinfrance,Livinfrance Scholarship scholarship,Livinfrance Scholarship 2026,Livinfrance Scholarship Livinfrance scholarship,Livinfrance Scholarship ScholarshipStop,,,,low
44a2ee20-e947-4088-8d38-c48e32c48338,nz-fruitgrowers-charitable-trust-postgraduate-scholarship-11458,NZ Fruitgrowers’ Charitable Trust Postgraduate Scholarship,Massey University,mastersportal,2026-12-10,10000 NZD,yes,no,NZ Fruitgrowers’ Charitable Trust Postgraduate Scholarship,NZ Fruitgrowers’ Charitable Trust Postgraduate Scholarship Massey University,NZ Fruitgrowers’ Charitable Trust Postgraduate Scholarship scholarship,NZ Fruitgrowers’ Charitable Trust Postgraduate Scholarship 2026,NZ Fruitgrowers’ Charitable Trust Postgraduate Scholarship Massey University scholarship,NZ Fruitgrowers’ Charitable Trust Postgraduate Scholarship ScholarshipStop,,,,high
7b54db9f-9cff-4c74-8ad5-6e9ed7952941,engineering-international-masters-scholarships-69,Engineering International Masters Scholarships,The University of Edinburgh,mastersportal,2026-05-09,3000 GBP,yes,no,Engineering International Masters Scholarships,Engineering International Masters Scholarships The University of Edinburgh,Engineering International Masters Scholarships scholarship,Engineering International Masters Scholarships 2026,Engineering International Masters Scholarships The University of Edinburgh scholarship,Engineering International Masters Scholarships ScholarshipStop,,,,high
461aafc0-2cfb-4d27-9c85-db68cc36115d,engineering-alumni-scholarship-1753,Engineering Alumni Scholarship,University of Guelph,mastersportal,2026-09-01,2500 CAD,yes,no,Engineering Alumni Scholarship,Engineering Alumni Scholarship University of Guelph,Engineering Alumni Scholarship scholarship,Engineering Alumni Scholarship 2026,Engineering Alumni Scholarship University of Guelph scholarship,Engineering Alumni Scholarship ScholarshipStop,,,,low
e693e88e-ac02-4ac6-9fc7-a62d912ccd53,faculty-of-medicine-medical-endowment-scholarship-11833,Faculty of Medicine Medical Endowment Scholarship,University of Queensland,mastersportal,2026-08-06,5000 AUD,yes,no,Faculty of Medicine Medical Endowment Scholarship,Faculty of Medicine Medical Endowment Scholarship University of Queensland,Faculty of Medicine Medical Endowment Scholarship scholarship,Faculty of Medicine Medical Endowment Scholarship 2026,Faculty of Medicine Medical Endowment Scholarship University of Queensland scholarship,Faculty of Medicine Medical Endowment Scholarship ScholarshipStop,,,,high
e7ccd025-ef09-41d4-a35b-27c7605c34ec,non-eu-eea-citizens-scholarship-2618,Non-EU/EEA citizens Scholarship,Copenhagen Business School (CBS),mastersportal,2027-01-15,8000 DKK,yes,no,Non-EU/EEA citizens Scholarship,Non-EU/EEA citizens Scholarship Copenhagen Business School (CBS),Non-EU/EEA citizens Scholarship scholarship,Non-EU/EEA citizens Scholarship 2027,Non-EU/EEA citizens Scholarship Copenhagen Business School (CBS) scholarship,Non-EU/EEA citizens Scholarship ScholarshipStop,,,,low
7b28d70b-54c3-472a-b45d-e68f461532a2,early-bird-acceptance-grant-international-students-2124,Early Bird Acceptance Grant - International Students,La Trobe University,mastersportal,2026-11-01,2000 USD,yes,no,Early Bird Acceptance Grant - International Students,Early Bird Acceptance Grant - International Students La Trobe University,Early Bird Acceptance Grant - International Students scholarship,Early Bird Acceptance Grant - International Students 2026,Early Bird Acceptance Grant - International Students La Trobe University scholarship,Early Bird Acceptance Grant - International Students ScholarshipStop,,,,high
7cf73170-29df-413a-9382-3ccabf9e0a67,arthur-and-louise-may-scholarship-for-young-engineers-14189,Arthur and Louise May Scholarship for Young Engineers,The Hong Kong University of Science and Technology,mastersportal,2027-01-15,10000 HKD,yes,no,Arthur and Louise May Scholarship for Young Engineers,Arthur and Louise May Scholarship for Young Engineers The Hong Kong University of Science and Technology,Arthur and Louise May Scholarship for Young Engineers scholarship,Arthur and Louise May Scholarship for Young Engineers 2027,Arthur and Louise May Scholarship for Young Engineers The Hong Kong University of Science and Technology scholarship,Arthur and Louise May Scholarship for Young Engineers ScholarshipStop,,,,high
460e05f2-1c12-4cff-ab94-e285bdd1603e,chinese-university-scholarship-program-2381,Chinese University Scholarship Program,Xi'an Jiaotong University,mastersportal,2027-04-01,Various benefits,yes,no,Chinese University Scholarship Program,Chinese University Scholarship Program Xi'an Jiaotong University,Chinese University Scholarship Program scholarship,Chinese University Scholarship Program 2027,Chinese University Scholarship Program Xi'an Jiaotong University scholarship,Chinese University Scholarship Program ScholarshipStop,,,,low
132e23e8-0630-4990-90dc-5214e7e925fd,servicescape-scholarship-3244,ServiceScape Scholarship,ServiceScape,mastersportal,2026-11-30,1000 USD,yes,no,ServiceScape Scholarship,ServiceScape Scholarship ServiceScape,ServiceScape Scholarship scholarship,ServiceScape Scholarship 2026,ServiceScape Scholarship ServiceScape scholarship,ServiceScape Scholarship ScholarshipStop,,,,low
e70a5a90-a7b8-4bf9-ad56-708fed9f76d3,the-miss-e-l-hellaby-indigenous-grasslands-research-trust-11545,The Miss E L Hellaby Indigenous Grasslands Research Trust,Massey University,mastersportal,2026-08-29,Various benefits,yes,no,The Miss E L Hellaby Indigenous Grasslands Research Trust,The Miss E L Hellaby Indigenous Grasslands Research Trust Massey University,The Miss E L Hellaby Indigenous Grasslands Research Trust scholarship,The Miss E L Hellaby Indigenous Grasslands Research Trust 2026,The Miss E L Hellaby Indigenous Grasslands Research Trust Massey University scholarship,The Miss E L Hellaby Indigenous Grasslands Research Trust ScholarshipStop,,,,high
7a963f8d-df93-4617-ac99-f27bd41b7c8a,deobold-b-and-marcella-m-van-dalen-scholarship-fund-5822,Deobold B. and Marcella M. Van Dalen Scholarship Fund,Central Michigan University,mastersportal,2026-05-15,Various benefits,yes,no,Deobold B. and Marcella M. Van Dalen Scholarship Fund,Deobold B. and Marcella M. Van Dalen Scholarship Fund Central Michigan University,Deobold B. and Marcella M. Van Dalen Scholarship Fund scholarship,Deobold B. and Marcella M. Van Dalen Scholarship Fund 2026,Deobold B. and Marcella M. Van Dalen Scholarship Fund Central Michigan University scholarship,Deobold B. and Marcella M. Van Dalen Scholarship Fund ScholarshipStop,,,,high
bd0a296a-3079-4eb7-8751-69f36e199e88,gabriel-sanchez-sandoval-memorial-scholarship-gabriel-sanchez-sandoval-memoria,Gabriel Sanchez-Sandoval Memorial Scholarship,California Farm Labor Contractor Association,scholarships360,2026-06-14,"award worth $10,000",yes,no,Gabriel Sanchez-Sandoval Memorial Scholarship,Gabriel Sanchez-Sandoval Memorial Scholarship California Farm Labor Contractor Association,Gabriel Sanchez-Sandoval Memorial Scholarship scholarship,Gabriel Sanchez-Sandoval Memorial Scholarship 2026,Gabriel Sanchez-Sandoval Memorial Scholarship California Farm Labor Contractor Association scholarship,Gabriel Sanchez-Sandoval Memorial Scholarship ScholarshipStop,,,,high
b5b5e9ce-5579-42a3-8a54-0d99a486f8f7,william-penn-fraternal-association-scholarship-william-penn-fraternal-associati,William Penn Fraternal Association Scholarship,William Penn Fraternal Association Scholarship Foundation,scholarships360,2026-05-31,award worth $500,yes,no,William Penn Fraternal Association Scholarship,William Penn Fraternal Association Scholarship William Penn Fraternal Association Scholarship Foundation,William Penn Fraternal Association Scholarship scholarship,William Penn Fraternal Association Scholarship 2026,William Penn Fraternal Association Scholarship William Penn Fraternal Association Scholarship Foundation scholarship,William Penn Fraternal Association Scholarship ScholarshipStop,,,,high
52f019fb-0e13-4500-b7d5-627e6bd2b3f5,freshman-scholarship-freshman-scholarship,Freshman Scholarship,Illinois CPA Society,scholarships360,2026-05-08,"award worth $2,000",yes,no,Freshman Scholarship,Freshman Scholarship Illinois CPA Society,Freshman Scholarship scholarship,Freshman Scholarship 2026,Freshman Scholarship Illinois CPA Society scholarship,Freshman Scholarship ScholarshipStop,,,,low
47632139-0cd5-4711-9fe7-ad7ea0246ded,scholar-dollars-essay-scholarship-for-black-students-scholar-dollars-essay-scholarshi,"""Scholar Dollars"" Essay Scholarship for Black Students",Scholarships360,scholarships360,2027-03-01,"award worth $1,000",yes,no,"""Scholar Dollars"" Essay Scholarship for Black Students","""Scholar Dollars"" Essay Scholarship for Black Students Scholarships360","""Scholar Dollars"" Essay Scholarship for Black Students scholarship","""Scholar Dollars"" Essay Scholarship for Black Students 2027","""Scholar Dollars"" Essay Scholarship for Black Students Scholarships360 scholarship","""Scholar Dollars"" Essay Scholarship for Black Students ScholarshipStop",,,,high
b8c295af-3921-419b-a66a-ed26003c9ef3,abdulkarim-and-jamila-sessi-memorial-scholarship-abdulkarim-and-jamila-sessi-memo,Abdulkarim and Jamila Sessi Memorial Scholarship,Chaldean Community Foundation,scholarships360,2026-07-15,"award worth $10,000",yes,no,Abdulkarim and Jamila Sessi Memorial Scholarship,Abdulkarim and Jamila Sessi Memorial Scholarship Chaldean Community Foundation,Abdulkarim and Jamila Sessi Memorial Scholarship scholarship,Abdulkarim and Jamila Sessi Memorial Scholarship 2026,Abdulkarim and Jamila Sessi Memorial Scholarship Chaldean Community Foundation scholarship,Abdulkarim and Jamila Sessi Memorial Scholarship ScholarshipStop,,,,high
83801373-a085-413b-840e-fe044e069653,kim-tallian-memorial-scholarship-kim-tallian-memorial-scholarship,Kim Tallian Memorial Scholarship,Epilepsy Foundation of San Diego County,scholarships360,2026-05-31,"award worth $2,000",yes,no,Kim Tallian Memorial Scholarship,Kim Tallian Memorial Scholarship Epilepsy Foundation of San Diego County,Kim Tallian Memorial Scholarship scholarship,Kim Tallian Memorial Scholarship 2026,Kim Tallian Memorial Scholarship Epilepsy Foundation of San Diego County scholarship,Kim Tallian Memorial Scholarship ScholarshipStop,,,,low
1f4689c0-0c32-4565-b456-54a70eb4db2b,nahma-educational-foundation-scholarship-program-nahma-educational-foundation-sch,NAHMA Educational Foundation Scholarship Program,NAHMA Educational Foundation,scholarships360,2026-05-08,"award worth $10,000",yes,no,NAHMA Educational Foundation Scholarship Program,NAHMA Educational Foundation Scholarship Program NAHMA Educational Foundation,NAHMA Educational Foundation Scholarship Program scholarship,NAHMA Educational Foundation Scholarship Program 2026,NAHMA Educational Foundation Scholarship Program NAHMA Educational Foundation scholarship,NAHMA Educational Foundation Scholarship Program ScholarshipStop,,,,high
57295133-4751-45f5-bc5c-08569798156d,hawaii-korean-chamber-of-commerce-scholarship-hawaii-korean-chamber-of-commerc,Hawaii Korean Chamber of Commerce Scholarship,Hawaii Korean Chamber of Commerce,scholarships360,2026-07-30,"award worth $10,000",yes,no,Hawaii Korean Chamber of Commerce Scholarship,Hawaii Korean Chamber of Commerce Scholarship Hawaii Korean Chamber of Commerce,Hawaii Korean Chamber of Commerce Scholarship scholarship,Hawaii Korean Chamber of Commerce Scholarship 2026,Hawaii Korean Chamber of Commerce Scholarship Hawaii Korean Chamber of Commerce scholarship,Hawaii Korean Chamber of Commerce Scholarship ScholarshipStop,,,,high
4c7605c5-ad23-41cb-ad40-9456eb822250,chuck-edmonson-scholarship-chuck-edmonson-scholarship,Chuck Edmonson Scholarship,PGA of America - Georgia Section,scholarships360,2026-05-15,"award worth $4,000",yes,no,Chuck Edmonson Scholarship,Chuck Edmonson Scholarship PGA of America - Georgia Section,Chuck Edmonson Scholarship scholarship,Chuck Edmonson Scholarship 2026,Chuck Edmonson Scholarship PGA of America - Georgia Section scholarship,Chuck Edmonson Scholarship ScholarshipStop,,,,low
cded3013-b7e4-4961-aee7-ff21eaedc2f2,freedom-from-religion-foundation-forward-freethought-scholarship-freedom-from-religion-foundation,Freedom From Religion Foundation Forward Freethought Scholarship,Black Skeptics Group Los Angeles,scholarships360,2026-06-19,"award worth $10,000",yes,no,Freedom From Religion Foundation Forward Freethought Scholarship,Freedom From Religion Foundation Forward Freethought Scholarship Black Skeptics Group Los Angeles,Freedom From Religion Foundation Forward Freethought Scholarship scholarship,Freedom From Religion Foundation Forward Freethought Scholarship 2026,Freedom From Religion Foundation Forward Freethought Scholarship Black Skeptics Group Los Angeles scholarship,Freedom From Religion Foundation Forward Freethought Scholarship ScholarshipStop,,,,high
416396ff-69b5-4b25-bfb2-881245407971,uncf-fedex-scholarship-program-uncf-fedex-scholarship-program,UNCF/FedEx Scholarship Program,UNCF,scholarships360,2026-05-18,"award worth $4,000",yes,no,UNCF/FedEx Scholarship Program,UNCF/FedEx Scholarship Program UNCF,UNCF/FedEx Scholarship Program scholarship,UNCF/FedEx Scholarship Program 2026,UNCF/FedEx Scholarship Program UNCF scholarship,UNCF/FedEx Scholarship Program ScholarshipStop,,,,low
b576a60c-0ea5-437f-8579-436731262b48,i-have-a-dream-foundation-dreamer-scholarship-i-have-a-dream-foundation-dreame,"""I Have a Dream"" Foundation Dreamer Scholarship",I Have a Dream Foundation,scholarships360,2026-05-06,"award worth $10,000",yes,no,"""I Have a Dream"" Foundation Dreamer Scholarship","""I Have a Dream"" Foundation Dreamer Scholarship I Have a Dream Foundation","""I Have a Dream"" Foundation Dreamer Scholarship scholarship","""I Have a Dream"" Foundation Dreamer Scholarship 2026","""I Have a Dream"" Foundation Dreamer Scholarship I Have a Dream Foundation scholarship","""I Have a Dream"" Foundation Dreamer Scholarship ScholarshipStop",,,,high
b3ed89ce-b002-4652-b468-5f4c70fbe8fb,empire-state-district-6-scholarship-empire-state-district-6-scholars,Empire State District 6 Scholarship,American Hellenic Educational Progressive Association-District 6,scholarships360,2026-05-04,"award worth $10,000",yes,no,Empire State District 6 Scholarship,Empire State District 6 Scholarship American Hellenic Educational Progressive Association-District 6,Empire State District 6 Scholarship scholarship,Empire State District 6 Scholarship 2026,Empire State District 6 Scholarship American Hellenic Educational Progressive Association-District 6 scholarship,Empire State District 6 Scholarship ScholarshipStop,,,,high
688b23fd-b478-4fcc-bfc8-fc77fce78fd2,german-cancer-research-center-dkfz-international-phd-programme-10000141,German Cancer Research Center (DKFZ): International PhD Programme,DAAD scholarship database,daad,,DAAD scholarship funding; value varies by programme,yes,yes,German Cancer Research Center (DKFZ): International PhD Programme,German Cancer Research Center (DKFZ): International PhD Programme DAAD scholarship database,German Cancer Research Center (DKFZ): International PhD Programme scholarship,German Cancer Research Center (DKFZ): International PhD Programme 2026,German Cancer Research Center (DKFZ): International PhD Programme DAAD scholarship database scholarship,German Cancer Research Center (DKFZ): International PhD Programme ScholarshipStop,,,,high
1beec4a6-60c5-4b12-b364-5e00fd2ae306,doctoral-programmes-in-germany-57135739,Doctoral Programmes in Germany,DAAD,daad,,"Monthly payments of 1,400 euros Payments towards health, accident and personal liability insurance cover (see also our important information for scholarship applicants / section F, point 4) Travel allowance annual research allowance of € 460 Under certain circumstances, you can apply for the following additional benefits after start of funding: monthly rent subsidy (please read the important scholarship information / section F, point 9) monthly allowance for accompanying family members. Please also read our important information for scholarship applicants / section F, point 3. In case of a disability or chronic illness: on application, a subsidy may be provided for justified additional costs incurred abroad that are necessary to realise the project in Germany and that are not covered by a third party; whether and to what extent a subsidy will be paid, will be reviewed and determined on an individual basis (see important information for scholarship applicants , section F, point 8) To enable you to improve your language skills in preparation for your stay in Germany, DAAD offers the following services: Payment of course fees for an online language course after receipt of the Scholarship Award Letter if necessary: Language course (2, 4 or 6 months) before the start of the research stay in Germany; the DAAD decides whether to fund the grant holder's participation and for how long depending on language skills and project. If a language course scholarship is granted and the working language at the host institute is German, participation is compulsory. Allowance for a personally chosen German language course during the grant period Reimbursement of the fee for a TestDaF or DSH test, which you can take either in your home country after you have received your Scholarship Award Letter or in Germany during your funding period. Benefits from third parties are partially credited towards the DAAD scholarship. Information on this can be found in the important scholarship information in section F, point 6.",yes,yes,Doctoral Programmes in Germany,Doctoral Programmes in Germany DAAD,Doctoral Programmes in Germany scholarship,Doctoral Programmes in Germany deadline,Doctoral Programmes in Germany DAAD scholarship,Doctoral Programmes in Germany ScholarshipStop,,,,low
16947cde-cb33-4fad-bbee-a5320fde83c2,g-ttingen-academy-of-sciences-and-humanities-hannah-arendt-fellowships-10000689,Göttingen Academy of Sciences and Humanities: Hannah Arendt Fellowships,DAAD scholarship database,daad,,DAAD scholarship funding; value varies by programme,yes,yes,Göttingen Academy of Sciences and Humanities: Hannah Arendt Fellowships,Göttingen Academy of Sciences and Humanities: Hannah Arendt Fellowships DAAD scholarship database,Göttingen Academy of Sciences and Humanities: Hannah Arendt Fellowships scholarship,Göttingen Academy of Sciences and Humanities: Hannah Arendt Fellowships 2026,Göttingen Academy of Sciences and Humanities: Hannah Arendt Fellowships DAAD scholarship database scholarship,Göttingen Academy of Sciences and Humanities: Hannah Arendt Fellowships ScholarshipStop,,,,high
630562e4-39cc-4adf-a89f-396efcf42299,helmut-schmidt-programme-master-s-scholarships-for-public-policy-and-goo-50026397,Helmut-Schmidt-Programme (Master’s Scholarships for Public Policy and Good Governance - PPGG),DAAD,daad,,DAAD scholarship funding; value varies by programme,yes,yes,Helmut-Schmidt-Programme (Master’s Scholarships for Public Policy and Good Governance - PPGG),Helmut-Schmidt-Programme (Master’s Scholarships for Public Policy and Good Governance - PPGG) DAAD,Helmut-Schmidt-Programme (Master’s Scholarships for Public Policy and Good Governance - PPGG) scholarship,Helmut-Schmidt-Programme (Master’s Scholarships for Public Policy and Good Governance - PPGG) deadline,Helmut-Schmidt-Programme (Master’s Scholarships for Public Policy and Good Governance - PPGG) DAAD scholarship,Helmut-Schmidt-Programme (Master’s Scholarships for Public Policy and Good Governance - PPGG) ScholarshipStop,,,,high
4d8daed2-4bb3-411a-a82e-56e058838359,combined-study-and-practical-stays-for-engineers-from-developing-countri-57471578,Combined study and practical stays for engineers from developing countries (KOSPIE) in cooperation with the Argentine Ministry of Education (ALEARG),DAAD,daad,,"Co-financing between the Argentine Ministry of Education (ME) and the DAAD. 2-month intensive language course in Germany including accommodation costs and pocket money of 460,- Euro per month (DAAD) One-time study and research grant of 460,- Euro (DAAD) Travel allowance for outward and return journey (DAAD) Monthly scholarship instalment of 1120 euros for 10 months (ME) Health, accident and liability insurance (DAAD)",yes,yes,Combined study and practical stays for engineers from developing countries (KOSPIE) in cooperation with the Argentine Ministry of Education (ALEARG),Combined study and practical stays for engineers from developing countries (KOSPIE) in cooperation with the Argentine Ministry of Education (ALEARG) DAAD,Combined study and practical stays for engineers from developing countries (KOSPIE) in cooperation with the Argentine Ministry of Education (ALEARG) scholarship,Combined study and practical stays for engineers from developing countries (KOSPIE) in cooperation with the Argentine Ministry of Education (ALEARG) deadline,Combined study and practical stays for engineers from developing countries (KOSPIE) in cooperation with the Argentine Ministry of Education (ALEARG) DAAD scholarship,Combined study and practical stays for engineers from developing countries (KOSPIE) in cooperation with the Argentine Ministry of Education (ALEARG) ScholarshipStop,,,,high
7854867a-6ae7-481d-8167-146277030092,angolan-german-postgraduate-training-programme-57588180,Angolan-German Postgraduate Training Programme,DAAD,daad,,"The scholarship covers: Monthly scholarship rate (for accommodation, food etc.) of 934 Euro Travel allowance (outward and return journey) Health insurance, accident and liability insurance, care insurance One-off study allowance Preparatory German language and scientific working course in Germany including all costs (lump-sum, accommodation) Travel allowance for family visit Travel costs to host institution during language course Further allowances (Rent subsidy etc.)",yes,yes,Angolan-German Postgraduate Training Programme,Angolan-German Postgraduate Training Programme DAAD,Angolan-German Postgraduate Training Programme scholarship,Angolan-German Postgraduate Training Programme 2023,Angolan-German Postgraduate Training Programme DAAD scholarship,Angolan-German Postgraduate Training Programme ScholarshipStop,,,,high
5211405b-8836-443a-9029-c47255b8757b,future-ukraine-research-grants-for-ukrainian-master-s-students-and-resea-57650857,Future Ukraine: Research Grants for Ukrainian Master´s students and researchers,DAAD,daad,,"Depending on academic level, monthly payments of - €992 for graduates (Master's students) - €1,400 for doctoral candidates - €2,000 for postdocs - €2,150 for experienced researchers with a doctorate and university teachers - €2,300 for professors if applicable: Payments towards health, accident and personal liability insurance cover if applicable: Travel allowance in the case of a disability or chronic illness: subsidy for additional costs which result from the disability or chronic illness and are not covered by other funding providers: Further information",yes,yes,Future Ukraine: Research Grants for Ukrainian Master´s students and researchers,Future Ukraine: Research Grants for Ukrainian Master´s students and researchers DAAD,Future Ukraine: Research Grants for Ukrainian Master´s students and researchers scholarship,Future Ukraine: Research Grants for Ukrainian Master´s students and researchers 2026,Future Ukraine: Research Grants for Ukrainian Master´s students and researchers DAAD scholarship,Future Ukraine: Research Grants for Ukrainian Master´s students and researchers ScholarshipStop,,,,high
065b72e4-7643-4607-9f3b-a64f82b30310,themuseumslab-57655437,TheMuseumsLab,DAAD,daad,,"For the onsite phases the following programme-related costs will be covered by the DAAD: International and national transport to arrive to and depart from programme locations (lowest possible economy class airfare and 2nd class train tickets) Local public transport (if applicable) during Module 2, Module 3 and the Residencies Airport transfers (Module 3 in Kigali, Residencies in Africa if applicable) Visa fees (for visa processes at official entities, reimbursement) Health insurance (reimbursement up to 40 Euros) Accommodation during the onsite Modules and Residency Locations Programme related entrance fees Daily allowance during the onsite Modules and Residencies (limited compensation for meals not provided in the programme) Please note: All programme related travels and accommodations will also be arranged and booked by the DAAD.",yes,yes,TheMuseumsLab,TheMuseumsLab DAAD,TheMuseumsLab scholarship,TheMuseumsLab 2025,TheMuseumsLab DAAD scholarship,TheMuseumsLab ScholarshipStop,,,,low
0987b1c5-3a13-42d0-8afd-15018bcec2b7,programme-d-etudes-en-allemagne-pea-50015217,Programme d'Etudes en Allemagne (PEA),DAAD,daad,,Payment of 450 euros a month; additional costs for the framework programme,yes,yes,Programme d'Etudes en Allemagne (PEA),Programme d'Etudes en Allemagne (PEA) DAAD,Programme d'Etudes en Allemagne (PEA) scholarship,Programme d'Etudes en Allemagne (PEA) deadline,Programme d'Etudes en Allemagne (PEA) DAAD scholarship,Programme d'Etudes en Allemagne (PEA) ScholarshipStop,,,,high
658a3f32-fc24-475e-8c66-5dbddaa203d4,german-bundestag-international-parliamentary-scholarships-programme-arab-10000398,German Bundestag: International Parliamentary Scholarships: Programme Arab Countries,DAAD scholarship database,daad,,DAAD scholarship funding; value varies by programme,yes,yes,German Bundestag: International Parliamentary Scholarships: Programme Arab Countries,German Bundestag: International Parliamentary Scholarships: Programme Arab Countries DAAD scholarship database,German Bundestag: International Parliamentary Scholarships: Programme Arab Countries scholarship,German Bundestag: International Parliamentary Scholarships: Programme Arab Countries deadline,German Bundestag: International Parliamentary Scholarships: Programme Arab Countries DAAD scholarship database scholarship,German Bundestag: International Parliamentary Scholarships: Programme Arab Countries ScholarshipStop,,,,high
3bc81763-c202-4d0f-b2f0-d3e68fb8e8f4,in-country-in-region-scholarships-programme-at-searca-nrm-scholarship-fo-57730542,In-Country/In Region Scholarships Programme at SEARCA NRM (Scholarship for PhD’s Studies),DAAD,daad,,"The scholarship includes a monthly scholarship, travel allowance (In-Region scholarships only), printing allowance, study and research allowance, tuition fees.",yes,yes,In-Country/In Region Scholarships Programme at SEARCA NRM (Scholarship for PhD’s Studies),In-Country/In Region Scholarships Programme at SEARCA NRM (Scholarship for PhD’s Studies) DAAD,In-Country/In Region Scholarships Programme at SEARCA NRM (Scholarship for PhD’s Studies) scholarship,In-Country/In Region Scholarships Programme at SEARCA NRM (Scholarship for PhD’s Studies) deadline,In-Country/In Region Scholarships Programme at SEARCA NRM (Scholarship for PhD’s Studies) DAAD scholarship,In-Country/In Region Scholarships Programme at SEARCA NRM (Scholarship for PhD’s Studies) ScholarshipStop,,,,high
392184fe-50b6-42d0-bcdb-7c29e46b45a8,co-funded-research-grants-short-term-grants-daad-57378178,Co-funded Research Grants – Short-Term Grants - DAAD,DAAD,daad,,"Co-funded by CAPES or one of the foundations listed above: According to the agreements between DAAD and the Brazilian partner institutions the domestic doctoral scholarships will be paid during the research stay in Germany without changing the duration and value of the funding. Co-funded by DAAD: - Monthly payment of € 735 - Payments towards health, accident and personal liability insurance cover - Travel allowance (currently € 2,075), unless the expenses ar covered by the home country or another source of funding",yes,yes,Co-funded Research Grants – Short-Term Grants - DAAD,Co-funded Research Grants – Short-Term Grants - DAAD DAAD,Co-funded Research Grants – Short-Term Grants - DAAD scholarship,Co-funded Research Grants – Short-Term Grants - DAAD 2025,Co-funded Research Grants – Short-Term Grants - DAAD DAAD scholarship,Co-funded Research Grants – Short-Term Grants - DAAD ScholarshipStop,,,,high
88943f3b-b6ef-49af-bc27-c2ac19edc2b4,daad-k-c-wong-postdoc-fellowships-50015446,DAAD-K.C.Wong Postdoc Fellowships,DAAD,daad,,"Monthly scholarship rate of 2.100 EUR Combined health-, accident and liability insurance A mandatory nursing care insurance amounting to approximately €50 (depending on age) will be deducted from the scholarship payment on a monthly basis for a subsidy period of 12 months or more.",yes,yes,DAAD-K.C.Wong Postdoc Fellowships,DAAD-K.C.Wong Postdoc Fellowships DAAD,DAAD-K.C.Wong Postdoc Fellowships scholarship,DAAD-K.C.Wong Postdoc Fellowships deadline,DAAD-K.C.Wong Postdoc Fellowships DAAD scholarship,DAAD-K.C.Wong Postdoc Fellowships ScholarshipStop,,,,low
da8b7392-c23c-47ed-8228-b9d22ca1c8e5,country-related-cooperation-programme-with-colombia-colfuturo-fundaci-n--57814472,Country-related cooperation programme with Colombia (COLFUTURO - Fundación para el Futuro de Colombia) Promotion,DAAD,daad,,"Co-funded by COLFUTURO and DAAD Intensive German course in Germany (up to 6 months for doctoral candidates incl. accommodation and cost of living during this period (DAAD)); alternatively, accompanying German course during course of studies Costs of outward and return travel (DAAD) Monthly scholarship payments up to the maximum amount determined by COLFUTURO (COLFUTURO/DAAD) Medical, nursing care, accident and personal liability insurance, if applicable also for accompanying dependants (DAAD) If applicable, cost of German language course for accompanying spouse (DAAD) Contribution towards the costs of printing thesis (DAAD) Refund of TestDaF or DSH exam One-year research and study allowance The contribution awarded by COLFUTURO is a scholarship credit which is paid back in full or in part. This is based upon the guidelines of the Colfuturo sponsorship programme ""Créditos-Beca para estudios de Posgrado en el Exterior"".",yes,yes,Country-related cooperation programme with Colombia (COLFUTURO - Fundación para el Futuro de Colombia) Promotion,Country-related cooperation programme with Colombia (COLFUTURO - Fundación para el Futuro de Colombia) Promotion DAAD,Country-related cooperation programme with Colombia (COLFUTURO - Fundación para el Futuro de Colombia) Promotion scholarship,Country-related cooperation programme with Colombia (COLFUTURO - Fundación para el Futuro de Colombia) Promotion deadline,Country-related cooperation programme with Colombia (COLFUTURO - Fundación para el Futuro de Colombia) Promotion DAAD scholarship,Country-related cooperation programme with Colombia (COLFUTURO - Fundación para el Futuro de Colombia) Promotion ScholarshipStop,,,,high
298f3949-d0f1-4027-80b5-4ace00bbefb2,visual-art-scholarship-program-for-usa-canada-students-3263,Visual Art Scholarship Program For USA-Canada Students,AIS Technolabs,iefa,,$1000,yes,no,Visual Art Scholarship Program For USA-Canada Students,Visual Art Scholarship Program For USA-Canada Students AIS Technolabs,Visual Art Scholarship Program For USA-Canada Students scholarship,Visual Art Scholarship Program For USA-Canada Students deadline,Visual Art Scholarship Program For USA-Canada Students AIS Technolabs scholarship,Visual Art Scholarship Program For USA-Canada Students ScholarshipStop,,,,high
7c053eaf-ebd9-4f22-87cb-9da919fadd8a,international-baccalaureate-scholarship-2545,International Baccalaureate Scholarship,Mississippi State University,iefa,,"$6,000 - $8,000",yes,no,International Baccalaureate Scholarship,International Baccalaureate Scholarship Mississippi State University,International Baccalaureate Scholarship scholarship,International Baccalaureate Scholarship deadline,International Baccalaureate Scholarship Mississippi State University scholarship,International Baccalaureate Scholarship ScholarshipStop,,,,low
7b723cca-f869-4799-8137-2fcc48e461ac,denmark-scholarship-opportunity-3545,Denmark Scholarship Opportunity,Moneezy,iefa,,5000 DKK,yes,no,Denmark Scholarship Opportunity,Denmark Scholarship Opportunity Moneezy,Denmark Scholarship Opportunity scholarship,Denmark Scholarship Opportunity deadline,Denmark Scholarship Opportunity Moneezy scholarship,Denmark Scholarship Opportunity ScholarshipStop,,,,low
0fd261a6-b66f-43e0-9b76-de36a8d82f23,dr-marion-elder-grant-fellowship-850,Dr. Marion Elder Grant Fellowship,Canadian Federation of University Women,iefa,,"$11,500 Canadian dollars",yes,no,Dr. Marion Elder Grant Fellowship,Dr. Marion Elder Grant Fellowship Canadian Federation of University Women,Dr. Marion Elder Grant Fellowship scholarship,Dr. Marion Elder Grant Fellowship deadline,Dr. Marion Elder Grant Fellowship Canadian Federation of University Women scholarship,Dr. Marion Elder Grant Fellowship ScholarshipStop,,,,high
2a05459f-8172-4ea1-9886-a6626b3e6b58,residential-fellowship-at-the-unversity-of-notre-dame-626,Residential Fellowship at the Unversity of Notre Dame,"University of Notre Dame, Helen Kellogg Institute of International Studies",iefa,,Variable,yes,no,Residential Fellowship at the Unversity of Notre Dame,"Residential Fellowship at the Unversity of Notre Dame University of Notre Dame, Helen Kellogg Institute of International Studies",Residential Fellowship at the Unversity of Notre Dame scholarship,Residential Fellowship at the Unversity of Notre Dame deadline,"Residential Fellowship at the Unversity of Notre Dame University of Notre Dame, Helen Kellogg Institute of International Studies scholarship",Residential Fellowship at the Unversity of Notre Dame ScholarshipStop,,,,high
ed2b22c0-08c6-4101-94c2-2a3ef2c49941,tammurra-hamilton-legacy-scholarship-7698,Tammurra Hamilton Legacy Scholarship,Tam’s Beautiful Butterflies,bold_org,2026-05-29,$500,yes,no,Tammurra Hamilton Legacy Scholarship,Tammurra Hamilton Legacy Scholarship Tam’s Beautiful Butterflies,Tammurra Hamilton Legacy Scholarship scholarship,Tammurra Hamilton Legacy Scholarship 2026,Tammurra Hamilton Legacy Scholarship Tam’s Beautiful Butterflies scholarship,Tammurra Hamilton Legacy Scholarship ScholarshipStop,,,,low
73f9e2ff-c426-49a4-b04a-14f3006f7898,eric-maurice-brandon-memorial-scholarship-8273,Eric Maurice Brandon Memorial Scholarship,The Brandons,bold_org,2026-07-13,$1000,yes,no,Eric Maurice Brandon Memorial Scholarship,Eric Maurice Brandon Memorial Scholarship The Brandons,Eric Maurice Brandon Memorial Scholarship scholarship,Eric Maurice Brandon Memorial Scholarship 2026,Eric Maurice Brandon Memorial Scholarship The Brandons scholarship,Eric Maurice Brandon Memorial Scholarship ScholarshipStop,,,,high
a494428e-889d-4aea-aaef-ba04c1d22d75,fuerza-union-for-the-831-footy-scholarship-8151,Fuerza Union For the 831 Footy Scholarship,Osbaldo Lucero,bold_org,2026-06-20,$1000,yes,no,Fuerza Union For the 831 Footy Scholarship,Fuerza Union For the 831 Footy Scholarship Osbaldo Lucero,Fuerza Union For the 831 Footy Scholarship scholarship,Fuerza Union For the 831 Footy Scholarship 2026,Fuerza Union For the 831 Footy Scholarship Osbaldo Lucero scholarship,Fuerza Union For the 831 Footy Scholarship ScholarshipStop,,,,high
120c6e20-4b0b-48ad-861a-fa48146e9434,julie-adams-memorial-scholarship-women-in-stem-8362,Julie Adams Memorial Scholarship – Women in STEM,Eric Adams,bold_org,2026-06-26,$2000,yes,no,Julie Adams Memorial Scholarship – Women in STEM,Julie Adams Memorial Scholarship – Women in STEM Eric Adams,Julie Adams Memorial Scholarship – Women in STEM scholarship,Julie Adams Memorial Scholarship – Women in STEM 2026,Julie Adams Memorial Scholarship – Women in STEM Eric Adams scholarship,Julie Adams Memorial Scholarship – Women in STEM ScholarshipStop,,,,high
7208ae31-db5a-4919-9c56-52feda9866bb,jackanow-suicide-awareness-scholarship-7803,Jackanow Suicide Awareness Scholarship,Max Jackanow,bold_org,2026-06-30,$3800,yes,no,Jackanow Suicide Awareness Scholarship,Jackanow Suicide Awareness Scholarship Max Jackanow,Jackanow Suicide Awareness Scholarship scholarship,Jackanow Suicide Awareness Scholarship 2026,Jackanow Suicide Awareness Scholarship Max Jackanow scholarship,Jackanow Suicide Awareness Scholarship ScholarshipStop,,,,low
4d284927-94f2-4122-b396-cfb6f887d864,andrew-karode-scholarship-for-nerds-willoughby-south-high-school-8275,Andrew Karode Scholarship for Nerds (Willoughby South High School),Karode Family,bold_org,2026-05-30,$10000,yes,no,Andrew Karode Scholarship for Nerds (Willoughby South High School),Andrew Karode Scholarship for Nerds (Willoughby South High School) Karode Family,Andrew Karode Scholarship for Nerds (Willoughby South High School) scholarship,Andrew Karode Scholarship for Nerds (Willoughby South High School) 2026,Andrew Karode Scholarship for Nerds (Willoughby South High School) Karode Family scholarship,Andrew Karode Scholarship for Nerds (Willoughby South High School) ScholarshipStop,,,,high
4cdf6498-0884-40a4-b379-f7677fd7781a,adrin-ohaekwe-memorial-scholarship-8392,Adrin Ohaekwe Memorial Scholarship,Family and Friends of Adrin Ohaekwe,bold_org,2026-06-30,$1000,yes,no,Adrin Ohaekwe Memorial Scholarship,Adrin Ohaekwe Memorial Scholarship Family and Friends of Adrin Ohaekwe,Adrin Ohaekwe Memorial Scholarship scholarship,Adrin Ohaekwe Memorial Scholarship 2026,Adrin Ohaekwe Memorial Scholarship Family and Friends of Adrin Ohaekwe scholarship,Adrin Ohaekwe Memorial Scholarship ScholarshipStop,,,,low
1a1a7d0c-6a36-40eb-b942-260d1e93f94e,route-tree-performance-higher-education-scholarship-8174,Route Tree Performance Higher Education Scholarship,Route Tree Performance LLC,bold_org,2026-06-14,$500,yes,no,Route Tree Performance Higher Education Scholarship,Route Tree Performance Higher Education Scholarship Route Tree Performance LLC,Route Tree Performance Higher Education Scholarship scholarship,Route Tree Performance Higher Education Scholarship 2026,Route Tree Performance Higher Education Scholarship Route Tree Performance LLC scholarship,Route Tree Performance Higher Education Scholarship ScholarshipStop,,,,high
e9c15bb8-b0de-4ea0-9622-9e8645ca9e3b,compass-scholarship-7456,Compass Scholarship,E N Hunter Family Foundation Inc.,bold_org,2026-05-13,$2050,yes,no,Compass Scholarship,Compass Scholarship E N Hunter Family Foundation Inc.,Compass Scholarship scholarship,Compass Scholarship 2026,Compass Scholarship E N Hunter Family Foundation Inc. scholarship,Compass Scholarship ScholarshipStop,,,,low
26951f99-5df0-44fd-a9c5-9669c20c5e5b,k-pop-fan-no-essay-scholarship-8327,K-POP Fan No-Essay Scholarship,Bold.org,bold_org,2026-04-30,$500,yes,no,K-POP Fan No-Essay Scholarship,K-POP Fan No-Essay Scholarship Bold.org,K-POP Fan No-Essay Scholarship scholarship,K-POP Fan No-Essay Scholarship 2026,K-POP Fan No-Essay Scholarship Bold.org scholarship,K-POP Fan No-Essay Scholarship ScholarshipStop,,,,low
789e5ac1-4abf-4804-b7f7-12418089f9c3,g-a-johnston-memorial-scholarship-8206,G.A. Johnston Memorial Scholarship,Johnston Family,bold_org,2026-06-14,$1000,yes,no,G.A. Johnston Memorial Scholarship,G.A. Johnston Memorial Scholarship Johnston Family,G.A. Johnston Memorial Scholarship scholarship,G.A. Johnston Memorial Scholarship 2026,G.A. Johnston Memorial Scholarship Johnston Family scholarship,G.A. Johnston Memorial Scholarship ScholarshipStop,,,,low
7cb65d0f-5f28-4248-896c-83fb9d771035,alexis-mackenzie-memorial-scholarship-for-the-arts-8156,Alexis Mackenzie Memorial Scholarship for the Arts,Martha R. Arias,bold_org,2026-05-21,$2750,yes,no,Alexis Mackenzie Memorial Scholarship for the Arts,Alexis Mackenzie Memorial Scholarship for the Arts Martha R. Arias,Alexis Mackenzie Memorial Scholarship for the Arts scholarship,Alexis Mackenzie Memorial Scholarship for the Arts 2026,Alexis Mackenzie Memorial Scholarship for the Arts Martha R. Arias scholarship,Alexis Mackenzie Memorial Scholarship for the Arts ScholarshipStop,,,,high
7b64329a-46a5-4b45-a094-6404c5d058ef,laura-thorne-memorial-scholarship-7446,Laura Thorne Memorial Scholarship,Shelley Roderick,bold_org,2026-05-05,$2000,yes,no,Laura Thorne Memorial Scholarship,Laura Thorne Memorial Scholarship Shelley Roderick,Laura Thorne Memorial Scholarship scholarship,Laura Thorne Memorial Scholarship 2026,Laura Thorne Memorial Scholarship Shelley Roderick scholarship,Laura Thorne Memorial Scholarship ScholarshipStop,,,,low
ab894293-f7de-4110-92a5-3087fe7aeccc,wis-pak-scholarship-program-wis-pak,WIS-PAK Scholarship Program,"Wis-Pak, Inc",scholarship_america,2026-04-27,"$1,000",yes,no,WIS-PAK Scholarship Program,"WIS-PAK Scholarship Program Wis-Pak, Inc",WIS-PAK Scholarship Program scholarship,WIS-PAK Scholarship Program 2026,"WIS-PAK Scholarship Program Wis-Pak, Inc scholarship",WIS-PAK Scholarship Program ScholarshipStop,,,,low
07c96b3a-98a3-4a24-bbe8-0a71686a738a,stanley-k-powers-educational-trust-scholarship-stanleypowers,Stanley K. Powers Educational Trust Scholarship,Stanley K. Powers Educational Trust,scholarship_america,2026-04-23,,yes,no,Stanley K. Powers Educational Trust Scholarship,Stanley K. Powers Educational Trust Scholarship Stanley K. Powers Educational Trust,Stanley K. Powers Educational Trust Scholarship scholarship,Stanley K. Powers Educational Trust Scholarship 2026,Stanley K. Powers Educational Trust Scholarship Stanley K. Powers Educational Trust scholarship,Stanley K. Powers Educational Trust Scholarship ScholarshipStop,,,,medium
cbb725e5-df21-4e91-aa07-8681a7e6697d,ellevation-education-scholarship-program-ellevationeducation,Ellevation Education Scholarship Program,Ellevation,scholarship_america,2026-05-12,"$2,000",yes,yes,Ellevation Education Scholarship Program,Ellevation Education Scholarship Program Ellevation,Ellevation Education Scholarship Program scholarship,Ellevation Education Scholarship Program 2026,Ellevation Education Scholarship Program Ellevation scholarship,Ellevation Education Scholarship Program ScholarshipStop,,,,low
3dda9b9f-20ea-41f8-8615-10e9ee24b371,earl-e-and-marie-m-smith-educational-memorial-fund-emsmithscholarship,Earl E. and Marie M. Smith Educational Memorial Fund,Earl E. and Marie M. Smith Educational Memorial Fund (the Trust),scholarship_america,2026-04-23,"$1,000 - $3,000",yes,no,Earl E. and Marie M. Smith Educational Memorial Fund,Earl E. and Marie M. Smith Educational Memorial Fund Earl E. and Marie M. Smith Educational Memorial Fund (the Trust),Earl E. and Marie M. Smith Educational Memorial Fund scholarship,Earl E. and Marie M. Smith Educational Memorial Fund 2026,Earl E. and Marie M. Smith Educational Memorial Fund Earl E. and Marie M. Smith Educational Memorial Fund (the Trust) scholarship,Earl E. and Marie M. Smith Educational Memorial Fund ScholarshipStop,,,,medium
178e0c8d-f059-45c0-9c0a-7433fec13803,holt-college-scholarship-holt,Holt College Scholarship USA 2026 Apply,,scholarship_america,2026-05-20,"$5,000",yes,no,Holt College Scholarship USA 2026 Apply,Holt College Scholarship USA 2026 Apply,Holt College Scholarship USA 2026 Apply scholarship,Holt College Scholarship USA 2026 Apply 2026,Holt College Scholarship USA 2026 Apply scholarship,Holt College Scholarship USA 2026 Apply ScholarshipStop,,,,medium
bc59a1ec-095f-4149-83b6-b152b8c6942e,lennar-bayview-hunters-point-legacy-foundation-scholarship-legacy-foundation,Lennar Bayview Hunters Point Legacy Foundation Scholarship,"Legacy Foundation for Bayview Hunters Point, in partnership with Lennar, FivePoint and the Office of Community Investment and Infrastructure (“OCII”),",scholarship_america,2026-04-30,"$1,000 - $6,000",yes,no,Lennar Bayview Hunters Point Legacy Foundation Scholarship,"Lennar Bayview Hunters Point Legacy Foundation Scholarship Legacy Foundation for Bayview Hunters Point, in partnership with Lennar, FivePoint and the Office of Community Investment and Infrastructure (“OCII”),",Lennar Bayview Hunters Point Legacy Foundation Scholarship scholarship,Lennar Bayview Hunters Point Legacy Foundation Scholarship 2026,"Lennar Bayview Hunters Point Legacy Foundation Scholarship Legacy Foundation for Bayview Hunters Point, in partnership with Lennar, FivePoint and the Office of Community Investment and Infrastructure (“OCII”), scholarship",Lennar Bayview Hunters Point Legacy Foundation Scholarship ScholarshipStop,,,,high
d2205e7f-0e48-4513-a8ef-827fec6abc32,first-sentier-foundation-scholarship-program-first-sentier-foundation,First Sentier Foundation Scholarship Program,First Sentier Foundation,scholarship_america,2026-05-20,"$2,500",yes,no,First Sentier Foundation Scholarship Program,First Sentier Foundation Scholarship Program First Sentier Foundation,First Sentier Foundation Scholarship Program scholarship,First Sentier Foundation Scholarship Program 2026,First Sentier Foundation Scholarship Program First Sentier Foundation scholarship,First Sentier Foundation Scholarship Program ScholarshipStop,,,,high
6de97ef1-7d70-4f76-bd54-bf913509e535,the-edwin-e-and-janet-l-bryant-foundation-inc-scholarship-program-bryantfoundation,"The Edwin E. and Janet L. Bryant Foundation, Inc. Scholarship Program","Edwin E. and Janet L. Bryant Foundation, Inc.",scholarship_america,2026-04-15,"$2,000 - $12,000",yes,no,"The Edwin E. and Janet L. Bryant Foundation, Inc. Scholarship Program","The Edwin E. and Janet L. Bryant Foundation, Inc. Scholarship Program Edwin E. and Janet L. Bryant Foundation, Inc.","The Edwin E. and Janet L. Bryant Foundation, Inc. Scholarship Program scholarship","The Edwin E. and Janet L. Bryant Foundation, Inc. Scholarship Program 2026","The Edwin E. and Janet L. Bryant Foundation, Inc. Scholarship Program Edwin E. and Janet L. Bryant Foundation, Inc. scholarship","The Edwin E. and Janet L. Bryant Foundation, Inc. Scholarship Program ScholarshipStop",,,,medium
c87d34a5-3ae8-4d36-afed-97281821e271,st-elizabeth-health-foundation-scholarship-program-saintelizabeth,St. Elizabeth Health Foundation Scholarship Program,St. Elizabeth Health Foundation,scholarship_america,2026-04-10,"$2,000 - $15,000",yes,yes,St. Elizabeth Health Foundation Scholarship Program,St. Elizabeth Health Foundation Scholarship Program St. Elizabeth Health Foundation,St. Elizabeth Health Foundation Scholarship Program scholarship,St. Elizabeth Health Foundation Scholarship Program 2026,St. Elizabeth Health Foundation Scholarship Program St. Elizabeth Health Foundation scholarship,St. Elizabeth Health Foundation Scholarship Program ScholarshipStop,,,,medium
12561fa6-7a2e-4193-8086-333725f8338d,edison-international-lineworker-scholarship-edisoninternationallineworkersch,Edison International Lineworker Scholarship,Edison International,scholarship_america,2026-05-08,,yes,yes,Edison International Lineworker Scholarship,Edison International Lineworker Scholarship Edison International,Edison International Lineworker Scholarship scholarship,Edison International Lineworker Scholarship 2026,Edison International Lineworker Scholarship Edison International scholarship,Edison International Lineworker Scholarship ScholarshipStop,,,,medium
d6271735-5e24-4ccb-85d4-822884ac06ff,dollar-sense-scholarship-edelmanfinancialengines,Dollar Sense Scholarship,,scholarship_america,2026-06-22,"$5,000",yes,no,Dollar Sense Scholarship,Dollar Sense Scholarship,Dollar Sense Scholarship scholarship,Dollar Sense Scholarship 2026,Dollar Sense Scholarship scholarship,Dollar Sense Scholarship ScholarshipStop,,,,low
6576df42-2dd7-42ad-8021-3db16f7fca64,pega-scholars-program-pegascholars,Pega Scholars Program,Pegasystems,scholarship_america,2026-07-09,"$2,000",yes,no,Pega Scholars Program,Pega Scholars Program Pegasystems,Pega Scholars Program scholarship,Pega Scholars Program 2026,Pega Scholars Program Pegasystems scholarship,Pega Scholars Program ScholarshipStop,,,,low
21caf394-6b1a-4354-83ff-c0644c09e1d4,janet-e-henry-scholarship-henry,Janet E. Henry Scholarship,,scholarship_america,2026-04-27,TBD,yes,no,Janet E. Henry Scholarship,Janet E. Henry Scholarship,Janet E. Henry Scholarship scholarship,Janet E. Henry Scholarship 2026,Janet E. Henry Scholarship scholarship,Janet E. Henry Scholarship ScholarshipStop,,,,low
e7a89076-f74c-4875-827b-56055c78221e,the-shore-teacher-education-scholarship-14303,The Shore Teacher Education Scholarship,The University of Sydney,mastersportal,2026-08-31,12000 AUD,yes,no,The Shore Teacher Education Scholarship,The Shore Teacher Education Scholarship The University of Sydney,The Shore Teacher Education Scholarship scholarship,The Shore Teacher Education Scholarship 2026,The Shore Teacher Education Scholarship The University of Sydney scholarship,The Shore Teacher Education Scholarship ScholarshipStop,,,,high
2bd976b9-3ef0-41f2-8aae-6f91f78aec9b,explore-america-travel-scholarship-scholarships-com-explore-america-travel-scholarsh,Explore America Travel Scholarship,,scholarships_com,2027-03-01,"$1,500",yes,no,Explore America Travel Scholarship,Explore America Travel Scholarship,Explore America Travel Scholarship scholarship,Explore America Travel Scholarship 2027,Explore America Travel Scholarship scholarship,Explore America Travel Scholarship ScholarshipStop,,,,low
2a0c86dd-a073-4d72-9530-50a7bf63cec9,uva-club-of-los-angeles-scholarship-uva-club-of-los-angeles-scholars,UVA Club of Los Angeles Scholarship,UVA Alumni Association,scholarships360,2026-06-15,"award worth $4,000",yes,no,UVA Club of Los Angeles Scholarship,UVA Club of Los Angeles Scholarship UVA Alumni Association,UVA Club of Los Angeles Scholarship scholarship,UVA Club of Los Angeles Scholarship 2026,UVA Club of Los Angeles Scholarship UVA Alumni Association scholarship,UVA Club of Los Angeles Scholarship ScholarshipStop,,,,high
03f6bf70-9ed4-4b15-9b33-c63e0de791fb,fulbright-commission-fulbright-programme-10000158,Fulbright Commission: Fulbright Programme,DAAD scholarship database,daad,,DAAD scholarship funding; value varies by programme,yes,yes,Fulbright Commission: Fulbright Programme,Fulbright Commission: Fulbright Programme DAAD scholarship database,Fulbright Commission: Fulbright Programme scholarship,Fulbright Commission: Fulbright Programme deadline,Fulbright Commission: Fulbright Programme DAAD scholarship database scholarship,Fulbright Commission: Fulbright Programme ScholarshipStop,,,,low
46490071-718a-4841-bfb6-0258421882d9,marie-sklodowska-curie-postdoctoral-fellowship-3722,Marie Sklodowska-Curie Postdoctoral Fellowship,European Commission,iefa,,Varies,yes,no,Marie Sklodowska-Curie Postdoctoral Fellowship,Marie Sklodowska-Curie Postdoctoral Fellowship European Commission,Marie Sklodowska-Curie Postdoctoral Fellowship scholarship,Marie Sklodowska-Curie Postdoctoral Fellowship 2024,Marie Sklodowska-Curie Postdoctoral Fellowship European Commission scholarship,Marie Sklodowska-Curie Postdoctoral Fellowship ScholarshipStop,,,,high
b5aa2d73-902f-4aee-abe8-70959b94fe0b,homeschool-students-service-scholarship-8101,Homeschool Students Service Scholarship,Michelle Moore,bold_org,2026-05-30,$500,yes,no,Homeschool Students Service Scholarship,Homeschool Students Service Scholarship Michelle Moore,Homeschool Students Service Scholarship scholarship,Homeschool Students Service Scholarship 2026,Homeschool Students Service Scholarship Michelle Moore scholarship,Homeschool Students Service Scholarship ScholarshipStop,,,,low
31c7a8a2-8228-4829-b596-9f26e5718ba0,military-commanders-scholarship-fund-militarycommanders,Military Commanders’ Scholarship Fund deadline 2026 USA,New York Chapter of the American Logistics Association (ALA),scholarship_america,2026-04-27,"$5,000",yes,yes,Military Commanders’ Scholarship Fund deadline 2026 USA,Military Commanders’ Scholarship Fund deadline 2026 USA New York Chapter of the American Logistics Association (ALA),Military Commanders’ Scholarship Fund deadline 2026 USA scholarship,Military Commanders’ Scholarship Fund deadline 2026 USA 2026,Military Commanders’ Scholarship Fund deadline 2026 USA New York Chapter of the American Logistics Association (ALA) scholarship,Military Commanders’ Scholarship Fund deadline 2026 USA ScholarshipStop,,,,medium
afe30ffa-b382-4515-b5c3-0435c39e2002,twhbea-undergraduate-scholarship-khgehnqqkmm3,TWHBEA Undergraduate Scholarship,Tennessee Walking Horse Breeders' and Exhibitors' Association,bigfuture,2026-06-15,Amount Varies,yes,yes,TWHBEA Undergraduate Scholarship,TWHBEA Undergraduate Scholarship Tennessee Walking Horse Breeders' and Exhibitors' Association,TWHBEA Undergraduate Scholarship scholarship,TWHBEA Undergraduate Scholarship 2026,TWHBEA Undergraduate Scholarship Tennessee Walking Horse Breeders' and Exhibitors' Association scholarship,TWHBEA Undergraduate Scholarship ScholarshipStop,,,,low
12b6ecb7-99fc-4db5-aa1b-153e7734b5e9,frank-sydenham-scholarships-11422,Frank Sydenham Scholarships,Massey University,mastersportal,2026-09-26,Various benefits,yes,no,Frank Sydenham Scholarships,Frank Sydenham Scholarships Massey University,Frank Sydenham Scholarships scholarship,Frank Sydenham Scholarships 2026,Frank Sydenham Scholarships Massey University scholarship,Frank Sydenham Scholarships ScholarshipStop,,,,low
