"source_name","status_in_customer_package","row_count","package_path","data_category","already_used_on_scholarshiptop","current_usage","could_use_for_scholarshiptop","best_page_targets","possible_fields_to_use","implementation_type","priority","risk","permission_status","recommended_action","notes"
"FREIDA JSON:API","CLOSED_LOCAL_PACKAGE_READY","11217","04_data_deliverable\02_local_normalized_sources\freida","residency_only","no","Not currently wired into ScholarshipTop static enrichment outputs.","future medical/school vertical only","future medical/residency vertical only","program/institution/specialty fields; not relevant to current scholarship pages","future_med_vertical","low","medium","permission_received_per_user_statement","medical vertical only","Relevant for future medical/pre-med/residency vertical, not current general scholarship UX."
"NRMP data.json","CLOSED_SUPABASE_EXPORTED_LOCALLY","28225","04_data_deliverable\01_legacy_supabase_exports\nrmp","residency_only","no","Not currently wired into ScholarshipTop static enrichment outputs.","future medical/school vertical only","future medical/residency vertical only","program/institution/specialty fields; not relevant to current scholarship pages","future_med_vertical","low","medium","permission_received_per_user_statement","medical vertical only","Relevant for future medical/pre-med/residency vertical, not current general scholarship UX."
"NRMP Main Match Program Results PDF","CLOSED_SUPABASE_EXPORTED_LOCALLY","28225","04_data_deliverable\01_legacy_supabase_exports\nrmp","residency_only","no","Not currently wired into ScholarshipTop static enrichment outputs.","future medical/school vertical only","future medical/residency vertical only","program/institution/specialty fields; not relevant to current scholarship pages","future_med_vertical","low","medium","permission_received_per_user_statement","medical vertical only","Relevant for future medical/pre-med/residency vertical, not current general scholarship UX."
"ResidencyAdvisor","CLOSED_SUPABASE_EXPORTED_LOCALLY","13843","04_data_deliverable\01_legacy_supabase_exports\residency_advisor","residency_only","no","Not currently wired into ScholarshipTop static enrichment outputs.","future medical/school vertical only","future medical/residency vertical only","program/institution/specialty fields; not relevant to current scholarship pages","future_med_vertical","low","medium","permission_received_per_user_statement","medical vertical only","Relevant for future medical/pre-med/residency vertical, not current general scholarship UX."
"residencyprogramslist.com","PARTIAL_LOCAL","82","package evidence/manifest or no normalized deliverable located","blocked_or_partial","no","Not currently wired into ScholarshipTop static enrichment outputs.","no","none for current ScholarshipTop","source-specific fields require downstream shaping before display","needs_original_source_recollect","low","medium","permission_received_per_user_statement","blocked/manual","Do not use until access/export/legal status is resolved."
"MedMap.io","CLOSED_SUPABASE_EXPORTED_LOCALLY","12635","04_data_deliverable\01_legacy_supabase_exports\medmap","residency_only","no","Not currently wired into ScholarshipTop static enrichment outputs.","future medical/school vertical only","future medical/residency vertical only","program/institution/specialty fields; not relevant to current scholarship pages","future_med_vertical","low","medium","permission_received_per_user_statement","medical vertical only","Relevant for future medical/pre-med/residency vertical, not current general scholarship UX."
"matcharesident.com","BLOCKED_NEEDS_ACCESS_OR_TERMS","n/a","no normalized deliverable in package","blocked_or_partial","no","Not currently wired into ScholarshipTop static enrichment outputs.","no","none for current ScholarshipTop","source-specific fields require downstream shaping before display","needs_original_source_recollect","low","high","blocked/manual; do not use until resolved","blocked/manual","Do not use until access/export/legal status is resolved."
"residencyprograms.io","CLOSED_LOCAL_PACKAGE_READY","5723","package evidence/manifest or no normalized deliverable located","residency_only","no","Not currently wired into ScholarshipTop static enrichment outputs.","future medical/school vertical only","future medical/residency vertical only","program/institution/specialty fields; not relevant to current scholarship pages","future_med_vertical","low","medium","permission_received_per_user_statement","medical vertical only","Relevant for future medical/pre-med/residency vertical, not current general scholarship UX."
"admit.org","CLOSED_LOCAL_PACKAGE_READY","5454","04_data_deliverable\03_newly_collected_sources\admit_residency_program_stats","residency_only","no","Not currently wired into ScholarshipTop static enrichment outputs.","future medical/school vertical only","future medical/residency vertical only","program/institution/specialty fields; not relevant to current scholarship pages","future_med_vertical","low","medium","permission_received_per_user_statement","medical vertical only","Relevant for future medical/pre-med/residency vertical, not current general scholarship UX."
"FREIDA program pages (supplemental)","CLOSED_LOCAL_PACKAGE_READY","11217","04_data_deliverable\02_local_normalized_sources\freida","residency_only","no","Not currently wired into ScholarshipTop static enrichment outputs.","future medical/school vertical only","future medical/residency vertical only","program/institution/specialty fields; not relevant to current scholarship pages","future_med_vertical","low","medium","permission_received_per_user_statement","medical vertical only","Relevant for future medical/pre-med/residency vertical, not current general scholarship UX."
"Individual program websites","NOT_STARTED","n/a","no normalized deliverable in package","blocked_or_partial","no","Not currently wired into ScholarshipTop static enrichment outputs.","no","none for current ScholarshipTop","source-specific fields require downstream shaping before display","needs_original_source_recollect","low","high","blocked/manual; do not use until resolved","blocked/manual","Do not use until access/export/legal status is resolved."
"ABIM","CLOSED_LOCAL_PACKAGE_READY","632","04_data_deliverable\03_newly_collected_sources\board_pass_abim_2023_2025","residency_only","no","Not currently wired into ScholarshipTop static enrichment outputs.","future medical/school vertical only","future medical/residency vertical only","program/institution/specialty fields; not relevant to current scholarship pages","future_med_vertical","low","medium","permission_received_per_user_statement","medical vertical only","Relevant for future medical/pre-med/residency vertical, not current general scholarship UX."
"ABFM","CLOSED_SUPABASE_EXPORTED_LOCALLY","4791","04_data_deliverable\01_legacy_supabase_exports\board_pass_abfm","residency_only","no","Not currently wired into ScholarshipTop static enrichment outputs.","future medical/school vertical only","future medical/residency vertical only","program/institution/specialty fields; not relevant to current scholarship pages","future_med_vertical","low","medium","permission_received_per_user_statement","medical vertical only","Relevant for future medical/pre-med/residency vertical, not current general scholarship UX."
"ABEM","CLOSED_SUPABASE_EXPORTED_LOCALLY","1108","04_data_deliverable\01_legacy_supabase_exports\board_pass_abem","residency_only","no","Not currently wired into ScholarshipTop static enrichment outputs.","future medical/school vertical only","future medical/residency vertical only","program/institution/specialty fields; not relevant to current scholarship pages","future_med_vertical","low","medium","permission_received_per_user_statement","medical vertical only","Relevant for future medical/pre-med/residency vertical, not current general scholarship UX."
"ABP","CLOSED_SUPABASE_EXPORTED_LOCALLY","202","04_data_deliverable\01_legacy_supabase_exports\board_pass_abp","residency_only","no","Not currently wired into ScholarshipTop static enrichment outputs.","future medical/school vertical only","future medical/residency vertical only","program/institution/specialty fields; not relevant to current scholarship pages","future_med_vertical","low","medium","permission_received_per_user_statement","medical vertical only","Relevant for future medical/pre-med/residency vertical, not current general scholarship UX."
"ABS","CLOSED_SUPABASE_EXPORTED_LOCALLY","630","04_data_deliverable\01_legacy_supabase_exports\board_pass_abs","residency_only","no","Not currently wired into ScholarshipTop static enrichment outputs.","future medical/school vertical only","future medical/residency vertical only","program/institution/specialty fields; not relevant to current scholarship pages","future_med_vertical","low","medium","permission_received_per_user_statement","medical vertical only","Relevant for future medical/pre-med/residency vertical, not current general scholarship UX."
"ABOG","CLOSED_LOCAL_PACKAGE_READY","198","04_data_deliverable\03_newly_collected_sources\board_pass_abog_qe_2023_2025","residency_only","no","Not currently wired into ScholarshipTop static enrichment outputs.","future medical/school vertical only","future medical/residency vertical only","program/institution/specialty fields; not relevant to current scholarship pages","future_med_vertical","low","medium","permission_received_per_user_statement","medical vertical only","Relevant for future medical/pre-med/residency vertical, not current general scholarship UX."
"ABOMS","CLOSED_LOCAL_PACKAGE_READY","96","04_data_deliverable\03_newly_collected_sources\board_pass_aboms_2019_2025","residency_only","no","Not currently wired into ScholarshipTop static enrichment outputs.","future medical/school vertical only","future medical/residency vertical only","program/institution/specialty fields; not relevant to current scholarship pages","future_med_vertical","low","medium","permission_received_per_user_statement","medical vertical only","Relevant for future medical/pre-med/residency vertical, not current general scholarship UX."
"ORIN","BLOCKED_NEEDS_ACCESS_OR_TERMS","4","no normalized deliverable in package","blocked_or_partial","no","Not currently wired into ScholarshipTop static enrichment outputs.","no","none for current ScholarshipTop","source-specific fields require downstream shaping before display","needs_original_source_recollect","low","high","blocked/manual; do not use until resolved","blocked/manual","Do not use until access/export/legal status is resolved."
"EMRA Match","BLOCKED_NEEDS_ACCESS_OR_TERMS","n/a","no normalized deliverable in package","blocked_or_partial","no","Not currently wired into ScholarshipTop static enrichment outputs.","no","none for current ScholarshipTop","source-specific fields require downstream shaping before display","needs_original_source_recollect","low","high","blocked/manual; do not use until resolved","blocked/manual","Do not use until access/export/legal status is resolved."
"SVS Program Profiles","CLOSED_LOCAL_PACKAGE_READY","130","04_data_deliverable\02_local_normalized_sources\svs","residency_only","no","Not currently wired into ScholarshipTop static enrichment outputs.","future medical/school vertical only","future medical/residency vertical only","program/institution/specialty fields; not relevant to current scholarship pages","future_med_vertical","low","medium","permission_received_per_user_statement","medical vertical only","Relevant for future medical/pre-med/residency vertical, not current general scholarship UX."
"ASN Training Directory","BLOCKED_NEEDS_ACCESS_OR_TERMS","n/a","no normalized deliverable in package","blocked_or_partial","no","Not currently wired into ScholarshipTop static enrichment outputs.","no","none for current ScholarshipTop","source-specific fields require downstream shaping before display","needs_original_source_recollect","low","high","blocked/manual; do not use until resolved","blocked/manual","Do not use until access/export/legal status is resolved."
"AAN Fellowship Directory","BLOCKED_NEEDS_ACCESS_OR_TERMS","n/a","no normalized deliverable in package","blocked_or_partial","no","Not currently wired into ScholarshipTop static enrichment outputs.","no","none for current ScholarshipTop","source-specific fields require downstream shaping before display","needs_original_source_recollect","low","high","blocked/manual; do not use until resolved","blocked/manual","Do not use until access/export/legal status is resolved."
"AAAAI Fellowship Directory","BLOCKED_NEEDS_ACCESS_OR_TERMS","n/a","no normalized deliverable in package","blocked_or_partial","no","Not currently wired into ScholarshipTop static enrichment outputs.","no","none for current ScholarshipTop","source-specific fields require downstream shaping before display","needs_original_source_recollect","low","high","blocked/manual; do not use until resolved","blocked/manual","Do not use until access/export/legal status is resolved."
"APDCRS","BLOCKED_NEEDS_ACCESS_OR_TERMS","n/a","no normalized deliverable in package","blocked_or_partial","no","Not currently wired into ScholarshipTop static enrichment outputs.","no","none for current ScholarshipTop","source-specific fields require downstream shaping before display","needs_original_source_recollect","low","high","blocked/manual; do not use until resolved","blocked/manual","Do not use until access/export/legal status is resolved."
"Probationary Accreditation list","PARTIAL_LOCAL","17408","04_data_deliverable\01_legacy_supabase_exports\acgme_ads_public_discovery","blocked_or_partial","no","Not currently wired into ScholarshipTop static enrichment outputs.","no","none for current ScholarshipTop","source-specific fields require downstream shaping before display","needs_original_source_recollect","low","medium","permission_received_per_user_statement","blocked/manual","Do not use until access/export/legal status is resolved."
"Withdrawn Programs list","PARTIAL_LOCAL","17408","04_data_deliverable\01_legacy_supabase_exports\acgme_ads_public_discovery","blocked_or_partial","no","Not currently wired into ScholarshipTop static enrichment outputs.","no","none for current ScholarshipTop","source-specific fields require downstream shaping before display","needs_original_source_recollect","low","medium","permission_received_per_user_statement","blocked/manual","Do not use until access/export/legal status is resolved."
"Newly Accredited Programs list","PARTIAL_LOCAL","17408","04_data_deliverable\01_legacy_supabase_exports\acgme_ads_public_discovery","blocked_or_partial","no","Not currently wired into ScholarshipTop static enrichment outputs.","no","none for current ScholarshipTop","source-specific fields require downstream shaping before display","needs_original_source_recollect","low","medium","permission_received_per_user_statement","blocked/manual","Do not use until access/export/legal status is resolved."
"RTP-Designated Programs","PARTIAL_LOCAL","17408","04_data_deliverable\01_legacy_supabase_exports\acgme_ads_public_discovery","blocked_or_partial","no","Not currently wired into ScholarshipTop static enrichment outputs.","no","none for current ScholarshipTop","source-specific fields require downstream shaping before display","needs_original_source_recollect","low","medium","permission_received_per_user_statement","blocked/manual","Do not use until access/export/legal status is resolved."
"Osteopathic Recognition Programs","PARTIAL_LOCAL","17408","04_data_deliverable\01_legacy_supabase_exports\acgme_ads_public_discovery","blocked_or_partial","no","Not currently wired into ScholarshipTop static enrichment outputs.","no","none for current ScholarshipTop","source-specific fields require downstream shaping before display","needs_original_source_recollect","low","medium","permission_received_per_user_statement","blocked/manual","Do not use until access/export/legal status is resolved."
"NRMP data.json","CLOSED_SUPABASE_EXPORTED_LOCALLY","28225","04_data_deliverable\01_legacy_supabase_exports\nrmp","residency_only","no","Not currently wired into ScholarshipTop static enrichment outputs.","future medical/school vertical only","future medical/residency vertical only","program/institution/specialty fields; not relevant to current scholarship pages","future_med_vertical","low","medium","permission_received_per_user_statement","medical vertical only","Relevant for future medical/pre-med/residency vertical, not current general scholarship UX."
"ACGME ADS — RTP report","PARTIAL_LOCAL","17408","04_data_deliverable\01_legacy_supabase_exports\acgme_ads_public_discovery","blocked_or_partial","no","Not currently wired into ScholarshipTop static enrichment outputs.","no","none for current ScholarshipTop","source-specific fields require downstream shaping before display","needs_original_source_recollect","low","medium","permission_received_per_user_statement","blocked/manual","Do not use until access/export/legal status is resolved."
"ACGME ADS — Osteopathic Recognition","PARTIAL_LOCAL","17408","04_data_deliverable\01_legacy_supabase_exports\acgme_ads_public_discovery","blocked_or_partial","no","Not currently wired into ScholarshipTop static enrichment outputs.","no","none for current ScholarshipTop","source-specific fields require downstream shaping before display","needs_original_source_recollect","low","medium","permission_received_per_user_statement","blocked/manual","Do not use until access/export/legal status is resolved."
"FREIDA field_special_tracks","CLOSED_LOCAL_PACKAGE_READY","11217","04_data_deliverable\02_local_normalized_sources\freida","residency_only","no","Not currently wired into ScholarshipTop static enrichment outputs.","future medical/school vertical only","future medical/residency vertical only","program/institution/specialty fields; not relevant to current scholarship pages","future_med_vertical","low","medium","permission_received_per_user_statement","medical vertical only","Relevant for future medical/pre-med/residency vertical, not current general scholarship UX."
"Program websites","NOT_STARTED","n/a","no normalized deliverable in package","blocked_or_partial","no","Not currently wired into ScholarshipTop static enrichment outputs.","no","none for current ScholarshipTop","source-specific fields require downstream shaping before display","needs_original_source_recollect","low","high","blocked/manual; do not use until resolved","blocked/manual","Do not use until access/export/legal status is resolved."
"ABIM Research Pathway","BLOCKED_NEEDS_ACCESS_OR_TERMS","n/a","no normalized deliverable in package","blocked_or_partial","no","Not currently wired into ScholarshipTop static enrichment outputs.","no","none for current ScholarshipTop","source-specific fields require downstream shaping before display","needs_original_source_recollect","low","high","blocked/manual; do not use until resolved","blocked/manual","Do not use until access/export/legal status is resolved."
"NPPES Bulk Download","CLOSED_LOCAL_PACKAGE_READY","1927780","package evidence/manifest or no normalized deliverable located","provider/organization","no","Not currently wired into ScholarshipTop static enrichment outputs.","yes","/providers/[id]; future provider clusters; future medical/provider compare","organization name, location, identifiers, ownership/type, quality/designation fields where appropriate","provider_enrichment","medium","medium","permission_received_per_user_statement","use later","long local-only run completed; organization-provider normalized JSONL included in newly collected package"
"CMS Hospital General Info","CLOSED_SUPABASE_EXPORTED_LOCALLY","5432","04_data_deliverable\01_legacy_supabase_exports\cms_hospital_general_information","provider/organization","no","Not currently wired into ScholarshipTop static enrichment outputs.","yes","/providers/[id]; future provider clusters; future medical/provider compare","organization name, location, identifiers, ownership/type, quality/designation fields where appropriate","provider_enrichment","medium","medium","permission_received_per_user_statement","use later","clean .jsonl.gz export included"
"CMS Teaching Hospital List","CLOSED_SUPABASE_EXPORTED_LOCALLY","1496","04_data_deliverable\01_legacy_supabase_exports\cms_teaching_hospital_list","provider/organization","no","Not currently wired into ScholarshipTop static enrichment outputs.","yes","/providers/[id]; future provider clusters; future medical/provider compare","organization name, location, identifiers, ownership/type, quality/designation fields where appropriate","provider_enrichment","medium","medium","permission_received_per_user_statement","use later","clean .jsonl.gz export included"
"CMS HCRIS","CLOSED_SUPABASE_EXPORTED_LOCALLY","66905","04_data_deliverable\01_legacy_supabase_exports\cms_hospital_cost_report_hcris","provider/organization","no","Not currently wired into ScholarshipTop static enrichment outputs.","yes","/providers/[id]; future provider clusters; future medical/provider compare","organization name, location, identifiers, ownership/type, quality/designation fields where appropriate","provider_enrichment","medium","medium","permission_received_per_user_statement","use later","clean .jsonl.gz export included"
"CMS Provider Data Catalog","CLOSED_LOCAL_PACKAGE_READY","753766","04_data_deliverable\01_legacy_supabase_exports\cms_hospital_hcahps","provider/organization","no","Not currently wired into ScholarshipTop static enrichment outputs.","yes","/providers/[id]; future provider clusters; future medical/provider compare","organization name, location, identifiers, ownership/type, quality/designation fields where appropriate","provider_enrichment","medium","medium","permission_received_per_user_statement","use later","clean local normalized artifact included or ready in package"
"NIH RePORTER API v2","CLOSED_LOCAL_PACKAGE_READY","2503896","04_data_deliverable\03_newly_collected_sources\nih_reporter","research/institution","no","Not currently wired into ScholarshipTop static enrichment outputs.","yes","/compare/universities/[slug]; /providers/[id]; future medical school pages; structured data identifiers","organization, project_count, funding totals by year, activity codes, institute/center, project titles aggregated only","compare_page_enrichment","medium","medium","permission_received_per_user_statement","use later","Huge file; aggregate by institution/year before adding to site."
"OpenAlex API","CLOSED_LOCAL_PACKAGE_READY","6754","04_data_deliverable\02_local_normalized_sources\openalex","research/institution","yes","Live as research_signal/openalex_id joins in school_enrichment.json; surfaced in university compare school cards where matched.","yes","/compare/universities/[slug]; /providers/[id]; future medical school pages; structured data identifiers","openalex_id, ror_id, works_count, cited_by_count, institution_type, homepage_url","already_live","high","medium","permission_received_per_user_statement","use now","Already represented in Stage A/B/C static outputs. clean local normalized artifact included or ready in package"
"ClinicalTrials.gov API v2","CLOSED_LOCAL_PACKAGE_READY","192172","04_data_deliverable\02_local_normalized_sources\clinicaltrials_gov","research/institution","no","Not currently wired into ScholarshipTop static enrichment outputs.","yes","/compare/universities/[slug]; /providers/[id]; future medical school pages; structured data identifiers","source-specific fields require downstream shaping before display","compare_page_enrichment","medium","low","permission_received_per_user_statement","use later","clean local normalized artifact included or ready in package"
"AAMC COTH List","BLOCKED_NEEDS_ACCESS_OR_TERMS","n/a","no normalized deliverable in package","blocked_or_partial","no","Not currently wired into ScholarshipTop static enrichment outputs.","no","none for current ScholarshipTop","source-specific fields require downstream shaping before display","needs_original_source_recollect","low","high","blocked/manual; do not use until resolved","blocked/manual","Do not use until access/export/legal status is resolved."
"NCI Cancer Centers","CLOSED_SUPABASE_EXPORTED_LOCALLY","74","04_data_deliverable\02_local_normalized_sources\nci_cancer_centers","research/institution","no","Not currently wired into ScholarshipTop static enrichment outputs.","yes","/compare/universities/[slug]; /providers/[id]; future medical school pages; structured data identifiers","source-specific fields require downstream shaping before display","compare_page_enrichment","medium","low","permission_received_per_user_statement","use now","clean .jsonl.gz export included"
"ANCC Magnet","CLOSED_LOCAL_PACKAGE_READY","663","04_data_deliverable\03_newly_collected_sources\ancc_magnet","provider/organization","no","Not currently wired into ScholarshipTop static enrichment outputs.","yes","/providers/[id]; future provider clusters; future medical/provider compare","organization name, location, identifiers, ownership/type, quality/designation fields where appropriate","provider_enrichment","medium","medium","permission_received_per_user_statement","use now","official ANCC XLSX export parsed and included in package; page displayed 665 facilities"
"ACS Trauma Centers","CLOSED_LOCAL_PACKAGE_READY","606","04_data_deliverable\02_local_normalized_sources\acs_trauma","provider/organization","no","Not currently wired into ScholarshipTop static enrichment outputs.","yes","/providers/[id]; future provider clusters; future medical/provider compare","organization name, location, identifiers, ownership/type, quality/designation fields where appropriate","provider_enrichment","medium","medium","permission_received_per_user_statement","use now","clean local normalized artifact included or ready in package"
"Joint Commission","PARTIAL_LOCAL","10000","04_data_deliverable\02_local_normalized_sources\joint_commission","blocked_or_partial","no","Not currently wired into ScholarshipTop static enrichment outputs.","yes","none for current ScholarshipTop","source-specific fields require downstream shaping before display","needs_original_source_recollect","medium","medium","permission_received_per_user_statement","use later","see report"
"Leapfrog Hospital Safety","CLOSED_LOCAL_PACKAGE_READY","2832","04_data_deliverable\02_local_normalized_sources\leapfrog","provider/organization","no","Not currently wired into ScholarshipTop static enrichment outputs.","yes","/providers/[id]; future provider clusters; future medical/provider compare","organization name, location, identifiers, ownership/type, quality/designation fields where appropriate","provider_enrichment","medium","medium","permission_received_per_user_statement","use now","clean local normalized artifact included or ready in package"
"ACS Commission on Cancer (CoC)","CLOSED_LOCAL_PACKAGE_READY","1323","04_data_deliverable\02_local_normalized_sources\acs_coc","provider/organization","no","Not currently wired into ScholarshipTop static enrichment outputs.","yes","/providers/[id]; future provider clusters; future medical/provider compare","organization name, location, identifiers, ownership/type, quality/designation fields where appropriate","provider_enrichment","medium","medium","permission_received_per_user_statement","use now","clean local normalized artifact included or ready in package"
"UNOS/OPTN","CLOSED_LOCAL_PACKAGE_READY","848","04_data_deliverable\02_local_normalized_sources\unos_optn","provider/organization","no","Not currently wired into ScholarshipTop static enrichment outputs.","yes","/providers/[id]; future provider clusters; future medical/provider compare","organization name, location, identifiers, ownership/type, quality/designation fields where appropriate","provider_enrichment","medium","medium","permission_received_per_user_statement","use now","clean local normalized artifact included or ready in package"
"STS Public Reporting","CLOSED_LOCAL_PACKAGE_READY","929","04_data_deliverable\02_local_normalized_sources\sts_public_reporting","provider/organization","no","Not currently wired into ScholarshipTop static enrichment outputs.","yes","/providers/[id]; future provider clusters; future medical/provider compare","organization name, location, identifiers, ownership/type, quality/designation fields where appropriate","provider_enrichment","medium","medium","permission_received_per_user_statement","use now","clean local normalized artifact included or ready in package"
"FDA MQSA","CLOSED_SUPABASE_EXPORTED_LOCALLY","9097","04_data_deliverable\01_legacy_supabase_exports\fda_mqsa","provider/organization","no","Not currently wired into ScholarshipTop static enrichment outputs.","yes","/providers/[id]; future provider clusters; future medical/provider compare","organization name, location, identifiers, ownership/type, quality/designation fields where appropriate","provider_enrichment","medium","medium","permission_received_per_user_statement","use now","clean .jsonl.gz export included"
"HRC Healthcare Equality Index","CLOSED_LOCAL_PACKAGE_READY","2324","04_data_deliverable\02_local_normalized_sources\hrc_hei","provider/organization","no","Not currently wired into ScholarshipTop static enrichment outputs.","yes","/providers/[id]; future provider clusters; future medical/provider compare","organization name, location, identifiers, ownership/type, quality/designation fields where appropriate","provider_enrichment","medium","medium","permission_received_per_user_statement","use now","clean local normalized artifact included or ready in package"
"ProPublica Nonprofit Explorer","CLOSED_LOCAL_PACKAGE_READY","1293","04_data_deliverable\02_local_normalized_sources\propublica_nonprofit","nonprofit/funding","no","Not currently wired into ScholarshipTop static enrichment outputs.","yes","/providers/[id]; provider credibility blocks; future funding/provider clusters","ein, organization_name, revenue, assets, ruling_year, ntee_code, filing links/counts","provider_enrichment","medium","medium","permission_received_per_user_statement","use later","Good provider credibility signal; avoid copying or quoting filings extensively."
"AHRQ Compendium of US Health Systems","CLOSED_LOCAL_PACKAGE_READY","7439","04_data_deliverable\02_local_normalized_sources\ahrq_compendium","provider/organization","no","Not currently wired into ScholarshipTop static enrichment outputs.","yes","/providers/[id]; future provider clusters; future medical/provider compare","organization name, location, identifiers, ownership/type, quality/designation fields where appropriate","provider_enrichment","medium","medium","permission_received_per_user_statement","use now","clean local normalized artifact included or ready in package"
"HRSA THCGME Awardees","CLOSED_LOCAL_PACKAGE_READY","278","04_data_deliverable\02_local_normalized_sources\hrsa_thcgme","nonprofit/funding","no","Not currently wired into ScholarshipTop static enrichment outputs.","yes","/providers/[id]; provider credibility blocks; future funding/provider clusters","source-specific fields require downstream shaping before display","provider_enrichment","medium","low","permission_received_per_user_statement","use now","clean local normalized artifact included or ready in package"
"NCATS CTSA","CLOSED_LOCAL_PACKAGE_READY","66","04_data_deliverable\02_local_normalized_sources\ncats_ctsa","research/institution","no","Not currently wired into ScholarshipTop static enrichment outputs.","yes","/compare/universities/[slug]; /providers/[id]; future medical school pages; structured data identifiers","source-specific fields require downstream shaping before display","compare_page_enrichment","medium","low","permission_received_per_user_statement","use now","clean local normalized artifact included or ready in package"
"SSH Simulation Accreditation","PARTIAL_LOCAL","n/a","package evidence/manifest or no normalized deliverable located","blocked_or_partial","no","Not currently wired into ScholarshipTop static enrichment outputs.","no","none for current ScholarshipTop","source-specific fields require downstream shaping before display","needs_original_source_recollect","low","medium","permission_received_per_user_statement","blocked/manual","Do not use until access/export/legal status is resolved."
"OIG LEIE","CLOSED_LOCAL_PACKAGE_READY","n/a","04_data_deliverable\03_newly_collected_sources\oig_leie","provider/organization","no","Not currently wired into ScholarshipTop static enrichment outputs.","yes","/providers/[id]; future provider clusters; future medical/provider compare","organization name, location, identifiers, ownership/type, quality/designation fields where appropriate","provider_enrichment","medium","medium","permission_received_per_user_statement","use now","clean local normalized artifact included or ready in package"
"VA Facility List","CLOSED_LOCAL_PACKAGE_READY","2137","04_data_deliverable/03_newly_collected_sources/va_facility_list","provider/organization","no","Not currently wired into ScholarshipTop static enrichment outputs.","yes","/providers/[id]; future provider clusters; future medical/provider compare","facility name, station id, city, state, services, lat/lng","provider_enrichment","medium","medium","permission_received_per_user_statement","use later","clean local normalized artifact included or ready in package"
"US News Best Hospitals","BLOCKED_NEEDS_ACCESS_OR_TERMS","n/a","no normalized deliverable in package","blocked_or_partial","no","Not currently wired into ScholarshipTop static enrichment outputs.","no","none for current ScholarshipTop","source-specific fields require downstream shaping before display","needs_original_source_recollect","low","high","blocked/manual; do not use until resolved","blocked/manual","Do not use until access/export/legal status is resolved."
"FSMB State Medical Board Data","PARTIAL_LOCAL","69","04_data_deliverable\03_newly_collected_sources\fsmb_state_medical_boards","blocked_or_partial","no","Not currently wired into ScholarshipTop static enrichment outputs.","yes","none for current ScholarshipTop","source-specific fields require downstream shaping before display","needs_original_source_recollect","medium","medium","permission_received_per_user_statement","use later","Official FSMB state medical board URL/contact layer collected; fees/CME/IMG policy fields still require per-board website pass."
"AAMC Physician Workforce Dashboard","BLOCKED_NEEDS_ACCESS_OR_TERMS","n/a","no normalized deliverable in package","blocked_or_partial","no","Not currently wired into ScholarshipTop static enrichment outputs.","no","none for current ScholarshipTop","source-specific fields require downstream shaping before display","needs_original_source_recollect","low","high","blocked/manual; do not use until resolved","blocked/manual","Do not use until access/export/legal status is resolved."
"AAMC Report on Residents (Tables C4–C6)","CLOSED_LOCAL_PACKAGE_READY","1575","04_data_deliverable\03_newly_collected_sources\aamc_report_residents_2025","salary/workforce","no","Not currently wired into ScholarshipTop static enrichment outputs.","yes","/compare/states/[slug]; resource pages; essay examples; future workforce/medical scholarship pages","source-specific fields require downstream shaping before display","static_json_extension","medium","low","permission_received_per_user_statement","use later","AAMC official Excel tables downloaded and normalized locally; 9 workbooks"
"BLS OES","CLOSED_SUPABASE_EXPORTED_LOCALLY","150176","04_data_deliverable\01_legacy_supabase_exports\bls_metro","salary/workforce","no","Not currently wired into ScholarshipTop static enrichment outputs.","yes","/compare/states/[slug]; resource pages; essay examples; future workforce/medical scholarship pages","employment, annual_median_wage, annual_mean_wage, occupation, area, release","static_json_extension","medium","low","permission_received_per_user_statement","use later","clean .jsonl.gz export included"
"HRSA HPSA designations","CLOSED_LOCAL_PACKAGE_READY","163973","04_data_deliverable/03_newly_collected_sources/hrsa_hpsa","health/social_context","no","Not currently wired into ScholarshipTop static enrichment outputs.","yes","/scholarships/[state]; future city pages; resources/essays; future medical pages","designation type, discipline, county/state, score, status, shortage area","static_json_extension","medium","medium","permission_received_per_user_statement","use later","clean local normalized artifact included or ready in package"
"AANP State Practice Environment","CLOSED_LOCAL_PACKAGE_READY","56","04_data_deliverable\03_newly_collected_sources\aanp_state_practice","salary/workforce","no","Not currently wired into ScholarshipTop static enrichment outputs.","yes","/compare/states/[slug]; resource pages; essay examples; future workforce/medical scholarship pages","source-specific fields require downstream shaping before display","static_json_extension","medium","low","permission_received_per_user_statement","use now","official AANP mapdata parsed and included in package"
"Conrad 30 J-1 Waiver","NOT_STARTED","n/a","no normalized deliverable in package","blocked_or_partial","no","Not currently wired into ScholarshipTop static enrichment outputs.","no","none for current ScholarshipTop","source-specific fields require downstream shaping before display","needs_original_source_recollect","low","high","blocked/manual; do not use until resolved","blocked/manual","Do not use until access/export/legal status is resolved."
"US Census ACS 5-year","CLOSED_LOCAL_PACKAGE_READY","35177","04_data_deliverable\02_local_normalized_sources\census_acs","state","yes","Live in state_affordability.json for median household income and population; used in state compare, scholarship state sidebars, resource/essay state context.","yes","/scholarships/[state]; /compare/states; /compare/states/[slug]; /resources/[slug]; /essays/[slug]","population, median_household_income, median_age, county/place/state identifiers","already_live","medium","low","permission_received_per_user_statement","use now","Already represented in Stage A/B/C static outputs. clean local normalized artifact included or ready in package"
"HUD Fair Market Rents API","CLOSED_LOCAL_PACKAGE_READY","2660","04_data_deliverable\02_local_normalized_sources\hud_fmr","cost_of_living","yes","Live in state_affordability.json and city_affordability.json for 1BR/2BR rent; used in state compare, scholarship sidebars, resource/essay context.","yes","/scholarships/[state]; /compare/states/[slug]; future city pages; resources/essays; charts","fmr_1br, fmr_2br, fmr_3br, fmr_4br, metro/state area, year","already_live","medium","low","permission_received_per_user_statement","use now","Already represented in Stage A/B/C static outputs. clean local normalized artifact included or ready in package"
"Zillow ZORI","CLOSED_SUPABASE_EXPORTED_LOCALLY","4432","04_data_deliverable\01_legacy_supabase_exports\zillow_zori","cost_of_living","no","Not currently wired into ScholarshipTop static enrichment outputs.","yes","/scholarships/[state]; /compare/states/[slug]; future city pages; resources/essays; charts","metro/city, state, monthly rent series, latest rent, rent trend","static_json_extension","medium","medium","permission_received_per_user_statement","use later","Useful for rent trend blocks; normalize latest monthly values first."
"FBI Crime Data Explorer","CLOSED_LOCAL_PACKAGE_READY","1794600","04_data_deliverable\02_local_normalized_sources\fbi_crime","crime/public_safety","yes","Live as neutral public_safety_context in state_affordability.json; used on state compare and scholarship university/state context when available.","yes","/compare/states/[slug]; /scholarships/[state]; future city pages; neutral context only","geo_level, year, offense/category, count, rate_per_100k; neutral context only","already_live","medium","medium","permission_received_per_user_statement","use now","Already represented in Stage A/B/C static outputs. clean local normalized artifact included or ready in package"
"NOAA Climate Normals","CLOSED_SUPABASE_EXPORTED_LOCALLY","8421","04_data_deliverable\01_legacy_supabase_exports\noaa_climate","city/location","no","Not currently wired into ScholarshipTop static enrichment outputs.","yes","future city pages; /scholarships/[state]/[university]; resource examples; internal location joins","source-specific fields require downstream shaping before display","static_json_extension","medium","low","permission_received_per_user_statement","use now","clean .jsonl.gz export included"
"EPA AQI","CLOSED_SUPABASE_EXPORTED_LOCALLY","978","04_data_deliverable\01_legacy_supabase_exports\epa_aqi","city/location","no","Not currently wired into ScholarshipTop static enrichment outputs.","yes","future city pages; /scholarships/[state]/[university]; resource examples; internal location joins","source-specific fields require downstream shaping before display","static_json_extension","medium","low","permission_received_per_user_statement","use now","clean .jsonl.gz export included"
"MIT Living Wage Calculator","CLOSED_LOCAL_PACKAGE_READY","42984","04_data_deliverable\02_local_normalized_sources\mit_living_wage","cost_of_living","yes","Live in state_affordability.json for single-adult living wage; used in state compare and scholarship state sidebars.","yes","/scholarships/[state]; /compare/states/[slug]; future city pages; resources/essays; charts","living_wage_hourly, family_type, county/state, release date","already_live","medium","low","permission_received_per_user_statement","use now","Already represented in Stage A/B/C static outputs. clean local normalized artifact included or ready in package"
"BLS OES metro","CLOSED_SUPABASE_EXPORTED_LOCALLY","150176","04_data_deliverable\01_legacy_supabase_exports\bls_metro","salary/workforce","no","Not currently wired into ScholarshipTop static enrichment outputs.","yes","/compare/states/[slug]; resource pages; essay examples; future workforce/medical scholarship pages","employment, annual_median_wage, annual_mean_wage, occupation, area, release","static_json_extension","medium","low","permission_received_per_user_statement","use later","clean .jsonl.gz export included"
"Walk Score API","BLOCKED_NEEDS_ACCESS_OR_TERMS","0","no normalized deliverable in package","blocked_or_partial","no","Not currently wired into ScholarshipTop static enrichment outputs.","no","none for current ScholarshipTop","source-specific fields require downstream shaping before display","needs_original_source_recollect","low","high","blocked/manual; do not use until resolved","blocked/manual","Do not use until access/export/legal status is resolved."
"County Health Rankings (RWJ)","CLOSED_SUPABASE_EXPORTED_LOCALLY","3143","04_data_deliverable\01_legacy_supabase_exports\county_health_rankings","health/social_context","yes","Live only as lightweight health_context availability/count in state_affordability.json; not surfaced as rich health metrics.","yes","/scholarships/[state]; future city pages; resources/essays; future medical pages","county_fips, state, county, measure values if normalized, source year","already_live","medium","medium","permission_received_per_user_statement","use now","Already represented in Stage A/B/C static outputs. clean .jsonl.gz export included"
"CDC/ATSDR Social Vulnerability Index","CLOSED_SUPABASE_EXPORTED_LOCALLY","3144","04_data_deliverable\01_legacy_supabase_exports\cdc_svi","health/social_context","no","Not currently wired into ScholarshipTop static enrichment outputs.","yes","/scholarships/[state]; future city pages; resources/essays; future medical pages","county_fips, state, county, overall_svi_percentile, theme percentiles, population","static_json_extension","medium","medium","permission_received_per_user_statement","use later","Present in package but Stage A output has social_vulnerability_context null; use county/state aggregate only with neutral wording."
"Neighborhood Atlas ADI","CLOSED_LOCAL_PACKAGE_READY","524297","04_data_deliverable\02_local_normalized_sources\adi","health/social_context","no","Not currently wired into ScholarshipTop static enrichment outputs.","yes","/scholarships/[state]; future city pages; resources/essays; future medical pages","block_group, tract, county/state FIPS, adi_national_rank, adi_state_rank","static_json_extension","medium","medium","permission_received_per_user_statement","use later","Block-group granularity is powerful but must be aggregated before public display."
"USDA RUCA Codes","CLOSED_SUPABASE_EXPORTED_LOCALLY","85528","04_data_deliverable\01_legacy_supabase_exports\ruca","city/location","no","Not currently wired into ScholarshipTop static enrichment outputs.","yes","future city pages; /scholarships/[state]/[university]; resource examples; internal location joins","source-specific fields require downstream shaping before display","static_json_extension","medium","low","permission_received_per_user_statement","use now","clean .jsonl.gz export included"
"HRSA AHRF","CLOSED_LOCAL_PACKAGE_READY","3235","04_data_deliverable\02_local_normalized_sources\hrsa_ahrf","health/social_context","no","Not currently wired into ScholarshipTop static enrichment outputs.","yes","/scholarships/[state]; future city pages; resources/essays; future medical pages","source-specific fields require downstream shaping before display","static_json_extension","medium","low","permission_received_per_user_statement","use later","clean local normalized artifact included or ready in package"
"GeoNames","CLOSED_LOCAL_PACKAGE_READY","104712","04_data_deliverable\02_local_normalized_sources\geonames","city/location","yes","Live in location_crosswalk.json as city aliases, IDs, lat/lng, population; used for joins, not visible as a standalone card.","yes","future city pages; /scholarships/[state]/[university]; resource examples; internal location joins","city, state, county, county_fips, lat, lng, population, aliases, timezone","already_live","medium","low","permission_received_per_user_statement","use now","Already represented in Stage A/B/C static outputs. clean local normalized artifact included or ready in package"
"AAMC MSAR API","BLOCKED_NEEDS_ACCESS_OR_TERMS","n/a","no normalized deliverable in package","blocked_or_partial","no","Not currently wired into ScholarshipTop static enrichment outputs.","no","none for current ScholarshipTop","source-specific fields require downstream shaping before display","needs_original_source_recollect","low","high","blocked/manual; do not use until resolved","blocked/manual","Do not use until access/export/legal status is resolved."
"AACOM","CLOSED_LOCAL_PACKAGE_READY","74","04_data_deliverable\03_newly_collected_sources\aacom_osteopathic_medical_schools","medical_school","no","Not currently wired into ScholarshipTop static enrichment outputs.","future medical/school vertical only","future medical school pages; pre-med resources; medical school scholarship pages; provider clusters","school_name, city, state, accreditation/status, degree type, website, admissions stats where available","future_med_vertical","low","medium","permission_received_per_user_statement","medical vertical only","Relevant for future medical/pre-med/residency vertical, not current general scholarship UX."
"LCME Directory","CLOSED_LOCAL_PACKAGE_READY","163","04_data_deliverable\03_newly_collected_sources\lcme","medical_school","no","Not currently wired into ScholarshipTop static enrichment outputs.","future medical/school vertical only","future medical school pages; pre-med resources; medical school scholarship pages; provider clusters","school_name, city, state, accreditation/status, degree type, website, admissions stats where available","future_med_vertical","low","medium","permission_received_per_user_statement","medical vertical only","Relevant for future medical/pre-med/residency vertical, not current general scholarship UX."
"COCA/AOA","CLOSED_LOCAL_PACKAGE_READY","73","04_data_deliverable\02_local_normalized_sources\coca","medical_school","no","Not currently wired into ScholarshipTop static enrichment outputs.","future medical/school vertical only","future medical school pages; pre-med resources; medical school scholarship pages; provider clusters","school_name, city, state, accreditation/status, degree type, website, admissions stats where available","future_med_vertical","low","medium","permission_received_per_user_statement","medical vertical only","Relevant for future medical/pre-med/residency vertical, not current general scholarship UX."
"ECFMG/WDOMS/FAIMER","CLOSED_LOCAL_PACKAGE_READY","222","04_data_deliverable\03_newly_collected_sources\wdoms_us_medical_schools","medical_school","no","Not currently wired into ScholarshipTop static enrichment outputs.","future medical/school vertical only","future medical school pages; pre-med resources; medical school scholarship pages; provider clusters","school_name, city, state, accreditation/status, degree type, website, admissions stats where available","future_med_vertical","low","medium","permission_received_per_user_statement","medical vertical only","Relevant for future medical/pre-med/residency vertical, not current general scholarship UX."
"College Scorecard API","CLOSED_LOCAL_PACKAGE_READY","6322","04_data_deliverable\03_newly_collected_sources\college_scorecard","school/university","yes","Live in school_enrichment.json, city_affordability.json, and location_crosswalk.json; used on compare universities, provider pages, scholarship university pages, resource/essay school context, and EducationalOrganization JSON-LD.","yes","/compare/universities; /compare/universities/[slug]; /providers/[id]; /scholarships/[state]/[university]; /resources/[slug]; /essays/[slug]; structured data","school_name, unit_id, city, state, tuition_in_state, tuition_out_of_state, admission_rate, completion_rate, median_earnings, avg_net_price, student_size, website","already_live","high","low","permission_received_per_user_statement","use now","Already represented in Stage A/B/C static outputs. official College Scorecard bulk CSV parsed and included in package; all schools snapshot, not limited to medical schools"
"NIH RePORTER","CLOSED_LOCAL_PACKAGE_READY","2503896","04_data_deliverable\03_newly_collected_sources\nih_reporter","research/institution","no","Not currently wired into ScholarshipTop static enrichment outputs.","yes","/compare/universities/[slug]; /providers/[id]; future medical school pages; structured data identifiers","organization, project_count, funding totals by year, activity codes, institute/center, project titles aggregated only","compare_page_enrichment","medium","medium","permission_received_per_user_statement","use later","Huge file; aggregate by institution/year before adding to site."
"med.admit.org","CLOSED_LOCAL_PACKAGE_READY","709","04_data_deliverable\03_newly_collected_sources\admit_med_school_stats","medical_school","no","Not currently wired into ScholarshipTop static enrichment outputs.","future medical/school vertical only","future medical school pages; pre-med resources; medical school scholarship pages; provider clusters","school_name, city, state, accreditation/status, degree type, website, admissions stats where available","future_med_vertical","low","medium","permission_received_per_user_statement","medical vertical only","Relevant for future medical/pre-med/residency vertical, not current general scholarship UX."
"AAMC FACTS Tables","CLOSED_LOCAL_PACKAGE_READY","392","04_data_deliverable\03_newly_collected_sources\aamc_facts_2025","research/institution","no","Not currently wired into ScholarshipTop static enrichment outputs.","yes","/compare/universities/[slug]; /providers/[id]; future medical school pages; structured data identifiers","source-specific fields require downstream shaping before display","compare_page_enrichment","medium","low","permission_received_per_user_statement","use later","AAMC official Excel tables downloaded and normalized locally; 3 workbooks"
"FREIDA survey","CLOSED_LOCAL_PACKAGE_READY","22364","04_data_deliverable\03_newly_collected_sources\freida_people","residency_only","no","Not currently wired into ScholarshipTop static enrichment outputs.","future medical/school vertical only","future medical/residency vertical only","program/institution/specialty fields; not relevant to current scholarship pages","future_med_vertical","low","medium","permission_received_per_user_statement","medical vertical only","Relevant for future medical/pre-med/residency vertical, not current general scholarship UX."
"FSMB DocInfo","BLOCKED_NEEDS_ACCESS_OR_TERMS","n/a","no normalized deliverable in package","blocked_or_partial","no","Not currently wired into ScholarshipTop static enrichment outputs.","no","none for current ScholarshipTop","source-specific fields require downstream shaping before display","needs_original_source_recollect","low","high","blocked/manual; do not use until resolved","blocked/manual","Do not use until access/export/legal status is resolved."
"ABMS Certification Matters","BLOCKED_NEEDS_ACCESS_OR_TERMS","n/a","no normalized deliverable in package","blocked_or_partial","no","Not currently wired into ScholarshipTop static enrichment outputs.","no","none for current ScholarshipTop","source-specific fields require downstream shaping before display","needs_original_source_recollect","low","high","blocked/manual; do not use until resolved","blocked/manual","Do not use until access/export/legal status is resolved."
"CMS Open Payments","CLOSED_LOCAL_PACKAGE_READY","158208","04_data_deliverable\03_newly_collected_sources\cms_open_payments_teaching_hospitals","hospital_only","no","Not currently wired into ScholarshipTop static enrichment outputs.","future medical/school vertical only","future medical/provider vertical only","hospital/facility/physician-service fields; future medical/provider vertical only","future_med_vertical","low","medium","permission_received_per_user_statement","medical vertical only","Relevant for future medical/pre-med/residency vertical, not current general scholarship UX."
"OIG LEIE","CLOSED_LOCAL_PACKAGE_READY","n/a","04_data_deliverable\03_newly_collected_sources\oig_leie","provider/organization","no","Not currently wired into ScholarshipTop static enrichment outputs.","yes","/providers/[id]; future provider clusters; future medical/provider compare","organization name, location, identifiers, ownership/type, quality/designation fields where appropriate","provider_enrichment","medium","medium","permission_received_per_user_statement","use now","clean local normalized artifact included or ready in package"
"PubMed/NCBI Entrez","NOT_STARTED","n/a","no normalized deliverable in package","blocked_or_partial","no","Not currently wired into ScholarshipTop static enrichment outputs.","no","none for current ScholarshipTop","source-specific fields require downstream shaping before display","needs_original_source_recollect","low","high","blocked/manual; do not use until resolved","blocked/manual","Do not use until access/export/legal status is resolved."
"NRMP Charting Outcomes","DOWNSTREAM_NOT_PARSER","n/a","no normalized deliverable; downstream/computed only","not_useful","no","Not currently wired into ScholarshipTop static enrichment outputs.","no","none for current ScholarshipTop","source-specific fields require downstream shaping before display","ignore","low","low","n/a downstream/computed","downstream only","Computed concept, not a parser source; derive later from approved display datasets."
"NRMP SMS (Fellowship Match)","DOWNSTREAM_NOT_PARSER","n/a","no normalized deliverable; downstream/computed only","not_useful","no","Not currently wired into ScholarshipTop static enrichment outputs.","no","none for current ScholarshipTop","source-specific fields require downstream shaping before display","ignore","low","low","n/a downstream/computed","downstream only","Computed concept, not a parser source; derive later from approved display datasets."
"ACGME Data Resource Book","DOWNSTREAM_NOT_PARSER","n/a","no normalized deliverable; downstream/computed only","not_useful","no","Not currently wired into ScholarshipTop static enrichment outputs.","no","none for current ScholarshipTop","source-specific fields require downstream shaping before display","ignore","low","low","n/a downstream/computed","downstream only","Computed concept, not a parser source; derive later from approved display datasets."
"AAMC Report on Residents (Tables B1–B7, C4–C6)","CLOSED_LOCAL_PACKAGE_READY","1575","04_data_deliverable\03_newly_collected_sources\aamc_report_residents_2025","salary/workforce","no","Not currently wired into ScholarshipTop static enrichment outputs.","yes","/compare/states/[slug]; resource pages; essay examples; future workforce/medical scholarship pages","source-specific fields require downstream shaping before display","static_json_extension","medium","low","permission_received_per_user_statement","use later","AAMC official Excel tables downloaded and normalized locally; 9 workbooks"
"Doximity Physician Compensation Report","DOWNSTREAM_NOT_PARSER","n/a","no normalized deliverable; downstream/computed only","not_useful","no","Not currently wired into ScholarshipTop static enrichment outputs.","no","none for current ScholarshipTop","source-specific fields require downstream shaping before display","ignore","low","low","n/a downstream/computed","downstream only","Computed concept, not a parser source; derive later from approved display datasets."
"AMA Burnout Survey","DOWNSTREAM_NOT_PARSER","n/a","no normalized deliverable; downstream/computed only","not_useful","no","Not currently wired into ScholarshipTop static enrichment outputs.","no","none for current ScholarshipTop","source-specific fields require downstream shaping before display","ignore","low","low","n/a downstream/computed","downstream only","Computed concept, not a parser source; derive later from approved display datasets."
"NPDB Public Use Data File","DOWNSTREAM_NOT_PARSER","n/a","no normalized deliverable; downstream/computed only","not_useful","no","Not currently wired into ScholarshipTop static enrichment outputs.","no","none for current ScholarshipTop","source-specific fields require downstream shaping before display","ignore","low","low","n/a downstream/computed","downstream only","Computed concept, not a parser source; derive later from approved display datasets."
"CMSS/OPDA PD Guides","DOWNSTREAM_NOT_PARSER","n/a","no normalized deliverable; downstream/computed only","not_useful","no","Not currently wired into ScholarshipTop static enrichment outputs.","no","none for current ScholarshipTop","source-specific fields require downstream shaping before display","ignore","low","low","n/a downstream/computed","downstream only","Computed concept, not a parser source; derive later from approved display datasets."
"HRSA Workforce Projections","DOWNSTREAM_NOT_PARSER","n/a","no normalized deliverable; downstream/computed only","not_useful","no","Not currently wired into ScholarshipTop static enrichment outputs.","no","none for current ScholarshipTop","source-specific fields require downstream shaping before display","ignore","low","low","n/a downstream/computed","downstream only","Computed concept, not a parser source; derive later from approved display datasets."
"AAMC Residency Explorer","BLOCKED_NEEDS_ACCESS_OR_TERMS","n/a","no normalized deliverable in package","blocked_or_partial","no","Not currently wired into ScholarshipTop static enrichment outputs.","no","none for current ScholarshipTop","source-specific fields require downstream shaping before display","needs_original_source_recollect","low","high","blocked/manual; do not use until resolved","blocked/manual","Do not use until access/export/legal status is resolved."
"ACGME Resident/Fellow Survey (per-program)","BLOCKED_NEEDS_ACCESS_OR_TERMS","n/a","no normalized deliverable in package","blocked_or_partial","no","Not currently wired into ScholarshipTop static enrichment outputs.","no","none for current ScholarshipTop","source-specific fields require downstream shaping before display","needs_original_source_recollect","low","high","blocked/manual; do not use until resolved","blocked/manual","Do not use until access/export/legal status is resolved."
"Doximity Reviews","BLOCKED_NEEDS_ACCESS_OR_TERMS","n/a","no normalized deliverable in package","blocked_or_partial","no","Not currently wired into ScholarshipTop static enrichment outputs.","no","none for current ScholarshipTop","source-specific fields require downstream shaping before display","needs_original_source_recollect","low","high","blocked/manual; do not use until resolved","blocked/manual","Do not use until access/export/legal status is resolved."
"ACGME Cloud Analytics","DOWNSTREAM_NOT_PARSER","n/a","no normalized deliverable; downstream/computed only","not_useful","no","Not currently wired into ScholarshipTop static enrichment outputs.","no","none for current ScholarshipTop","source-specific fields require downstream shaping before display","ignore","low","low","n/a downstream/computed","downstream only","Computed concept, not a parser source; derive later from approved display datasets."
"MGMA Compensation","BLOCKED_NEEDS_ACCESS_OR_TERMS","n/a","no normalized deliverable in package","blocked_or_partial","no","Not currently wired into ScholarshipTop static enrichment outputs.","no","none for current ScholarshipTop","source-specific fields require downstream shaping before display","needs_original_source_recollect","low","high","blocked/manual; do not use until resolved","blocked/manual","Do not use until access/export/legal status is resolved."
"AAN Fellowship Directory","BLOCKED_NEEDS_ACCESS_OR_TERMS","n/a","no normalized deliverable in package","blocked_or_partial","no","Not currently wired into ScholarshipTop static enrichment outputs.","no","none for current ScholarshipTop","source-specific fields require downstream shaping before display","needs_original_source_recollect","low","high","blocked/manual; do not use until resolved","blocked/manual","Do not use until access/export/legal status is resolved."
"AAAAI Fellowship Directory","BLOCKED_NEEDS_ACCESS_OR_TERMS","n/a","no normalized deliverable in package","blocked_or_partial","no","Not currently wired into ScholarshipTop static enrichment outputs.","no","none for current ScholarshipTop","source-specific fields require downstream shaping before display","needs_original_source_recollect","low","high","blocked/manual; do not use until resolved","blocked/manual","Do not use until access/export/legal status is resolved."
"Thalamus","BLOCKED_NEEDS_ACCESS_OR_TERMS","n/a","no normalized deliverable in package","blocked_or_partial","no","Not currently wired into ScholarshipTop static enrichment outputs.","no","none for current ScholarshipTop","source-specific fields require downstream shaping before display","needs_original_source_recollect","low","high","blocked/manual; do not use until resolved","blocked/manual","Do not use until access/export/legal status is resolved."
"ACS NSQIP per-hospital","DOWNSTREAM_NOT_PARSER","n/a","no normalized deliverable; downstream/computed only","not_useful","no","Not currently wired into ScholarshipTop static enrichment outputs.","no","none for current ScholarshipTop","source-specific fields require downstream shaping before display","ignore","low","low","n/a downstream/computed","downstream only","Computed concept, not a parser source; derive later from approved display datasets."
"AAMC Residency Explorer download","BLOCKED_NEEDS_ACCESS_OR_TERMS","n/a","no normalized deliverable in package","blocked_or_partial","no","Not currently wired into ScholarshipTop static enrichment outputs.","no","none for current ScholarshipTop","source-specific fields require downstream shaping before display","needs_original_source_recollect","low","high","blocked/manual; do not use until resolved","blocked/manual","Do not use until access/export/legal status is resolved."
"CMS Hospital Price Transparency MRFs","DOWNSTREAM_NOT_PARSER","n/a","no normalized deliverable; downstream/computed only","not_useful","no","Not currently wired into ScholarshipTop static enrichment outputs.","no","none for current ScholarshipTop","source-specific fields require downstream shaping before display","ignore","low","medium","n/a downstream/computed","downstream only","Computed concept, not a parser source; derive later from approved display datasets."
"NRMP Charting Outcomes","DOWNSTREAM_NOT_PARSER","n/a","no normalized deliverable; downstream/computed only","not_useful","no","Not currently wired into ScholarshipTop static enrichment outputs.","no","none for current ScholarshipTop","source-specific fields require downstream shaping before display","ignore","low","low","n/a downstream/computed","downstream only","Computed concept, not a parser source; derive later from approved display datasets."
"AAMC GQ","DOWNSTREAM_NOT_PARSER","n/a","no normalized deliverable; downstream/computed only","not_useful","no","Not currently wired into ScholarshipTop static enrichment outputs.","no","none for current ScholarshipTop","source-specific fields require downstream shaping before display","ignore","low","low","n/a downstream/computed","downstream only","Computed concept, not a parser source; derive later from approved display datasets."
"ACGME Data Resource Book","DOWNSTREAM_NOT_PARSER","n/a","no normalized deliverable; downstream/computed only","not_useful","no","Not currently wired into ScholarshipTop static enrichment outputs.","no","none for current ScholarshipTop","source-specific fields require downstream shaping before display","ignore","low","low","n/a downstream/computed","downstream only","Computed concept, not a parser source; derive later from approved display datasets."
"AAMC Report on Residents","CLOSED_LOCAL_PACKAGE_READY","1575","04_data_deliverable\03_newly_collected_sources\aamc_report_residents_2025","salary/workforce","no","Not currently wired into ScholarshipTop static enrichment outputs.","yes","/compare/states/[slug]; resource pages; essay examples; future workforce/medical scholarship pages","source-specific fields require downstream shaping before display","static_json_extension","medium","low","permission_received_per_user_statement","use later","AAMC official Excel tables downloaded and normalized locally; 9 workbooks"
"AMA Burnout Survey","DOWNSTREAM_NOT_PARSER","n/a","no normalized deliverable; downstream/computed only","not_useful","no","Not currently wired into ScholarshipTop static enrichment outputs.","no","none for current ScholarshipTop","source-specific fields require downstream shaping before display","ignore","low","low","n/a downstream/computed","downstream only","Computed concept, not a parser source; derive later from approved display datasets."
"HRSA Workforce Projections","DOWNSTREAM_NOT_PARSER","n/a","no normalized deliverable; downstream/computed only","not_useful","no","Not currently wired into ScholarshipTop static enrichment outputs.","no","none for current ScholarshipTop","source-specific fields require downstream shaping before display","ignore","low","low","n/a downstream/computed","downstream only","Computed concept, not a parser source; derive later from approved display datasets."
"NPDB Public Use Data","DOWNSTREAM_NOT_PARSER","n/a","no normalized deliverable; downstream/computed only","not_useful","no","Not currently wired into ScholarshipTop static enrichment outputs.","no","none for current ScholarshipTop","source-specific fields require downstream shaping before display","ignore","low","low","n/a downstream/computed","downstream only","Computed concept, not a parser source; derive later from approved display datasets."
"Doximity Compensation Report","DOWNSTREAM_NOT_PARSER","n/a","no normalized deliverable; downstream/computed only","not_useful","no","Not currently wired into ScholarshipTop static enrichment outputs.","no","none for current ScholarshipTop","source-specific fields require downstream shaping before display","ignore","low","low","n/a downstream/computed","downstream only","Computed concept, not a parser source; derive later from approved display datasets."
"CIR-SEIU Member Institution List","CLOSED_LOCAL_PACKAGE_READY","232","04_data_deliverable\03_newly_collected_sources\cir_seiu_member_institutions","residency_only","no","Not currently wired into ScholarshipTop static enrichment outputs.","future medical/school vertical only","future medical/residency vertical only","program/institution/specialty fields; not relevant to current scholarship pages","future_med_vertical","low","medium","permission_received_per_user_statement","medical vertical only","Relevant for future medical/pre-med/residency vertical, not current general scholarship UX."
"NLRB Public Case Search","BLOCKED_NEEDS_ACCESS_OR_TERMS","n/a","no normalized deliverable in package","blocked_or_partial","no","Not currently wired into ScholarshipTop static enrichment outputs.","no","none for current ScholarshipTop","source-specific fields require downstream shaping before display","needs_original_source_recollect","low","high","blocked/manual; do not use until resolved","blocked/manual","Do not use until access/export/legal status is resolved."
"Becker's/Jacobin Tracking","BLOCKED_NEEDS_ACCESS_OR_TERMS","n/a","no normalized deliverable in package","blocked_or_partial","no","Not currently wired into ScholarshipTop static enrichment outputs.","no","none for current ScholarshipTop","source-specific fields require downstream shaping before display","needs_original_source_recollect","low","high","blocked/manual; do not use until resolved","blocked/manual","Do not use until access/export/legal status is resolved."
"AAMC ERAS Statistics — Signal Reports","DOWNSTREAM_NOT_PARSER","n/a","no normalized deliverable; downstream/computed only","not_useful","no","Not currently wired into ScholarshipTop static enrichment outputs.","no","none for current ScholarshipTop","source-specific fields require downstream shaping before display","ignore","low","low","n/a downstream/computed","downstream only","Computed concept, not a parser source; derive later from approved display datasets."
"AAMC ERAS Participating Specialties & Programs","DOWNSTREAM_NOT_PARSER","n/a","no normalized deliverable; downstream/computed only","not_useful","no","Not currently wired into ScholarshipTop static enrichment outputs.","no","none for current ScholarshipTop","source-specific fields require downstream shaping before display","ignore","low","low","n/a downstream/computed","downstream only","Computed concept, not a parser source; derive later from approved display datasets."
"Thalamus","BLOCKED_NEEDS_ACCESS_OR_TERMS","n/a","no normalized deliverable in package","blocked_or_partial","no","Not currently wired into ScholarshipTop static enrichment outputs.","no","none for current ScholarshipTop","source-specific fields require downstream shaping before display","needs_original_source_recollect","low","high","blocked/manual; do not use until resolved","blocked/manual","Do not use until access/export/legal status is resolved."
"CMSS/OPDA PD Specialty Guides","CLOSED_LOCAL_PACKAGE_READY","60","04_data_deliverable\03_newly_collected_sources\cmss_opda_pd_guides_2025_2026","residency_only","no","Not currently wired into ScholarshipTop static enrichment outputs.","future medical/school vertical only","future medical/residency vertical only","program/institution/specialty fields; not relevant to current scholarship pages","future_med_vertical","low","medium","permission_received_per_user_statement","medical vertical only","Relevant for future medical/pre-med/residency vertical, not current general scholarship UX."
"CMS HCAHPS Star Ratings","CLOSED_SUPABASE_EXPORTED_LOCALLY","325856","04_data_deliverable\01_legacy_supabase_exports\cms_hospital_hcahps","provider/organization","no","Not currently wired into ScholarshipTop static enrichment outputs.","yes","/providers/[id]; future provider clusters; future medical/provider compare","organization name, location, identifiers, ownership/type, quality/designation fields where appropriate","provider_enrichment","medium","medium","permission_received_per_user_statement","use later","clean .jsonl.gz export included"
"AAMC Supplemental ERAS Application Data","DOWNSTREAM_NOT_PARSER","n/a","no normalized deliverable; downstream/computed only","not_useful","no","Not currently wired into ScholarshipTop static enrichment outputs.","no","none for current ScholarshipTop","source-specific fields require downstream shaping before display","ignore","low","low","n/a downstream/computed","downstream only","Computed concept, not a parser source; derive later from approved display datasets."
"ERAS 2026 Supplemental Questions by Specialty","DOWNSTREAM_NOT_PARSER","n/a","no normalized deliverable; downstream/computed only","not_useful","no","Not currently wired into ScholarshipTop static enrichment outputs.","no","none for current ScholarshipTop","source-specific fields require downstream shaping before display","ignore","low","low","n/a downstream/computed","downstream only","Computed concept, not a parser source; derive later from approved display datasets."
"Thalamus per-program data","BLOCKED_NEEDS_ACCESS_OR_TERMS","n/a","no normalized deliverable in package","blocked_or_partial","no","Not currently wired into ScholarshipTop static enrichment outputs.","no","none for current ScholarshipTop","source-specific fields require downstream shaping before display","needs_original_source_recollect","low","high","blocked/manual; do not use until resolved","blocked/manual","Do not use until access/export/legal status is resolved."
"AAMC ERAS signal data per-program","DOWNSTREAM_NOT_PARSER","n/a","no normalized deliverable; downstream/computed only","not_useful","no","Not currently wired into ScholarshipTop static enrichment outputs.","no","none for current ScholarshipTop","source-specific fields require downstream shaping before display","ignore","low","low","n/a downstream/computed","downstream only","Computed concept, not a parser source; derive later from approved display datasets."
"NLRB per-program salary/contract terms","DOWNSTREAM_NOT_PARSER","n/a","no normalized deliverable; downstream/computed only","not_useful","no","Not currently wired into ScholarshipTop static enrichment outputs.","no","none for current ScholarshipTop","source-specific fields require downstream shaping before display","ignore","low","low","n/a downstream/computed","downstream only","Computed concept, not a parser source; derive later from approved display datasets."
"DOL OFLC LCA Disclosure Files","CLOSED_SUPABASE_EXPORTED_LOCALLY","210387","04_data_deliverable\01_legacy_supabase_exports\dol_oflc_lca","salary/workforce","no","Not currently wired into ScholarshipTop static enrichment outputs.","yes","/compare/states/[slug]; resource pages; essay examples; future workforce/medical scholarship pages","source-specific fields require downstream shaping before display","static_json_extension","medium","low","permission_received_per_user_statement","use now","clean .jsonl.gz export included"
"University of California Payroll","CLOSED_LOCAL_PACKAGE_READY","7849","04_data_deliverable\03_newly_collected_sources\uc_annual_wage_resident_physicians_2024","salary/workforce","no","Not currently wired into ScholarshipTop static enrichment outputs.","yes","/compare/states/[slug]; resource pages; essay examples; future workforce/medical scholarship pages","source-specific fields require downstream shaping before display","static_json_extension","medium","low","permission_received_per_user_statement","use now","Collected 2024 UC Annual Wage rows for title filter RESID PHYS from official UCOP endpoint."
"Transparent California","PARTIAL_LOCAL","1500","04_data_deliverable\03_newly_collected_sources\transparent_california_resident_physician","blocked_or_partial","no","Not currently wired into ScholarshipTop static enrichment outputs.","yes","none for current ScholarshipTop","source-specific fields require downstream shaping before display","needs_original_source_recollect","medium","medium","permission_received_per_user_statement","use later","Partial public search-result HTML for resident physician salary records collected locally; CSV download and later pagination hit challenge."
"NJ Data Universe (Asbury Park Press)","CLOSED_LOCAL_PACKAGE_READY","2838","04_data_deliverable\03_newly_collected_sources\nj_open_data_payroll_physicians","salary/workforce","no","Not currently wired into ScholarshipTop static enrichment outputs.","yes","/compare/states/[slug]; resource pages; essay examples; future workforce/medical scholarship pages","source-specific fields require downstream shaping before display","static_json_extension","medium","low","permission_received_per_user_statement","use now","Collected equivalent official NJ Open Data YourMoney payroll physician-title rows; avoids relying on DataUniverse UI."
"OpenTheBooks","BLOCKED_NEEDS_ACCESS_OR_TERMS","n/a","no normalized deliverable in package","blocked_or_partial","no","Not currently wired into ScholarshipTop static enrichment outputs.","no","none for current ScholarshipTop","source-specific fields require downstream shaping before display","needs_original_source_recollect","low","high","blocked/manual; do not use until resolved","blocked/manual","Do not use until access/export/legal status is resolved."
"SC State Salary Database","BLOCKED_NEEDS_ACCESS_OR_TERMS","n/a","no normalized deliverable in package","blocked_or_partial","no","Not currently wired into ScholarshipTop static enrichment outputs.","no","none for current ScholarshipTop","source-specific fields require downstream shaping before display","needs_original_source_recollect","low","high","blocked/manual; do not use until resolved","blocked/manual","Do not use until access/export/legal status is resolved."
"Medicare Physician & Other Practitioners (Provider + Service)","CLOSED_LOCAL_PACKAGE_READY","9886177","04_data_deliverable\03_newly_collected_sources\medicare_physician_provider_service_2023","hospital_only","no","Not currently wired into ScholarshipTop static enrichment outputs.","future medical/school vertical only","future medical/provider vertical only","hospital/facility/physician-service fields; future medical/provider vertical only","future_med_vertical","low","low","permission_received_per_user_statement","medical vertical only","Relevant for future medical/pre-med/residency vertical, not current general scholarship UX."
"USAspending.gov API","PARTIAL_LOCAL","130","04_data_deliverable\03_newly_collected_sources\usaspending_fy2025_thcgme_recipients","blocked_or_partial","no","Not currently wired into ScholarshipTop static enrichment outputs.","yes","none for current ScholarshipTop","recipient_name, award_count, obligation_amount, agency/program, fiscal_year","needs_original_source_recollect","medium","medium","permission_received_per_user_statement","use later","Partial THCGME scope; useful as funding context, not full funding coverage."
"NPDB Public Use Data File","DOWNSTREAM_NOT_PARSER","n/a","no normalized deliverable; downstream/computed only","not_useful","no","Not currently wired into ScholarshipTop static enrichment outputs.","no","none for current ScholarshipTop","source-specific fields require downstream shaping before display","ignore","low","low","n/a downstream/computed","downstream only","Computed concept, not a parser source; derive later from approved display datasets."
"State Medical Board Disciplinary Lists","BLOCKED_NEEDS_ACCESS_OR_TERMS","n/a","no normalized deliverable in package","blocked_or_partial","no","Not currently wired into ScholarshipTop static enrichment outputs.","no","none for current ScholarshipTop","source-specific fields require downstream shaping before display","needs_original_source_recollect","low","high","blocked/manual; do not use until resolved","blocked/manual","Do not use until access/export/legal status is resolved."
"FSMB DocInfo","BLOCKED_NEEDS_ACCESS_OR_TERMS","n/a","no normalized deliverable in package","blocked_or_partial","no","Not currently wired into ScholarshipTop static enrichment outputs.","no","none for current ScholarshipTop","source-specific fields require downstream shaping before display","needs_original_source_recollect","low","high","blocked/manual; do not use until resolved","blocked/manual","Do not use until access/export/legal status is resolved."
"Public Citizen State Board Rankings","BLOCKED_NEEDS_ACCESS_OR_TERMS","n/a","no normalized deliverable in package","blocked_or_partial","no","Not currently wired into ScholarshipTop static enrichment outputs.","no","none for current ScholarshipTop","source-specific fields require downstream shaping before display","needs_original_source_recollect","low","high","blocked/manual; do not use until resolved","blocked/manual","Do not use until access/export/legal status is resolved."
"CMS DGME HCRIS Extract","CLOSED_SUPABASE_EXPORTED_LOCALLY","66905","04_data_deliverable\01_legacy_supabase_exports\cms_hospital_cost_report_hcris","provider/organization","no","Not currently wired into ScholarshipTop static enrichment outputs.","yes","/providers/[id]; future provider clusters; future medical/provider compare","organization name, location, identifiers, ownership/type, quality/designation fields where appropriate","provider_enrichment","medium","medium","permission_received_per_user_statement","use later","clean .jsonl.gz export included"
"CMS HCRIS Full Cost Reports","CLOSED_SUPABASE_EXPORTED_LOCALLY","66905","04_data_deliverable\01_legacy_supabase_exports\cms_hospital_cost_report_hcris","provider/organization","no","Not currently wired into ScholarshipTop static enrichment outputs.","yes","/providers/[id]; future provider clusters; future medical/provider compare","organization name, location, identifiers, ownership/type, quality/designation fields where appropriate","provider_enrichment","medium","medium","permission_received_per_user_statement","use later","clean .jsonl.gz export included"
"ProPublica Dollars for Docs","DOWNSTREAM_NOT_PARSER","n/a","no normalized deliverable; downstream/computed only","not_useful","no","Not currently wired into ScholarshipTop static enrichment outputs.","no","none for current ScholarshipTop","ein, organization_name, revenue, assets, ruling_year, ntee_code, filing links/counts","ignore","low","medium","n/a downstream/computed","downstream only","Computed concept, not a parser source; derive later from approved display datasets."
"NPDB individual physician records","DOWNSTREAM_NOT_PARSER","n/a","no normalized deliverable; downstream/computed only","not_useful","no","Not currently wired into ScholarshipTop static enrichment outputs.","no","none for current ScholarshipTop","source-specific fields require downstream shaping before display","ignore","low","low","n/a downstream/computed","downstream only","Computed concept, not a parser source; derive later from approved display datasets."
"VA Office of Academic Affiliations","PARTIAL_LOCAL","4","04_data_deliverable\03_newly_collected_sources\va_oaa_academic_affiliations","blocked_or_partial","no","Not currently wired into ScholarshipTop static enrichment outputs.","yes","none for current ScholarshipTop","source-specific fields require downstream shaping before display","needs_original_source_recollect","medium","medium","permission_received_per_user_statement","use later","Official VA OAA pages and aggregate affiliation facts captured; no public full 151-facility affiliation export found"
"VA MISSION Act §403 PPGMER","CLOSED_LOCAL_PACKAGE_READY","15","04_data_deliverable\03_newly_collected_sources\va_mission_act_ppgmer","hospital_only","no","Not currently wired into ScholarshipTop static enrichment outputs.","future medical/school vertical only","future medical/provider vertical only","hospital/facility/physician-service fields; future medical/provider vertical only","future_med_vertical","low","low","permission_received_per_user_statement","medical vertical only","Relevant for future medical/pre-med/residency vertical, not current general scholarship UX."
"ACGME ADS Public Reports","PARTIAL_LOCAL","17408","04_data_deliverable\01_legacy_supabase_exports\acgme_ads_public_discovery","blocked_or_partial","no","Not currently wired into ScholarshipTop static enrichment outputs.","no","none for current ScholarshipTop","source-specific fields require downstream shaping before display","needs_original_source_recollect","low","medium","permission_received_per_user_statement","blocked/manual","Do not use until access/export/legal status is resolved."
"ACGME Cloud — Explore Public Data","DOWNSTREAM_NOT_PARSER","n/a","no normalized deliverable; downstream/computed only","not_useful","no","Not currently wired into ScholarshipTop static enrichment outputs.","no","none for current ScholarshipTop","source-specific fields require downstream shaping before display","ignore","low","low","n/a downstream/computed","downstream only","Computed concept, not a parser source; derive later from approved display datasets."
"SF Match (Ophthalmology, Plastic Surgery independent track)","CLOSED_LOCAL_PACKAGE_READY","30","04_data_deliverable\03_newly_collected_sources\sf_match","residency_only","no","Not currently wired into ScholarshipTop static enrichment outputs.","future medical/school vertical only","future medical/residency vertical only","program/institution/specialty fields; not relevant to current scholarship pages","future_med_vertical","low","medium","permission_received_per_user_statement","medical vertical only","Relevant for future medical/pre-med/residency vertical, not current general scholarship UX."
"AUA Urology Match","CLOSED_LOCAL_PACKAGE_READY","168","04_data_deliverable\03_newly_collected_sources\aua_sau","residency_only","no","Not currently wired into ScholarshipTop static enrichment outputs.","future medical/school vertical only","future medical/residency vertical only","program/institution/specialty fields; not relevant to current scholarship pages","future_med_vertical","low","medium","permission_received_per_user_statement","medical vertical only","Relevant for future medical/pre-med/residency vertical, not current general scholarship UX."
"Military Match — JSGMESB","NOT_STARTED","n/a","no normalized deliverable in package","blocked_or_partial","no","Not currently wired into ScholarshipTop static enrichment outputs.","no","none for current ScholarshipTop","source-specific fields require downstream shaping before display","needs_original_source_recollect","low","high","blocked/manual; do not use until resolved","blocked/manual","Do not use until access/export/legal status is resolved."
"AOA / osteopathic-tracked programs","CLOSED_LOCAL_PACKAGE_READY","73","04_data_deliverable\02_local_normalized_sources\coca","medical_school","no","Not currently wired into ScholarshipTop static enrichment outputs.","future medical/school vertical only","future medical school pages; pre-med resources; medical school scholarship pages; provider clusters","school_name, city, state, accreditation/status, degree type, website, admissions stats where available","future_med_vertical","low","medium","permission_received_per_user_statement","medical vertical only","Relevant for future medical/pre-med/residency vertical, not current general scholarship UX."
"Application/match system: Most residencies - ERAS / NRMP","DOWNSTREAM_NOT_PARSER","n/a","no normalized deliverable; downstream/computed only","not_useful","no","Not currently wired into ScholarshipTop static enrichment outputs.","no","none for current ScholarshipTop","source-specific fields require downstream shaping before display","ignore","low","low","n/a downstream/computed","downstream only","Computed concept, not a parser source; derive later from approved display datasets."
"Application/match system: OB/GYN - ResidencyCAS / NRMP","DOWNSTREAM_NOT_PARSER","n/a","no normalized deliverable; downstream/computed only","not_useful","no","Not currently wired into ScholarshipTop static enrichment outputs.","no","none for current ScholarshipTop","source-specific fields require downstream shaping before display","ignore","low","low","n/a downstream/computed","downstream only","Computed concept, not a parser source; derive later from approved display datasets."
"Application/match system: Emergency Medicine - ResidencyCAS / NRMP","DOWNSTREAM_NOT_PARSER","n/a","no normalized deliverable; downstream/computed only","not_useful","no","Not currently wired into ScholarshipTop static enrichment outputs.","no","none for current ScholarshipTop","source-specific fields require downstream shaping before display","ignore","low","low","n/a downstream/computed","downstream only","Computed concept, not a parser source; derive later from approved display datasets."
"Application/match system: Ophthalmology - SF Match CAS / SF Match","CLOSED_LOCAL_PACKAGE_READY","30","04_data_deliverable\03_newly_collected_sources\sf_match","residency_only","no","Not currently wired into ScholarshipTop static enrichment outputs.","future medical/school vertical only","future medical/residency vertical only","program/institution/specialty fields; not relevant to current scholarship pages","future_med_vertical","low","medium","permission_received_per_user_statement","medical vertical only","Relevant for future medical/pre-med/residency vertical, not current general scholarship UX."
"Application/match system: Urology - ERAS hybrid / AUA/SAU Match","DOWNSTREAM_NOT_PARSER","n/a","no normalized deliverable; downstream/computed only","not_useful","no","Not currently wired into ScholarshipTop static enrichment outputs.","no","none for current ScholarshipTop","source-specific fields require downstream shaping before display","ignore","low","low","n/a downstream/computed","downstream only","Computed concept, not a parser source; derive later from approved display datasets."
"Application/match system: Integrated Plastic Surgery - ERAS (returned 2025–26) / NRMP","DOWNSTREAM_NOT_PARSER","n/a","no normalized deliverable; downstream/computed only","not_useful","no","Not currently wired into ScholarshipTop static enrichment outputs.","no","none for current ScholarshipTop","source-specific fields require downstream shaping before display","ignore","low","low","n/a downstream/computed","downstream only","Computed concept, not a parser source; derive later from approved display datasets."
"Application/match system: Military (HPSP/USUHS) - MODS / JSGMESB","DOWNSTREAM_NOT_PARSER","n/a","no normalized deliverable; downstream/computed only","not_useful","no","Not currently wired into ScholarshipTop static enrichment outputs.","no","none for current ScholarshipTop","source-specific fields require downstream shaping before display","ignore","low","low","n/a downstream/computed","downstream only","Computed concept, not a parser source; derive later from approved display datasets."
"Fellowship placement pages","NOT_STARTED","n/a","no normalized deliverable in package","blocked_or_partial","no","Not currently wired into ScholarshipTop static enrichment outputs.","no","none for current ScholarshipTop","source-specific fields require downstream shaping before display","needs_original_source_recollect","low","high","blocked/manual; do not use until resolved","blocked/manual","Do not use until access/export/legal status is resolved."
"CMS Facility Affiliation","CLOSED_SUPABASE_EXPORTED_LOCALLY","2247604","04_data_deliverable\01_legacy_supabase_exports\cms_facility_affiliation","provider/organization","no","Not currently wired into ScholarshipTop static enrichment outputs.","yes","/providers/[id]; future provider clusters; future medical/provider compare","organization name, location, identifiers, ownership/type, quality/designation fields where appropriate","provider_enrichment","medium","medium","permission_received_per_user_statement","use later","clean .jsonl.gz export included"
"ROR","CLOSED_SUPABASE_EXPORTED_LOCALLY","124882","04_data_deliverable\01_legacy_supabase_exports\ror","research/institution","yes","Live as ror_id identity join in school_enrichment.json and source footer; not deeply surfaced yet.","yes","/compare/universities/[slug]; /providers/[id]; future medical school pages; structured data identifiers","ror_id, official_name, aliases, institution_type, country, city, state, homepage_url","already_live","high","medium","permission_received_per_user_statement","use now","Already represented in Stage A/B/C static outputs. clean .jsonl.gz export included"
"RuralGME.org program profiles","CLOSED_LOCAL_PACKAGE_READY","83","04_data_deliverable\03_newly_collected_sources\ruralgme_program_profiles","residency_only","no","Not currently wired into ScholarshipTop static enrichment outputs.","future medical/school vertical only","future medical/residency vertical only","program/institution/specialty fields; not relevant to current scholarship pages","future_med_vertical","low","medium","permission_received_per_user_statement","medical vertical only","Relevant for future medical/pre-med/residency vertical, not current general scholarship UX."
"RuralGME.org rural-programs map","CLOSED_LOCAL_PACKAGE_READY","482","04_data_deliverable\03_newly_collected_sources\ruralgme_rural_training_sites","residency_only","no","Not currently wired into ScholarshipTop static enrichment outputs.","future medical/school vertical only","future medical/residency vertical only","program/institution/specialty fields; not relevant to current scholarship pages","future_med_vertical","low","medium","permission_received_per_user_statement","medical vertical only","Relevant for future medical/pre-med/residency vertical, not current general scholarship UX."
"computed-fields.md derived per-program scores","DOWNSTREAM_NOT_PARSER","n/a","no normalized deliverable; downstream/computed only","not_useful","no","Not currently wired into ScholarshipTop static enrichment outputs.","no","none for current ScholarshipTop","source-specific fields require downstream shaping before display","ignore","low","low","n/a downstream/computed","downstream only","Computed concept, not a parser source; derive later from approved display datasets."
"Aggregate: Average PGY-1 Salary","OUT_OF_SCOPE_AGGREGATE","n/a","no normalized deliverable; downstream/computed only","not_useful","no","Not currently wired into ScholarshipTop static enrichment outputs.","no","none for current ScholarshipTop","source-specific fields require downstream shaping before display","ignore","low","low","n/a downstream/computed","downstream only","Computed concept, not a parser source; derive later from approved display datasets."
"Aggregate: Median PGY-1 Salary","OUT_OF_SCOPE_AGGREGATE","n/a","no normalized deliverable; downstream/computed only","not_useful","no","Not currently wired into ScholarshipTop static enrichment outputs.","no","none for current ScholarshipTop","source-specific fields require downstream shaping before display","ignore","low","low","n/a downstream/computed","downstream only","Computed concept, not a parser source; derive later from approved display datasets."
"Aggregate: PGY-1 Salary Range","OUT_OF_SCOPE_AGGREGATE","n/a","no normalized deliverable; downstream/computed only","not_useful","no","Not currently wired into ScholarshipTop static enrichment outputs.","no","none for current ScholarshipTop","source-specific fields require downstream shaping before display","ignore","low","low","n/a downstream/computed","downstream only","Computed concept, not a parser source; derive later from approved display datasets."
"Aggregate: Average PGY-1 to PGY-N Salary Progression","OUT_OF_SCOPE_AGGREGATE","n/a","no normalized deliverable; downstream/computed only","not_useful","no","Not currently wired into ScholarshipTop static enrichment outputs.","no","none for current ScholarshipTop","source-specific fields require downstream shaping before display","ignore","low","low","n/a downstream/computed","downstream only","Computed concept, not a parser source; derive later from approved display datasets."
"Aggregate: % Programs Reporting Salary","OUT_OF_SCOPE_AGGREGATE","n/a","no normalized deliverable; downstream/computed only","not_useful","no","Not currently wired into ScholarshipTop static enrichment outputs.","no","none for current ScholarshipTop","source-specific fields require downstream shaping before display","ignore","low","low","n/a downstream/computed","downstream only","Computed concept, not a parser source; derive later from approved display datasets."
"Aggregate: Highest-Paying Programs in Specialty","OUT_OF_SCOPE_AGGREGATE","n/a","no normalized deliverable; downstream/computed only","not_useful","no","Not currently wired into ScholarshipTop static enrichment outputs.","no","none for current ScholarshipTop","source-specific fields require downstream shaping before display","ignore","low","low","n/a downstream/computed","downstream only","Computed concept, not a parser source; derive later from approved display datasets."
"Aggregate: Average PGY-1 Salary by State (in this specialty)","OUT_OF_SCOPE_AGGREGATE","n/a","no normalized deliverable; downstream/computed only","not_useful","no","Not currently wired into ScholarshipTop static enrichment outputs.","no","none for current ScholarshipTop","source-specific fields require downstream shaping before display","ignore","low","low","n/a downstream/computed","downstream only","Computed concept, not a parser source; derive later from approved display datasets."
"Aggregate: Average PGY-1 Salary by Region (in this specialty)","OUT_OF_SCOPE_AGGREGATE","n/a","no normalized deliverable; downstream/computed only","not_useful","no","Not currently wired into ScholarshipTop static enrichment outputs.","no","none for current ScholarshipTop","source-specific fields require downstream shaping before display","ignore","low","low","n/a downstream/computed","downstream only","Computed concept, not a parser source; derive later from approved display datasets."
"Aggregate: Highest-Paying States for This Specialty","OUT_OF_SCOPE_AGGREGATE","n/a","no normalized deliverable; downstream/computed only","not_useful","no","Not currently wired into ScholarshipTop static enrichment outputs.","no","none for current ScholarshipTop","source-specific fields require downstream shaping before display","ignore","low","low","n/a downstream/computed","downstream only","Computed concept, not a parser source; derive later from approved display datasets."
"Aggregate: Salary Premium vs National Specialty Average","OUT_OF_SCOPE_AGGREGATE","n/a","no normalized deliverable; downstream/computed only","not_useful","no","Not currently wired into ScholarshipTop static enrichment outputs.","no","none for current ScholarshipTop","source-specific fields require downstream shaping before display","ignore","low","low","n/a downstream/computed","downstream only","Computed concept, not a parser source; derive later from approved display datasets."
"Aggregate: Cost-Adjusted Salary by State (in this specialty)","OUT_OF_SCOPE_AGGREGATE","n/a","no normalized deliverable; downstream/computed only","not_useful","no","Not currently wired into ScholarshipTop static enrichment outputs.","no","none for current ScholarshipTop","source-specific fields require downstream shaping before display","ignore","low","low","n/a downstream/computed","downstream only","Computed concept, not a parser source; derive later from approved display datasets."
"Aggregate: Best Cost-Adjusted States for This Specialty","OUT_OF_SCOPE_AGGREGATE","n/a","no normalized deliverable; downstream/computed only","not_useful","no","Not currently wired into ScholarshipTop static enrichment outputs.","no","none for current ScholarshipTop","source-specific fields require downstream shaping before display","ignore","low","low","n/a downstream/computed","downstream only","Computed concept, not a parser source; derive later from approved display datasets."
"Aggregate: Total Programs in Specialty","OUT_OF_SCOPE_AGGREGATE","n/a","no normalized deliverable; downstream/computed only","not_useful","no","Not currently wired into ScholarshipTop static enrichment outputs.","no","none for current ScholarshipTop","source-specific fields require downstream shaping before display","ignore","low","low","n/a downstream/computed","downstream only","Computed concept, not a parser source; derive later from approved display datasets."
"Aggregate: Total Residency Programs","OUT_OF_SCOPE_AGGREGATE","n/a","no normalized deliverable; downstream/computed only","not_useful","no","Not currently wired into ScholarshipTop static enrichment outputs.","no","none for current ScholarshipTop","source-specific fields require downstream shaping before display","ignore","low","low","n/a downstream/computed","downstream only","Computed concept, not a parser source; derive later from approved display datasets."
"Aggregate: Total Fellowship Programs","OUT_OF_SCOPE_AGGREGATE","n/a","no normalized deliverable; downstream/computed only","not_useful","no","Not currently wired into ScholarshipTop static enrichment outputs.","no","none for current ScholarshipTop","source-specific fields require downstream shaping before display","ignore","low","low","n/a downstream/computed","downstream only","Computed concept, not a parser source; derive later from approved display datasets."
"Aggregate: Total Positions Offered","OUT_OF_SCOPE_AGGREGATE","n/a","no normalized deliverable; downstream/computed only","not_useful","no","Not currently wired into ScholarshipTop static enrichment outputs.","no","none for current ScholarshipTop","source-specific fields require downstream shaping before display","ignore","low","low","n/a downstream/computed","downstream only","Computed concept, not a parser source; derive later from approved display datasets."
"Aggregate: Average Program Size","OUT_OF_SCOPE_AGGREGATE","n/a","no normalized deliverable; downstream/computed only","not_useful","no","Not currently wired into ScholarshipTop static enrichment outputs.","no","none for current ScholarshipTop","source-specific fields require downstream shaping before display","ignore","low","low","n/a downstream/computed","downstream only","Computed concept, not a parser source; derive later from approved display datasets."
"Aggregate: Programs by State","OUT_OF_SCOPE_AGGREGATE","n/a","no normalized deliverable; downstream/computed only","not_useful","no","Not currently wired into ScholarshipTop static enrichment outputs.","no","none for current ScholarshipTop","source-specific fields require downstream shaping before display","ignore","low","low","n/a downstream/computed","downstream only","Computed concept, not a parser source; derive later from approved display datasets."
"Aggregate: Programs by Program Type (categorical/prelim/advanced/combined)","OUT_OF_SCOPE_AGGREGATE","n/a","no normalized deliverable; downstream/computed only","not_useful","no","Not currently wired into ScholarshipTop static enrichment outputs.","no","none for current ScholarshipTop","source-specific fields require downstream shaping before display","ignore","low","low","n/a downstream/computed","downstream only","Computed concept, not a parser source; derive later from approved display datasets."
"Aggregate: Average Program Length","OUT_OF_SCOPE_AGGREGATE","n/a","no normalized deliverable; downstream/computed only","not_useful","no","Not currently wired into ScholarshipTop static enrichment outputs.","no","none for current ScholarshipTop","source-specific fields require downstream shaping before display","ignore","low","low","n/a downstream/computed","downstream only","Computed concept, not a parser source; derive later from approved display datasets."
"Aggregate: Specialty Fill Rate","OUT_OF_SCOPE_AGGREGATE","n/a","no normalized deliverable; downstream/computed only","not_useful","no","Not currently wired into ScholarshipTop static enrichment outputs.","no","none for current ScholarshipTop","source-specific fields require downstream shaping before display","ignore","low","low","n/a downstream/computed","downstream only","Computed concept, not a parser source; derive later from approved display datasets."
"Aggregate: Average AIR (Interview-Offer Rate)","OUT_OF_SCOPE_AGGREGATE","n/a","no normalized deliverable; downstream/computed only","not_useful","no","Not currently wired into ScholarshipTop static enrichment outputs.","no","none for current ScholarshipTop","source-specific fields require downstream shaping before display","ignore","low","low","n/a downstream/computed","downstream only","Computed concept, not a parser source; derive later from approved display datasets."
"Aggregate: Step 2 CK Median (Matched Applicants)","OUT_OF_SCOPE_AGGREGATE","n/a","no normalized deliverable; downstream/computed only","not_useful","no","Not currently wired into ScholarshipTop static enrichment outputs.","no","none for current ScholarshipTop","source-specific fields require downstream shaping before display","ignore","low","low","n/a downstream/computed","downstream only","Computed concept, not a parser source; derive later from approved display datasets."
"Aggregate: IMG Match Rate in Specialty","OUT_OF_SCOPE_AGGREGATE","n/a","no normalized deliverable; downstream/computed only","not_useful","no","Not currently wired into ScholarshipTop static enrichment outputs.","no","none for current ScholarshipTop","source-specific fields require downstream shaping before display","ignore","low","low","n/a downstream/computed","downstream only","Computed concept, not a parser source; derive later from approved display datasets."
"Aggregate: DO Match Rate in Specialty","OUT_OF_SCOPE_AGGREGATE","n/a","no normalized deliverable; downstream/computed only","not_useful","no","Not currently wired into ScholarshipTop static enrichment outputs.","no","none for current ScholarshipTop","source-specific fields require downstream shaping before display","ignore","low","low","n/a downstream/computed","downstream only","Computed concept, not a parser source; derive later from approved display datasets."
"Aggregate: Research Publications Median (Matched)","OUT_OF_SCOPE_AGGREGATE","n/a","no normalized deliverable; downstream/computed only","not_useful","no","Not currently wired into ScholarshipTop static enrichment outputs.","no","none for current ScholarshipTop","source-specific fields require downstream shaping before display","ignore","low","low","n/a downstream/computed","downstream only","Computed concept, not a parser source; derive later from approved display datasets."
"Aggregate: Programs Sponsoring J-1","OUT_OF_SCOPE_AGGREGATE","4","no normalized deliverable; downstream/computed only","not_useful","no","Not currently wired into ScholarshipTop static enrichment outputs.","no","none for current ScholarshipTop","source-specific fields require downstream shaping before display","ignore","low","low","n/a downstream/computed","downstream only","Computed concept, not a parser source; derive later from approved display datasets."
"Aggregate: Programs Sponsoring H-1B","OUT_OF_SCOPE_AGGREGATE","4","no normalized deliverable; downstream/computed only","not_useful","no","Not currently wired into ScholarshipTop static enrichment outputs.","no","none for current ScholarshipTop","source-specific fields require downstream shaping before display","ignore","low","low","n/a downstream/computed","downstream only","Computed concept, not a parser source; derive later from approved display datasets."
"Aggregate: Programs Accepting COMLEX","OUT_OF_SCOPE_AGGREGATE","n/a","no normalized deliverable; downstream/computed only","not_useful","no","Not currently wired into ScholarshipTop static enrichment outputs.","no","none for current ScholarshipTop","source-specific fields require downstream shaping before display","ignore","low","low","n/a downstream/computed","downstream only","Computed concept, not a parser source; derive later from approved display datasets."
"Aggregate: Average Board Pass Rate","OUT_OF_SCOPE_AGGREGATE","n/a","no normalized deliverable; downstream/computed only","not_useful","no","Not currently wired into ScholarshipTop static enrichment outputs.","no","none for current ScholarshipTop","source-specific fields require downstream shaping before display","ignore","low","low","n/a downstream/computed","downstream only","Computed concept, not a parser source; derive later from approved display datasets."
"Aggregate: Median Board Pass Rate","OUT_OF_SCOPE_AGGREGATE","n/a","no normalized deliverable; downstream/computed only","not_useful","no","Not currently wired into ScholarshipTop static enrichment outputs.","no","none for current ScholarshipTop","source-specific fields require downstream shaping before display","ignore","low","low","n/a downstream/computed","downstream only","Computed concept, not a parser source; derive later from approved display datasets."
"Aggregate: Pass Rate Range","OUT_OF_SCOPE_AGGREGATE","n/a","no normalized deliverable; downstream/computed only","not_useful","no","Not currently wired into ScholarshipTop static enrichment outputs.","no","none for current ScholarshipTop","source-specific fields require downstream shaping before display","ignore","low","low","n/a downstream/computed","downstream only","Computed concept, not a parser source; derive later from approved display datasets."
"Aggregate: Programs Below 80% Pass Rate","OUT_OF_SCOPE_AGGREGATE","n/a","no normalized deliverable; downstream/computed only","not_useful","no","Not currently wired into ScholarshipTop static enrichment outputs.","no","none for current ScholarshipTop","source-specific fields require downstream shaping before display","ignore","low","low","n/a downstream/computed","downstream only","Computed concept, not a parser source; derive later from approved display datasets."
"Aggregate: Programs Above 95% Pass Rate","OUT_OF_SCOPE_AGGREGATE","n/a","no normalized deliverable; downstream/computed only","not_useful","no","Not currently wired into ScholarshipTop static enrichment outputs.","no","none for current ScholarshipTop","source-specific fields require downstream shaping before display","ignore","low","low","n/a downstream/computed","downstream only","Computed concept, not a parser source; derive later from approved display datasets."
"Aggregate: % Programs with T32 Grants (at sponsoring institution)","OUT_OF_SCOPE_AGGREGATE","4","no normalized deliverable; downstream/computed only","not_useful","no","Not currently wired into ScholarshipTop static enrichment outputs.","no","none for current ScholarshipTop","source-specific fields require downstream shaping before display","ignore","low","low","n/a downstream/computed","downstream only","Computed concept, not a parser source; derive later from approved display datasets."
"Aggregate: Average NIH Funding at Sponsoring Institutions","OUT_OF_SCOPE_AGGREGATE","4","no normalized deliverable; downstream/computed only","not_useful","no","Not currently wired into ScholarshipTop static enrichment outputs.","no","none for current ScholarshipTop","source-specific fields require downstream shaping before display","ignore","low","low","n/a downstream/computed","downstream only","Computed concept, not a parser source; derive later from approved display datasets."
"Aggregate: % Programs Requiring Research","OUT_OF_SCOPE_AGGREGATE","n/a","no normalized deliverable; downstream/computed only","not_useful","no","Not currently wired into ScholarshipTop static enrichment outputs.","no","none for current ScholarshipTop","source-specific fields require downstream shaping before display","ignore","low","low","n/a downstream/computed","downstream only","Computed concept, not a parser source; derive later from approved display datasets."
"Aggregate: Top NIH-Funded Programs in Specialty","OUT_OF_SCOPE_AGGREGATE","n/a","no normalized deliverable; downstream/computed only","not_useful","no","Not currently wired into ScholarshipTop static enrichment outputs.","no","none for current ScholarshipTop","source-specific fields require downstream shaping before display","ignore","low","low","n/a downstream/computed","downstream only","Computed concept, not a parser source; derive later from approved display datasets."
"Aggregate: Total Programs at This Institution","OUT_OF_SCOPE_AGGREGATE","n/a","no normalized deliverable; downstream/computed only","not_useful","no","Not currently wired into ScholarshipTop static enrichment outputs.","no","none for current ScholarshipTop","source-specific fields require downstream shaping before display","ignore","low","low","n/a downstream/computed","downstream only","Computed concept, not a parser source; derive later from approved display datasets."
"Aggregate: Specialties Offered","OUT_OF_SCOPE_AGGREGATE","n/a","no normalized deliverable; downstream/computed only","not_useful","no","Not currently wired into ScholarshipTop static enrichment outputs.","no","none for current ScholarshipTop","source-specific fields require downstream shaping before display","ignore","low","low","n/a downstream/computed","downstream only","Computed concept, not a parser source; derive later from approved display datasets."
"Aggregate: Total Residency Programs","OUT_OF_SCOPE_AGGREGATE","n/a","no normalized deliverable; downstream/computed only","not_useful","no","Not currently wired into ScholarshipTop static enrichment outputs.","no","none for current ScholarshipTop","source-specific fields require downstream shaping before display","ignore","low","low","n/a downstream/computed","downstream only","Computed concept, not a parser source; derive later from approved display datasets."
"Aggregate: Total Fellowship Programs","OUT_OF_SCOPE_AGGREGATE","n/a","no normalized deliverable; downstream/computed only","not_useful","no","Not currently wired into ScholarshipTop static enrichment outputs.","no","none for current ScholarshipTop","source-specific fields require downstream shaping before display","ignore","low","low","n/a downstream/computed","downstream only","Computed concept, not a parser source; derive later from approved display datasets."
"Aggregate: Total GME Positions","OUT_OF_SCOPE_AGGREGATE","n/a","no normalized deliverable; downstream/computed only","not_useful","no","Not currently wired into ScholarshipTop static enrichment outputs.","no","none for current ScholarshipTop","source-specific fields require downstream shaping before display","ignore","low","low","n/a downstream/computed","downstream only","Computed concept, not a parser source; derive later from approved display datasets."
"Aggregate: Program Length Range","OUT_OF_SCOPE_AGGREGATE","n/a","no normalized deliverable; downstream/computed only","not_useful","no","Not currently wired into ScholarshipTop static enrichment outputs.","no","none for current ScholarshipTop","source-specific fields require downstream shaping before display","ignore","low","low","n/a downstream/computed","downstream only","Computed concept, not a parser source; derive later from approved display datasets."
"Aggregate: Specialties Not Available (vs. nearest competitor institution)","OUT_OF_SCOPE_AGGREGATE","n/a","no normalized deliverable; downstream/computed only","not_useful","no","Not currently wired into ScholarshipTop static enrichment outputs.","no","none for current ScholarshipTop","source-specific fields require downstream shaping before display","ignore","low","low","n/a downstream/computed","downstream only","Computed concept, not a parser source; derive later from approved display datasets."
"Aggregate: Average PGY-1 Salary Across All Programs","OUT_OF_SCOPE_AGGREGATE","n/a","no normalized deliverable; downstream/computed only","not_useful","no","Not currently wired into ScholarshipTop static enrichment outputs.","no","none for current ScholarshipTop","source-specific fields require downstream shaping before display","ignore","low","low","n/a downstream/computed","downstream only","Computed concept, not a parser source; derive later from approved display datasets."
"Aggregate: PGY-1 Salary by Specialty (at this institution)","OUT_OF_SCOPE_AGGREGATE","n/a","no normalized deliverable; downstream/computed only","not_useful","no","Not currently wired into ScholarshipTop static enrichment outputs.","no","none for current ScholarshipTop","source-specific fields require downstream shaping before display","ignore","low","low","n/a downstream/computed","downstream only","Computed concept, not a parser source; derive later from approved display datasets."
"Aggregate: Institution Salary vs City Average","OUT_OF_SCOPE_AGGREGATE","n/a","no normalized deliverable; downstream/computed only","not_useful","no","Not currently wired into ScholarshipTop static enrichment outputs.","no","none for current ScholarshipTop","source-specific fields require downstream shaping before display","ignore","low","low","n/a downstream/computed","downstream only","Computed concept, not a parser source; derive later from approved display datasets."
"Aggregate: Institution Salary vs Specialty Average","OUT_OF_SCOPE_AGGREGATE","n/a","no normalized deliverable; downstream/computed only","not_useful","no","Not currently wired into ScholarshipTop static enrichment outputs.","no","none for current ScholarshipTop","source-specific fields require downstream shaping before display","ignore","low","low","n/a downstream/computed","downstream only","Computed concept, not a parser source; derive later from approved display datasets."
"Aggregate: Average Board Pass Rate (across programs with data)","OUT_OF_SCOPE_AGGREGATE","n/a","no normalized deliverable; downstream/computed only","not_useful","no","Not currently wired into ScholarshipTop static enrichment outputs.","no","none for current ScholarshipTop","source-specific fields require downstream shaping before display","ignore","low","low","n/a downstream/computed","downstream only","Computed concept, not a parser source; derive later from approved display datasets."
"Aggregate: Average Fill Rate","OUT_OF_SCOPE_AGGREGATE","n/a","no normalized deliverable; downstream/computed only","not_useful","no","Not currently wired into ScholarshipTop static enrichment outputs.","no","none for current ScholarshipTop","source-specific fields require downstream shaping before display","ignore","low","low","n/a downstream/computed","downstream only","Computed concept, not a parser source; derive later from approved display datasets."
"Aggregate: Average Accreditation Risk Score","OUT_OF_SCOPE_AGGREGATE","n/a","no normalized deliverable; downstream/computed only","not_useful","no","Not currently wired into ScholarshipTop static enrichment outputs.","no","none for current ScholarshipTop","source-specific fields require downstream shaping before display","ignore","low","low","n/a downstream/computed","downstream only","Computed concept, not a parser source; derive later from approved display datasets."
"Aggregate: Programs with Warning/Probationary Accreditation","OUT_OF_SCOPE_AGGREGATE","n/a","no normalized deliverable; downstream/computed only","not_useful","no","Not currently wired into ScholarshipTop static enrichment outputs.","no","none for current ScholarshipTop","source-specific fields require downstream shaping before display","ignore","low","low","n/a downstream/computed","downstream only","Computed concept, not a parser source; derive later from approved display datasets."
"Aggregate: % Programs Sponsoring J-1","OUT_OF_SCOPE_AGGREGATE","4","no normalized deliverable; downstream/computed only","not_useful","no","Not currently wired into ScholarshipTop static enrichment outputs.","no","none for current ScholarshipTop","source-specific fields require downstream shaping before display","ignore","low","low","n/a downstream/computed","downstream only","Computed concept, not a parser source; derive later from approved display datasets."
"Aggregate: % Programs Sponsoring H-1B","OUT_OF_SCOPE_AGGREGATE","4","no normalized deliverable; downstream/computed only","not_useful","no","Not currently wired into ScholarshipTop static enrichment outputs.","no","none for current ScholarshipTop","source-specific fields require downstream shaping before display","ignore","low","low","n/a downstream/computed","downstream only","Computed concept, not a parser source; derive later from approved display datasets."
"Aggregate: Annual NIH Funding","OUT_OF_SCOPE_AGGREGATE","n/a","no normalized deliverable; downstream/computed only","not_useful","no","Not currently wired into ScholarshipTop static enrichment outputs.","no","none for current ScholarshipTop","source-specific fields require downstream shaping before display","ignore","low","low","n/a downstream/computed","downstream only","Computed concept, not a parser source; derive later from approved display datasets."
"Aggregate: NIH Funding Tier","OUT_OF_SCOPE_AGGREGATE","n/a","no normalized deliverable; downstream/computed only","not_useful","no","Not currently wired into ScholarshipTop static enrichment outputs.","no","none for current ScholarshipTop","source-specific fields require downstream shaping before display","ignore","low","low","n/a downstream/computed","downstream only","Computed concept, not a parser source; derive later from approved display datasets."
"Aggregate: Active T32 Training Grant","OUT_OF_SCOPE_AGGREGATE","n/a","no normalized deliverable; downstream/computed only","not_useful","no","Not currently wired into ScholarshipTop static enrichment outputs.","no","none for current ScholarshipTop","source-specific fields require downstream shaping before display","ignore","low","low","n/a downstream/computed","downstream only","Computed concept, not a parser source; derive later from approved display datasets."
"Aggregate: NCI Cancer Center","OUT_OF_SCOPE_AGGREGATE","n/a","no normalized deliverable; downstream/computed only","not_useful","no","Not currently wired into ScholarshipTop static enrichment outputs.","no","none for current ScholarshipTop","source-specific fields require downstream shaping before display","ignore","low","low","n/a downstream/computed","downstream only","Computed concept, not a parser source; derive later from approved display datasets."
"Aggregate: COTH Member","OUT_OF_SCOPE_AGGREGATE","n/a","no normalized deliverable; downstream/computed only","not_useful","no","Not currently wired into ScholarshipTop static enrichment outputs.","no","none for current ScholarshipTop","source-specific fields require downstream shaping before display","ignore","low","low","n/a downstream/computed","downstream only","Computed concept, not a parser source; derive later from approved display datasets."
"Aggregate: Magnet Designation","OUT_OF_SCOPE_AGGREGATE","n/a","no normalized deliverable; downstream/computed only","not_useful","no","Not currently wired into ScholarshipTop static enrichment outputs.","no","none for current ScholarshipTop","source-specific fields require downstream shaping before display","ignore","low","low","n/a downstream/computed","downstream only","Computed concept, not a parser source; derive later from approved display datasets."
"Aggregate: Hospital Beds","OUT_OF_SCOPE_AGGREGATE","n/a","no normalized deliverable; downstream/computed only","not_useful","no","Not currently wired into ScholarshipTop static enrichment outputs.","no","none for current ScholarshipTop","source-specific fields require downstream shaping before display","ignore","low","low","n/a downstream/computed","downstream only","Computed concept, not a parser source; derive later from approved display datasets."
"Aggregate: Ownership Type","OUT_OF_SCOPE_AGGREGATE","n/a","no normalized deliverable; downstream/computed only","not_useful","no","Not currently wired into ScholarshipTop static enrichment outputs.","no","none for current ScholarshipTop","source-specific fields require downstream shaping before display","ignore","low","low","n/a downstream/computed","downstream only","Computed concept, not a parser source; derive later from approved display datasets."
"Aggregate: Total Programs in State","OUT_OF_SCOPE_AGGREGATE","n/a","no normalized deliverable; downstream/computed only","not_useful","no","Not currently wired into ScholarshipTop static enrichment outputs.","no","none for current ScholarshipTop","source-specific fields require downstream shaping before display","ignore","low","low","n/a downstream/computed","downstream only","Computed concept, not a parser source; derive later from approved display datasets."
"Aggregate: Programs by Specialty","OUT_OF_SCOPE_AGGREGATE","n/a","no normalized deliverable; downstream/computed only","not_useful","no","Not currently wired into ScholarshipTop static enrichment outputs.","no","none for current ScholarshipTop","source-specific fields require downstream shaping before display","ignore","low","low","n/a downstream/computed","downstream only","Computed concept, not a parser source; derive later from approved display datasets."
"Aggregate: Programs by City","OUT_OF_SCOPE_AGGREGATE","n/a","no normalized deliverable; downstream/computed only","not_useful","no","Not currently wired into ScholarshipTop static enrichment outputs.","no","none for current ScholarshipTop","source-specific fields require downstream shaping before display","ignore","low","low","n/a downstream/computed","downstream only","Computed concept, not a parser source; derive later from approved display datasets."
"Aggregate: Total GME Positions","OUT_OF_SCOPE_AGGREGATE","n/a","no normalized deliverable; downstream/computed only","not_useful","no","Not currently wired into ScholarshipTop static enrichment outputs.","no","none for current ScholarshipTop","source-specific fields require downstream shaping before display","ignore","low","low","n/a downstream/computed","downstream only","Computed concept, not a parser source; derive later from approved display datasets."
"Aggregate: Residency vs Fellowship Breakdown","OUT_OF_SCOPE_AGGREGATE","n/a","no normalized deliverable; downstream/computed only","not_useful","no","Not currently wired into ScholarshipTop static enrichment outputs.","no","none for current ScholarshipTop","source-specific fields require downstream shaping before display","ignore","low","low","n/a downstream/computed","downstream only","Computed concept, not a parser source; derive later from approved display datasets."
"Aggregate: Programs Sponsored by Specialty (map view)","OUT_OF_SCOPE_AGGREGATE","n/a","no normalized deliverable; downstream/computed only","not_useful","no","Not currently wired into ScholarshipTop static enrichment outputs.","no","none for current ScholarshipTop","source-specific fields require downstream shaping before display","ignore","low","low","n/a downstream/computed","downstream only","Computed concept, not a parser source; derive later from approved display datasets."
"Aggregate: Average PGY-1 Salary (all specialties)","OUT_OF_SCOPE_AGGREGATE","n/a","no normalized deliverable; downstream/computed only","not_useful","no","Not currently wired into ScholarshipTop static enrichment outputs.","no","none for current ScholarshipTop","source-specific fields require downstream shaping before display","ignore","low","low","n/a downstream/computed","downstream only","Computed concept, not a parser source; derive later from approved display datasets."
"Aggregate: Average PGY-1 Salary by Specialty (in this state)","OUT_OF_SCOPE_AGGREGATE","n/a","no normalized deliverable; downstream/computed only","not_useful","no","Not currently wired into ScholarshipTop static enrichment outputs.","no","none for current ScholarshipTop","source-specific fields require downstream shaping before display","ignore","low","low","n/a downstream/computed","downstream only","Computed concept, not a parser source; derive later from approved display datasets."
"Aggregate: Highest-Paying Specialties in This State","OUT_OF_SCOPE_AGGREGATE","n/a","no normalized deliverable; downstream/computed only","not_useful","no","Not currently wired into ScholarshipTop static enrichment outputs.","no","none for current ScholarshipTop","source-specific fields require downstream shaping before display","ignore","low","low","n/a downstream/computed","downstream only","Computed concept, not a parser source; derive later from approved display datasets."
"Aggregate: State Salary vs National Average (per specialty)","OUT_OF_SCOPE_AGGREGATE","n/a","no normalized deliverable; downstream/computed only","not_useful","no","Not currently wired into ScholarshipTop static enrichment outputs.","no","none for current ScholarshipTop","source-specific fields require downstream shaping before display","ignore","low","low","n/a downstream/computed","downstream only","Computed concept, not a parser source; derive later from approved display datasets."
"Aggregate: Salary Range in State","OUT_OF_SCOPE_AGGREGATE","n/a","no normalized deliverable; downstream/computed only","not_useful","no","Not currently wired into ScholarshipTop static enrichment outputs.","no","none for current ScholarshipTop","source-specific fields require downstream shaping before display","ignore","low","low","n/a downstream/computed","downstream only","Computed concept, not a parser source; derive later from approved display datasets."
"Aggregate: Cost-Adjusted Salary in State","OUT_OF_SCOPE_AGGREGATE","n/a","no normalized deliverable; downstream/computed only","not_useful","no","Not currently wired into ScholarshipTop static enrichment outputs.","no","none for current ScholarshipTop","source-specific fields require downstream shaping before display","ignore","low","low","n/a downstream/computed","downstream only","Computed concept, not a parser source; derive later from approved display datasets."
"Aggregate: Average Fill Rate in State","OUT_OF_SCOPE_AGGREGATE","n/a","no normalized deliverable; downstream/computed only","not_useful","no","Not currently wired into ScholarshipTop static enrichment outputs.","no","none for current ScholarshipTop","source-specific fields require downstream shaping before display","ignore","low","low","n/a downstream/computed","downstream only","Computed concept, not a parser source; derive later from approved display datasets."
"Aggregate: % Programs Sponsoring J-1","OUT_OF_SCOPE_AGGREGATE","4","no normalized deliverable; downstream/computed only","not_useful","no","Not currently wired into ScholarshipTop static enrichment outputs.","no","none for current ScholarshipTop","source-specific fields require downstream shaping before display","ignore","low","low","n/a downstream/computed","downstream only","Computed concept, not a parser source; derive later from approved display datasets."
"Aggregate: % Programs Sponsoring H-1B","OUT_OF_SCOPE_AGGREGATE","4","no normalized deliverable; downstream/computed only","not_useful","no","Not currently wired into ScholarshipTop static enrichment outputs.","no","none for current ScholarshipTop","source-specific fields require downstream shaping before display","ignore","low","low","n/a downstream/computed","downstream only","Computed concept, not a parser source; derive later from approved display datasets."
"Aggregate: Most Competitive Specialties in State (by fill rate)","OUT_OF_SCOPE_AGGREGATE","n/a","no normalized deliverable; downstream/computed only","not_useful","no","Not currently wired into ScholarshipTop static enrichment outputs.","no","none for current ScholarshipTop","source-specific fields require downstream shaping before display","ignore","low","low","n/a downstream/computed","downstream only","Computed concept, not a parser source; derive later from approved display datasets."
"Aggregate: State Avg Cost of Living","OUT_OF_SCOPE_AGGREGATE","n/a","no normalized deliverable; downstream/computed only","not_useful","no","Not currently wired into ScholarshipTop static enrichment outputs.","no","none for current ScholarshipTop","source-specific fields require downstream shaping before display","ignore","low","low","n/a downstream/computed","downstream only","Computed concept, not a parser source; derive later from approved display datasets."
"Aggregate: State Avg Safety Score","OUT_OF_SCOPE_AGGREGATE","n/a","no normalized deliverable; downstream/computed only","not_useful","no","Not currently wired into ScholarshipTop static enrichment outputs.","no","none for current ScholarshipTop","source-specific fields require downstream shaping before display","ignore","low","low","n/a downstream/computed","downstream only","Computed concept, not a parser source; derive later from approved display datasets."
"Aggregate: AAMC Regional Salary Benchmark","OUT_OF_SCOPE_AGGREGATE","n/a","no normalized deliverable; downstream/computed only","not_useful","no","Not currently wired into ScholarshipTop static enrichment outputs.","no","none for current ScholarshipTop","source-specific fields require downstream shaping before display","ignore","low","low","n/a downstream/computed","downstream only","Computed concept, not a parser source; derive later from approved display datasets."
"Aggregate: Major Cities with Programs","OUT_OF_SCOPE_AGGREGATE","n/a","no normalized deliverable; downstream/computed only","not_useful","no","Not currently wired into ScholarshipTop static enrichment outputs.","no","none for current ScholarshipTop","source-specific fields require downstream shaping before display","ignore","low","low","n/a downstream/computed","downstream only","Computed concept, not a parser source; derive later from approved display datasets."
"Aggregate: Total Programs in City","OUT_OF_SCOPE_AGGREGATE","n/a","no normalized deliverable; downstream/computed only","not_useful","no","Not currently wired into ScholarshipTop static enrichment outputs.","no","none for current ScholarshipTop","source-specific fields require downstream shaping before display","ignore","low","low","n/a downstream/computed","downstream only","Computed concept, not a parser source; derive later from approved display datasets."
"Aggregate: Programs by Specialty","OUT_OF_SCOPE_AGGREGATE","n/a","no normalized deliverable; downstream/computed only","not_useful","no","Not currently wired into ScholarshipTop static enrichment outputs.","no","none for current ScholarshipTop","source-specific fields require downstream shaping before display","ignore","low","low","n/a downstream/computed","downstream only","Computed concept, not a parser source; derive later from approved display datasets."
"Aggregate: Programs by Institution","OUT_OF_SCOPE_AGGREGATE","n/a","no normalized deliverable; downstream/computed only","not_useful","no","Not currently wired into ScholarshipTop static enrichment outputs.","no","none for current ScholarshipTop","source-specific fields require downstream shaping before display","ignore","low","low","n/a downstream/computed","downstream only","Computed concept, not a parser source; derive later from approved display datasets."
"Aggregate: Total GME Positions in City","OUT_OF_SCOPE_AGGREGATE","n/a","no normalized deliverable; downstream/computed only","not_useful","no","Not currently wired into ScholarshipTop static enrichment outputs.","no","none for current ScholarshipTop","source-specific fields require downstream shaping before display","ignore","low","low","n/a downstream/computed","downstream only","Computed concept, not a parser source; derive later from approved display datasets."
"Aggregate: Residency vs Fellowship Count","OUT_OF_SCOPE_AGGREGATE","n/a","no normalized deliverable; downstream/computed only","not_useful","no","Not currently wired into ScholarshipTop static enrichment outputs.","no","none for current ScholarshipTop","source-specific fields require downstream shaping before display","ignore","low","low","n/a downstream/computed","downstream only","Computed concept, not a parser source; derive later from approved display datasets."
"Aggregate: Average PGY-1 Salary in City","OUT_OF_SCOPE_AGGREGATE","n/a","no normalized deliverable; downstream/computed only","not_useful","no","Not currently wired into ScholarshipTop static enrichment outputs.","no","none for current ScholarshipTop","source-specific fields require downstream shaping before display","ignore","low","low","n/a downstream/computed","downstream only","Computed concept, not a parser source; derive later from approved display datasets."
"Aggregate: Average PGY-1 Salary by Specialty (in city)","OUT_OF_SCOPE_AGGREGATE","n/a","no normalized deliverable; downstream/computed only","not_useful","no","Not currently wired into ScholarshipTop static enrichment outputs.","no","none for current ScholarshipTop","source-specific fields require downstream shaping before display","ignore","low","low","n/a downstream/computed","downstream only","Computed concept, not a parser source; derive later from approved display datasets."
"Aggregate: City Salary vs State Average","OUT_OF_SCOPE_AGGREGATE","n/a","no normalized deliverable; downstream/computed only","not_useful","no","Not currently wired into ScholarshipTop static enrichment outputs.","no","none for current ScholarshipTop","source-specific fields require downstream shaping before display","ignore","low","low","n/a downstream/computed","downstream only","Computed concept, not a parser source; derive later from approved display datasets."
"Aggregate: Salary After Rent (city-level)","OUT_OF_SCOPE_AGGREGATE","n/a","no normalized deliverable; downstream/computed only","not_useful","no","Not currently wired into ScholarshipTop static enrichment outputs.","no","none for current ScholarshipTop","source-specific fields require downstream shaping before display","ignore","low","low","n/a downstream/computed","downstream only","Computed concept, not a parser source; derive later from approved display datasets."
"Aggregate: Average Cost-Adjusted Salary in City","OUT_OF_SCOPE_AGGREGATE","n/a","no normalized deliverable; downstream/computed only","not_useful","no","Not currently wired into ScholarshipTop static enrichment outputs.","no","none for current ScholarshipTop","source-specific fields require downstream shaping before display","ignore","low","low","n/a downstream/computed","downstream only","Computed concept, not a parser source; derive later from approved display datasets."
"Aggregate: Current Median Rent (1BR)","OUT_OF_SCOPE_AGGREGATE","n/a","no normalized deliverable; downstream/computed only","not_useful","no","Not currently wired into ScholarshipTop static enrichment outputs.","no","none for current ScholarshipTop","source-specific fields require downstream shaping before display","ignore","low","low","n/a downstream/computed","downstream only","Computed concept, not a parser source; derive later from approved display datasets."
"Aggregate: Rent Trend","OUT_OF_SCOPE_AGGREGATE","n/a","no normalized deliverable; downstream/computed only","not_useful","no","Not currently wired into ScholarshipTop static enrichment outputs.","no","none for current ScholarshipTop","source-specific fields require downstream shaping before display","ignore","low","low","n/a downstream/computed","downstream only","Computed concept, not a parser source; derive later from approved display datasets."
"Aggregate: Violent Crime Rate","OUT_OF_SCOPE_AGGREGATE","n/a","no normalized deliverable; downstream/computed only","not_useful","no","Not currently wired into ScholarshipTop static enrichment outputs.","no","none for current ScholarshipTop","source-specific fields require downstream shaping before display","ignore","low","low","n/a downstream/computed","downstream only","Computed concept, not a parser source; derive later from approved display datasets."
"Aggregate: Safety Score","OUT_OF_SCOPE_AGGREGATE","n/a","no normalized deliverable; downstream/computed only","not_useful","no","Not currently wired into ScholarshipTop static enrichment outputs.","no","none for current ScholarshipTop","source-specific fields require downstream shaping before display","ignore","low","low","n/a downstream/computed","downstream only","Computed concept, not a parser source; derive later from approved display datasets."
"Aggregate: Population","OUT_OF_SCOPE_AGGREGATE","n/a","no normalized deliverable; downstream/computed only","not_useful","no","Not currently wired into ScholarshipTop static enrichment outputs.","no","none for current ScholarshipTop","source-specific fields require downstream shaping before display","ignore","low","low","n/a downstream/computed","downstream only","Computed concept, not a parser source; derive later from approved display datasets."
"Aggregate: Median Household Income","OUT_OF_SCOPE_AGGREGATE","n/a","no normalized deliverable; downstream/computed only","not_useful","no","Not currently wired into ScholarshipTop static enrichment outputs.","no","none for current ScholarshipTop","source-specific fields require downstream shaping before display","ignore","low","low","n/a downstream/computed","downstream only","Computed concept, not a parser source; derive later from approved display datasets."
"Aggregate: Climate Score","OUT_OF_SCOPE_AGGREGATE","n/a","no normalized deliverable; downstream/computed only","not_useful","no","Not currently wired into ScholarshipTop static enrichment outputs.","no","none for current ScholarshipTop","source-specific fields require downstream shaping before display","ignore","low","low","n/a downstream/computed","downstream only","Computed concept, not a parser source; derive later from approved display datasets."
"Aggregate: Average High Temp","OUT_OF_SCOPE_AGGREGATE","n/a","no normalized deliverable; downstream/computed only","not_useful","no","Not currently wired into ScholarshipTop static enrichment outputs.","no","none for current ScholarshipTop","source-specific fields require downstream shaping before display","ignore","low","low","n/a downstream/computed","downstream only","Computed concept, not a parser source; derive later from approved display datasets."
"Aggregate: Annual Precipitation","OUT_OF_SCOPE_AGGREGATE","n/a","no normalized deliverable; downstream/computed only","not_useful","no","Not currently wired into ScholarshipTop static enrichment outputs.","no","none for current ScholarshipTop","source-specific fields require downstream shaping before display","ignore","low","low","n/a downstream/computed","downstream only","Computed concept, not a parser source; derive later from approved display datasets."
"Aggregate: Cost of Living Index","OUT_OF_SCOPE_AGGREGATE","n/a","no normalized deliverable; downstream/computed only","not_useful","no","Not currently wired into ScholarshipTop static enrichment outputs.","no","none for current ScholarshipTop","source-specific fields require downstream shaping before display","ignore","low","low","n/a downstream/computed","downstream only","Computed concept, not a parser source; derive later from approved display datasets."
"Aggregate: Total programs","OUT_OF_SCOPE_AGGREGATE","n/a","no normalized deliverable; downstream/computed only","not_useful","no","Not currently wired into ScholarshipTop static enrichment outputs.","no","none for current ScholarshipTop","source-specific fields require downstream shaping before display","ignore","low","low","n/a downstream/computed","downstream only","Computed concept, not a parser source; derive later from approved display datasets."
"Aggregate: Average PGY-1 salary","OUT_OF_SCOPE_AGGREGATE","n/a","no normalized deliverable; downstream/computed only","not_useful","no","Not currently wired into ScholarshipTop static enrichment outputs.","no","none for current ScholarshipTop","source-specific fields require downstream shaping before display","ignore","low","low","n/a downstream/computed","downstream only","Computed concept, not a parser source; derive later from approved display datasets."
"Aggregate: Salary range","OUT_OF_SCOPE_AGGREGATE","n/a","no normalized deliverable; downstream/computed only","not_useful","no","Not currently wired into ScholarshipTop static enrichment outputs.","no","none for current ScholarshipTop","source-specific fields require downstream shaping before display","ignore","low","low","n/a downstream/computed","downstream only","Computed concept, not a parser source; derive later from approved display datasets."
"Aggregate: Average fill rate","OUT_OF_SCOPE_AGGREGATE","n/a","no normalized deliverable; downstream/computed only","not_useful","no","Not currently wired into ScholarshipTop static enrichment outputs.","no","none for current ScholarshipTop","source-specific fields require downstream shaping before display","ignore","low","low","n/a downstream/computed","downstream only","Computed concept, not a parser source; derive later from approved display datasets."
"Aggregate: % sponsoring J-1","OUT_OF_SCOPE_AGGREGATE","4","no normalized deliverable; downstream/computed only","not_useful","no","Not currently wired into ScholarshipTop static enrichment outputs.","no","none for current ScholarshipTop","source-specific fields require downstream shaping before display","ignore","low","low","n/a downstream/computed","downstream only","Computed concept, not a parser source; derive later from approved display datasets."
"Aggregate: % sponsoring H-1B","OUT_OF_SCOPE_AGGREGATE","4","no normalized deliverable; downstream/computed only","not_useful","no","Not currently wired into ScholarshipTop static enrichment outputs.","no","none for current ScholarshipTop","source-specific fields require downstream shaping before display","ignore","low","low","n/a downstream/computed","downstream only","Computed concept, not a parser source; derive later from approved display datasets."
"Aggregate: Average board pass rate","OUT_OF_SCOPE_AGGREGATE","n/a","no normalized deliverable; downstream/computed only","not_useful","no","Not currently wired into ScholarshipTop static enrichment outputs.","no","none for current ScholarshipTop","source-specific fields require downstream shaping before display","ignore","low","low","n/a downstream/computed","downstream only","Computed concept, not a parser source; derive later from approved display datasets."
"Aggregate: Programs list","OUT_OF_SCOPE_AGGREGATE","n/a","no normalized deliverable; downstream/computed only","not_useful","no","Not currently wired into ScholarshipTop static enrichment outputs.","no","none for current ScholarshipTop","source-specific fields require downstream shaping before display","ignore","low","low","n/a downstream/computed","downstream only","Computed concept, not a parser source; derive later from approved display datasets."
"Aggregate: Total fellowship programs in state","OUT_OF_SCOPE_AGGREGATE","n/a","no normalized deliverable; downstream/computed only","not_useful","no","Not currently wired into ScholarshipTop static enrichment outputs.","no","none for current ScholarshipTop","source-specific fields require downstream shaping before display","ignore","low","low","n/a downstream/computed","downstream only","Computed concept, not a parser source; derive later from approved display datasets."
"Aggregate: Fellowships by specialty in state","OUT_OF_SCOPE_AGGREGATE","n/a","no normalized deliverable; downstream/computed only","not_useful","no","Not currently wired into ScholarshipTop static enrichment outputs.","no","none for current ScholarshipTop","source-specific fields require downstream shaping before display","ignore","low","low","n/a downstream/computed","downstream only","Computed concept, not a parser source; derive later from approved display datasets."
"Aggregate: Average PGY-1 salary (fellowships in state)","OUT_OF_SCOPE_AGGREGATE","n/a","no normalized deliverable; downstream/computed only","not_useful","no","Not currently wired into ScholarshipTop static enrichment outputs.","no","none for current ScholarshipTop","source-specific fields require downstream shaping before display","ignore","low","low","n/a downstream/computed","downstream only","Computed concept, not a parser source; derive later from approved display datasets."
"Aggregate: Count of academic IM programs","OUT_OF_SCOPE_AGGREGATE","n/a","no normalized deliverable; downstream/computed only","not_useful","no","Not currently wired into ScholarshipTop static enrichment outputs.","no","none for current ScholarshipTop","source-specific fields require downstream shaping before display","ignore","low","low","n/a downstream/computed","downstream only","Computed concept, not a parser source; derive later from approved display datasets."
"Aggregate: vs community programs","OUT_OF_SCOPE_AGGREGATE","n/a","no normalized deliverable; downstream/computed only","not_useful","no","Not currently wired into ScholarshipTop static enrichment outputs.","no","none for current ScholarshipTop","source-specific fields require downstream shaping before display","ignore","low","low","n/a downstream/computed","downstream only","Computed concept, not a parser source; derive later from approved display datasets."
"Aggregate: Salary comparison: academic vs community","OUT_OF_SCOPE_AGGREGATE","n/a","no normalized deliverable; downstream/computed only","not_useful","no","Not currently wired into ScholarshipTop static enrichment outputs.","no","none for current ScholarshipTop","source-specific fields require downstream shaping before display","ignore","low","low","n/a downstream/computed","downstream only","Computed concept, not a parser source; derive later from approved display datasets."
"Aggregate: Board pass rate comparison","OUT_OF_SCOPE_AGGREGATE","n/a","no normalized deliverable; downstream/computed only","not_useful","no","Not currently wired into ScholarshipTop static enrichment outputs.","no","none for current ScholarshipTop","source-specific fields require downstream shaping before display","ignore","low","low","n/a downstream/computed","downstream only","Computed concept, not a parser source; derive later from approved display datasets."
"Aggregate: NIH funding: academic programs","OUT_OF_SCOPE_AGGREGATE","n/a","no normalized deliverable; downstream/computed only","not_useful","no","Not currently wired into ScholarshipTop static enrichment outputs.","no","none for current ScholarshipTop","source-specific fields require downstream shaping before display","ignore","low","low","n/a downstream/computed","downstream only","Computed concept, not a parser source; derive later from approved display datasets."
"Aggregate: ""This program pays X% above/below specialty average""","OUT_OF_SCOPE_AGGREGATE","n/a","no normalized deliverable; downstream/computed only","not_useful","no","Not currently wired into ScholarshipTop static enrichment outputs.","no","none for current ScholarshipTop","source-specific fields require downstream shaping before display","ignore","low","low","n/a downstream/computed","downstream only","Computed concept, not a parser source; derive later from approved display datasets."
"Aggregate: ""This program pays X% above/below state average (for this specialty)""","OUT_OF_SCOPE_AGGREGATE","n/a","no normalized deliverable; downstream/computed only","not_useful","no","Not currently wired into ScholarshipTop static enrichment outputs.","no","none for current ScholarshipTop","source-specific fields require downstream shaping before display","ignore","low","low","n/a downstream/computed","downstream only","Computed concept, not a parser source; derive later from approved display datasets."
"Aggregate: ""Your salary after rent here: ~$X/month""","OUT_OF_SCOPE_AGGREGATE","n/a","no normalized deliverable; downstream/computed only","not_useful","no","Not currently wired into ScholarshipTop static enrichment outputs.","no","none for current ScholarshipTop","source-specific fields require downstream shaping before display","ignore","low","low","n/a downstream/computed","downstream only","Computed concept, not a parser source; derive later from approved display datasets."
"Aggregate: ""Best-paying states for [specialty]""","OUT_OF_SCOPE_AGGREGATE","n/a","no normalized deliverable; downstream/computed only","not_useful","no","Not currently wired into ScholarshipTop static enrichment outputs.","no","none for current ScholarshipTop","source-specific fields require downstream shaping before display","ignore","low","low","n/a downstream/computed","downstream only","Computed concept, not a parser source; derive later from approved display datasets."
"Aggregate: ""Best cost-adjusted states for [specialty]""","OUT_OF_SCOPE_AGGREGATE","n/a","no normalized deliverable; downstream/computed only","not_useful","no","Not currently wired into ScholarshipTop static enrichment outputs.","no","none for current ScholarshipTop","source-specific fields require downstream shaping before display","ignore","low","low","n/a downstream/computed","downstream only","Computed concept, not a parser source; derive later from approved display datasets."
"Aggregate: ""How this city's programs compare to [specialty] national average""","OUT_OF_SCOPE_AGGREGATE","n/a","no normalized deliverable; downstream/computed only","not_useful","no","Not currently wired into ScholarshipTop static enrichment outputs.","no","none for current ScholarshipTop","source-specific fields require downstream shaping before display","ignore","low","low","n/a downstream/computed","downstream only","Computed concept, not a parser source; derive later from approved display datasets."
"Aggregate: ""Programs in [state] that pay above [specialty] national average""","OUT_OF_SCOPE_AGGREGATE","n/a","no normalized deliverable; downstream/computed only","not_useful","no","Not currently wired into ScholarshipTop static enrichment outputs.","no","none for current ScholarshipTop","source-specific fields require downstream shaping before display","ignore","low","low","n/a downstream/computed","downstream only","Computed concept, not a parser source; derive later from approved display datasets."
"Aggregate: ""Salary progression at this institution vs specialty average""","OUT_OF_SCOPE_AGGREGATE","n/a","no normalized deliverable; downstream/computed only","not_useful","no","Not currently wired into ScholarshipTop static enrichment outputs.","no","none for current ScholarshipTop","source-specific fields require downstream shaping before display","ignore","low","low","n/a downstream/computed","downstream only","Computed concept, not a parser source; derive later from approved display datasets."
"Aggregate: Programs by specialty","OUT_OF_SCOPE_AGGREGATE","n/a","no normalized deliverable; downstream/computed only","not_useful","no","Not currently wired into ScholarshipTop static enrichment outputs.","no","none for current ScholarshipTop","source-specific fields require downstream shaping before display","ignore","low","low","n/a downstream/computed","downstream only","Computed concept, not a parser source; derive later from approved display datasets."
"Aggregate: Programs by state","OUT_OF_SCOPE_AGGREGATE","n/a","no normalized deliverable; downstream/computed only","not_useful","no","Not currently wired into ScholarshipTop static enrichment outputs.","no","none for current ScholarshipTop","source-specific fields require downstream shaping before display","ignore","low","low","n/a downstream/computed","downstream only","Computed concept, not a parser source; derive later from approved display datasets."
"Aggregate: Programs by city","OUT_OF_SCOPE_AGGREGATE","n/a","no normalized deliverable; downstream/computed only","not_useful","no","Not currently wired into ScholarshipTop static enrichment outputs.","no","none for current ScholarshipTop","source-specific fields require downstream shaping before display","ignore","low","low","n/a downstream/computed","downstream only","Computed concept, not a parser source; derive later from approved display datasets."
"Aggregate: Programs by program type","OUT_OF_SCOPE_AGGREGATE","n/a","no normalized deliverable; downstream/computed only","not_useful","no","Not currently wired into ScholarshipTop static enrichment outputs.","no","none for current ScholarshipTop","source-specific fields require downstream shaping before display","ignore","low","low","n/a downstream/computed","downstream only","Computed concept, not a parser source; derive later from approved display datasets."
"Aggregate: Programs by accreditation status","OUT_OF_SCOPE_AGGREGATE","n/a","no normalized deliverable; downstream/computed only","not_useful","no","Not currently wired into ScholarshipTop static enrichment outputs.","no","none for current ScholarshipTop","source-specific fields require downstream shaping before display","ignore","low","low","n/a downstream/computed","downstream only","Computed concept, not a parser source; derive later from approved display datasets."
"Aggregate: Programs by J-1 sponsorship","OUT_OF_SCOPE_AGGREGATE","n/a","no normalized deliverable; downstream/computed only","not_useful","no","Not currently wired into ScholarshipTop static enrichment outputs.","no","none for current ScholarshipTop","source-specific fields require downstream shaping before display","ignore","low","low","n/a downstream/computed","downstream only","Computed concept, not a parser source; derive later from approved display datasets."
"Aggregate: Programs by H-1B sponsorship","OUT_OF_SCOPE_AGGREGATE","n/a","no normalized deliverable; downstream/computed only","not_useful","no","Not currently wired into ScholarshipTop static enrichment outputs.","no","none for current ScholarshipTop","source-specific fields require downstream shaping before display","ignore","low","low","n/a downstream/computed","downstream only","Computed concept, not a parser source; derive later from approved display datasets."
"Aggregate: Programs by salary range (bucketed)","OUT_OF_SCOPE_AGGREGATE","n/a","no normalized deliverable; downstream/computed only","not_useful","no","Not currently wired into ScholarshipTop static enrichment outputs.","no","none for current ScholarshipTop","source-specific fields require downstream shaping before display","ignore","low","low","n/a downstream/computed","downstream only","Computed concept, not a parser source; derive later from approved display datasets."
"Aggregate: Programs by program length","OUT_OF_SCOPE_AGGREGATE","n/a","no normalized deliverable; downstream/computed only","not_useful","no","Not currently wired into ScholarshipTop static enrichment outputs.","no","none for current ScholarshipTop","source-specific fields require downstream shaping before display","ignore","low","low","n/a downstream/computed","downstream only","Computed concept, not a parser source; derive later from approved display datasets."
"Aggregate: Programs by institution type","OUT_OF_SCOPE_AGGREGATE","n/a","no normalized deliverable; downstream/computed only","not_useful","no","Not currently wired into ScholarshipTop static enrichment outputs.","no","none for current ScholarshipTop","source-specific fields require downstream shaping before display","ignore","low","low","n/a downstream/computed","downstream only","Computed concept, not a parser source; derive later from approved display datasets."
"Aggregate: Programs by research requirement","OUT_OF_SCOPE_AGGREGATE","n/a","no normalized deliverable; downstream/computed only","not_useful","no","Not currently wired into ScholarshipTop static enrichment outputs.","no","none for current ScholarshipTop","source-specific fields require downstream shaping before display","ignore","low","low","n/a downstream/computed","downstream only","Computed concept, not a parser source; derive later from approved display datasets."
"Aggregate: Programs with board data","OUT_OF_SCOPE_AGGREGATE","n/a","no normalized deliverable; downstream/computed only","not_useful","no","Not currently wired into ScholarshipTop static enrichment outputs.","no","none for current ScholarshipTop","source-specific fields require downstream shaping before display","ignore","low","low","n/a downstream/computed","downstream only","Computed concept, not a parser source; derive later from approved display datasets."
"Aggregate: ""X of Y programs in specialty reporting salary""","OUT_OF_SCOPE_AGGREGATE","n/a","no normalized deliverable; downstream/computed only","not_useful","no","Not currently wired into ScholarshipTop static enrichment outputs.","no","none for current ScholarshipTop","source-specific fields require downstream shaping before display","ignore","low","low","n/a downstream/computed","downstream only","Computed concept, not a parser source; derive later from approved display datasets."
"Aggregate: ""Salary data last updated: [month year]""","OUT_OF_SCOPE_AGGREGATE","n/a","no normalized deliverable; downstream/computed only","not_useful","no","Not currently wired into ScholarshipTop static enrichment outputs.","no","none for current ScholarshipTop","source-specific fields require downstream shaping before display","ignore","low","low","n/a downstream/computed","downstream only","Computed concept, not a parser source; derive later from approved display datasets."
"Aggregate: ""Board data available for X programs""","OUT_OF_SCOPE_AGGREGATE","n/a","no normalized deliverable; downstream/computed only","not_useful","no","Not currently wired into ScholarshipTop static enrichment outputs.","no","none for current ScholarshipTop","source-specific fields require downstream shaping before display","ignore","low","low","n/a downstream/computed","downstream only","Computed concept, not a parser source; derive later from approved display datasets."
"Aggregate: ""X% of programs in this state have complete profiles""","OUT_OF_SCOPE_AGGREGATE","n/a","no normalized deliverable; downstream/computed only","not_useful","no","Not currently wired into ScholarshipTop static enrichment outputs.","no","none for current ScholarshipTop","source-specific fields require downstream shaping before display","ignore","low","low","n/a downstream/computed","downstream only","Computed concept, not a parser source; derive later from approved display datasets."
"Aggregate: ""X of Y programs at this institution have salary data""","OUT_OF_SCOPE_AGGREGATE","n/a","no normalized deliverable; downstream/computed only","not_useful","no","Not currently wired into ScholarshipTop static enrichment outputs.","no","none for current ScholarshipTop","source-specific fields require downstream shaping before display","ignore","low","low","n/a downstream/computed","downstream only","Computed concept, not a parser source; derive later from approved display datasets."
"BLS state OEWS May 2025","CLOSED_LOCAL_PACKAGE_READY","34109","04_data_deliverable\03_newly_collected_sources\bls_state_oes","salary/workforce","yes","Live in state_affordability.json for annual median wage; used in compare/state/scholarship affordability bars.","yes","/compare/states/[slug]; resource pages; essay examples; future workforce/medical scholarship pages","employment, annual_median_wage, annual_mean_wage, occupation, area, release","already_live","medium","low","permission_received_per_user_statement","use now","Already represented in Stage A/B/C static outputs. long local-only run completed via official data.bls.gov OEWS query service"
"US Cities / SimpleMaps","CLOSED_SUPABASE_EXPORTED_LOCALLY","108796","04_data_deliverable/01_legacy_supabase_exports/uscities","city/location","yes","Live in city_affordability.json and location_crosswalk.json as city/state/county/lat/lng/population join layer.","yes","future city pages; /scholarships/[state]/[university]; resource examples; internal location joins","city, state, county, county_fips, lat, lng, population, aliases, timezone","already_live","medium","low","permission_received_per_user_statement","use now","Already represented in Stage A/B/C static outputs. Supplemental deliverable present in 01_legacy_supabase_exports and used in Stage A location joins."
