href,applicantCode,applicantName,hostCode,hostName,totalCount,tier,recommendedStatus,robots,includeInSitemap,allowedForAds,duplicateRisk,unspecifiedRisk,recommendation,qaNotes
/scholarships/for-students-from/united-states/study-in/united-states,US,United States,US,United States,8983,priority_candidate,priority_launch_after_QA,"noindex,follow_until_manual_approve",false_until_manual_approve,yes_after_QA,medium_intent_overlap_with_hub_filtered_urls_hub_queries_are_typically_noindex_cross_country_path_not_implemented_yet_unique_when_launched,low_strict_pair_from_nonempty_host_codes,Priority volume (50+). Launch after QA; suitable for Google Ads after creative/LP review.,pending
/scholarships/for-students-from/canada/study-in/canada,CA,Canada,CA,Canada,182,priority_candidate,priority_launch_after_QA,"noindex,follow_until_manual_approve",false_until_manual_approve,yes_after_QA,medium_intent_overlap_with_hub_filtered_urls_hub_queries_are_typically_noindex_cross_country_path_not_implemented_yet_unique_when_launched,low_strict_pair_from_nonempty_host_codes,Priority volume (50+). Launch after QA; suitable for Google Ads after creative/LP review.,pending
/scholarships/for-students-from/united-kingdom/study-in/united-kingdom,GB,United Kingdom,GB,United Kingdom,170,priority_candidate,priority_launch_after_QA,"noindex,follow_until_manual_approve",false_until_manual_approve,yes_after_QA,medium_intent_overlap_with_hub_filtered_urls_hub_queries_are_typically_noindex_cross_country_path_not_implemented_yet_unique_when_launched,low_strict_pair_from_nonempty_host_codes,Priority volume (50+). Launch after QA; suitable for Google Ads after creative/LP review.,pending
/scholarships/for-students-from/canada/study-in/united-states,CA,Canada,US,United States,150,priority_candidate,priority_launch_after_QA,"noindex,follow_until_manual_approve",false_until_manual_approve,yes_after_QA,medium_intent_overlap_with_hub_filtered_urls_hub_queries_are_typically_noindex_cross_country_path_not_implemented_yet_unique_when_launched,low_strict_pair_from_nonempty_host_codes,Priority volume (50+). Launch after QA; suitable for Google Ads after creative/LP review.,pending
/scholarships/for-students-from/united-states/study-in/germany,US,United States,DE,Germany,117,priority_candidate,priority_launch_after_QA,"noindex,follow_until_manual_approve",false_until_manual_approve,review_generic_DE_host_cluster,medium_intent_overlap_with_hub_filtered_urls_hub_queries_are_typically_noindex_cross_country_path_not_implemented_yet_unique_when_launched,low_strict_pair_from_nonempty_host_codes,Priority volume (50+). Strong candidate after QA; Ads only after proving audience fit (many *→DE listings look similar).,pending
/scholarships/for-students-from/ukraine/study-in/germany,UA,Ukraine,DE,Germany,102,priority_candidate,priority_launch_after_QA,"noindex,follow_until_manual_approve",false_until_manual_approve,review_generic_DE_host_cluster,medium_intent_overlap_with_hub_filtered_urls_hub_queries_are_typically_noindex_cross_country_path_not_implemented_yet_unique_when_launched,low_strict_pair_from_nonempty_host_codes,Priority volume (50+). Strong candidate after QA; Ads only after proving audience fit (many *→DE listings look similar).,pending
/scholarships/for-students-from/vietnam/study-in/germany,VN,Vietnam,DE,Germany,98,priority_candidate,priority_launch_after_QA,"noindex,follow_until_manual_approve",false_until_manual_approve,review_generic_DE_host_cluster,medium_intent_overlap_with_hub_filtered_urls_hub_queries_are_typically_noindex_cross_country_path_not_implemented_yet_unique_when_launched,low_strict_pair_from_nonempty_host_codes,Priority volume (50+). Strong candidate after QA; Ads only after proving audience fit (many *→DE listings look similar).,pending
/scholarships/for-students-from/indonesia/study-in/germany,ID,Indonesia,DE,Germany,98,priority_candidate,priority_launch_after_QA,"noindex,follow_until_manual_approve",false_until_manual_approve,review_generic_DE_host_cluster,medium_intent_overlap_with_hub_filtered_urls_hub_queries_are_typically_noindex_cross_country_path_not_implemented_yet_unique_when_launched,low_strict_pair_from_nonempty_host_codes,Priority volume (50+). Strong candidate after QA; Ads only after proving audience fit (many *→DE listings look similar).,pending
/scholarships/for-students-from/colombia/study-in/germany,CO,Colombia,DE,Germany,96,priority_candidate,priority_launch_after_QA,"noindex,follow_until_manual_approve",false_until_manual_approve,review_generic_DE_host_cluster,medium_intent_overlap_with_hub_filtered_urls_hub_queries_are_typically_noindex_cross_country_path_not_implemented_yet_unique_when_launched,low_strict_pair_from_nonempty_host_codes,Priority volume (50+). Strong candidate after QA; Ads only after proving audience fit (many *→DE listings look similar).,pending
/scholarships/for-students-from/malaysia/study-in/germany,MY,Malaysia,DE,Germany,96,priority_candidate,priority_launch_after_QA,"noindex,follow_until_manual_approve",false_until_manual_approve,review_generic_DE_host_cluster,medium_intent_overlap_with_hub_filtered_urls_hub_queries_are_typically_noindex_cross_country_path_not_implemented_yet_unique_when_launched,low_strict_pair_from_nonempty_host_codes,Priority volume (50+). Strong candidate after QA; Ads only after proving audience fit (many *→DE listings look similar).,pending
/scholarships/for-students-from/thailand/study-in/germany,TH,Thailand,DE,Germany,96,priority_candidate,priority_launch_after_QA,"noindex,follow_until_manual_approve",false_until_manual_approve,review_generic_DE_host_cluster,medium_intent_overlap_with_hub_filtered_urls_hub_queries_are_typically_noindex_cross_country_path_not_implemented_yet_unique_when_launched,low_strict_pair_from_nonempty_host_codes,Priority volume (50+). Strong candidate after QA; Ads only after proving audience fit (many *→DE listings look similar).,pending
/scholarships/for-students-from/philippines/study-in/germany,PH,Philippines,DE,Germany,96,priority_candidate,priority_launch_after_QA,"noindex,follow_until_manual_approve",false_until_manual_approve,review_generic_DE_host_cluster,medium_intent_overlap_with_hub_filtered_urls_hub_queries_are_typically_noindex_cross_country_path_not_implemented_yet_unique_when_launched,low_strict_pair_from_nonempty_host_codes,Priority volume (50+). Strong candidate after QA; Ads only after proving audience fit (many *→DE listings look similar).,pending
/scholarships/for-students-from/united-kingdom/study-in/germany,GB,United Kingdom,DE,Germany,95,priority_candidate,priority_launch_after_QA,"noindex,follow_until_manual_approve",false_until_manual_approve,review_generic_DE_host_cluster,medium_intent_overlap_with_hub_filtered_urls_hub_queries_are_typically_noindex_cross_country_path_not_implemented_yet_unique_when_launched,low_strict_pair_from_nonempty_host_codes,Priority volume (50+). Strong candidate after QA; Ads only after proving audience fit (many *→DE listings look similar).,pending
/scholarships/for-students-from/laos/study-in/germany,LA,Laos,DE,Germany,94,priority_candidate,priority_launch_after_QA,"noindex,follow_until_manual_approve",false_until_manual_approve,review_generic_DE_host_cluster,medium_intent_overlap_with_hub_filtered_urls_hub_queries_are_typically_noindex_cross_country_path_not_implemented_yet_unique_when_launched,low_strict_pair_from_nonempty_host_codes,Priority volume (50+). Strong candidate after QA; Ads only after proving audience fit (many *→DE listings look similar).,pending
/scholarships/for-students-from/myanmar-burma/study-in/germany,MM,Myanmar (Burma),DE,Germany,94,priority_candidate,priority_launch_after_QA,"noindex,follow_until_manual_approve",false_until_manual_approve,review_generic_DE_host_cluster,medium_intent_overlap_with_hub_filtered_urls_hub_queries_are_typically_noindex_cross_country_path_not_implemented_yet_unique_when_launched,low_strict_pair_from_nonempty_host_codes,Priority volume (50+). Strong candidate after QA; Ads only after proving audience fit (many *→DE listings look similar).,pending
/scholarships/for-students-from/mexico/study-in/germany,MX,Mexico,DE,Germany,94,priority_candidate,priority_launch_after_QA,"noindex,follow_until_manual_approve",false_until_manual_approve,review_generic_DE_host_cluster,medium_intent_overlap_with_hub_filtered_urls_hub_queries_are_typically_noindex_cross_country_path_not_implemented_yet_unique_when_launched,low_strict_pair_from_nonempty_host_codes,Priority volume (50+). Strong candidate after QA; Ads only after proving audience fit (many *→DE listings look similar).,pending
/scholarships/for-students-from/kazakhstan/study-in/germany,KZ,Kazakhstan,DE,Germany,94,priority_candidate,priority_launch_after_QA,"noindex,follow_until_manual_approve",false_until_manual_approve,review_generic_DE_host_cluster,medium_intent_overlap_with_hub_filtered_urls_hub_queries_are_typically_noindex_cross_country_path_not_implemented_yet_unique_when_launched,low_strict_pair_from_nonempty_host_codes,Priority volume (50+). Strong candidate after QA; Ads only after proving audience fit (many *→DE listings look similar).,pending
/scholarships/for-students-from/georgia/study-in/germany,GE,Georgia,DE,Germany,94,priority_candidate,priority_launch_after_QA,"noindex,follow_until_manual_approve",false_until_manual_approve,review_generic_DE_host_cluster,medium_intent_overlap_with_hub_filtered_urls_hub_queries_are_typically_noindex_cross_country_path_not_implemented_yet_unique_when_launched,low_strict_pair_from_nonempty_host_codes,Priority volume (50+). Strong candidate after QA; Ads only after proving audience fit (many *→DE listings look similar).,pending
/scholarships/for-students-from/serbia/study-in/germany,RS,Serbia,DE,Germany,94,priority_candidate,priority_launch_after_QA,"noindex,follow_until_manual_approve",false_until_manual_approve,review_generic_DE_host_cluster,medium_intent_overlap_with_hub_filtered_urls_hub_queries_are_typically_noindex_cross_country_path_not_implemented_yet_unique_when_launched,low_strict_pair_from_nonempty_host_codes,Priority volume (50+). Strong candidate after QA; Ads only after proving audience fit (many *→DE listings look similar).,pending
/scholarships/for-students-from/egypt/study-in/germany,EG,Egypt,DE,Germany,93,priority_candidate,priority_launch_after_QA,"noindex,follow_until_manual_approve",false_until_manual_approve,review_generic_DE_host_cluster,medium_intent_overlap_with_hub_filtered_urls_hub_queries_are_typically_noindex_cross_country_path_not_implemented_yet_unique_when_launched,low_strict_pair_from_nonempty_host_codes,Priority volume (50+). Strong candidate after QA; Ads only after proving audience fit (many *→DE listings look similar).,pending
/scholarships/for-students-from/argentina/study-in/germany,AR,Argentina,DE,Germany,93,priority_candidate,priority_launch_after_QA,"noindex,follow_until_manual_approve",false_until_manual_approve,review_generic_DE_host_cluster,medium_intent_overlap_with_hub_filtered_urls_hub_queries_are_typically_noindex_cross_country_path_not_implemented_yet_unique_when_launched,low_strict_pair_from_nonempty_host_codes,Priority volume (50+). Strong candidate after QA; Ads only after proving audience fit (many *→DE listings look similar).,pending
/scholarships/for-students-from/albania/study-in/germany,AL,Albania,DE,Germany,93,priority_candidate,priority_launch_after_QA,"noindex,follow_until_manual_approve",false_until_manual_approve,review_generic_DE_host_cluster,medium_intent_overlap_with_hub_filtered_urls_hub_queries_are_typically_noindex_cross_country_path_not_implemented_yet_unique_when_launched,low_strict_pair_from_nonempty_host_codes,Priority volume (50+). Strong candidate after QA; Ads only after proving audience fit (many *→DE listings look similar).,pending
/scholarships/for-students-from/bosnia-herzegovina/study-in/germany,BA,Bosnia & Herzegovina,DE,Germany,93,priority_candidate,priority_launch_after_QA,"noindex,follow_until_manual_approve",false_until_manual_approve,review_generic_DE_host_cluster,medium_intent_overlap_with_hub_filtered_urls_hub_queries_are_typically_noindex_cross_country_path_not_implemented_yet_unique_when_launched,low_strict_pair_from_nonempty_host_codes,Priority volume (50+). Strong candidate after QA; Ads only after proving audience fit (many *→DE listings look similar).,pending
/scholarships/for-students-from/north-macedonia/study-in/germany,MK,North Macedonia,DE,Germany,92,priority_candidate,priority_launch_after_QA,"noindex,follow_until_manual_approve",false_until_manual_approve,review_generic_DE_host_cluster,medium_intent_overlap_with_hub_filtered_urls_hub_queries_are_typically_noindex_cross_country_path_not_implemented_yet_unique_when_launched,low_strict_pair_from_nonempty_host_codes,Priority volume (50+). Strong candidate after QA; Ads only after proving audience fit (many *→DE listings look similar).,pending
/scholarships/for-students-from/france/study-in/germany,FR,France,DE,Germany,91,priority_candidate,priority_launch_after_QA,"noindex,follow_until_manual_approve",false_until_manual_approve,review_generic_DE_host_cluster,medium_intent_overlap_with_hub_filtered_urls_hub_queries_are_typically_noindex_cross_country_path_not_implemented_yet_unique_when_launched,low_strict_pair_from_nonempty_host_codes,Priority volume (50+). Strong candidate after QA; Ads only after proving audience fit (many *→DE listings look similar).,pending
/scholarships/for-students-from/bangladesh/study-in/germany,BD,Bangladesh,DE,Germany,91,priority_candidate,priority_launch_after_QA,"noindex,follow_until_manual_approve",false_until_manual_approve,review_generic_DE_host_cluster,medium_intent_overlap_with_hub_filtered_urls_hub_queries_are_typically_noindex_cross_country_path_not_implemented_yet_unique_when_launched,low_strict_pair_from_nonempty_host_codes,Priority volume (50+). Strong candidate after QA; Ads only after proving audience fit (many *→DE listings look similar).,pending
/scholarships/for-students-from/south-africa/study-in/germany,ZA,South Africa,DE,Germany,91,priority_candidate,priority_launch_after_QA,"noindex,follow_until_manual_approve",false_until_manual_approve,review_generic_DE_host_cluster,medium_intent_overlap_with_hub_filtered_urls_hub_queries_are_typically_noindex_cross_country_path_not_implemented_yet_unique_when_launched,low_strict_pair_from_nonempty_host_codes,Priority volume (50+). Strong candidate after QA; Ads only after proving audience fit (many *→DE listings look similar).,pending
/scholarships/for-students-from/guatemala/study-in/germany,GT,Guatemala,DE,Germany,91,priority_candidate,priority_launch_after_QA,"noindex,follow_until_manual_approve",false_until_manual_approve,review_generic_DE_host_cluster,medium_intent_overlap_with_hub_filtered_urls_hub_queries_are_typically_noindex_cross_country_path_not_implemented_yet_unique_when_launched,low_strict_pair_from_nonempty_host_codes,Priority volume (50+). Strong candidate after QA; Ads only after proving audience fit (many *→DE listings look similar).,pending
/scholarships/for-students-from/dominican-republic/study-in/germany,DO,Dominican Republic,DE,Germany,91,priority_candidate,priority_launch_after_QA,"noindex,follow_until_manual_approve",false_until_manual_approve,review_generic_DE_host_cluster,medium_intent_overlap_with_hub_filtered_urls_hub_queries_are_typically_noindex_cross_country_path_not_implemented_yet_unique_when_launched,low_strict_pair_from_nonempty_host_codes,Priority volume (50+). Strong candidate after QA; Ads only after proving audience fit (many *→DE listings look similar).,pending
/scholarships/for-students-from/costa-rica/study-in/germany,CR,Costa Rica,DE,Germany,91,priority_candidate,priority_launch_after_QA,"noindex,follow_until_manual_approve",false_until_manual_approve,review_generic_DE_host_cluster,medium_intent_overlap_with_hub_filtered_urls_hub_queries_are_typically_noindex_cross_country_path_not_implemented_yet_unique_when_launched,low_strict_pair_from_nonempty_host_codes,Priority volume (50+). Strong candidate after QA; Ads only after proving audience fit (many *→DE listings look similar).,pending
/scholarships/for-students-from/peru/study-in/germany,PE,Peru,DE,Germany,91,priority_candidate,priority_launch_after_QA,"noindex,follow_until_manual_approve",false_until_manual_approve,review_generic_DE_host_cluster,medium_intent_overlap_with_hub_filtered_urls_hub_queries_are_typically_noindex_cross_country_path_not_implemented_yet_unique_when_launched,low_strict_pair_from_nonempty_host_codes,Priority volume (50+). Strong candidate after QA; Ads only after proving audience fit (many *→DE listings look similar).,pending
/scholarships/for-students-from/cambodia/study-in/germany,KH,Cambodia,DE,Germany,91,priority_candidate,priority_launch_after_QA,"noindex,follow_until_manual_approve",false_until_manual_approve,review_generic_DE_host_cluster,medium_intent_overlap_with_hub_filtered_urls_hub_queries_are_typically_noindex_cross_country_path_not_implemented_yet_unique_when_launched,low_strict_pair_from_nonempty_host_codes,Priority volume (50+). Strong candidate after QA; Ads only after proving audience fit (many *→DE listings look similar).,pending
/scholarships/for-students-from/tajikistan/study-in/germany,TJ,Tajikistan,DE,Germany,91,priority_candidate,priority_launch_after_QA,"noindex,follow_until_manual_approve",false_until_manual_approve,review_generic_DE_host_cluster,medium_intent_overlap_with_hub_filtered_urls_hub_queries_are_typically_noindex_cross_country_path_not_implemented_yet_unique_when_launched,low_strict_pair_from_nonempty_host_codes,Priority volume (50+). Strong candidate after QA; Ads only after proving audience fit (many *→DE listings look similar).,pending
/scholarships/for-students-from/uzbekistan/study-in/germany,UZ,Uzbekistan,DE,Germany,91,priority_candidate,priority_launch_after_QA,"noindex,follow_until_manual_approve",false_until_manual_approve,review_generic_DE_host_cluster,medium_intent_overlap_with_hub_filtered_urls_hub_queries_are_typically_noindex_cross_country_path_not_implemented_yet_unique_when_launched,low_strict_pair_from_nonempty_host_codes,Priority volume (50+). Strong candidate after QA; Ads only after proving audience fit (many *→DE listings look similar).,pending
/scholarships/for-students-from/armenia/study-in/germany,AM,Armenia,DE,Germany,91,priority_candidate,priority_launch_after_QA,"noindex,follow_until_manual_approve",false_until_manual_approve,review_generic_DE_host_cluster,medium_intent_overlap_with_hub_filtered_urls_hub_queries_are_typically_noindex_cross_country_path_not_implemented_yet_unique_when_launched,low_strict_pair_from_nonempty_host_codes,Priority volume (50+). Strong candidate after QA; Ads only after proving audience fit (many *→DE listings look similar).,pending
/scholarships/for-students-from/czechia/study-in/germany,CZ,Czechia,DE,Germany,90,priority_candidate,priority_launch_after_QA,"noindex,follow_until_manual_approve",false_until_manual_approve,review_generic_DE_host_cluster,medium_intent_overlap_with_hub_filtered_urls_hub_queries_are_typically_noindex_cross_country_path_not_implemented_yet_unique_when_launched,low_strict_pair_from_nonempty_host_codes,Priority volume (50+). Strong candidate after QA; Ads only after proving audience fit (many *→DE listings look similar).,pending
/scholarships/for-students-from/poland/study-in/germany,PL,Poland,DE,Germany,90,priority_candidate,priority_launch_after_QA,"noindex,follow_until_manual_approve",false_until_manual_approve,review_generic_DE_host_cluster,medium_intent_overlap_with_hub_filtered_urls_hub_queries_are_typically_noindex_cross_country_path_not_implemented_yet_unique_when_launched,low_strict_pair_from_nonempty_host_codes,Priority volume (50+). Strong candidate after QA; Ads only after proving audience fit (many *→DE listings look similar).,pending
/scholarships/for-students-from/india/study-in/germany,IN,India,DE,Germany,90,priority_candidate,priority_launch_after_QA,"noindex,follow_until_manual_approve",false_until_manual_approve,review_generic_DE_host_cluster,medium_intent_overlap_with_hub_filtered_urls_hub_queries_are_typically_noindex_cross_country_path_not_implemented_yet_unique_when_launched,low_strict_pair_from_nonempty_host_codes,Priority volume (50+). Strong candidate after QA; Ads only after proving audience fit (many *→DE listings look similar).,pending
/scholarships/for-students-from/tunisia/study-in/germany,TN,Tunisia,DE,Germany,90,priority_candidate,priority_launch_after_QA,"noindex,follow_until_manual_approve",false_until_manual_approve,review_generic_DE_host_cluster,medium_intent_overlap_with_hub_filtered_urls_hub_queries_are_typically_noindex_cross_country_path_not_implemented_yet_unique_when_launched,low_strict_pair_from_nonempty_host_codes,Priority volume (50+). Strong candidate after QA; Ads only after proving audience fit (many *→DE listings look similar).,pending
/scholarships/for-students-from/kenya/study-in/germany,KE,Kenya,DE,Germany,90,priority_candidate,priority_launch_after_QA,"noindex,follow_until_manual_approve",false_until_manual_approve,review_generic_DE_host_cluster,medium_intent_overlap_with_hub_filtered_urls_hub_queries_are_typically_noindex_cross_country_path_not_implemented_yet_unique_when_launched,low_strict_pair_from_nonempty_host_codes,Priority volume (50+). Strong candidate after QA; Ads only after proving audience fit (many *→DE listings look similar).,pending
/scholarships/for-students-from/ghana/study-in/germany,GH,Ghana,DE,Germany,90,priority_candidate,priority_launch_after_QA,"noindex,follow_until_manual_approve",false_until_manual_approve,review_generic_DE_host_cluster,medium_intent_overlap_with_hub_filtered_urls_hub_queries_are_typically_noindex_cross_country_path_not_implemented_yet_unique_when_launched,low_strict_pair_from_nonempty_host_codes,Priority volume (50+). Strong candidate after QA; Ads only after proving audience fit (many *→DE listings look similar).,pending
/scholarships/for-students-from/nicaragua/study-in/germany,NI,Nicaragua,DE,Germany,90,priority_candidate,priority_launch_after_QA,"noindex,follow_until_manual_approve",false_until_manual_approve,review_generic_DE_host_cluster,medium_intent_overlap_with_hub_filtered_urls_hub_queries_are_typically_noindex_cross_country_path_not_implemented_yet_unique_when_launched,low_strict_pair_from_nonempty_host_codes,Priority volume (50+). Strong candidate after QA; Ads only after proving audience fit (many *→DE listings look similar).,pending
/scholarships/for-students-from/kyrgyzstan/study-in/germany,KG,Kyrgyzstan,DE,Germany,90,priority_candidate,priority_launch_after_QA,"noindex,follow_until_manual_approve",false_until_manual_approve,review_generic_DE_host_cluster,medium_intent_overlap_with_hub_filtered_urls_hub_queries_are_typically_noindex_cross_country_path_not_implemented_yet_unique_when_launched,low_strict_pair_from_nonempty_host_codes,Priority volume (50+). Strong candidate after QA; Ads only after proving audience fit (many *→DE listings look similar).,pending
/scholarships/for-students-from/azerbaijan/study-in/germany,AZ,Azerbaijan,DE,Germany,90,priority_candidate,priority_launch_after_QA,"noindex,follow_until_manual_approve",false_until_manual_approve,review_generic_DE_host_cluster,medium_intent_overlap_with_hub_filtered_urls_hub_queries_are_typically_noindex_cross_country_path_not_implemented_yet_unique_when_launched,low_strict_pair_from_nonempty_host_codes,Priority volume (50+). Strong candidate after QA; Ads only after proving audience fit (many *→DE listings look similar).,pending
/scholarships/for-students-from/paraguay/study-in/germany,PY,Paraguay,DE,Germany,89,priority_candidate,priority_launch_after_QA,"noindex,follow_until_manual_approve",false_until_manual_approve,review_generic_DE_host_cluster,medium_intent_overlap_with_hub_filtered_urls_hub_queries_are_typically_noindex_cross_country_path_not_implemented_yet_unique_when_launched,low_strict_pair_from_nonempty_host_codes,Priority volume (50+). Strong candidate after QA; Ads only after proving audience fit (many *→DE listings look similar).,pending
/scholarships/for-students-from/cuba/study-in/germany,CU,Cuba,DE,Germany,89,priority_candidate,priority_launch_after_QA,"noindex,follow_until_manual_approve",false_until_manual_approve,review_generic_DE_host_cluster,medium_intent_overlap_with_hub_filtered_urls_hub_queries_are_typically_noindex_cross_country_path_not_implemented_yet_unique_when_launched,low_strict_pair_from_nonempty_host_codes,Priority volume (50+). Strong candidate after QA; Ads only after proving audience fit (many *→DE listings look similar).,pending
/scholarships/for-students-from/sri-lanka/study-in/germany,LK,Sri Lanka,DE,Germany,89,priority_candidate,priority_launch_after_QA,"noindex,follow_until_manual_approve",false_until_manual_approve,review_generic_DE_host_cluster,medium_intent_overlap_with_hub_filtered_urls_hub_queries_are_typically_noindex_cross_country_path_not_implemented_yet_unique_when_launched,low_strict_pair_from_nonempty_host_codes,Priority volume (50+). Strong candidate after QA; Ads only after proving audience fit (many *→DE listings look similar).,pending
/scholarships/for-students-from/morocco/study-in/germany,MA,Morocco,DE,Germany,89,priority_candidate,priority_launch_after_QA,"noindex,follow_until_manual_approve",false_until_manual_approve,review_generic_DE_host_cluster,medium_intent_overlap_with_hub_filtered_urls_hub_queries_are_typically_noindex_cross_country_path_not_implemented_yet_unique_when_launched,low_strict_pair_from_nonempty_host_codes,Priority volume (50+). Strong candidate after QA; Ads only after proving audience fit (many *→DE listings look similar).,pending
/scholarships/for-students-from/ethiopia/study-in/germany,ET,Ethiopia,DE,Germany,89,priority_candidate,priority_launch_after_QA,"noindex,follow_until_manual_approve",false_until_manual_approve,review_generic_DE_host_cluster,medium_intent_overlap_with_hub_filtered_urls_hub_queries_are_typically_noindex_cross_country_path_not_implemented_yet_unique_when_launched,low_strict_pair_from_nonempty_host_codes,Priority volume (50+). Strong candidate after QA; Ads only after proving audience fit (many *→DE listings look similar).,pending
/scholarships/for-students-from/el-salvador/study-in/germany,SV,El Salvador,DE,Germany,89,priority_candidate,priority_launch_after_QA,"noindex,follow_until_manual_approve",false_until_manual_approve,review_generic_DE_host_cluster,medium_intent_overlap_with_hub_filtered_urls_hub_queries_are_typically_noindex_cross_country_path_not_implemented_yet_unique_when_launched,low_strict_pair_from_nonempty_host_codes,Priority volume (50+). Strong candidate after QA; Ads only after proving audience fit (many *→DE listings look similar).,pending
/scholarships/for-students-from/honduras/study-in/germany,HN,Honduras,DE,Germany,89,priority_candidate,priority_launch_after_QA,"noindex,follow_until_manual_approve",false_until_manual_approve,review_generic_DE_host_cluster,medium_intent_overlap_with_hub_filtered_urls_hub_queries_are_typically_noindex_cross_country_path_not_implemented_yet_unique_when_launched,low_strict_pair_from_nonempty_host_codes,Priority volume (50+). Strong candidate after QA; Ads only after proving audience fit (many *→DE listings look similar).,pending
/scholarships/for-students-from/ecuador/study-in/germany,EC,Ecuador,DE,Germany,89,priority_candidate,priority_launch_after_QA,"noindex,follow_until_manual_approve",false_until_manual_approve,review_generic_DE_host_cluster,medium_intent_overlap_with_hub_filtered_urls_hub_queries_are_typically_noindex_cross_country_path_not_implemented_yet_unique_when_launched,low_strict_pair_from_nonempty_host_codes,Priority volume (50+). Strong candidate after QA; Ads only after proving audience fit (many *→DE listings look similar).,pending
/scholarships/for-students-from/jordan/study-in/germany,JO,Jordan,DE,Germany,89,priority_candidate,priority_launch_after_QA,"noindex,follow_until_manual_approve",false_until_manual_approve,review_generic_DE_host_cluster,medium_intent_overlap_with_hub_filtered_urls_hub_queries_are_typically_noindex_cross_country_path_not_implemented_yet_unique_when_launched,low_strict_pair_from_nonempty_host_codes,Priority volume (50+). Strong candidate after QA; Ads only after proving audience fit (many *→DE listings look similar).,pending
/scholarships/for-students-from/romania/study-in/germany,RO,Romania,DE,Germany,88,priority_candidate,priority_launch_after_QA,"noindex,follow_until_manual_approve",false_until_manual_approve,review_generic_DE_host_cluster,medium_intent_overlap_with_hub_filtered_urls_hub_queries_are_typically_noindex_cross_country_path_not_implemented_yet_unique_when_launched,low_strict_pair_from_nonempty_host_codes,Priority volume (50+). Strong candidate after QA; Ads only after proving audience fit (many *→DE listings look similar).,pending
/scholarships/for-students-from/canada/study-in/germany,CA,Canada,DE,Germany,88,priority_candidate,priority_launch_after_QA,"noindex,follow_until_manual_approve",false_until_manual_approve,review_generic_DE_host_cluster,medium_intent_overlap_with_hub_filtered_urls_hub_queries_are_typically_noindex_cross_country_path_not_implemented_yet_unique_when_launched,low_strict_pair_from_nonempty_host_codes,Priority volume (50+). Strong candidate after QA; Ads only after proving audience fit (many *→DE listings look similar).,pending
/scholarships/for-students-from/turkey/study-in/germany,TR,Turkey,DE,Germany,88,priority_candidate,priority_launch_after_QA,"noindex,follow_until_manual_approve",false_until_manual_approve,review_generic_DE_host_cluster,medium_intent_overlap_with_hub_filtered_urls_hub_queries_are_typically_noindex_cross_country_path_not_implemented_yet_unique_when_launched,low_strict_pair_from_nonempty_host_codes,Priority volume (50+). Strong candidate after QA; Ads only after proving audience fit (many *→DE listings look similar).,pending
/scholarships/for-students-from/libya/study-in/germany,LY,Libya,DE,Germany,88,priority_candidate,priority_launch_after_QA,"noindex,follow_until_manual_approve",false_until_manual_approve,review_generic_DE_host_cluster,medium_intent_overlap_with_hub_filtered_urls_hub_queries_are_typically_noindex_cross_country_path_not_implemented_yet_unique_when_launched,low_strict_pair_from_nonempty_host_codes,Priority volume (50+). Strong candidate after QA; Ads only after proving audience fit (many *→DE listings look similar).,pending
/scholarships/for-students-from/algeria/study-in/germany,DZ,Algeria,DE,Germany,88,priority_candidate,priority_launch_after_QA,"noindex,follow_until_manual_approve",false_until_manual_approve,review_generic_DE_host_cluster,medium_intent_overlap_with_hub_filtered_urls_hub_queries_are_typically_noindex_cross_country_path_not_implemented_yet_unique_when_launched,low_strict_pair_from_nonempty_host_codes,Priority volume (50+). Strong candidate after QA; Ads only after proving audience fit (many *→DE listings look similar).,pending
/scholarships/for-students-from/namibia/study-in/germany,NA,Namibia,DE,Germany,88,priority_candidate,priority_launch_after_QA,"noindex,follow_until_manual_approve",false_until_manual_approve,review_generic_DE_host_cluster,medium_intent_overlap_with_hub_filtered_urls_hub_queries_are_typically_noindex_cross_country_path_not_implemented_yet_unique_when_launched,low_strict_pair_from_nonempty_host_codes,Priority volume (50+). Strong candidate after QA; Ads only after proving audience fit (many *→DE listings look similar).,pending
/scholarships/for-students-from/zimbabwe/study-in/germany,ZW,Zimbabwe,DE,Germany,88,priority_candidate,priority_launch_after_QA,"noindex,follow_until_manual_approve",false_until_manual_approve,review_generic_DE_host_cluster,medium_intent_overlap_with_hub_filtered_urls_hub_queries_are_typically_noindex_cross_country_path_not_implemented_yet_unique_when_launched,low_strict_pair_from_nonempty_host_codes,Priority volume (50+). Strong candidate after QA; Ads only after proving audience fit (many *→DE listings look similar).,pending
/scholarships/for-students-from/nigeria/study-in/germany,NG,Nigeria,DE,Germany,88,priority_candidate,priority_launch_after_QA,"noindex,follow_until_manual_approve",false_until_manual_approve,review_generic_DE_host_cluster,medium_intent_overlap_with_hub_filtered_urls_hub_queries_are_typically_noindex_cross_country_path_not_implemented_yet_unique_when_launched,low_strict_pair_from_nonempty_host_codes,Priority volume (50+). Strong candidate after QA; Ads only after proving audience fit (many *→DE listings look similar).,pending
/scholarships/for-students-from/lebanon/study-in/germany,LB,Lebanon,DE,Germany,88,priority_candidate,priority_launch_after_QA,"noindex,follow_until_manual_approve",false_until_manual_approve,review_generic_DE_host_cluster,medium_intent_overlap_with_hub_filtered_urls_hub_queries_are_typically_noindex_cross_country_path_not_implemented_yet_unique_when_launched,low_strict_pair_from_nonempty_host_codes,Priority volume (50+). Strong candidate after QA; Ads only after proving audience fit (many *→DE listings look similar).,pending
/scholarships/for-students-from/belarus/study-in/germany,BY,Belarus,DE,Germany,88,priority_candidate,priority_launch_after_QA,"noindex,follow_until_manual_approve",false_until_manual_approve,review_generic_DE_host_cluster,medium_intent_overlap_with_hub_filtered_urls_hub_queries_are_typically_noindex_cross_country_path_not_implemented_yet_unique_when_launched,low_strict_pair_from_nonempty_host_codes,Priority volume (50+). Strong candidate after QA; Ads only after proving audience fit (many *→DE listings look similar).,pending
/scholarships/for-students-from/bulgaria/study-in/germany,BG,Bulgaria,DE,Germany,88,priority_candidate,priority_launch_after_QA,"noindex,follow_until_manual_approve",false_until_manual_approve,review_generic_DE_host_cluster,medium_intent_overlap_with_hub_filtered_urls_hub_queries_are_typically_noindex_cross_country_path_not_implemented_yet_unique_when_launched,low_strict_pair_from_nonempty_host_codes,Priority volume (50+). Strong candidate after QA; Ads only after proving audience fit (many *→DE listings look similar).,pending
/scholarships/for-students-from/croatia/study-in/germany,HR,Croatia,DE,Germany,88,priority_candidate,priority_launch_after_QA,"noindex,follow_until_manual_approve",false_until_manual_approve,review_generic_DE_host_cluster,medium_intent_overlap_with_hub_filtered_urls_hub_queries_are_typically_noindex_cross_country_path_not_implemented_yet_unique_when_launched,low_strict_pair_from_nonempty_host_codes,Priority volume (50+). Strong candidate after QA; Ads only after proving audience fit (many *→DE listings look similar).,pending
/scholarships/for-students-from/spain/study-in/germany,ES,Spain,DE,Germany,87,priority_candidate,priority_launch_after_QA,"noindex,follow_until_manual_approve",false_until_manual_approve,review_generic_DE_host_cluster,medium_intent_overlap_with_hub_filtered_urls_hub_queries_are_typically_noindex_cross_country_path_not_implemented_yet_unique_when_launched,low_strict_pair_from_nonempty_host_codes,Priority volume (50+). Strong candidate after QA; Ads only after proving audience fit (many *→DE listings look similar).,pending
/scholarships/for-students-from/hungary/study-in/germany,HU,Hungary,DE,Germany,87,priority_candidate,priority_launch_after_QA,"noindex,follow_until_manual_approve",false_until_manual_approve,review_generic_DE_host_cluster,medium_intent_overlap_with_hub_filtered_urls_hub_queries_are_typically_noindex_cross_country_path_not_implemented_yet_unique_when_launched,low_strict_pair_from_nonempty_host_codes,Priority volume (50+). Strong candidate after QA; Ads only after proving audience fit (many *→DE listings look similar).,pending
/scholarships/for-students-from/slovenia/study-in/germany,SI,Slovenia,DE,Germany,87,priority_candidate,priority_launch_after_QA,"noindex,follow_until_manual_approve",false_until_manual_approve,review_generic_DE_host_cluster,medium_intent_overlap_with_hub_filtered_urls_hub_queries_are_typically_noindex_cross_country_path_not_implemented_yet_unique_when_launched,low_strict_pair_from_nonempty_host_codes,Priority volume (50+). Strong candidate after QA; Ads only after proving audience fit (many *→DE listings look similar).,pending
/scholarships/for-students-from/pakistan/study-in/germany,PK,Pakistan,DE,Germany,87,priority_candidate,priority_launch_after_QA,"noindex,follow_until_manual_approve",false_until_manual_approve,review_generic_DE_host_cluster,medium_intent_overlap_with_hub_filtered_urls_hub_queries_are_typically_noindex_cross_country_path_not_implemented_yet_unique_when_launched,low_strict_pair_from_nonempty_host_codes,Priority volume (50+). Strong candidate after QA; Ads only after proving audience fit (many *→DE listings look similar).,pending
/scholarships/for-students-from/uganda/study-in/germany,UG,Uganda,DE,Germany,87,priority_candidate,priority_launch_after_QA,"noindex,follow_until_manual_approve",false_until_manual_approve,review_generic_DE_host_cluster,medium_intent_overlap_with_hub_filtered_urls_hub_queries_are_typically_noindex_cross_country_path_not_implemented_yet_unique_when_launched,low_strict_pair_from_nonempty_host_codes,Priority volume (50+). Strong candidate after QA; Ads only after proving audience fit (many *→DE listings look similar).,pending
/scholarships/for-students-from/slovakia/study-in/germany,SK,Slovakia,DE,Germany,86,priority_candidate,priority_launch_after_QA,"noindex,follow_until_manual_approve",false_until_manual_approve,review_generic_DE_host_cluster,medium_intent_overlap_with_hub_filtered_urls_hub_queries_are_typically_noindex_cross_country_path_not_implemented_yet_unique_when_launched,low_strict_pair_from_nonempty_host_codes,Priority volume (50+). Strong candidate after QA; Ads only after proving audience fit (many *→DE listings look similar).,pending
/scholarships/for-students-from/burkina-faso/study-in/germany,BF,Burkina Faso,DE,Germany,86,priority_candidate,priority_launch_after_QA,"noindex,follow_until_manual_approve",false_until_manual_approve,review_generic_DE_host_cluster,medium_intent_overlap_with_hub_filtered_urls_hub_queries_are_typically_noindex_cross_country_path_not_implemented_yet_unique_when_launched,low_strict_pair_from_nonempty_host_codes,Priority volume (50+). Strong candidate after QA; Ads only after proving audience fit (many *→DE listings look similar).,pending
/scholarships/for-students-from/nepal/study-in/germany,NP,Nepal,DE,Germany,86,priority_candidate,priority_launch_after_QA,"noindex,follow_until_manual_approve",false_until_manual_approve,review_generic_DE_host_cluster,medium_intent_overlap_with_hub_filtered_urls_hub_queries_are_typically_noindex_cross_country_path_not_implemented_yet_unique_when_launched,low_strict_pair_from_nonempty_host_codes,Priority volume (50+). Strong candidate after QA; Ads only after proving audience fit (many *→DE listings look similar).,pending
/scholarships/for-students-from/sudan/study-in/germany,SD,Sudan,DE,Germany,86,priority_candidate,priority_launch_after_QA,"noindex,follow_until_manual_approve",false_until_manual_approve,review_generic_DE_host_cluster,medium_intent_overlap_with_hub_filtered_urls_hub_queries_are_typically_noindex_cross_country_path_not_implemented_yet_unique_when_launched,low_strict_pair_from_nonempty_host_codes,Priority volume (50+). Strong candidate after QA; Ads only after proving audience fit (many *→DE listings look similar).,pending
/scholarships/for-students-from/senegal/study-in/germany,SN,Senegal,DE,Germany,86,priority_candidate,priority_launch_after_QA,"noindex,follow_until_manual_approve",false_until_manual_approve,review_generic_DE_host_cluster,medium_intent_overlap_with_hub_filtered_urls_hub_queries_are_typically_noindex_cross_country_path_not_implemented_yet_unique_when_launched,low_strict_pair_from_nonempty_host_codes,Priority volume (50+). Strong candidate after QA; Ads only after proving audience fit (many *→DE listings look similar).,pending
/scholarships/for-students-from/mozambique/study-in/germany,MZ,Mozambique,DE,Germany,86,priority_candidate,priority_launch_after_QA,"noindex,follow_until_manual_approve",false_until_manual_approve,review_generic_DE_host_cluster,medium_intent_overlap_with_hub_filtered_urls_hub_queries_are_typically_noindex_cross_country_path_not_implemented_yet_unique_when_launched,low_strict_pair_from_nonempty_host_codes,Priority volume (50+). Strong candidate after QA; Ads only after proving audience fit (many *→DE listings look similar).,pending
/scholarships/for-students-from/mali/study-in/germany,ML,Mali,DE,Germany,86,priority_candidate,priority_launch_after_QA,"noindex,follow_until_manual_approve",false_until_manual_approve,review_generic_DE_host_cluster,medium_intent_overlap_with_hub_filtered_urls_hub_queries_are_typically_noindex_cross_country_path_not_implemented_yet_unique_when_launched,low_strict_pair_from_nonempty_host_codes,Priority volume (50+). Strong candidate after QA; Ads only after proving audience fit (many *→DE listings look similar).,pending
/scholarships/for-students-from/cameroon/study-in/germany,CM,Cameroon,DE,Germany,86,priority_candidate,priority_launch_after_QA,"noindex,follow_until_manual_approve",false_until_manual_approve,review_generic_DE_host_cluster,medium_intent_overlap_with_hub_filtered_urls_hub_queries_are_typically_noindex_cross_country_path_not_implemented_yet_unique_when_launched,low_strict_pair_from_nonempty_host_codes,Priority volume (50+). Strong candidate after QA; Ads only after proving audience fit (many *→DE listings look similar).,pending
/scholarships/for-students-from/cote-d-ivoire/study-in/germany,CI,Côte d’Ivoire,DE,Germany,86,priority_candidate,priority_launch_after_QA,"noindex,follow_until_manual_approve",false_until_manual_approve,review_generic_DE_host_cluster,medium_intent_overlap_with_hub_filtered_urls_hub_queries_are_typically_noindex_cross_country_path_not_implemented_yet_unique_when_launched,low_strict_pair_from_nonempty_host_codes,Priority volume (50+). Strong candidate after QA; Ads only after proving audience fit (many *→DE listings look similar).,pending
/scholarships/for-students-from/benin/study-in/germany,BJ,Benin,DE,Germany,86,priority_candidate,priority_launch_after_QA,"noindex,follow_until_manual_approve",false_until_manual_approve,review_generic_DE_host_cluster,medium_intent_overlap_with_hub_filtered_urls_hub_queries_are_typically_noindex_cross_country_path_not_implemented_yet_unique_when_launched,low_strict_pair_from_nonempty_host_codes,Priority volume (50+). Strong candidate after QA; Ads only after proving audience fit (many *→DE listings look similar).,pending
/scholarships/for-students-from/burundi/study-in/germany,BI,Burundi,DE,Germany,86,priority_candidate,priority_launch_after_QA,"noindex,follow_until_manual_approve",false_until_manual_approve,review_generic_DE_host_cluster,medium_intent_overlap_with_hub_filtered_urls_hub_queries_are_typically_noindex_cross_country_path_not_implemented_yet_unique_when_launched,low_strict_pair_from_nonempty_host_codes,Priority volume (50+). Strong candidate after QA; Ads only after proving audience fit (many *→DE listings look similar).,pending
/scholarships/for-students-from/angola/study-in/germany,AO,Angola,DE,Germany,86,priority_candidate,priority_launch_after_QA,"noindex,follow_until_manual_approve",false_until_manual_approve,review_generic_DE_host_cluster,medium_intent_overlap_with_hub_filtered_urls_hub_queries_are_typically_noindex_cross_country_path_not_implemented_yet_unique_when_launched,low_strict_pair_from_nonempty_host_codes,Priority volume (50+). Strong candidate after QA; Ads only after proving audience fit (many *→DE listings look similar).,pending
/scholarships/for-students-from/jamaica/study-in/germany,JM,Jamaica,DE,Germany,86,priority_candidate,priority_launch_after_QA,"noindex,follow_until_manual_approve",false_until_manual_approve,review_generic_DE_host_cluster,medium_intent_overlap_with_hub_filtered_urls_hub_queries_are_typically_noindex_cross_country_path_not_implemented_yet_unique_when_launched,low_strict_pair_from_nonempty_host_codes,Priority volume (50+). Strong candidate after QA; Ads only after proving audience fit (many *→DE listings look similar).,pending
/scholarships/for-students-from/belize/study-in/germany,BZ,Belize,DE,Germany,86,priority_candidate,priority_launch_after_QA,"noindex,follow_until_manual_approve",false_until_manual_approve,review_generic_DE_host_cluster,medium_intent_overlap_with_hub_filtered_urls_hub_queries_are_typically_noindex_cross_country_path_not_implemented_yet_unique_when_launched,low_strict_pair_from_nonempty_host_codes,Priority volume (50+). Strong candidate after QA; Ads only after proving audience fit (many *→DE listings look similar).,pending
/scholarships/for-students-from/bolivia/study-in/germany,BO,Bolivia,DE,Germany,86,priority_candidate,priority_launch_after_QA,"noindex,follow_until_manual_approve",false_until_manual_approve,review_generic_DE_host_cluster,medium_intent_overlap_with_hub_filtered_urls_hub_queries_are_typically_noindex_cross_country_path_not_implemented_yet_unique_when_launched,low_strict_pair_from_nonempty_host_codes,Priority volume (50+). Strong candidate after QA; Ads only after proving audience fit (many *→DE listings look similar).,pending
/scholarships/for-students-from/iraq/study-in/germany,IQ,Iraq,DE,Germany,86,priority_candidate,priority_launch_after_QA,"noindex,follow_until_manual_approve",false_until_manual_approve,review_generic_DE_host_cluster,medium_intent_overlap_with_hub_filtered_urls_hub_queries_are_typically_noindex_cross_country_path_not_implemented_yet_unique_when_launched,low_strict_pair_from_nonempty_host_codes,Priority volume (50+). Strong candidate after QA; Ads only after proving audience fit (many *→DE listings look similar).,pending
/scholarships/for-students-from/lithuania/study-in/germany,LT,Lithuania,DE,Germany,85,priority_candidate,priority_launch_after_QA,"noindex,follow_until_manual_approve",false_until_manual_approve,review_generic_DE_host_cluster,medium_intent_overlap_with_hub_filtered_urls_hub_queries_are_typically_noindex_cross_country_path_not_implemented_yet_unique_when_launched,low_strict_pair_from_nonempty_host_codes,Priority volume (50+). Strong candidate after QA; Ads only after proving audience fit (many *→DE listings look similar).,pending
/scholarships/for-students-from/latvia/study-in/germany,LV,Latvia,DE,Germany,85,priority_candidate,priority_launch_after_QA,"noindex,follow_until_manual_approve",false_until_manual_approve,review_generic_DE_host_cluster,medium_intent_overlap_with_hub_filtered_urls_hub_queries_are_typically_noindex_cross_country_path_not_implemented_yet_unique_when_launched,low_strict_pair_from_nonempty_host_codes,Priority volume (50+). Strong candidate after QA; Ads only after proving audience fit (many *→DE listings look similar).,pending
/scholarships/for-students-from/iran/study-in/germany,IR,Iran,DE,Germany,85,priority_candidate,priority_launch_after_QA,"noindex,follow_until_manual_approve",false_until_manual_approve,review_generic_DE_host_cluster,medium_intent_overlap_with_hub_filtered_urls_hub_queries_are_typically_noindex_cross_country_path_not_implemented_yet_unique_when_launched,low_strict_pair_from_nonempty_host_codes,Priority volume (50+). Strong candidate after QA; Ads only after proving audience fit (many *→DE listings look similar).,pending
/scholarships/for-students-from/central-african-republic/study-in/germany,CF,Central African Republic,DE,Germany,85,priority_candidate,priority_launch_after_QA,"noindex,follow_until_manual_approve",false_until_manual_approve,review_generic_DE_host_cluster,medium_intent_overlap_with_hub_filtered_urls_hub_queries_are_typically_noindex_cross_country_path_not_implemented_yet_unique_when_launched,low_strict_pair_from_nonempty_host_codes,Priority volume (50+). Strong candidate after QA; Ads only after proving audience fit (many *→DE listings look similar).,pending
/scholarships/for-students-from/chad/study-in/germany,TD,Chad,DE,Germany,85,priority_candidate,priority_launch_after_QA,"noindex,follow_until_manual_approve",false_until_manual_approve,review_generic_DE_host_cluster,medium_intent_overlap_with_hub_filtered_urls_hub_queries_are_typically_noindex_cross_country_path_not_implemented_yet_unique_when_launched,low_strict_pair_from_nonempty_host_codes,Priority volume (50+). Strong candidate after QA; Ads only after proving audience fit (many *→DE listings look similar).,pending
/scholarships/for-students-from/somalia/study-in/germany,SO,Somalia,DE,Germany,85,priority_candidate,priority_launch_after_QA,"noindex,follow_until_manual_approve",false_until_manual_approve,review_generic_DE_host_cluster,medium_intent_overlap_with_hub_filtered_urls_hub_queries_are_typically_noindex_cross_country_path_not_implemented_yet_unique_when_launched,low_strict_pair_from_nonempty_host_codes,Priority volume (50+). Strong candidate after QA; Ads only after proving audience fit (many *→DE listings look similar).,pending
/scholarships/for-students-from/rwanda/study-in/germany,RW,Rwanda,DE,Germany,85,priority_candidate,priority_launch_after_QA,"noindex,follow_until_manual_approve",false_until_manual_approve,review_generic_DE_host_cluster,medium_intent_overlap_with_hub_filtered_urls_hub_queries_are_typically_noindex_cross_country_path_not_implemented_yet_unique_when_launched,low_strict_pair_from_nonempty_host_codes,Priority volume (50+). Strong candidate after QA; Ads only after proving audience fit (many *→DE listings look similar).,pending
/scholarships/for-students-from/niger/study-in/germany,NE,Niger,DE,Germany,85,priority_candidate,priority_launch_after_QA,"noindex,follow_until_manual_approve",false_until_manual_approve,review_generic_DE_host_cluster,medium_intent_overlap_with_hub_filtered_urls_hub_queries_are_typically_noindex_cross_country_path_not_implemented_yet_unique_when_launched,low_strict_pair_from_nonempty_host_codes,Priority volume (50+). Strong candidate after QA; Ads only after proving audience fit (many *→DE listings look similar).,pending
/scholarships/for-students-from/liberia/study-in/germany,LR,Liberia,DE,Germany,85,priority_candidate,priority_launch_after_QA,"noindex,follow_until_manual_approve",false_until_manual_approve,review_generic_DE_host_cluster,medium_intent_overlap_with_hub_filtered_urls_hub_queries_are_typically_noindex_cross_country_path_not_implemented_yet_unique_when_launched,low_strict_pair_from_nonempty_host_codes,Priority volume (50+). Strong candidate after QA; Ads only after proving audience fit (many *→DE listings look similar).,pending
/scholarships/for-students-from/lesotho/study-in/germany,LS,Lesotho,DE,Germany,85,priority_candidate,priority_launch_after_QA,"noindex,follow_until_manual_approve",false_until_manual_approve,review_generic_DE_host_cluster,medium_intent_overlap_with_hub_filtered_urls_hub_queries_are_typically_noindex_cross_country_path_not_implemented_yet_unique_when_launched,low_strict_pair_from_nonempty_host_codes,Priority volume (50+). Strong candidate after QA; Ads only after proving audience fit (many *→DE listings look similar).,pending
/scholarships/for-students-from/cape-verde/study-in/germany,CV,Cape Verde,DE,Germany,85,priority_candidate,priority_launch_after_QA,"noindex,follow_until_manual_approve",false_until_manual_approve,review_generic_DE_host_cluster,medium_intent_overlap_with_hub_filtered_urls_hub_queries_are_typically_noindex_cross_country_path_not_implemented_yet_unique_when_launched,low_strict_pair_from_nonempty_host_codes,Priority volume (50+). Strong candidate after QA; Ads only after proving audience fit (many *→DE listings look similar).,pending
/scholarships/for-students-from/guinea/study-in/germany,GN,Guinea,DE,Germany,85,priority_candidate,priority_launch_after_QA,"noindex,follow_until_manual_approve",false_until_manual_approve,review_generic_DE_host_cluster,medium_intent_overlap_with_hub_filtered_urls_hub_queries_are_typically_noindex_cross_country_path_not_implemented_yet_unique_when_launched,low_strict_pair_from_nonempty_host_codes,Priority volume (50+). Strong candidate after QA; Ads only after proving audience fit (many *→DE listings look similar).,pending
/scholarships/for-students-from/botswana/study-in/germany,BW,Botswana,DE,Germany,85,priority_candidate,priority_launch_after_QA,"noindex,follow_until_manual_approve",false_until_manual_approve,review_generic_DE_host_cluster,medium_intent_overlap_with_hub_filtered_urls_hub_queries_are_typically_noindex_cross_country_path_not_implemented_yet_unique_when_launched,low_strict_pair_from_nonempty_host_codes,Priority volume (50+). Strong candidate after QA; Ads only after proving audience fit (many *→DE listings look similar).,pending
/scholarships/for-students-from/haiti/study-in/germany,HT,Haiti,DE,Germany,85,priority_candidate,priority_launch_after_QA,"noindex,follow_until_manual_approve",false_until_manual_approve,review_generic_DE_host_cluster,medium_intent_overlap_with_hub_filtered_urls_hub_queries_are_typically_noindex_cross_country_path_not_implemented_yet_unique_when_launched,low_strict_pair_from_nonempty_host_codes,Priority volume (50+). Strong candidate after QA; Ads only after proving audience fit (many *→DE listings look similar).,pending
/scholarships/for-students-from/brazil/study-in/germany,BR,Brazil,DE,Germany,85,priority_candidate,priority_launch_after_QA,"noindex,follow_until_manual_approve",false_until_manual_approve,review_generic_DE_host_cluster,medium_intent_overlap_with_hub_filtered_urls_hub_queries_are_typically_noindex_cross_country_path_not_implemented_yet_unique_when_launched,low_strict_pair_from_nonempty_host_codes,Priority volume (50+). Strong candidate after QA; Ads only after proving audience fit (many *→DE listings look similar).,pending
/scholarships/for-students-from/switzerland/study-in/germany,CH,Switzerland,DE,Germany,84,priority_candidate,priority_launch_after_QA,"noindex,follow_until_manual_approve",false_until_manual_approve,review_generic_DE_host_cluster,medium_intent_overlap_with_hub_filtered_urls_hub_queries_are_typically_noindex_cross_country_path_not_implemented_yet_unique_when_launched,low_strict_pair_from_nonempty_host_codes,Priority volume (50+). Strong candidate after QA; Ads only after proving audience fit (many *→DE listings look similar).,pending
/scholarships/for-students-from/belgium/study-in/germany,BE,Belgium,DE,Germany,84,priority_candidate,priority_launch_after_QA,"noindex,follow_until_manual_approve",false_until_manual_approve,review_generic_DE_host_cluster,medium_intent_overlap_with_hub_filtered_urls_hub_queries_are_typically_noindex_cross_country_path_not_implemented_yet_unique_when_launched,low_strict_pair_from_nonempty_host_codes,Priority volume (50+). Strong candidate after QA; Ads only after proving audience fit (many *→DE listings look similar).,pending
/scholarships/for-students-from/zambia/study-in/germany,ZM,Zambia,DE,Germany,84,priority_candidate,priority_launch_after_QA,"noindex,follow_until_manual_approve",false_until_manual_approve,review_generic_DE_host_cluster,medium_intent_overlap_with_hub_filtered_urls_hub_queries_are_typically_noindex_cross_country_path_not_implemented_yet_unique_when_launched,low_strict_pair_from_nonempty_host_codes,Priority volume (50+). Strong candidate after QA; Ads only after proving audience fit (many *→DE listings look similar).,pending
/scholarships/for-students-from/panama/study-in/germany,PA,Panama,DE,Germany,84,priority_candidate,priority_launch_after_QA,"noindex,follow_until_manual_approve",false_until_manual_approve,review_generic_DE_host_cluster,medium_intent_overlap_with_hub_filtered_urls_hub_queries_are_typically_noindex_cross_country_path_not_implemented_yet_unique_when_launched,low_strict_pair_from_nonempty_host_codes,Priority volume (50+). Strong candidate after QA; Ads only after proving audience fit (many *→DE listings look similar).,pending
/scholarships/for-students-from/bhutan/study-in/germany,BT,Bhutan,DE,Germany,84,priority_candidate,priority_launch_after_QA,"noindex,follow_until_manual_approve",false_until_manual_approve,review_generic_DE_host_cluster,medium_intent_overlap_with_hub_filtered_urls_hub_queries_are_typically_noindex_cross_country_path_not_implemented_yet_unique_when_launched,low_strict_pair_from_nonempty_host_codes,Priority volume (50+). Strong candidate after QA; Ads only after proving audience fit (many *→DE listings look similar).,pending
/scholarships/for-students-from/yemen/study-in/germany,YE,Yemen,DE,Germany,84,priority_candidate,priority_launch_after_QA,"noindex,follow_until_manual_approve",false_until_manual_approve,review_generic_DE_host_cluster,medium_intent_overlap_with_hub_filtered_urls_hub_queries_are_typically_noindex_cross_country_path_not_implemented_yet_unique_when_launched,low_strict_pair_from_nonempty_host_codes,Priority volume (50+). Strong candidate after QA; Ads only after proving audience fit (many *→DE listings look similar).,pending
/scholarships/for-students-from/estonia/study-in/germany,EE,Estonia,DE,Germany,84,priority_candidate,priority_launch_after_QA,"noindex,follow_until_manual_approve",false_until_manual_approve,review_generic_DE_host_cluster,medium_intent_overlap_with_hub_filtered_urls_hub_queries_are_typically_noindex_cross_country_path_not_implemented_yet_unique_when_launched,low_strict_pair_from_nonempty_host_codes,Priority volume (50+). Strong candidate after QA; Ads only after proving audience fit (many *→DE listings look similar).,pending
/scholarships/for-students-from/ireland/study-in/germany,IE,Ireland,DE,Germany,84,priority_candidate,priority_launch_after_QA,"noindex,follow_until_manual_approve",false_until_manual_approve,review_generic_DE_host_cluster,medium_intent_overlap_with_hub_filtered_urls_hub_queries_are_typically_noindex_cross_country_path_not_implemented_yet_unique_when_launched,low_strict_pair_from_nonempty_host_codes,Priority volume (50+). Strong candidate after QA; Ads only after proving audience fit (many *→DE listings look similar).,pending
/scholarships/for-students-from/chile/study-in/germany,CL,Chile,DE,Germany,84,priority_candidate,priority_launch_after_QA,"noindex,follow_until_manual_approve",false_until_manual_approve,review_generic_DE_host_cluster,medium_intent_overlap_with_hub_filtered_urls_hub_queries_are_typically_noindex_cross_country_path_not_implemented_yet_unique_when_launched,low_strict_pair_from_nonempty_host_codes,Priority volume (50+). Strong candidate after QA; Ads only after proving audience fit (many *→DE listings look similar).,pending
/scholarships/for-students-from/italy/study-in/germany,IT,Italy,DE,Germany,83,priority_candidate,priority_launch_after_QA,"noindex,follow_until_manual_approve",false_until_manual_approve,review_generic_DE_host_cluster,medium_intent_overlap_with_hub_filtered_urls_hub_queries_are_typically_noindex_cross_country_path_not_implemented_yet_unique_when_launched,low_strict_pair_from_nonempty_host_codes,Priority volume (50+). Strong candidate after QA; Ads only after proving audience fit (many *→DE listings look similar).,pending
/scholarships/for-students-from/afghanistan/study-in/germany,AF,Afghanistan,DE,Germany,82,priority_candidate,priority_launch_after_QA,"noindex,follow_until_manual_approve",false_until_manual_approve,review_generic_DE_host_cluster,medium_intent_overlap_with_hub_filtered_urls_hub_queries_are_typically_noindex_cross_country_path_not_implemented_yet_unique_when_launched,low_strict_pair_from_nonempty_host_codes,Priority volume (50+). Strong candidate after QA; Ads only after proving audience fit (many *→DE listings look similar).,pending
/scholarships/for-students-from/denmark/study-in/germany,DK,Denmark,DE,Germany,82,priority_candidate,priority_launch_after_QA,"noindex,follow_until_manual_approve",false_until_manual_approve,review_generic_DE_host_cluster,medium_intent_overlap_with_hub_filtered_urls_hub_queries_are_typically_noindex_cross_country_path_not_implemented_yet_unique_when_launched,low_strict_pair_from_nonempty_host_codes,Priority volume (50+). Strong candidate after QA; Ads only after proving audience fit (many *→DE listings look similar).,pending
/scholarships/for-students-from/finland/study-in/germany,FI,Finland,DE,Germany,82,priority_candidate,priority_launch_after_QA,"noindex,follow_until_manual_approve",false_until_manual_approve,review_generic_DE_host_cluster,medium_intent_overlap_with_hub_filtered_urls_hub_queries_are_typically_noindex_cross_country_path_not_implemented_yet_unique_when_launched,low_strict_pair_from_nonempty_host_codes,Priority volume (50+). Strong candidate after QA; Ads only after proving audience fit (many *→DE listings look similar).,pending
/scholarships/for-students-from/greece/study-in/germany,GR,Greece,DE,Germany,82,priority_candidate,priority_launch_after_QA,"noindex,follow_until_manual_approve",false_until_manual_approve,review_generic_DE_host_cluster,medium_intent_overlap_with_hub_filtered_urls_hub_queries_are_typically_noindex_cross_country_path_not_implemented_yet_unique_when_launched,low_strict_pair_from_nonempty_host_codes,Priority volume (50+). Strong candidate after QA; Ads only after proving audience fit (many *→DE listings look similar).,pending
/scholarships/for-students-from/luxembourg/study-in/germany,LU,Luxembourg,DE,Germany,82,priority_candidate,priority_launch_after_QA,"noindex,follow_until_manual_approve",false_until_manual_approve,review_generic_DE_host_cluster,medium_intent_overlap_with_hub_filtered_urls_hub_queries_are_typically_noindex_cross_country_path_not_implemented_yet_unique_when_launched,low_strict_pair_from_nonempty_host_codes,Priority volume (50+). Strong candidate after QA; Ads only after proving audience fit (many *→DE listings look similar).,pending
/scholarships/for-students-from/portugal/study-in/germany,PT,Portugal,DE,Germany,82,priority_candidate,priority_launch_after_QA,"noindex,follow_until_manual_approve",false_until_manual_approve,review_generic_DE_host_cluster,medium_intent_overlap_with_hub_filtered_urls_hub_queries_are_typically_noindex_cross_country_path_not_implemented_yet_unique_when_launched,low_strict_pair_from_nonempty_host_codes,Priority volume (50+). Strong candidate after QA; Ads only after proving audience fit (many *→DE listings look similar).,pending
/scholarships/for-students-from/sweden/study-in/germany,SE,Sweden,DE,Germany,82,priority_candidate,priority_launch_after_QA,"noindex,follow_until_manual_approve",false_until_manual_approve,review_generic_DE_host_cluster,medium_intent_overlap_with_hub_filtered_urls_hub_queries_are_typically_noindex_cross_country_path_not_implemented_yet_unique_when_launched,low_strict_pair_from_nonempty_host_codes,Priority volume (50+). Strong candidate after QA; Ads only after proving audience fit (many *→DE listings look similar).,pending
/scholarships/for-students-from/israel/study-in/germany,IL,Israel,DE,Germany,82,priority_candidate,priority_launch_after_QA,"noindex,follow_until_manual_approve",false_until_manual_approve,review_generic_DE_host_cluster,medium_intent_overlap_with_hub_filtered_urls_hub_queries_are_typically_noindex_cross_country_path_not_implemented_yet_unique_when_launched,low_strict_pair_from_nonempty_host_codes,Priority volume (50+). Strong candidate after QA; Ads only after proving audience fit (many *→DE listings look similar).,pending
/scholarships/for-students-from/mexico/study-in/united-states,MX,Mexico,US,United States,81,priority_candidate,priority_launch_after_QA,"noindex,follow_until_manual_approve",false_until_manual_approve,yes_after_QA,medium_intent_overlap_with_hub_filtered_urls_hub_queries_are_typically_noindex_cross_country_path_not_implemented_yet_unique_when_launched,low_strict_pair_from_nonempty_host_codes,Priority volume (50+). Launch after QA; suitable for Google Ads after creative/LP review.,pending
/scholarships/for-students-from/norway/study-in/germany,NO,Norway,DE,Germany,81,priority_candidate,priority_launch_after_QA,"noindex,follow_until_manual_approve",false_until_manual_approve,review_generic_DE_host_cluster,medium_intent_overlap_with_hub_filtered_urls_hub_queries_are_typically_noindex_cross_country_path_not_implemented_yet_unique_when_launched,low_strict_pair_from_nonempty_host_codes,Priority volume (50+). Strong candidate after QA; Ads only after proving audience fit (many *→DE listings look similar).,pending
/scholarships/for-students-from/taiwan/study-in/germany,TW,Taiwan,DE,Germany,80,priority_candidate,priority_launch_after_QA,"noindex,follow_until_manual_approve",false_until_manual_approve,review_generic_DE_host_cluster,medium_intent_overlap_with_hub_filtered_urls_hub_queries_are_typically_noindex_cross_country_path_not_implemented_yet_unique_when_launched,low_strict_pair_from_nonempty_host_codes,Priority volume (50+). Strong candidate after QA; Ads only after proving audience fit (many *→DE listings look similar).,pending
/scholarships/for-students-from/netherlands/study-in/germany,NL,Netherlands,DE,Germany,80,priority_candidate,priority_launch_after_QA,"noindex,follow_until_manual_approve",false_until_manual_approve,review_generic_DE_host_cluster,medium_intent_overlap_with_hub_filtered_urls_hub_queries_are_typically_noindex_cross_country_path_not_implemented_yet_unique_when_launched,low_strict_pair_from_nonempty_host_codes,Priority volume (50+). Strong candidate after QA; Ads only after proving audience fit (many *→DE listings look similar).,pending
/scholarships/for-students-from/uruguay/study-in/germany,UY,Uruguay,DE,Germany,80,priority_candidate,priority_launch_after_QA,"noindex,follow_until_manual_approve",false_until_manual_approve,review_generic_DE_host_cluster,medium_intent_overlap_with_hub_filtered_urls_hub_queries_are_typically_noindex_cross_country_path_not_implemented_yet_unique_when_launched,low_strict_pair_from_nonempty_host_codes,Priority volume (50+). Strong candidate after QA; Ads only after proving audience fit (many *→DE listings look similar).,pending
/scholarships/for-students-from/austria/study-in/germany,AT,Austria,DE,Germany,79,priority_candidate,priority_launch_after_QA,"noindex,follow_until_manual_approve",false_until_manual_approve,review_generic_DE_host_cluster,medium_intent_overlap_with_hub_filtered_urls_hub_queries_are_typically_noindex_cross_country_path_not_implemented_yet_unique_when_launched,low_strict_pair_from_nonempty_host_codes,Priority volume (50+). Strong candidate after QA; Ads only after proving audience fit (many *→DE listings look similar).,pending
/scholarships/for-students-from/cyprus/study-in/germany,CY,Cyprus,DE,Germany,79,priority_candidate,priority_launch_after_QA,"noindex,follow_until_manual_approve",false_until_manual_approve,review_generic_DE_host_cluster,medium_intent_overlap_with_hub_filtered_urls_hub_queries_are_typically_noindex_cross_country_path_not_implemented_yet_unique_when_launched,low_strict_pair_from_nonempty_host_codes,Priority volume (50+). Strong candidate after QA; Ads only after proving audience fit (many *→DE listings look similar).,pending
/scholarships/for-students-from/iceland/study-in/germany,IS,Iceland,DE,Germany,79,priority_candidate,priority_launch_after_QA,"noindex,follow_until_manual_approve",false_until_manual_approve,review_generic_DE_host_cluster,medium_intent_overlap_with_hub_filtered_urls_hub_queries_are_typically_noindex_cross_country_path_not_implemented_yet_unique_when_launched,low_strict_pair_from_nonempty_host_codes,Priority volume (50+). Strong candidate after QA; Ads only after proving audience fit (many *→DE listings look similar).,pending
/scholarships/for-students-from/japan/study-in/germany,JP,Japan,DE,Germany,79,priority_candidate,priority_launch_after_QA,"noindex,follow_until_manual_approve",false_until_manual_approve,review_generic_DE_host_cluster,medium_intent_overlap_with_hub_filtered_urls_hub_queries_are_typically_noindex_cross_country_path_not_implemented_yet_unique_when_launched,low_strict_pair_from_nonempty_host_codes,Priority volume (50+). Strong candidate after QA; Ads only after proving audience fit (many *→DE listings look similar).,pending
/scholarships/for-students-from/malta/study-in/germany,MT,Malta,DE,Germany,79,priority_candidate,priority_launch_after_QA,"noindex,follow_until_manual_approve",false_until_manual_approve,review_generic_DE_host_cluster,medium_intent_overlap_with_hub_filtered_urls_hub_queries_are_typically_noindex_cross_country_path_not_implemented_yet_unique_when_launched,low_strict_pair_from_nonempty_host_codes,Priority volume (50+). Strong candidate after QA; Ads only after proving audience fit (many *→DE listings look similar).,pending
/scholarships/for-students-from/australia/study-in/germany,AU,Australia,DE,Germany,78,priority_candidate,priority_launch_after_QA,"noindex,follow_until_manual_approve",false_until_manual_approve,review_generic_DE_host_cluster,medium_intent_overlap_with_hub_filtered_urls_hub_queries_are_typically_noindex_cross_country_path_not_implemented_yet_unique_when_launched,low_strict_pair_from_nonempty_host_codes,Priority volume (50+). Strong candidate after QA; Ads only after proving audience fit (many *→DE listings look similar).,pending
/scholarships/for-students-from/new-zealand/study-in/germany,NZ,New Zealand,DE,Germany,78,priority_candidate,priority_launch_after_QA,"noindex,follow_until_manual_approve",false_until_manual_approve,review_generic_DE_host_cluster,medium_intent_overlap_with_hub_filtered_urls_hub_queries_are_typically_noindex_cross_country_path_not_implemented_yet_unique_when_launched,low_strict_pair_from_nonempty_host_codes,Priority volume (50+). Strong candidate after QA; Ads only after proving audience fit (many *→DE listings look similar).,pending
/scholarships/for-students-from/andorra/study-in/germany,AD,Andorra,DE,Germany,78,priority_candidate,priority_launch_after_QA,"noindex,follow_until_manual_approve",false_until_manual_approve,review_generic_DE_host_cluster,medium_intent_overlap_with_hub_filtered_urls_hub_queries_are_typically_noindex_cross_country_path_not_implemented_yet_unique_when_launched,low_strict_pair_from_nonempty_host_codes,Priority volume (50+). Strong candidate after QA; Ads only after proving audience fit (many *→DE listings look similar).,pending
/scholarships/for-students-from/saudi-arabia/study-in/germany,SA,Saudi Arabia,DE,Germany,78,priority_candidate,priority_launch_after_QA,"noindex,follow_until_manual_approve",false_until_manual_approve,review_generic_DE_host_cluster,medium_intent_overlap_with_hub_filtered_urls_hub_queries_are_typically_noindex_cross_country_path_not_implemented_yet_unique_when_launched,low_strict_pair_from_nonempty_host_codes,Priority volume (50+). Strong candidate after QA; Ads only after proving audience fit (many *→DE listings look similar).,pending
/scholarships/for-students-from/singapore/study-in/germany,SG,Singapore,DE,Germany,77,priority_candidate,priority_launch_after_QA,"noindex,follow_until_manual_approve",false_until_manual_approve,review_generic_DE_host_cluster,medium_intent_overlap_with_hub_filtered_urls_hub_queries_are_typically_noindex_cross_country_path_not_implemented_yet_unique_when_launched,low_strict_pair_from_nonempty_host_codes,Priority volume (50+). Strong candidate after QA; Ads only after proving audience fit (many *→DE listings look similar).,pending
/scholarships/for-students-from/oman/study-in/germany,OM,Oman,DE,Germany,77,priority_candidate,priority_launch_after_QA,"noindex,follow_until_manual_approve",false_until_manual_approve,review_generic_DE_host_cluster,medium_intent_overlap_with_hub_filtered_urls_hub_queries_are_typically_noindex_cross_country_path_not_implemented_yet_unique_when_launched,low_strict_pair_from_nonempty_host_codes,Priority volume (50+). Strong candidate after QA; Ads only after proving audience fit (many *→DE listings look similar).,pending
/scholarships/for-students-from/liechtenstein/study-in/germany,LI,Liechtenstein,DE,Germany,76,priority_candidate,priority_launch_after_QA,"noindex,follow_until_manual_approve",false_until_manual_approve,review_generic_DE_host_cluster,medium_intent_overlap_with_hub_filtered_urls_hub_queries_are_typically_noindex_cross_country_path_not_implemented_yet_unique_when_launched,low_strict_pair_from_nonempty_host_codes,Priority volume (50+). Strong candidate after QA; Ads only after proving audience fit (many *→DE listings look similar).,pending
/scholarships/for-students-from/maldives/study-in/germany,MV,Maldives,DE,Germany,75,priority_candidate,priority_launch_after_QA,"noindex,follow_until_manual_approve",false_until_manual_approve,review_generic_DE_host_cluster,medium_intent_overlap_with_hub_filtered_urls_hub_queries_are_typically_noindex_cross_country_path_not_implemented_yet_unique_when_launched,low_strict_pair_from_nonempty_host_codes,Priority volume (50+). Strong candidate after QA; Ads only after proving audience fit (many *→DE listings look similar).,pending
/scholarships/for-students-from/united-kingdom/study-in/united-states,GB,United Kingdom,US,United States,70,priority_candidate,priority_launch_after_QA,"noindex,follow_until_manual_approve",false_until_manual_approve,yes_after_QA,medium_intent_overlap_with_hub_filtered_urls_hub_queries_are_typically_noindex_cross_country_path_not_implemented_yet_unique_when_launched,low_strict_pair_from_nonempty_host_codes,Priority volume (50+). Launch after QA; suitable for Google Ads after creative/LP review.,pending
/scholarships/for-students-from/qatar/study-in/germany,QA,Qatar,DE,Germany,70,priority_candidate,priority_launch_after_QA,"noindex,follow_until_manual_approve",false_until_manual_approve,review_generic_DE_host_cluster,medium_intent_overlap_with_hub_filtered_urls_hub_queries_are_typically_noindex_cross_country_path_not_implemented_yet_unique_when_launched,low_strict_pair_from_nonempty_host_codes,Priority volume (50+). Strong candidate after QA; Ads only after proving audience fit (many *→DE listings look similar).,pending
/scholarships/for-students-from/kuwait/study-in/germany,KW,Kuwait,DE,Germany,70,priority_candidate,priority_launch_after_QA,"noindex,follow_until_manual_approve",false_until_manual_approve,review_generic_DE_host_cluster,medium_intent_overlap_with_hub_filtered_urls_hub_queries_are_typically_noindex_cross_country_path_not_implemented_yet_unique_when_launched,low_strict_pair_from_nonempty_host_codes,Priority volume (50+). Strong candidate after QA; Ads only after proving audience fit (many *→DE listings look similar).,pending
/scholarships/for-students-from/united-arab-emirates/study-in/germany,AE,United Arab Emirates,DE,Germany,70,priority_candidate,priority_launch_after_QA,"noindex,follow_until_manual_approve",false_until_manual_approve,review_generic_DE_host_cluster,medium_intent_overlap_with_hub_filtered_urls_hub_queries_are_typically_noindex_cross_country_path_not_implemented_yet_unique_when_launched,low_strict_pair_from_nonempty_host_codes,Priority volume (50+). Strong candidate after QA; Ads only after proving audience fit (many *→DE listings look similar).,pending
/scholarships/for-students-from/new-zealand/study-in/new-zealand,NZ,New Zealand,NZ,New Zealand,66,priority_candidate,priority_launch_after_QA,"noindex,follow_until_manual_approve",false_until_manual_approve,review_after_QA,medium_intent_overlap_with_hub_filtered_urls_hub_queries_are_typically_noindex_cross_country_path_not_implemented_yet_unique_when_launched,low_strict_pair_from_nonempty_host_codes,Priority volume (50+). Launch after QA; Ads depend on host-market clarity and LP match.,pending
/scholarships/for-students-from/united-states/study-in/canada,US,United States,CA,Canada,65,priority_candidate,priority_launch_after_QA,"noindex,follow_until_manual_approve",false_until_manual_approve,yes_after_QA,medium_intent_overlap_with_hub_filtered_urls_hub_queries_are_typically_noindex_cross_country_path_not_implemented_yet_unique_when_launched,low_strict_pair_from_nonempty_host_codes,Priority volume (50+). Launch after QA; suitable for Google Ads after creative/LP review.,pending
/scholarships/for-students-from/australia/study-in/australia,AU,Australia,AU,Australia,64,priority_candidate,priority_launch_after_QA,"noindex,follow_until_manual_approve",false_until_manual_approve,yes_after_QA,medium_intent_overlap_with_hub_filtered_urls_hub_queries_are_typically_noindex_cross_country_path_not_implemented_yet_unique_when_launched,low_strict_pair_from_nonempty_host_codes,Priority volume (50+). Launch after QA; suitable for Google Ads after creative/LP review.,pending
/scholarships/for-students-from/india/study-in/united-states,IN,India,US,United States,49,candidate_after_QA,manual_QA_required,"noindex,follow_until_manual_QA_and_approve",false_until_manual_QA_and_approve,no_unless_promoted_after_QA,medium_intent_overlap_with_hub_filtered_urls_hub_queries_are_typically_noindex_cross_country_path_not_implemented_yet_unique_when_launched,low_strict_pair_from_nonempty_host_codes,Manual QA of first-page cards and eligibility/host labels; index+sitemap only after explicit approve.,pending
/scholarships/for-students-from/italy/study-in/united-states,IT,Italy,US,United States,46,candidate_after_QA,manual_QA_required,"noindex,follow_until_manual_QA_and_approve",false_until_manual_QA_and_approve,no_unless_promoted_after_QA,medium_intent_overlap_with_hub_filtered_urls_hub_queries_are_typically_noindex_cross_country_path_not_implemented_yet_unique_when_launched,low_strict_pair_from_nonempty_host_codes,Manual QA of first-page cards and eligibility/host labels; index+sitemap only after explicit approve.,pending
/scholarships/for-students-from/india/study-in/india,IN,India,IN,India,39,candidate_after_QA,manual_QA_required,"noindex,follow_until_manual_QA_and_approve",false_until_manual_QA_and_approve,no_unless_promoted_after_QA,medium_intent_overlap_with_hub_filtered_urls_hub_queries_are_typically_noindex_cross_country_path_not_implemented_yet_unique_when_launched,low_strict_pair_from_nonempty_host_codes,Manual QA of first-page cards and eligibility/host labels; index+sitemap only after explicit approve.,pending
/scholarships/for-students-from/united-states/study-in/united-kingdom,US,United States,GB,United Kingdom,38,candidate_after_QA,manual_QA_required,"noindex,follow_until_manual_QA_and_approve",false_until_manual_QA_and_approve,no_unless_promoted_after_QA,medium_intent_overlap_with_hub_filtered_urls_hub_queries_are_typically_noindex_cross_country_path_not_implemented_yet_unique_when_launched,low_strict_pair_from_nonempty_host_codes,Manual QA of first-page cards and eligibility/host labels; index+sitemap only after explicit approve.,pending
/scholarships/for-students-from/sao-tome-principe/study-in/united-states,ST,São Tomé & Príncipe,US,United States,29,candidate_after_QA,manual_QA_required,"noindex,follow_until_manual_QA_and_approve",false_until_manual_QA_and_approve,no_unless_promoted_after_QA,medium_intent_overlap_with_hub_filtered_urls_hub_queries_are_typically_noindex_cross_country_path_not_implemented_yet_unique_when_launched,low_strict_pair_from_nonempty_host_codes,Manual QA of first-page cards and eligibility/host labels; index+sitemap only after explicit approve.,pending
/scholarships/for-students-from/spain/study-in/united-states,ES,Spain,US,United States,25,candidate_after_QA,manual_QA_required,"noindex,follow_until_manual_QA_and_approve",false_until_manual_QA_and_approve,no_unless_promoted_after_QA,medium_intent_overlap_with_hub_filtered_urls_hub_queries_are_typically_noindex_cross_country_path_not_implemented_yet_unique_when_launched,low_strict_pair_from_nonempty_host_codes,Manual QA of first-page cards and eligibility/host labels; index+sitemap only after explicit approve.,pending
/scholarships/for-students-from/philippines/study-in/united-states,PH,Philippines,US,United States,25,candidate_after_QA,manual_QA_required,"noindex,follow_until_manual_QA_and_approve",false_until_manual_QA_and_approve,no_unless_promoted_after_QA,medium_intent_overlap_with_hub_filtered_urls_hub_queries_are_typically_noindex_cross_country_path_not_implemented_yet_unique_when_launched,low_strict_pair_from_nonempty_host_codes,Manual QA of first-page cards and eligibility/host labels; index+sitemap only after explicit approve.,pending
/scholarships/for-students-from/united-states/study-in/india,US,United States,IN,India,24,candidate_after_QA,manual_QA_required,"noindex,follow_until_manual_QA_and_approve",false_until_manual_QA_and_approve,no_unless_promoted_after_QA,medium_intent_overlap_with_hub_filtered_urls_hub_queries_are_typically_noindex_cross_country_path_not_implemented_yet_unique_when_launched,low_strict_pair_from_nonempty_host_codes,Manual QA of first-page cards and eligibility/host labels; index+sitemap only after explicit approve.,pending
/scholarships/for-students-from/germany/study-in/united-states,DE,Germany,US,United States,23,candidate_after_QA,manual_QA_required,"noindex,follow_until_manual_QA_and_approve",false_until_manual_QA_and_approve,no_unless_promoted_after_QA,medium_intent_overlap_with_hub_filtered_urls_hub_queries_are_typically_noindex_cross_country_path_not_implemented_yet_unique_when_launched,low_strict_pair_from_nonempty_host_codes,Manual QA of first-page cards and eligibility/host labels; index+sitemap only after explicit approve.,pending
/scholarships/for-students-from/vietnam/study-in/united-states,VN,Vietnam,US,United States,23,candidate_after_QA,manual_QA_required,"noindex,follow_until_manual_QA_and_approve",false_until_manual_QA_and_approve,no_unless_promoted_after_QA,medium_intent_overlap_with_hub_filtered_urls_hub_queries_are_typically_noindex_cross_country_path_not_implemented_yet_unique_when_launched,low_strict_pair_from_nonempty_host_codes,Manual QA of first-page cards and eligibility/host labels; index+sitemap only after explicit approve.,pending
/scholarships/for-students-from/poland/study-in/united-states,PL,Poland,US,United States,21,candidate_after_QA,manual_QA_required,"noindex,follow_until_manual_QA_and_approve",false_until_manual_QA_and_approve,no_unless_promoted_after_QA,medium_intent_overlap_with_hub_filtered_urls_hub_queries_are_typically_noindex_cross_country_path_not_implemented_yet_unique_when_launched,low_strict_pair_from_nonempty_host_codes,Manual QA of first-page cards and eligibility/host labels; index+sitemap only after explicit approve.,pending
/scholarships/for-students-from/united-states/study-in/spain,US,United States,ES,Spain,20,candidate_after_QA,manual_QA_required,"noindex,follow_until_manual_QA_and_approve",false_until_manual_QA_and_approve,no_unless_promoted_after_QA,medium_intent_overlap_with_hub_filtered_urls_hub_queries_are_typically_noindex_cross_country_path_not_implemented_yet_unique_when_launched,low_strict_pair_from_nonempty_host_codes,Manual QA of first-page cards and eligibility/host labels; index+sitemap only after explicit approve.,pending
/scholarships/for-students-from/south-korea/study-in/united-states,KR,South Korea,US,United States,20,candidate_after_QA,manual_QA_required,"noindex,follow_until_manual_QA_and_approve",false_until_manual_QA_and_approve,no_unless_promoted_after_QA,medium_intent_overlap_with_hub_filtered_urls_hub_queries_are_typically_noindex_cross_country_path_not_implemented_yet_unique_when_launched,low_strict_pair_from_nonempty_host_codes,Manual QA of first-page cards and eligibility/host labels; index+sitemap only after explicit approve.,pending
/scholarships/for-students-from/united-states/study-in/congo-kinshasa,US,United States,CD,Congo - Kinshasa,19,low_count_noindex,defer_low_volume,"noindex,follow",false_volume_below_20,no,medium_intent_overlap_with_hub_filtered_urls_hub_queries_are_typically_noindex_cross_country_path_not_implemented_yet_unique_when_launched,low_strict_pair_from_nonempty_host_codes,Thin volume (5–19). Optional future page; keep noindex and out of sitemap until stronger catalog depth.,pending
/scholarships/for-students-from/france/study-in/united-states,FR,France,US,United States,18,low_count_noindex,defer_low_volume,"noindex,follow",false_volume_below_20,no,medium_intent_overlap_with_hub_filtered_urls_hub_queries_are_typically_noindex_cross_country_path_not_implemented_yet_unique_when_launched,low_strict_pair_from_nonempty_host_codes,Thin volume (5–19). Optional future page; keep noindex and out of sitemap until stronger catalog depth.,pending
/scholarships/for-students-from/dominican-republic/study-in/united-states,DO,Dominican Republic,US,United States,18,low_count_noindex,defer_low_volume,"noindex,follow",false_volume_below_20,no,medium_intent_overlap_with_hub_filtered_urls_hub_queries_are_typically_noindex_cross_country_path_not_implemented_yet_unique_when_launched,low_strict_pair_from_nonempty_host_codes,Thin volume (5–19). Optional future page; keep noindex and out of sitemap until stronger catalog depth.,pending
/scholarships/for-students-from/nigeria/study-in/united-states,NG,Nigeria,US,United States,18,low_count_noindex,defer_low_volume,"noindex,follow",false_volume_below_20,no,medium_intent_overlap_with_hub_filtered_urls_hub_queries_are_typically_noindex_cross_country_path_not_implemented_yet_unique_when_launched,low_strict_pair_from_nonempty_host_codes,Thin volume (5–19). Optional future page; keep noindex and out of sitemap until stronger catalog depth.,pending
/scholarships/for-students-from/japan/study-in/united-states,JP,Japan,US,United States,18,low_count_noindex,defer_low_volume,"noindex,follow",false_volume_below_20,no,medium_intent_overlap_with_hub_filtered_urls_hub_queries_are_typically_noindex_cross_country_path_not_implemented_yet_unique_when_launched,low_strict_pair_from_nonempty_host_codes,Thin volume (5–19). Optional future page; keep noindex and out of sitemap until stronger catalog depth.,pending
/scholarships/for-students-from/united-states/study-in/france,US,United States,FR,France,17,low_count_noindex,defer_low_volume,"noindex,follow",false_volume_below_20,no,medium_intent_overlap_with_hub_filtered_urls_hub_queries_are_typically_noindex_cross_country_path_not_implemented_yet_unique_when_launched,low_strict_pair_from_nonempty_host_codes,Thin volume (5–19). Optional future page; keep noindex and out of sitemap until stronger catalog depth.,pending
/scholarships/for-students-from/united-states/study-in/south-korea,US,United States,KR,South Korea,17,low_count_noindex,defer_low_volume,"noindex,follow",false_volume_below_20,no,medium_intent_overlap_with_hub_filtered_urls_hub_queries_are_typically_noindex_cross_country_path_not_implemented_yet_unique_when_launched,low_strict_pair_from_nonempty_host_codes,Thin volume (5–19). Optional future page; keep noindex and out of sitemap until stronger catalog depth.,pending
/scholarships/for-students-from/new-zealand/study-in/australia,NZ,New Zealand,AU,Australia,16,low_count_noindex,defer_low_volume,"noindex,follow",false_volume_below_20,no,medium_intent_overlap_with_hub_filtered_urls_hub_queries_are_typically_noindex_cross_country_path_not_implemented_yet_unique_when_launched,low_strict_pair_from_nonempty_host_codes,Thin volume (5–19). Optional future page; keep noindex and out of sitemap until stronger catalog depth.,pending
/scholarships/for-students-from/australia/study-in/india,AU,Australia,IN,India,16,low_count_noindex,defer_low_volume,"noindex,follow",false_volume_below_20,no,medium_intent_overlap_with_hub_filtered_urls_hub_queries_are_typically_noindex_cross_country_path_not_implemented_yet_unique_when_launched,low_strict_pair_from_nonempty_host_codes,Thin volume (5–19). Optional future page; keep noindex and out of sitemap until stronger catalog depth.,pending
/scholarships/for-students-from/jamaica/study-in/united-states,JM,Jamaica,US,United States,16,low_count_noindex,defer_low_volume,"noindex,follow",false_volume_below_20,no,medium_intent_overlap_with_hub_filtered_urls_hub_queries_are_typically_noindex_cross_country_path_not_implemented_yet_unique_when_launched,low_strict_pair_from_nonempty_host_codes,Thin volume (5–19). Optional future page; keep noindex and out of sitemap until stronger catalog depth.,pending
/scholarships/for-students-from/peru/study-in/united-states,PE,Peru,US,United States,16,low_count_noindex,defer_low_volume,"noindex,follow",false_volume_below_20,no,medium_intent_overlap_with_hub_filtered_urls_hub_queries_are_typically_noindex_cross_country_path_not_implemented_yet_unique_when_launched,low_strict_pair_from_nonempty_host_codes,Thin volume (5–19). Optional future page; keep noindex and out of sitemap until stronger catalog depth.,pending
/scholarships/for-students-from/china/study-in/china,CN,China,CN,China,15,low_count_noindex,defer_low_volume,"noindex,follow",false_volume_below_20,no,medium_intent_overlap_with_hub_filtered_urls_hub_queries_are_typically_noindex_cross_country_path_not_implemented_yet_unique_when_launched,low_strict_pair_from_nonempty_host_codes,Thin volume (5–19). Optional future page; keep noindex and out of sitemap until stronger catalog depth.,pending
/scholarships/for-students-from/china/study-in/united-states,CN,China,US,United States,15,low_count_noindex,defer_low_volume,"noindex,follow",false_volume_below_20,no,medium_intent_overlap_with_hub_filtered_urls_hub_queries_are_typically_noindex_cross_country_path_not_implemented_yet_unique_when_launched,low_strict_pair_from_nonempty_host_codes,Thin volume (5–19). Optional future page; keep noindex and out of sitemap until stronger catalog depth.,pending
/scholarships/for-students-from/italy/study-in/italy,IT,Italy,IT,Italy,14,low_count_noindex,defer_low_volume,"noindex,follow",false_volume_below_20,no,medium_intent_overlap_with_hub_filtered_urls_hub_queries_are_typically_noindex_cross_country_path_not_implemented_yet_unique_when_launched,low_strict_pair_from_nonempty_host_codes,Thin volume (5–19). Optional future page; keep noindex and out of sitemap until stronger catalog depth.,pending
/scholarships/for-students-from/germany/study-in/germany,DE,Germany,DE,Germany,14,low_count_noindex,defer_low_volume,"noindex,follow",false_volume_below_20,no,medium_intent_overlap_with_hub_filtered_urls_hub_queries_are_typically_noindex_cross_country_path_not_implemented_yet_unique_when_launched,low_strict_pair_from_nonempty_host_codes,Thin volume (5–19). Optional future page; keep noindex and out of sitemap until stronger catalog depth.,pending
/scholarships/for-students-from/argentina/study-in/united-states,AR,Argentina,US,United States,14,low_count_noindex,defer_low_volume,"noindex,follow",false_volume_below_20,no,medium_intent_overlap_with_hub_filtered_urls_hub_queries_are_typically_noindex_cross_country_path_not_implemented_yet_unique_when_launched,low_strict_pair_from_nonempty_host_codes,Thin volume (5–19). Optional future page; keep noindex and out of sitemap until stronger catalog depth.,pending
/scholarships/for-students-from/colombia/study-in/united-states,CO,Colombia,US,United States,14,low_count_noindex,defer_low_volume,"noindex,follow",false_volume_below_20,no,medium_intent_overlap_with_hub_filtered_urls_hub_queries_are_typically_noindex_cross_country_path_not_implemented_yet_unique_when_launched,low_strict_pair_from_nonempty_host_codes,Thin volume (5–19). Optional future page; keep noindex and out of sitemap until stronger catalog depth.,pending
/scholarships/for-students-from/pakistan/study-in/united-states,PK,Pakistan,US,United States,14,low_count_noindex,defer_low_volume,"noindex,follow",false_volume_below_20,no,medium_intent_overlap_with_hub_filtered_urls_hub_queries_are_typically_noindex_cross_country_path_not_implemented_yet_unique_when_launched,low_strict_pair_from_nonempty_host_codes,Thin volume (5–19). Optional future page; keep noindex and out of sitemap until stronger catalog depth.,pending
/scholarships/for-students-from/egypt/study-in/united-states,EG,Egypt,US,United States,14,low_count_noindex,defer_low_volume,"noindex,follow",false_volume_below_20,no,medium_intent_overlap_with_hub_filtered_urls_hub_queries_are_typically_noindex_cross_country_path_not_implemented_yet_unique_when_launched,low_strict_pair_from_nonempty_host_codes,Thin volume (5–19). Optional future page; keep noindex and out of sitemap until stronger catalog depth.,pending
/scholarships/for-students-from/ukraine/study-in/united-states,UA,Ukraine,US,United States,13,low_count_noindex,defer_low_volume,"noindex,follow",false_volume_below_20,no,medium_intent_overlap_with_hub_filtered_urls_hub_queries_are_typically_noindex_cross_country_path_not_implemented_yet_unique_when_launched,low_strict_pair_from_nonempty_host_codes,Thin volume (5–19). Optional future page; keep noindex and out of sitemap until stronger catalog depth.,pending
/scholarships/for-students-from/united-states/study-in/switzerland,US,United States,CH,Switzerland,13,low_count_noindex,defer_low_volume,"noindex,follow",false_volume_below_20,no,medium_intent_overlap_with_hub_filtered_urls_hub_queries_are_typically_noindex_cross_country_path_not_implemented_yet_unique_when_launched,low_strict_pair_from_nonempty_host_codes,Thin volume (5–19). Optional future page; keep noindex and out of sitemap until stronger catalog depth.,pending
/scholarships/for-students-from/united-kingdom/study-in/india,GB,United Kingdom,IN,India,13,low_count_noindex,defer_low_volume,"noindex,follow",false_volume_below_20,no,medium_intent_overlap_with_hub_filtered_urls_hub_queries_are_typically_noindex_cross_country_path_not_implemented_yet_unique_when_launched,low_strict_pair_from_nonempty_host_codes,Thin volume (5–19). Optional future page; keep noindex and out of sitemap until stronger catalog depth.,pending
/scholarships/for-students-from/canada/study-in/united-kingdom,CA,Canada,GB,United Kingdom,13,low_count_noindex,defer_low_volume,"noindex,follow",false_volume_below_20,no,medium_intent_overlap_with_hub_filtered_urls_hub_queries_are_typically_noindex_cross_country_path_not_implemented_yet_unique_when_launched,low_strict_pair_from_nonempty_host_codes,Thin volume (5–19). Optional future page; keep noindex and out of sitemap until stronger catalog depth.,pending
/scholarships/for-students-from/united-states/study-in/mexico,US,United States,MX,Mexico,13,low_count_noindex,defer_low_volume,"noindex,follow",false_volume_below_20,no,medium_intent_overlap_with_hub_filtered_urls_hub_queries_are_typically_noindex_cross_country_path_not_implemented_yet_unique_when_launched,low_strict_pair_from_nonempty_host_codes,Thin volume (5–19). Optional future page; keep noindex and out of sitemap until stronger catalog depth.,pending
/scholarships/for-students-from/cuba/study-in/united-states,CU,Cuba,US,United States,13,low_count_noindex,defer_low_volume,"noindex,follow",false_volume_below_20,no,medium_intent_overlap_with_hub_filtered_urls_hub_queries_are_typically_noindex_cross_country_path_not_implemented_yet_unique_when_launched,low_strict_pair_from_nonempty_host_codes,Thin volume (5–19). Optional future page; keep noindex and out of sitemap until stronger catalog depth.,pending
/scholarships/for-students-from/india/study-in/united-kingdom,IN,India,GB,United Kingdom,13,low_count_noindex,defer_low_volume,"noindex,follow",false_volume_below_20,no,medium_intent_overlap_with_hub_filtered_urls_hub_queries_are_typically_noindex_cross_country_path_not_implemented_yet_unique_when_launched,low_strict_pair_from_nonempty_host_codes,Thin volume (5–19). Optional future page; keep noindex and out of sitemap until stronger catalog depth.,pending
/scholarships/for-students-from/venezuela/study-in/united-states,VE,Venezuela,US,United States,13,low_count_noindex,defer_low_volume,"noindex,follow",false_volume_below_20,no,medium_intent_overlap_with_hub_filtered_urls_hub_queries_are_typically_noindex_cross_country_path_not_implemented_yet_unique_when_launched,low_strict_pair_from_nonempty_host_codes,Thin volume (5–19). Optional future page; keep noindex and out of sitemap until stronger catalog depth.,pending
/scholarships/for-students-from/panama/study-in/united-states,PA,Panama,US,United States,13,low_count_noindex,defer_low_volume,"noindex,follow",false_volume_below_20,no,medium_intent_overlap_with_hub_filtered_urls_hub_queries_are_typically_noindex_cross_country_path_not_implemented_yet_unique_when_launched,low_strict_pair_from_nonempty_host_codes,Thin volume (5–19). Optional future page; keep noindex and out of sitemap until stronger catalog depth.,pending
/scholarships/for-students-from/israel/study-in/united-states,IL,Israel,US,United States,12,low_count_noindex,defer_low_volume,"noindex,follow",false_volume_below_20,no,medium_intent_overlap_with_hub_filtered_urls_hub_queries_are_typically_noindex_cross_country_path_not_implemented_yet_unique_when_launched,low_strict_pair_from_nonempty_host_codes,Thin volume (5–19). Optional future page; keep noindex and out of sitemap until stronger catalog depth.,pending
/scholarships/for-students-from/ireland/study-in/ireland,IE,Ireland,IE,Ireland,12,low_count_noindex,defer_low_volume,"noindex,follow",false_volume_below_20,no,medium_intent_overlap_with_hub_filtered_urls_hub_queries_are_typically_noindex_cross_country_path_not_implemented_yet_unique_when_launched,low_strict_pair_from_nonempty_host_codes,Thin volume (5–19). Optional future page; keep noindex and out of sitemap until stronger catalog depth.,pending
/scholarships/for-students-from/brazil/study-in/united-states,BR,Brazil,US,United States,12,low_count_noindex,defer_low_volume,"noindex,follow",false_volume_below_20,no,medium_intent_overlap_with_hub_filtered_urls_hub_queries_are_typically_noindex_cross_country_path_not_implemented_yet_unique_when_launched,low_strict_pair_from_nonempty_host_codes,Thin volume (5–19). Optional future page; keep noindex and out of sitemap until stronger catalog depth.,pending
/scholarships/for-students-from/spain/study-in/spain,ES,Spain,ES,Spain,11,low_count_noindex,defer_low_volume,"noindex,follow",false_volume_below_20,no,medium_intent_overlap_with_hub_filtered_urls_hub_queries_are_typically_noindex_cross_country_path_not_implemented_yet_unique_when_launched,low_strict_pair_from_nonempty_host_codes,Thin volume (5–19). Optional future page; keep noindex and out of sitemap until stronger catalog depth.,pending
/scholarships/for-students-from/france/study-in/france,FR,France,FR,France,11,low_count_noindex,defer_low_volume,"noindex,follow",false_volume_below_20,no,medium_intent_overlap_with_hub_filtered_urls_hub_queries_are_typically_noindex_cross_country_path_not_implemented_yet_unique_when_launched,low_strict_pair_from_nonempty_host_codes,Thin volume (5–19). Optional future page; keep noindex and out of sitemap until stronger catalog depth.,pending
/scholarships/for-students-from/united-states/study-in/italy,US,United States,IT,Italy,11,low_count_noindex,defer_low_volume,"noindex,follow",false_volume_below_20,no,medium_intent_overlap_with_hub_filtered_urls_hub_queries_are_typically_noindex_cross_country_path_not_implemented_yet_unique_when_launched,low_strict_pair_from_nonempty_host_codes,Thin volume (5–19). Optional future page; keep noindex and out of sitemap until stronger catalog depth.,pending
/scholarships/for-students-from/united-states/study-in/japan,US,United States,JP,Japan,11,low_count_noindex,defer_low_volume,"noindex,follow",false_volume_below_20,no,medium_intent_overlap_with_hub_filtered_urls_hub_queries_are_typically_noindex_cross_country_path_not_implemented_yet_unique_when_launched,low_strict_pair_from_nonempty_host_codes,Thin volume (5–19). Optional future page; keep noindex and out of sitemap until stronger catalog depth.,pending
/scholarships/for-students-from/australia/study-in/united-states,AU,Australia,US,United States,11,low_count_noindex,defer_low_volume,"noindex,follow",false_volume_below_20,no,medium_intent_overlap_with_hub_filtered_urls_hub_queries_are_typically_noindex_cross_country_path_not_implemented_yet_unique_when_launched,low_strict_pair_from_nonempty_host_codes,Thin volume (5–19). Optional future page; keep noindex and out of sitemap until stronger catalog depth.,pending
/scholarships/for-students-from/chile/study-in/united-states,CL,Chile,US,United States,11,low_count_noindex,defer_low_volume,"noindex,follow",false_volume_below_20,no,medium_intent_overlap_with_hub_filtered_urls_hub_queries_are_typically_noindex_cross_country_path_not_implemented_yet_unique_when_launched,low_strict_pair_from_nonempty_host_codes,Thin volume (5–19). Optional future page; keep noindex and out of sitemap until stronger catalog depth.,pending
/scholarships/for-students-from/ireland/study-in/united-kingdom,IE,Ireland,GB,United Kingdom,10,low_count_noindex,defer_low_volume,"noindex,follow",false_volume_below_20,no,medium_intent_overlap_with_hub_filtered_urls_hub_queries_are_typically_noindex_cross_country_path_not_implemented_yet_unique_when_launched,low_strict_pair_from_nonempty_host_codes,Thin volume (5–19). Optional future page; keep noindex and out of sitemap until stronger catalog depth.,pending
/scholarships/for-students-from/united-states/study-in/australia,US,United States,AU,Australia,10,low_count_noindex,defer_low_volume,"noindex,follow",false_volume_below_20,no,medium_intent_overlap_with_hub_filtered_urls_hub_queries_are_typically_noindex_cross_country_path_not_implemented_yet_unique_when_launched,low_strict_pair_from_nonempty_host_codes,Thin volume (5–19). Optional future page; keep noindex and out of sitemap until stronger catalog depth.,pending
/scholarships/for-students-from/united-states/study-in/turkey,US,United States,TR,Turkey,10,low_count_noindex,defer_low_volume,"noindex,follow",false_volume_below_20,no,medium_intent_overlap_with_hub_filtered_urls_hub_queries_are_typically_noindex_cross_country_path_not_implemented_yet_unique_when_launched,low_strict_pair_from_nonempty_host_codes,Thin volume (5–19). Optional future page; keep noindex and out of sitemap until stronger catalog depth.,pending
/scholarships/for-students-from/ethiopia/study-in/united-states,ET,Ethiopia,US,United States,10,low_count_noindex,defer_low_volume,"noindex,follow",false_volume_below_20,no,medium_intent_overlap_with_hub_filtered_urls_hub_queries_are_typically_noindex_cross_country_path_not_implemented_yet_unique_when_launched,low_strict_pair_from_nonempty_host_codes,Thin volume (5–19). Optional future page; keep noindex and out of sitemap until stronger catalog depth.,pending
/scholarships/for-students-from/canada/study-in/india,CA,Canada,IN,India,10,low_count_noindex,defer_low_volume,"noindex,follow",false_volume_below_20,no,medium_intent_overlap_with_hub_filtered_urls_hub_queries_are_typically_noindex_cross_country_path_not_implemented_yet_unique_when_launched,low_strict_pair_from_nonempty_host_codes,Thin volume (5–19). Optional future page; keep noindex and out of sitemap until stronger catalog depth.,pending
/scholarships/for-students-from/portugal/study-in/united-states,PT,Portugal,US,United States,10,low_count_noindex,defer_low_volume,"noindex,follow",false_volume_below_20,no,medium_intent_overlap_with_hub_filtered_urls_hub_queries_are_typically_noindex_cross_country_path_not_implemented_yet_unique_when_launched,low_strict_pair_from_nonempty_host_codes,Thin volume (5–19). Optional future page; keep noindex and out of sitemap until stronger catalog depth.,pending
/scholarships/for-students-from/ghana/study-in/united-states,GH,Ghana,US,United States,10,low_count_noindex,defer_low_volume,"noindex,follow",false_volume_below_20,no,medium_intent_overlap_with_hub_filtered_urls_hub_queries_are_typically_noindex_cross_country_path_not_implemented_yet_unique_when_launched,low_strict_pair_from_nonempty_host_codes,Thin volume (5–19). Optional future page; keep noindex and out of sitemap until stronger catalog depth.,pending
/scholarships/for-students-from/south-africa/study-in/united-states,ZA,South Africa,US,United States,10,low_count_noindex,defer_low_volume,"noindex,follow",false_volume_below_20,no,medium_intent_overlap_with_hub_filtered_urls_hub_queries_are_typically_noindex_cross_country_path_not_implemented_yet_unique_when_launched,low_strict_pair_from_nonempty_host_codes,Thin volume (5–19). Optional future page; keep noindex and out of sitemap until stronger catalog depth.,pending
/scholarships/for-students-from/south-korea/study-in/south-korea,KR,South Korea,KR,South Korea,9,low_count_noindex,defer_low_volume,"noindex,follow",false_volume_below_20,no,medium_intent_overlap_with_hub_filtered_urls_hub_queries_are_typically_noindex_cross_country_path_not_implemented_yet_unique_when_launched,low_strict_pair_from_nonempty_host_codes,Thin volume (5–19). Optional future page; keep noindex and out of sitemap until stronger catalog depth.,pending
/scholarships/for-students-from/germany/study-in/switzerland,DE,Germany,CH,Switzerland,9,low_count_noindex,defer_low_volume,"noindex,follow",false_volume_below_20,no,medium_intent_overlap_with_hub_filtered_urls_hub_queries_are_typically_noindex_cross_country_path_not_implemented_yet_unique_when_launched,low_strict_pair_from_nonempty_host_codes,Thin volume (5–19). Optional future page; keep noindex and out of sitemap until stronger catalog depth.,pending
/scholarships/for-students-from/united-states/study-in/israel,US,United States,IL,Israel,9,low_count_noindex,defer_low_volume,"noindex,follow",false_volume_below_20,no,medium_intent_overlap_with_hub_filtered_urls_hub_queries_are_typically_noindex_cross_country_path_not_implemented_yet_unique_when_launched,low_strict_pair_from_nonempty_host_codes,Thin volume (5–19). Optional future page; keep noindex and out of sitemap until stronger catalog depth.,pending
/scholarships/for-students-from/united-states/study-in/russia,US,United States,RU,Russia,9,low_count_noindex,defer_low_volume,"noindex,follow",false_volume_below_20,no,medium_intent_overlap_with_hub_filtered_urls_hub_queries_are_typically_noindex_cross_country_path_not_implemented_yet_unique_when_launched,low_strict_pair_from_nonempty_host_codes,Thin volume (5–19). Optional future page; keep noindex and out of sitemap until stronger catalog depth.,pending
/scholarships/for-students-from/indonesia/study-in/united-states,ID,Indonesia,US,United States,9,low_count_noindex,defer_low_volume,"noindex,follow",false_volume_below_20,no,medium_intent_overlap_with_hub_filtered_urls_hub_queries_are_typically_noindex_cross_country_path_not_implemented_yet_unique_when_launched,low_strict_pair_from_nonempty_host_codes,Thin volume (5–19). Optional future page; keep noindex and out of sitemap until stronger catalog depth.,pending
/scholarships/for-students-from/nepal/study-in/united-states,NP,Nepal,US,United States,9,low_count_noindex,defer_low_volume,"noindex,follow",false_volume_below_20,no,medium_intent_overlap_with_hub_filtered_urls_hub_queries_are_typically_noindex_cross_country_path_not_implemented_yet_unique_when_launched,low_strict_pair_from_nonempty_host_codes,Thin volume (5–19). Optional future page; keep noindex and out of sitemap until stronger catalog depth.,pending
/scholarships/for-students-from/germany/study-in/spain,DE,Germany,ES,Spain,8,low_count_noindex,defer_low_volume,"noindex,follow",false_volume_below_20,no,medium_intent_overlap_with_hub_filtered_urls_hub_queries_are_typically_noindex_cross_country_path_not_implemented_yet_unique_when_launched,low_strict_pair_from_nonempty_host_codes,Thin volume (5–19). Optional future page; keep noindex and out of sitemap until stronger catalog depth.,pending
/scholarships/for-students-from/germany/study-in/france,DE,Germany,FR,France,8,low_count_noindex,defer_low_volume,"noindex,follow",false_volume_below_20,no,medium_intent_overlap_with_hub_filtered_urls_hub_queries_are_typically_noindex_cross_country_path_not_implemented_yet_unique_when_launched,low_strict_pair_from_nonempty_host_codes,Thin volume (5–19). Optional future page; keep noindex and out of sitemap until stronger catalog depth.,pending
/scholarships/for-students-from/germany/study-in/united-kingdom,DE,Germany,GB,United Kingdom,8,low_count_noindex,defer_low_volume,"noindex,follow",false_volume_below_20,no,medium_intent_overlap_with_hub_filtered_urls_hub_queries_are_typically_noindex_cross_country_path_not_implemented_yet_unique_when_launched,low_strict_pair_from_nonempty_host_codes,Thin volume (5–19). Optional future page; keep noindex and out of sitemap until stronger catalog depth.,pending
/scholarships/for-students-from/hong-kong/study-in/hong-kong,HK,Hong Kong,HK,Hong Kong,8,low_count_noindex,defer_low_volume,"noindex,follow",false_volume_below_20,no,medium_intent_overlap_with_hub_filtered_urls_hub_queries_are_typically_noindex_cross_country_path_not_implemented_yet_unique_when_launched,low_strict_pair_from_nonempty_host_codes,Thin volume (5–19). Optional future page; keep noindex and out of sitemap until stronger catalog depth.,pending
/scholarships/for-students-from/kenya/study-in/united-states,KE,Kenya,US,United States,8,low_count_noindex,defer_low_volume,"noindex,follow",false_volume_below_20,no,medium_intent_overlap_with_hub_filtered_urls_hub_queries_are_typically_noindex_cross_country_path_not_implemented_yet_unique_when_launched,low_strict_pair_from_nonempty_host_codes,Thin volume (5–19). Optional future page; keep noindex and out of sitemap until stronger catalog depth.,pending
/scholarships/for-students-from/israel/study-in/israel,IL,Israel,IL,Israel,8,low_count_noindex,defer_low_volume,"noindex,follow",false_volume_below_20,no,medium_intent_overlap_with_hub_filtered_urls_hub_queries_are_typically_noindex_cross_country_path_not_implemented_yet_unique_when_launched,low_strict_pair_from_nonempty_host_codes,Thin volume (5–19). Optional future page; keep noindex and out of sitemap until stronger catalog depth.,pending
/scholarships/for-students-from/japan/study-in/japan,JP,Japan,JP,Japan,8,low_count_noindex,defer_low_volume,"noindex,follow",false_volume_below_20,no,medium_intent_overlap_with_hub_filtered_urls_hub_queries_are_typically_noindex_cross_country_path_not_implemented_yet_unique_when_launched,low_strict_pair_from_nonempty_host_codes,Thin volume (5–19). Optional future page; keep noindex and out of sitemap until stronger catalog depth.,pending
/scholarships/for-students-from/turkey/study-in/united-states,TR,Turkey,US,United States,8,low_count_noindex,defer_low_volume,"noindex,follow",false_volume_below_20,no,medium_intent_overlap_with_hub_filtered_urls_hub_queries_are_typically_noindex_cross_country_path_not_implemented_yet_unique_when_launched,low_strict_pair_from_nonempty_host_codes,Thin volume (5–19). Optional future page; keep noindex and out of sitemap until stronger catalog depth.,pending
/scholarships/for-students-from/european-union/study-in/united-kingdom,EU,European Union,GB,United Kingdom,8,low_count_noindex,defer_low_volume,"noindex,follow",false_volume_below_20,no,medium_intent_overlap_with_hub_filtered_urls_hub_queries_are_typically_noindex_cross_country_path_not_implemented_yet_unique_when_launched,low_strict_pair_from_nonempty_host_codes,Thin volume (5–19). Optional future page; keep noindex and out of sitemap until stronger catalog depth.,pending
/scholarships/for-students-from/united-kingdom/study-in/australia,GB,United Kingdom,AU,Australia,8,low_count_noindex,defer_low_volume,"noindex,follow",false_volume_below_20,no,medium_intent_overlap_with_hub_filtered_urls_hub_queries_are_typically_noindex_cross_country_path_not_implemented_yet_unique_when_launched,low_strict_pair_from_nonempty_host_codes,Thin volume (5–19). Optional future page; keep noindex and out of sitemap until stronger catalog depth.,pending
/scholarships/for-students-from/belgium/study-in/united-states,BE,Belgium,US,United States,8,low_count_noindex,defer_low_volume,"noindex,follow",false_volume_below_20,no,medium_intent_overlap_with_hub_filtered_urls_hub_queries_are_typically_noindex_cross_country_path_not_implemented_yet_unique_when_launched,low_strict_pair_from_nonempty_host_codes,Thin volume (5–19). Optional future page; keep noindex and out of sitemap until stronger catalog depth.,pending
/scholarships/for-students-from/new-zealand/study-in/india,NZ,New Zealand,IN,India,8,low_count_noindex,defer_low_volume,"noindex,follow",false_volume_below_20,no,medium_intent_overlap_with_hub_filtered_urls_hub_queries_are_typically_noindex_cross_country_path_not_implemented_yet_unique_when_launched,low_strict_pair_from_nonempty_host_codes,Thin volume (5–19). Optional future page; keep noindex and out of sitemap until stronger catalog depth.,pending
/scholarships/for-students-from/denmark/study-in/united-states,DK,Denmark,US,United States,8,low_count_noindex,defer_low_volume,"noindex,follow",false_volume_below_20,no,medium_intent_overlap_with_hub_filtered_urls_hub_queries_are_typically_noindex_cross_country_path_not_implemented_yet_unique_when_launched,low_strict_pair_from_nonempty_host_codes,Thin volume (5–19). Optional future page; keep noindex and out of sitemap until stronger catalog depth.,pending
/scholarships/for-students-from/china/study-in/germany,CN,China,DE,Germany,8,low_count_noindex,defer_low_volume,"noindex,follow",false_volume_below_20,no,medium_intent_overlap_with_hub_filtered_urls_hub_queries_are_typically_noindex_cross_country_path_not_implemented_yet_unique_when_launched,low_strict_pair_from_nonempty_host_codes,Thin volume (5–19). Optional future page; keep noindex and out of sitemap until stronger catalog depth.,pending
/scholarships/for-students-from/sweden/study-in/united-states,SE,Sweden,US,United States,8,low_count_noindex,defer_low_volume,"noindex,follow",false_volume_below_20,no,medium_intent_overlap_with_hub_filtered_urls_hub_queries_are_typically_noindex_cross_country_path_not_implemented_yet_unique_when_launched,low_strict_pair_from_nonempty_host_codes,Thin volume (5–19). Optional future page; keep noindex and out of sitemap until stronger catalog depth.,pending
/scholarships/for-students-from/puerto-rico/study-in/united-states,PR,Puerto Rico,US,United States,8,low_count_noindex,defer_low_volume,"noindex,follow",false_volume_below_20,no,medium_intent_overlap_with_hub_filtered_urls_hub_queries_are_typically_noindex_cross_country_path_not_implemented_yet_unique_when_launched,low_strict_pair_from_nonempty_host_codes,Thin volume (5–19). Optional future page; keep noindex and out of sitemap until stronger catalog depth.,pending
/scholarships/for-students-from/thailand/study-in/australia,TH,Thailand,AU,Australia,7,low_count_noindex,defer_low_volume,"noindex,follow",false_volume_below_20,no,medium_intent_overlap_with_hub_filtered_urls_hub_queries_are_typically_noindex_cross_country_path_not_implemented_yet_unique_when_launched,low_strict_pair_from_nonempty_host_codes,Thin volume (5–19). Optional future page; keep noindex and out of sitemap until stronger catalog depth.,pending
/scholarships/for-students-from/switzerland/study-in/united-states,CH,Switzerland,US,United States,7,low_count_noindex,defer_low_volume,"noindex,follow",false_volume_below_20,no,medium_intent_overlap_with_hub_filtered_urls_hub_queries_are_typically_noindex_cross_country_path_not_implemented_yet_unique_when_launched,low_strict_pair_from_nonempty_host_codes,Thin volume (5–19). Optional future page; keep noindex and out of sitemap until stronger catalog depth.,pending
/scholarships/for-students-from/united-states/study-in/china,US,United States,CN,China,7,low_count_noindex,defer_low_volume,"noindex,follow",false_volume_below_20,no,medium_intent_overlap_with_hub_filtered_urls_hub_queries_are_typically_noindex_cross_country_path_not_implemented_yet_unique_when_launched,low_strict_pair_from_nonempty_host_codes,Thin volume (5–19). Optional future page; keep noindex and out of sitemap until stronger catalog depth.,pending
/scholarships/for-students-from/bangladesh/study-in/united-states,BD,Bangladesh,US,United States,7,low_count_noindex,defer_low_volume,"noindex,follow",false_volume_below_20,no,medium_intent_overlap_with_hub_filtered_urls_hub_queries_are_typically_noindex_cross_country_path_not_implemented_yet_unique_when_launched,low_strict_pair_from_nonempty_host_codes,Thin volume (5–19). Optional future page; keep noindex and out of sitemap until stronger catalog depth.,pending
/scholarships/for-students-from/india/study-in/canada,IN,India,CA,Canada,7,low_count_noindex,defer_low_volume,"noindex,follow",false_volume_below_20,no,medium_intent_overlap_with_hub_filtered_urls_hub_queries_are_typically_noindex_cross_country_path_not_implemented_yet_unique_when_launched,low_strict_pair_from_nonempty_host_codes,Thin volume (5–19). Optional future page; keep noindex and out of sitemap until stronger catalog depth.,pending
/scholarships/for-students-from/china/study-in/canada,CN,China,CA,Canada,7,low_count_noindex,defer_low_volume,"noindex,follow",false_volume_below_20,no,medium_intent_overlap_with_hub_filtered_urls_hub_queries_are_typically_noindex_cross_country_path_not_implemented_yet_unique_when_launched,low_strict_pair_from_nonempty_host_codes,Thin volume (5–19). Optional future page; keep noindex and out of sitemap until stronger catalog depth.,pending
/scholarships/for-students-from/cyprus/study-in/cyprus,CY,Cyprus,CY,Cyprus,7,low_count_noindex,defer_low_volume,"noindex,follow",false_volume_below_20,no,medium_intent_overlap_with_hub_filtered_urls_hub_queries_are_typically_noindex_cross_country_path_not_implemented_yet_unique_when_launched,low_strict_pair_from_nonempty_host_codes,Thin volume (5–19). Optional future page; keep noindex and out of sitemap until stronger catalog depth.,pending
/scholarships/for-students-from/nigeria/study-in/united-kingdom,NG,Nigeria,GB,United Kingdom,7,low_count_noindex,defer_low_volume,"noindex,follow",false_volume_below_20,no,medium_intent_overlap_with_hub_filtered_urls_hub_queries_are_typically_noindex_cross_country_path_not_implemented_yet_unique_when_launched,low_strict_pair_from_nonempty_host_codes,Thin volume (5–19). Optional future page; keep noindex and out of sitemap until stronger catalog depth.,pending
/scholarships/for-students-from/finland/study-in/united-states,FI,Finland,US,United States,7,low_count_noindex,defer_low_volume,"noindex,follow",false_volume_below_20,no,medium_intent_overlap_with_hub_filtered_urls_hub_queries_are_typically_noindex_cross_country_path_not_implemented_yet_unique_when_launched,low_strict_pair_from_nonempty_host_codes,Thin volume (5–19). Optional future page; keep noindex and out of sitemap until stronger catalog depth.,pending
/scholarships/for-students-from/ireland/study-in/united-states,IE,Ireland,US,United States,7,low_count_noindex,defer_low_volume,"noindex,follow",false_volume_below_20,no,medium_intent_overlap_with_hub_filtered_urls_hub_queries_are_typically_noindex_cross_country_path_not_implemented_yet_unique_when_launched,low_strict_pair_from_nonempty_host_codes,Thin volume (5–19). Optional future page; keep noindex and out of sitemap until stronger catalog depth.,pending
/scholarships/for-students-from/taiwan/study-in/united-states,TW,Taiwan,US,United States,7,low_count_noindex,defer_low_volume,"noindex,follow",false_volume_below_20,no,medium_intent_overlap_with_hub_filtered_urls_hub_queries_are_typically_noindex_cross_country_path_not_implemented_yet_unique_when_launched,low_strict_pair_from_nonempty_host_codes,Thin volume (5–19). Optional future page; keep noindex and out of sitemap until stronger catalog depth.,pending
/scholarships/for-students-from/ghana/study-in/united-kingdom,GH,Ghana,GB,United Kingdom,7,low_count_noindex,defer_low_volume,"noindex,follow",false_volume_below_20,no,medium_intent_overlap_with_hub_filtered_urls_hub_queries_are_typically_noindex_cross_country_path_not_implemented_yet_unique_when_launched,low_strict_pair_from_nonempty_host_codes,Thin volume (5–19). Optional future page; keep noindex and out of sitemap until stronger catalog depth.,pending
/scholarships/for-students-from/indonesia/study-in/australia,ID,Indonesia,AU,Australia,6,low_count_noindex,defer_low_volume,"noindex,follow",false_volume_below_20,no,medium_intent_overlap_with_hub_filtered_urls_hub_queries_are_typically_noindex_cross_country_path_not_implemented_yet_unique_when_launched,low_strict_pair_from_nonempty_host_codes,Thin volume (5–19). Optional future page; keep noindex and out of sitemap until stronger catalog depth.,pending
/scholarships/for-students-from/malaysia/study-in/australia,MY,Malaysia,AU,Australia,6,low_count_noindex,defer_low_volume,"noindex,follow",false_volume_below_20,no,medium_intent_overlap_with_hub_filtered_urls_hub_queries_are_typically_noindex_cross_country_path_not_implemented_yet_unique_when_launched,low_strict_pair_from_nonempty_host_codes,Thin volume (5–19). Optional future page; keep noindex and out of sitemap until stronger catalog depth.,pending
/scholarships/for-students-from/switzerland/study-in/switzerland,CH,Switzerland,CH,Switzerland,6,low_count_noindex,defer_low_volume,"noindex,follow",false_volume_below_20,no,medium_intent_overlap_with_hub_filtered_urls_hub_queries_are_typically_noindex_cross_country_path_not_implemented_yet_unique_when_launched,low_strict_pair_from_nonempty_host_codes,Thin volume (5–19). Optional future page; keep noindex and out of sitemap until stronger catalog depth.,pending
/scholarships/for-students-from/spain/study-in/united-kingdom,ES,Spain,GB,United Kingdom,6,low_count_noindex,defer_low_volume,"noindex,follow",false_volume_below_20,no,medium_intent_overlap_with_hub_filtered_urls_hub_queries_are_typically_noindex_cross_country_path_not_implemented_yet_unique_when_launched,low_strict_pair_from_nonempty_host_codes,Thin volume (5–19). Optional future page; keep noindex and out of sitemap until stronger catalog depth.,pending
/scholarships/for-students-from/france/study-in/switzerland,FR,France,CH,Switzerland,6,low_count_noindex,defer_low_volume,"noindex,follow",false_volume_below_20,no,medium_intent_overlap_with_hub_filtered_urls_hub_queries_are_typically_noindex_cross_country_path_not_implemented_yet_unique_when_launched,low_strict_pair_from_nonempty_host_codes,Thin volume (5–19). Optional future page; keep noindex and out of sitemap until stronger catalog depth.,pending
/scholarships/for-students-from/moldova/study-in/united-states,MD,Moldova,US,United States,6,low_count_noindex,defer_low_volume,"noindex,follow",false_volume_below_20,no,medium_intent_overlap_with_hub_filtered_urls_hub_queries_are_typically_noindex_cross_country_path_not_implemented_yet_unique_when_launched,low_strict_pair_from_nonempty_host_codes,Thin volume (5–19). Optional future page; keep noindex and out of sitemap until stronger catalog depth.,pending
/scholarships/for-students-from/united-states/study-in/sweden,US,United States,SE,Sweden,6,low_count_noindex,defer_low_volume,"noindex,follow",false_volume_below_20,no,medium_intent_overlap_with_hub_filtered_urls_hub_queries_are_typically_noindex_cross_country_path_not_implemented_yet_unique_when_launched,low_strict_pair_from_nonempty_host_codes,Thin volume (5–19). Optional future page; keep noindex and out of sitemap until stronger catalog depth.,pending
/scholarships/for-students-from/united-states/study-in/belgium,US,United States,BE,Belgium,6,low_count_noindex,defer_low_volume,"noindex,follow",false_volume_below_20,no,medium_intent_overlap_with_hub_filtered_urls_hub_queries_are_typically_noindex_cross_country_path_not_implemented_yet_unique_when_launched,low_strict_pair_from_nonempty_host_codes,Thin volume (5–19). Optional future page; keep noindex and out of sitemap until stronger catalog depth.,pending
/scholarships/for-students-from/united-states/study-in/finland,US,United States,FI,Finland,6,low_count_noindex,defer_low_volume,"noindex,follow",false_volume_below_20,no,medium_intent_overlap_with_hub_filtered_urls_hub_queries_are_typically_noindex_cross_country_path_not_implemented_yet_unique_when_launched,low_strict_pair_from_nonempty_host_codes,Thin volume (5–19). Optional future page; keep noindex and out of sitemap until stronger catalog depth.,pending
/scholarships/for-students-from/united-states/study-in/ukraine,US,United States,UA,Ukraine,6,low_count_noindex,defer_low_volume,"noindex,follow",false_volume_below_20,no,medium_intent_overlap_with_hub_filtered_urls_hub_queries_are_typically_noindex_cross_country_path_not_implemented_yet_unique_when_launched,low_strict_pair_from_nonempty_host_codes,Thin volume (5–19). Optional future page; keep noindex and out of sitemap until stronger catalog depth.,pending
/scholarships/for-students-from/sri-lanka/study-in/united-states,LK,Sri Lanka,US,United States,6,low_count_noindex,defer_low_volume,"noindex,follow",false_volume_below_20,no,medium_intent_overlap_with_hub_filtered_urls_hub_queries_are_typically_noindex_cross_country_path_not_implemented_yet_unique_when_launched,low_strict_pair_from_nonempty_host_codes,Thin volume (5–19). Optional future page; keep noindex and out of sitemap until stronger catalog depth.,pending
/scholarships/for-students-from/belgium/study-in/belgium,BE,Belgium,BE,Belgium,6,low_count_noindex,defer_low_volume,"noindex,follow",false_volume_below_20,no,medium_intent_overlap_with_hub_filtered_urls_hub_queries_are_typically_noindex_cross_country_path_not_implemented_yet_unique_when_launched,low_strict_pair_from_nonempty_host_codes,Thin volume (5–19). Optional future page; keep noindex and out of sitemap until stronger catalog depth.,pending
/scholarships/for-students-from/poland/study-in/switzerland,PL,Poland,CH,Switzerland,6,low_count_noindex,defer_low_volume,"noindex,follow",false_volume_below_20,no,medium_intent_overlap_with_hub_filtered_urls_hub_queries_are_typically_noindex_cross_country_path_not_implemented_yet_unique_when_launched,low_strict_pair_from_nonempty_host_codes,Thin volume (5–19). Optional future page; keep noindex and out of sitemap until stronger catalog depth.,pending
/scholarships/for-students-from/portugal/study-in/portugal,PT,Portugal,PT,Portugal,6,low_count_noindex,defer_low_volume,"noindex,follow",false_volume_below_20,no,medium_intent_overlap_with_hub_filtered_urls_hub_queries_are_typically_noindex_cross_country_path_not_implemented_yet_unique_when_launched,low_strict_pair_from_nonempty_host_codes,Thin volume (5–19). Optional future page; keep noindex and out of sitemap until stronger catalog depth.,pending
/scholarships/for-students-from/thailand/study-in/united-states,TH,Thailand,US,United States,6,low_count_noindex,defer_low_volume,"noindex,follow",false_volume_below_20,no,medium_intent_overlap_with_hub_filtered_urls_hub_queries_are_typically_noindex_cross_country_path_not_implemented_yet_unique_when_launched,low_strict_pair_from_nonempty_host_codes,Thin volume (5–19). Optional future page; keep noindex and out of sitemap until stronger catalog depth.,pending
/scholarships/for-students-from/canada/study-in/australia,CA,Canada,AU,Australia,6,low_count_noindex,defer_low_volume,"noindex,follow",false_volume_below_20,no,medium_intent_overlap_with_hub_filtered_urls_hub_queries_are_typically_noindex_cross_country_path_not_implemented_yet_unique_when_launched,low_strict_pair_from_nonempty_host_codes,Thin volume (5–19). Optional future page; keep noindex and out of sitemap until stronger catalog depth.,pending
/scholarships/for-students-from/norway/study-in/united-states,NO,Norway,US,United States,6,low_count_noindex,defer_low_volume,"noindex,follow",false_volume_below_20,no,medium_intent_overlap_with_hub_filtered_urls_hub_queries_are_typically_noindex_cross_country_path_not_implemented_yet_unique_when_launched,low_strict_pair_from_nonempty_host_codes,Thin volume (5–19). Optional future page; keep noindex and out of sitemap until stronger catalog depth.,pending
/scholarships/for-students-from/el-salvador/study-in/united-states,SV,El Salvador,US,United States,6,low_count_noindex,defer_low_volume,"noindex,follow",false_volume_below_20,no,medium_intent_overlap_with_hub_filtered_urls_hub_queries_are_typically_noindex_cross_country_path_not_implemented_yet_unique_when_launched,low_strict_pair_from_nonempty_host_codes,Thin volume (5–19). Optional future page; keep noindex and out of sitemap until stronger catalog depth.,pending
/scholarships/for-students-from/kenya/study-in/united-kingdom,KE,Kenya,GB,United Kingdom,6,low_count_noindex,defer_low_volume,"noindex,follow",false_volume_below_20,no,medium_intent_overlap_with_hub_filtered_urls_hub_queries_are_typically_noindex_cross_country_path_not_implemented_yet_unique_when_launched,low_strict_pair_from_nonempty_host_codes,Thin volume (5–19). Optional future page; keep noindex and out of sitemap until stronger catalog depth.,pending
/scholarships/for-students-from/malaysia/study-in/united-kingdom,MY,Malaysia,GB,United Kingdom,6,low_count_noindex,defer_low_volume,"noindex,follow",false_volume_below_20,no,medium_intent_overlap_with_hub_filtered_urls_hub_queries_are_typically_noindex_cross_country_path_not_implemented_yet_unique_when_launched,low_strict_pair_from_nonempty_host_codes,Thin volume (5–19). Optional future page; keep noindex and out of sitemap until stronger catalog depth.,pending
/scholarships/for-students-from/poland/study-in/united-kingdom,PL,Poland,GB,United Kingdom,6,low_count_noindex,defer_low_volume,"noindex,follow",false_volume_below_20,no,medium_intent_overlap_with_hub_filtered_urls_hub_queries_are_typically_noindex_cross_country_path_not_implemented_yet_unique_when_launched,low_strict_pair_from_nonempty_host_codes,Thin volume (5–19). Optional future page; keep noindex and out of sitemap until stronger catalog depth.,pending
/scholarships/for-students-from/new-zealand/study-in/united-states,NZ,New Zealand,US,United States,6,low_count_noindex,defer_low_volume,"noindex,follow",false_volume_below_20,no,medium_intent_overlap_with_hub_filtered_urls_hub_queries_are_typically_noindex_cross_country_path_not_implemented_yet_unique_when_launched,low_strict_pair_from_nonempty_host_codes,Thin volume (5–19). Optional future page; keep noindex and out of sitemap until stronger catalog depth.,pending
/scholarships/for-students-from/south-africa/study-in/united-kingdom,ZA,South Africa,GB,United Kingdom,6,low_count_noindex,defer_low_volume,"noindex,follow",false_volume_below_20,no,medium_intent_overlap_with_hub_filtered_urls_hub_queries_are_typically_noindex_cross_country_path_not_implemented_yet_unique_when_launched,low_strict_pair_from_nonempty_host_codes,Thin volume (5–19). Optional future page; keep noindex and out of sitemap until stronger catalog depth.,pending
/scholarships/for-students-from/cambodia/study-in/australia,KH,Cambodia,AU,Australia,5,low_count_noindex,defer_low_volume,"noindex,follow",false_volume_below_20,no,medium_intent_overlap_with_hub_filtered_urls_hub_queries_are_typically_noindex_cross_country_path_not_implemented_yet_unique_when_launched,low_strict_pair_from_nonempty_host_codes,Thin volume (5–19). Optional future page; keep noindex and out of sitemap until stronger catalog depth.,pending
/scholarships/for-students-from/south-korea/study-in/australia,KR,South Korea,AU,Australia,5,low_count_noindex,defer_low_volume,"noindex,follow",false_volume_below_20,no,medium_intent_overlap_with_hub_filtered_urls_hub_queries_are_typically_noindex_cross_country_path_not_implemented_yet_unique_when_launched,low_strict_pair_from_nonempty_host_codes,Thin volume (5–19). Optional future page; keep noindex and out of sitemap until stronger catalog depth.,pending
/scholarships/for-students-from/philippines/study-in/australia,PH,Philippines,AU,Australia,5,low_count_noindex,defer_low_volume,"noindex,follow",false_volume_below_20,no,medium_intent_overlap_with_hub_filtered_urls_hub_queries_are_typically_noindex_cross_country_path_not_implemented_yet_unique_when_launched,low_strict_pair_from_nonempty_host_codes,Thin volume (5–19). Optional future page; keep noindex and out of sitemap until stronger catalog depth.,pending
/scholarships/for-students-from/vietnam/study-in/australia,VN,Vietnam,AU,Australia,5,low_count_noindex,defer_low_volume,"noindex,follow",false_volume_below_20,no,medium_intent_overlap_with_hub_filtered_urls_hub_queries_are_typically_noindex_cross_country_path_not_implemented_yet_unique_when_launched,low_strict_pair_from_nonempty_host_codes,Thin volume (5–19). Optional future page; keep noindex and out of sitemap until stronger catalog depth.,pending
/scholarships/for-students-from/switzerland/study-in/france,CH,Switzerland,FR,France,5,low_count_noindex,defer_low_volume,"noindex,follow",false_volume_below_20,no,medium_intent_overlap_with_hub_filtered_urls_hub_queries_are_typically_noindex_cross_country_path_not_implemented_yet_unique_when_launched,low_strict_pair_from_nonempty_host_codes,Thin volume (5–19). Optional future page; keep noindex and out of sitemap until stronger catalog depth.,pending
/scholarships/for-students-from/spain/study-in/switzerland,ES,Spain,CH,Switzerland,5,low_count_noindex,defer_low_volume,"noindex,follow",false_volume_below_20,no,medium_intent_overlap_with_hub_filtered_urls_hub_queries_are_typically_noindex_cross_country_path_not_implemented_yet_unique_when_launched,low_strict_pair_from_nonempty_host_codes,Thin volume (5–19). Optional future page; keep noindex and out of sitemap until stronger catalog depth.,pending
/scholarships/for-students-from/france/study-in/united-kingdom,FR,France,GB,United Kingdom,5,low_count_noindex,defer_low_volume,"noindex,follow",false_volume_below_20,no,medium_intent_overlap_with_hub_filtered_urls_hub_queries_are_typically_noindex_cross_country_path_not_implemented_yet_unique_when_launched,low_strict_pair_from_nonempty_host_codes,Thin volume (5–19). Optional future page; keep noindex and out of sitemap until stronger catalog depth.,pending
/scholarships/for-students-from/united-kingdom/study-in/switzerland,GB,United Kingdom,CH,Switzerland,5,low_count_noindex,defer_low_volume,"noindex,follow",false_volume_below_20,no,medium_intent_overlap_with_hub_filtered_urls_hub_queries_are_typically_noindex_cross_country_path_not_implemented_yet_unique_when_launched,low_strict_pair_from_nonempty_host_codes,Thin volume (5–19). Optional future page; keep noindex and out of sitemap until stronger catalog depth.,pending
/scholarships/for-students-from/united-kingdom/study-in/spain,GB,United Kingdom,ES,Spain,5,low_count_noindex,defer_low_volume,"noindex,follow",false_volume_below_20,no,medium_intent_overlap_with_hub_filtered_urls_hub_queries_are_typically_noindex_cross_country_path_not_implemented_yet_unique_when_launched,low_strict_pair_from_nonempty_host_codes,Thin volume (5–19). Optional future page; keep noindex and out of sitemap until stronger catalog depth.,pending
/scholarships/for-students-from/united-kingdom/study-in/france,GB,United Kingdom,FR,France,5,low_count_noindex,defer_low_volume,"noindex,follow",false_volume_below_20,no,medium_intent_overlap_with_hub_filtered_urls_hub_queries_are_typically_noindex_cross_country_path_not_implemented_yet_unique_when_launched,low_strict_pair_from_nonempty_host_codes,Thin volume (5–19). Optional future page; keep noindex and out of sitemap until stronger catalog depth.,pending
/scholarships/for-students-from/kazakhstan/study-in/united-states,KZ,Kazakhstan,US,United States,5,low_count_noindex,defer_low_volume,"noindex,follow",false_volume_below_20,no,medium_intent_overlap_with_hub_filtered_urls_hub_queries_are_typically_noindex_cross_country_path_not_implemented_yet_unique_when_launched,low_strict_pair_from_nonempty_host_codes,Thin volume (5–19). Optional future page; keep noindex and out of sitemap until stronger catalog depth.,pending
/scholarships/for-students-from/indonesia/study-in/india,ID,Indonesia,IN,India,5,low_count_noindex,defer_low_volume,"noindex,follow",false_volume_below_20,no,medium_intent_overlap_with_hub_filtered_urls_hub_queries_are_typically_noindex_cross_country_path_not_implemented_yet_unique_when_launched,low_strict_pair_from_nonempty_host_codes,Thin volume (5–19). Optional future page; keep noindex and out of sitemap until stronger catalog depth.,pending
/scholarships/for-students-from/singapore/study-in/india,SG,Singapore,IN,India,5,low_count_noindex,defer_low_volume,"noindex,follow",false_volume_below_20,no,medium_intent_overlap_with_hub_filtered_urls_hub_queries_are_typically_noindex_cross_country_path_not_implemented_yet_unique_when_launched,low_strict_pair_from_nonempty_host_codes,Thin volume (5–19). Optional future page; keep noindex and out of sitemap until stronger catalog depth.,pending
/scholarships/for-students-from/vietnam/study-in/india,VN,Vietnam,IN,India,5,low_count_noindex,defer_low_volume,"noindex,follow",false_volume_below_20,no,medium_intent_overlap_with_hub_filtered_urls_hub_queries_are_typically_noindex_cross_country_path_not_implemented_yet_unique_when_launched,low_strict_pair_from_nonempty_host_codes,Thin volume (5–19). Optional future page; keep noindex and out of sitemap until stronger catalog depth.,pending
/scholarships/for-students-from/canada/study-in/france,CA,Canada,FR,France,5,low_count_noindex,defer_low_volume,"noindex,follow",false_volume_below_20,no,medium_intent_overlap_with_hub_filtered_urls_hub_queries_are_typically_noindex_cross_country_path_not_implemented_yet_unique_when_launched,low_strict_pair_from_nonempty_host_codes,Thin volume (5–19). Optional future page; keep noindex and out of sitemap until stronger catalog depth.,pending
/scholarships/for-students-from/canada/study-in/turkey,CA,Canada,TR,Turkey,5,low_count_noindex,defer_low_volume,"noindex,follow",false_volume_below_20,no,medium_intent_overlap_with_hub_filtered_urls_hub_queries_are_typically_noindex_cross_country_path_not_implemented_yet_unique_when_launched,low_strict_pair_from_nonempty_host_codes,Thin volume (5–19). Optional future page; keep noindex and out of sitemap until stronger catalog depth.,pending
/scholarships/for-students-from/united-states/study-in/denmark,US,United States,DK,Denmark,5,low_count_noindex,defer_low_volume,"noindex,follow",false_volume_below_20,no,medium_intent_overlap_with_hub_filtered_urls_hub_queries_are_typically_noindex_cross_country_path_not_implemented_yet_unique_when_launched,low_strict_pair_from_nonempty_host_codes,Thin volume (5–19). Optional future page; keep noindex and out of sitemap until stronger catalog depth.,pending
/scholarships/for-students-from/united-states/study-in/netherlands,US,United States,NL,Netherlands,5,low_count_noindex,defer_low_volume,"noindex,follow",false_volume_below_20,no,medium_intent_overlap_with_hub_filtered_urls_hub_queries_are_typically_noindex_cross_country_path_not_implemented_yet_unique_when_launched,low_strict_pair_from_nonempty_host_codes,Thin volume (5–19). Optional future page; keep noindex and out of sitemap until stronger catalog depth.,pending
/scholarships/for-students-from/united-states/study-in/poland,US,United States,PL,Poland,5,low_count_noindex,defer_low_volume,"noindex,follow",false_volume_below_20,no,medium_intent_overlap_with_hub_filtered_urls_hub_queries_are_typically_noindex_cross_country_path_not_implemented_yet_unique_when_launched,low_strict_pair_from_nonempty_host_codes,Thin volume (5–19). Optional future page; keep noindex and out of sitemap until stronger catalog depth.,pending
/scholarships/for-students-from/germany/study-in/italy,DE,Germany,IT,Italy,5,low_count_noindex,defer_low_volume,"noindex,follow",false_volume_below_20,no,medium_intent_overlap_with_hub_filtered_urls_hub_queries_are_typically_noindex_cross_country_path_not_implemented_yet_unique_when_launched,low_strict_pair_from_nonempty_host_codes,Thin volume (5–19). Optional future page; keep noindex and out of sitemap until stronger catalog depth.,pending
/scholarships/for-students-from/poland/study-in/france,PL,Poland,FR,France,5,low_count_noindex,defer_low_volume,"noindex,follow",false_volume_below_20,no,medium_intent_overlap_with_hub_filtered_urls_hub_queries_are_typically_noindex_cross_country_path_not_implemented_yet_unique_when_launched,low_strict_pair_from_nonempty_host_codes,Thin volume (5–19). Optional future page; keep noindex and out of sitemap until stronger catalog depth.,pending
/scholarships/for-students-from/poland/study-in/italy,PL,Poland,IT,Italy,5,low_count_noindex,defer_low_volume,"noindex,follow",false_volume_below_20,no,medium_intent_overlap_with_hub_filtered_urls_hub_queries_are_typically_noindex_cross_country_path_not_implemented_yet_unique_when_launched,low_strict_pair_from_nonempty_host_codes,Thin volume (5–19). Optional future page; keep noindex and out of sitemap until stronger catalog depth.,pending
/scholarships/for-students-from/india/study-in/australia,IN,India,AU,Australia,5,low_count_noindex,defer_low_volume,"noindex,follow",false_volume_below_20,no,medium_intent_overlap_with_hub_filtered_urls_hub_queries_are_typically_noindex_cross_country_path_not_implemented_yet_unique_when_launched,low_strict_pair_from_nonempty_host_codes,Thin volume (5–19). Optional future page; keep noindex and out of sitemap until stronger catalog depth.,pending
/scholarships/for-students-from/australia/study-in/united-kingdom,AU,Australia,GB,United Kingdom,5,low_count_noindex,defer_low_volume,"noindex,follow",false_volume_below_20,no,medium_intent_overlap_with_hub_filtered_urls_hub_queries_are_typically_noindex_cross_country_path_not_implemented_yet_unique_when_launched,low_strict_pair_from_nonempty_host_codes,Thin volume (5–19). Optional future page; keep noindex and out of sitemap until stronger catalog depth.,pending
/scholarships/for-students-from/costa-rica/study-in/united-states,CR,Costa Rica,US,United States,5,low_count_noindex,defer_low_volume,"noindex,follow",false_volume_below_20,no,medium_intent_overlap_with_hub_filtered_urls_hub_queries_are_typically_noindex_cross_country_path_not_implemented_yet_unique_when_launched,low_strict_pair_from_nonempty_host_codes,Thin volume (5–19). Optional future page; keep noindex and out of sitemap until stronger catalog depth.,pending
/scholarships/for-students-from/ecuador/study-in/united-states,EC,Ecuador,US,United States,5,low_count_noindex,defer_low_volume,"noindex,follow",false_volume_below_20,no,medium_intent_overlap_with_hub_filtered_urls_hub_queries_are_typically_noindex_cross_country_path_not_implemented_yet_unique_when_launched,low_strict_pair_from_nonempty_host_codes,Thin volume (5–19). Optional future page; keep noindex and out of sitemap until stronger catalog depth.,pending
/scholarships/for-students-from/guatemala/study-in/united-states,GT,Guatemala,US,United States,5,low_count_noindex,defer_low_volume,"noindex,follow",false_volume_below_20,no,medium_intent_overlap_with_hub_filtered_urls_hub_queries_are_typically_noindex_cross_country_path_not_implemented_yet_unique_when_launched,low_strict_pair_from_nonempty_host_codes,Thin volume (5–19). Optional future page; keep noindex and out of sitemap until stronger catalog depth.,pending
/scholarships/for-students-from/honduras/study-in/united-states,HN,Honduras,US,United States,5,low_count_noindex,defer_low_volume,"noindex,follow",false_volume_below_20,no,medium_intent_overlap_with_hub_filtered_urls_hub_queries_are_typically_noindex_cross_country_path_not_implemented_yet_unique_when_launched,low_strict_pair_from_nonempty_host_codes,Thin volume (5–19). Optional future page; keep noindex and out of sitemap until stronger catalog depth.,pending
/scholarships/for-students-from/nicaragua/study-in/united-states,NI,Nicaragua,US,United States,5,low_count_noindex,defer_low_volume,"noindex,follow",false_volume_below_20,no,medium_intent_overlap_with_hub_filtered_urls_hub_queries_are_typically_noindex_cross_country_path_not_implemented_yet_unique_when_launched,low_strict_pair_from_nonempty_host_codes,Thin volume (5–19). Optional future page; keep noindex and out of sitemap until stronger catalog depth.,pending
/scholarships/for-students-from/paraguay/study-in/united-states,PY,Paraguay,US,United States,5,low_count_noindex,defer_low_volume,"noindex,follow",false_volume_below_20,no,medium_intent_overlap_with_hub_filtered_urls_hub_queries_are_typically_noindex_cross_country_path_not_implemented_yet_unique_when_launched,low_strict_pair_from_nonempty_host_codes,Thin volume (5–19). Optional future page; keep noindex and out of sitemap until stronger catalog depth.,pending
/scholarships/for-students-from/uruguay/study-in/united-states,UY,Uruguay,US,United States,5,low_count_noindex,defer_low_volume,"noindex,follow",false_volume_below_20,no,medium_intent_overlap_with_hub_filtered_urls_hub_queries_are_typically_noindex_cross_country_path_not_implemented_yet_unique_when_launched,low_strict_pair_from_nonempty_host_codes,Thin volume (5–19). Optional future page; keep noindex and out of sitemap until stronger catalog depth.,pending
/scholarships/for-students-from/iran/study-in/iran,IR,Iran,IR,Iran,5,low_count_noindex,defer_low_volume,"noindex,follow",false_volume_below_20,no,medium_intent_overlap_with_hub_filtered_urls_hub_queries_are_typically_noindex_cross_country_path_not_implemented_yet_unique_when_launched,low_strict_pair_from_nonempty_host_codes,Thin volume (5–19). Optional future page; keep noindex and out of sitemap until stronger catalog depth.,pending
/scholarships/for-students-from/united-arab-emirates/study-in/united-states,AE,United Arab Emirates,US,United States,5,low_count_noindex,defer_low_volume,"noindex,follow",false_volume_below_20,no,medium_intent_overlap_with_hub_filtered_urls_hub_queries_are_typically_noindex_cross_country_path_not_implemented_yet_unique_when_launched,low_strict_pair_from_nonempty_host_codes,Thin volume (5–19). Optional future page; keep noindex and out of sitemap until stronger catalog depth.,pending
/scholarships/for-students-from/mexico/study-in/united-kingdom,MX,Mexico,GB,United Kingdom,5,low_count_noindex,defer_low_volume,"noindex,follow",false_volume_below_20,no,medium_intent_overlap_with_hub_filtered_urls_hub_queries_are_typically_noindex_cross_country_path_not_implemented_yet_unique_when_launched,low_strict_pair_from_nonempty_host_codes,Thin volume (5–19). Optional future page; keep noindex and out of sitemap until stronger catalog depth.,pending
/scholarships/for-students-from/netherlands/study-in/netherlands,NL,Netherlands,NL,Netherlands,5,low_count_noindex,defer_low_volume,"noindex,follow",false_volume_below_20,no,medium_intent_overlap_with_hub_filtered_urls_hub_queries_are_typically_noindex_cross_country_path_not_implemented_yet_unique_when_launched,low_strict_pair_from_nonempty_host_codes,Thin volume (5–19). Optional future page; keep noindex and out of sitemap until stronger catalog depth.,pending
/scholarships/for-students-from/egypt/study-in/united-kingdom,EG,Egypt,GB,United Kingdom,5,low_count_noindex,defer_low_volume,"noindex,follow",false_volume_below_20,no,medium_intent_overlap_with_hub_filtered_urls_hub_queries_are_typically_noindex_cross_country_path_not_implemented_yet_unique_when_launched,low_strict_pair_from_nonempty_host_codes,Thin volume (5–19). Optional future page; keep noindex and out of sitemap until stronger catalog depth.,pending
/scholarships/for-students-from/indonesia/study-in/united-kingdom,ID,Indonesia,GB,United Kingdom,5,low_count_noindex,defer_low_volume,"noindex,follow",false_volume_below_20,no,medium_intent_overlap_with_hub_filtered_urls_hub_queries_are_typically_noindex_cross_country_path_not_implemented_yet_unique_when_launched,low_strict_pair_from_nonempty_host_codes,Thin volume (5–19). Optional future page; keep noindex and out of sitemap until stronger catalog depth.,pending
/scholarships/for-students-from/thailand/study-in/united-kingdom,TH,Thailand,GB,United Kingdom,5,low_count_noindex,defer_low_volume,"noindex,follow",false_volume_below_20,no,medium_intent_overlap_with_hub_filtered_urls_hub_queries_are_typically_noindex_cross_country_path_not_implemented_yet_unique_when_launched,low_strict_pair_from_nonempty_host_codes,Thin volume (5–19). Optional future page; keep noindex and out of sitemap until stronger catalog depth.,pending
/scholarships/for-students-from/vatican-city/study-in/united-states,VA,Vatican City,US,United States,5,low_count_noindex,defer_low_volume,"noindex,follow",false_volume_below_20,no,medium_intent_overlap_with_hub_filtered_urls_hub_queries_are_typically_noindex_cross_country_path_not_implemented_yet_unique_when_launched,low_strict_pair_from_nonempty_host_codes,Thin volume (5–19). Optional future page; keep noindex and out of sitemap until stronger catalog depth.,pending
/scholarships/for-students-from/vietnam/study-in/united-kingdom,VN,Vietnam,GB,United Kingdom,5,low_count_noindex,defer_low_volume,"noindex,follow",false_volume_below_20,no,medium_intent_overlap_with_hub_filtered_urls_hub_queries_are_typically_noindex_cross_country_path_not_implemented_yet_unique_when_launched,low_strict_pair_from_nonempty_host_codes,Thin volume (5–19). Optional future page; keep noindex and out of sitemap until stronger catalog depth.,pending
/scholarships/for-students-from/russia/study-in/united-states,RU,Russia,US,United States,5,low_count_noindex,defer_low_volume,"noindex,follow",false_volume_below_20,no,medium_intent_overlap_with_hub_filtered_urls_hub_queries_are_typically_noindex_cross_country_path_not_implemented_yet_unique_when_launched,low_strict_pair_from_nonempty_host_codes,Thin volume (5–19). Optional future page; keep noindex and out of sitemap until stronger catalog depth.,pending
/scholarships/for-students-from/colombia/study-in/colombia,CO,Colombia,CO,Colombia,5,low_count_noindex,defer_low_volume,"noindex,follow",false_volume_below_20,no,medium_intent_overlap_with_hub_filtered_urls_hub_queries_are_typically_noindex_cross_country_path_not_implemented_yet_unique_when_launched,low_strict_pair_from_nonempty_host_codes,Thin volume (5–19). Optional future page; keep noindex and out of sitemap until stronger catalog depth.,pending
/scholarships/for-students-from/saudi-arabia/study-in/united-states,SA,Saudi Arabia,US,United States,5,low_count_noindex,defer_low_volume,"noindex,follow",false_volume_below_20,no,medium_intent_overlap_with_hub_filtered_urls_hub_queries_are_typically_noindex_cross_country_path_not_implemented_yet_unique_when_launched,low_strict_pair_from_nonempty_host_codes,Thin volume (5–19). Optional future page; keep noindex and out of sitemap until stronger catalog depth.,pending
/scholarships/for-students-from/ethiopia/study-in/united-kingdom,ET,Ethiopia,GB,United Kingdom,5,low_count_noindex,defer_low_volume,"noindex,follow",false_volume_below_20,no,medium_intent_overlap_with_hub_filtered_urls_hub_queries_are_typically_noindex_cross_country_path_not_implemented_yet_unique_when_launched,low_strict_pair_from_nonempty_host_codes,Thin volume (5–19). Optional future page; keep noindex and out of sitemap until stronger catalog depth.,pending
/scholarships/for-students-from/japan/study-in/united-kingdom,JP,Japan,GB,United Kingdom,5,low_count_noindex,defer_low_volume,"noindex,follow",false_volume_below_20,no,medium_intent_overlap_with_hub_filtered_urls_hub_queries_are_typically_noindex_cross_country_path_not_implemented_yet_unique_when_launched,low_strict_pair_from_nonempty_host_codes,Thin volume (5–19). Optional future page; keep noindex and out of sitemap until stronger catalog depth.,pending
/scholarships/for-students-from/brazil/study-in/united-kingdom,BR,Brazil,GB,United Kingdom,5,low_count_noindex,defer_low_volume,"noindex,follow",false_volume_below_20,no,medium_intent_overlap_with_hub_filtered_urls_hub_queries_are_typically_noindex_cross_country_path_not_implemented_yet_unique_when_launched,low_strict_pair_from_nonempty_host_codes,Thin volume (5–19). Optional future page; keep noindex and out of sitemap until stronger catalog depth.,pending
/scholarships/for-students-from/china/study-in/united-kingdom,CN,China,GB,United Kingdom,5,low_count_noindex,defer_low_volume,"noindex,follow",false_volume_below_20,no,medium_intent_overlap_with_hub_filtered_urls_hub_queries_are_typically_noindex_cross_country_path_not_implemented_yet_unique_when_launched,low_strict_pair_from_nonempty_host_codes,Thin volume (5–19). Optional future page; keep noindex and out of sitemap until stronger catalog depth.,pending
/scholarships/for-students-from/jamaica/study-in/united-kingdom,JM,Jamaica,GB,United Kingdom,5,low_count_noindex,defer_low_volume,"noindex,follow",false_volume_below_20,no,medium_intent_overlap_with_hub_filtered_urls_hub_queries_are_typically_noindex_cross_country_path_not_implemented_yet_unique_when_launched,low_strict_pair_from_nonempty_host_codes,Thin volume (5–19). Optional future page; keep noindex and out of sitemap until stronger catalog depth.,pending
/scholarships/for-students-from/morocco/study-in/united-states,MA,Morocco,US,United States,5,low_count_noindex,defer_low_volume,"noindex,follow",false_volume_below_20,no,medium_intent_overlap_with_hub_filtered_urls_hub_queries_are_typically_noindex_cross_country_path_not_implemented_yet_unique_when_launched,low_strict_pair_from_nonempty_host_codes,Thin volume (5–19). Optional future page; keep noindex and out of sitemap until stronger catalog depth.,pending