group,url,applicant_country,study_country,country,totalCountSnapshot,status,allowedForAds,robots,includeInSitemap,h1,metaTitle,qaNotes,reason,campaign_name,suggested_headline,suggested_description,geo_target,final_url,headline_1,headline_2,description,rank
INDEX_GOOD,https://scholarshiptop.com/scholarships/for-students-from/australia/study-in/australia,Australia,Australia,,64,approved_priority,false,,,Scholarships for Students from Australia to Study in Australia,Students from Australia: Scholarships to Study in Australia | ScholarshipTop,domestic_pair_not_primary_ads,,,,,,,,,,
INDEX_GOOD,https://scholarshiptop.com/scholarships/for-students-from/canada/study-in/canada,Canada,Canada,,182,approved_priority,false,,,Scholarships for Canadian Students to Study in Canada,Canadian Students: Scholarships to Study in Canada | ScholarshipTop,domestic_pair_not_primary_ads,,,,,,,,,,
INDEX_GOOD,https://scholarshiptop.com/scholarships/for-students-from/canada/study-in/germany,Canada,Germany,,88,approved_priority,false,,,Scholarships for Canadian Students to Study in Germany,Canadian Students: Scholarships to Study in Germany | ScholarshipTop,germany_cluster_allowlisted,,,,,,,,,,
INDEX_GOOD,https://scholarshiptop.com/scholarships/for-students-from/canada/study-in/united-states,Canada,United States,,150,approved_priority,true,,,Scholarships for Canadian Students to Study in the USA,Canadian Students: Scholarships to Study in the USA | ScholarshipTop,,,,,,,,,,,
INDEX_GOOD,https://scholarshiptop.com/scholarships/for-students-from/germany/study-in/united-states,Germany,United States,,23,approved,false,,,Scholarships for Students from Germany to Study in United States,Students from Germany: Scholarships to Study in United States | ScholarshipTop,ads_optional_after_manual_QA,,,,,,,,,,
INDEX_GOOD,https://scholarshiptop.com/scholarships/for-students-from/india/study-in/germany,India,Germany,,90,approved_priority,false,,,Scholarships for Indian Students to Study in Germany,Indian Students: Scholarships to Study in Germany | ScholarshipTop,germany_cluster_allowlisted,,,,,,,,,,
INDEX_GOOD,https://scholarshiptop.com/scholarships/for-students-from/india/study-in/india,India,India,,39,approved,false,,,Scholarships for Indian Students to Study in India,Indian Students: Scholarships to Study in India | ScholarshipTop,ads_optional_after_manual_QA; domestic_pair_not_primary_ads,,,,,,,,,,
INDEX_GOOD,https://scholarshiptop.com/scholarships/for-students-from/india/study-in/united-states,India,United States,,49,approved,false,,,Scholarships for Indian Students to Study in the USA,Indian Students: Scholarships to Study in the USA | ScholarshipTop,ads_optional_after_manual_QA,,,,,,,,,,
INDEX_GOOD,https://scholarshiptop.com/scholarships/for-students-from/italy/study-in/united-states,Italy,United States,,46,approved,false,,,Scholarships for Students from Italy to Study in United States,Students from Italy: Scholarships to Study in United States | ScholarshipTop,ads_optional_after_manual_QA,,,,,,,,,,
INDEX_GOOD,https://scholarshiptop.com/scholarships/for-students-from/mexico/study-in/germany,Mexico,Germany,,94,approved_priority,false,,,Scholarships for Mexican Students to Study in Germany,Mexican Students: Scholarships to Study in Germany | ScholarshipTop,germany_cluster_allowlisted,,,,,,,,,,
INDEX_GOOD,https://scholarshiptop.com/scholarships/for-students-from/mexico/study-in/united-states,Mexico,United States,,81,approved_priority,true,,,Scholarships for Mexican Students to Study in the USA,Mexican Students: Scholarships to Study in the USA | ScholarshipTop,,,,,,,,,,,
INDEX_GOOD,https://scholarshiptop.com/scholarships/for-students-from/new-zealand/study-in/new-zealand,New Zealand,New Zealand,,66,approved_priority,false,,,Scholarships for Students from New Zealand to Study in New Zealand,Students from New Zealand: Scholarships to Study in New Zealand | ScholarshipTop,domestic_pair_not_primary_ads,,,,,,,,,,
INDEX_GOOD,https://scholarshiptop.com/scholarships/for-students-from/philippines/study-in/germany,Philippines,Germany,,96,approved_priority,false,,,Scholarships for Filipino Students to Study in Germany,Filipino Students: Scholarships to Study in Germany | ScholarshipTop,germany_cluster_allowlisted,,,,,,,,,,
INDEX_GOOD,https://scholarshiptop.com/scholarships/for-students-from/philippines/study-in/united-states,Philippines,United States,,25,approved,false,,,Scholarships for Filipino Students to Study in the USA,Filipino Students: Scholarships to Study in the USA | ScholarshipTop,ads_optional_after_manual_QA,,,,,,,,,,
INDEX_GOOD,https://scholarshiptop.com/scholarships/for-students-from/poland/study-in/united-states,Poland,United States,,21,approved,false,,,Scholarships for Students from Poland to Study in United States,Students from Poland: Scholarships to Study in United States | ScholarshipTop,ads_optional_after_manual_QA,,,,,,,,,,
INDEX_GOOD,https://scholarshiptop.com/scholarships/for-students-from/sao-tome-principe/study-in/united-states,São Tomé & Príncipe,United States,,29,approved,false,,,Scholarships for Students from São Tomé & Príncipe to Study in United States,Students from São Tomé & Príncipe: Scholarships to Study in United States | ScholarshipTop,ads_optional_after_manual_QA,,,,,,,,,,
INDEX_GOOD,https://scholarshiptop.com/scholarships/for-students-from/south-korea/study-in/united-states,South Korea,United States,,20,approved,false,,,Scholarships for Students from South Korea to Study in United States,Students from South Korea: Scholarships to Study in United States | ScholarshipTop,ads_optional_after_manual_QA,,,,,,,,,,
INDEX_GOOD,https://scholarshiptop.com/scholarships/for-students-from/spain/study-in/united-states,Spain,United States,,25,approved,false,,,Scholarships for Students from Spain to Study in United States,Students from Spain: Scholarships to Study in United States | ScholarshipTop,ads_optional_after_manual_QA,,,,,,,,,,
INDEX_GOOD,https://scholarshiptop.com/scholarships/for-students-from/united-kingdom/study-in/germany,United Kingdom,Germany,,95,approved_priority,false,,,Scholarships for UK Students to Study in Germany,UK Students: Scholarships to Study in Germany | ScholarshipTop,germany_cluster_allowlisted,,,,,,,,,,
INDEX_GOOD,https://scholarshiptop.com/scholarships/for-students-from/united-kingdom/study-in/united-kingdom,United Kingdom,United Kingdom,,170,approved_priority,false,,,Scholarships for UK Students to Study in the UK,UK Students: Scholarships to Study in the UK | ScholarshipTop,domestic_pair_not_primary_ads,,,,,,,,,,
INDEX_GOOD,https://scholarshiptop.com/scholarships/for-students-from/united-kingdom/study-in/united-states,United Kingdom,United States,,70,approved_priority,true,,,Scholarships for UK Students to Study in the USA,UK Students: Scholarships to Study in the USA | ScholarshipTop,,,,,,,,,,,
INDEX_GOOD,https://scholarshiptop.com/scholarships/for-students-from/united-states/study-in/canada,United States,Canada,,65,approved_priority,true,,,Scholarships for American Students to Study in Canada,American Students: Scholarships to Study in Canada | ScholarshipTop,,,,,,,,,,,
INDEX_GOOD,https://scholarshiptop.com/scholarships/for-students-from/united-states/study-in/germany,United States,Germany,,117,approved_priority,false,,,Scholarships for American Students to Study in Germany,American Students: Scholarships to Study in Germany | ScholarshipTop,germany_cluster_allowlisted,,,,,,,,,,
INDEX_GOOD,https://scholarshiptop.com/scholarships/for-students-from/united-states/study-in/india,United States,India,,24,approved,false,,,Scholarships for American Students to Study in India,American Students: Scholarships to Study in India | ScholarshipTop,ads_optional_after_manual_QA,,,,,,,,,,
INDEX_GOOD,https://scholarshiptop.com/scholarships/for-students-from/united-states/study-in/spain,United States,Spain,,20,approved,false,,,Scholarships for American Students to Study in Spain,American Students: Scholarships to Study in Spain | ScholarshipTop,ads_optional_after_manual_QA,,,,,,,,,,
INDEX_GOOD,https://scholarshiptop.com/scholarships/for-students-from/united-states/study-in/united-kingdom,United States,United Kingdom,,38,approved,false,,,Scholarships for American Students to Study in the UK,American Students: Scholarships to Study in the UK | ScholarshipTop,ads_optional_after_manual_QA,,,,,,,,,,
INDEX_GOOD,https://scholarshiptop.com/scholarships/for-students-from/united-states/study-in/united-states,United States,United States,,8983,approved_priority,false,,,Scholarships for American Students to Study in the USA,American Students: Scholarships to Study in the USA | ScholarshipTop,domestic_pair_not_primary_ads,,,,,,,,,,
INDEX_GOOD,https://scholarshiptop.com/scholarships/for-students-from/vietnam/study-in/united-states,Vietnam,United States,,23,approved,false,,,Scholarships for Students from Vietnam to Study in United States,Students from Vietnam: Scholarships to Study in United States | ScholarshipTop,ads_optional_after_manual_QA,,,,,,,,,,
ADS_GOOD,https://scholarshiptop.com/scholarships/for-students-from/canada/study-in/united-states,Canada,United States,,150,,,,,Scholarships for Canadian Students to Study in the USA,,,,Scholarships - Canada to United States,USA Scholarships for Canadian Students,"Find scholarships for students from Canada who want to study in United States. Compare deadlines, awards, and requirements.",,,,,,
ADS_GOOD,https://scholarshiptop.com/scholarships/for-students-from/mexico/study-in/united-states,Mexico,United States,,81,,,,,Scholarships for Mexican Students to Study in the USA,,,,Scholarships - Mexico to United States,USA Scholarships for Mexican Students,"Find scholarships for students from Mexico who want to study in United States. Compare deadlines, awards, and requirements.",,,,,,
ADS_GOOD,https://scholarshiptop.com/scholarships/for-students-from/united-kingdom/study-in/united-states,United Kingdom,United States,,70,,,,,Scholarships for UK Students to Study in the USA,,,,Scholarships - United Kingdom to United States,USA Scholarships for UK Students,"Find scholarships for students from United Kingdom who want to study in United States. Compare deadlines, awards, and requirements.",,,,,,
ADS_GOOD,https://scholarshiptop.com/scholarships/for-students-from/united-states/study-in/canada,United States,Canada,,65,,,,,Scholarships for American Students to Study in Canada,,,,Scholarships - United States to Canada,Scholarships for American Students,"Find scholarships for students from United States who want to study in Canada. Compare deadlines, awards, and requirements.",,,,,,
ADS_OPTIONAL,https://scholarshiptop.com/scholarships/for-students-from/australia/study-in/australia,Australia,Australia,,64,approved_priority,,,,Scholarships for Students from Australia to Study in Australia,,,Domestic pair (applicantCode === hostCode) · qaNotes: domestic_pair_not_primary_ads,,,,,,,,,
ADS_OPTIONAL,https://scholarshiptop.com/scholarships/for-students-from/canada/study-in/canada,Canada,Canada,,182,approved_priority,,,,Scholarships for Canadian Students to Study in Canada,,,Domestic pair (applicantCode === hostCode) · qaNotes: domestic_pair_not_primary_ads,,,,,,,,,
ADS_OPTIONAL,https://scholarshiptop.com/scholarships/for-students-from/canada/study-in/germany,Canada,Germany,,88,approved_priority,,,,Scholarships for Canadian Students to Study in Germany,,,Germany host cluster — often reviewed separately for differentiation · qaNotes: germany_cluster_allowlisted,,,,,,,,,
ADS_OPTIONAL,https://scholarshiptop.com/scholarships/for-students-from/germany/study-in/united-states,Germany,United States,,23,approved,,,,Scholarships for Students from Germany to Study in United States,,,qaNotes: ads_optional_after_manual_QA,,,,,,,,,
ADS_OPTIONAL,https://scholarshiptop.com/scholarships/for-students-from/india/study-in/germany,India,Germany,,90,approved_priority,,,,Scholarships for Indian Students to Study in Germany,,,Germany host cluster — often reviewed separately for differentiation · qaNotes: germany_cluster_allowlisted,,,,,,,,,
ADS_OPTIONAL,https://scholarshiptop.com/scholarships/for-students-from/india/study-in/india,India,India,,39,approved,,,,Scholarships for Indian Students to Study in India,,,Domestic pair (applicantCode === hostCode) · qaNotes: ads_optional_after_manual_QA; domestic_pair_not_primary_ads,,,,,,,,,
ADS_OPTIONAL,https://scholarshiptop.com/scholarships/for-students-from/india/study-in/united-states,India,United States,,49,approved,,,,Scholarships for Indian Students to Study in the USA,,,qaNotes: ads_optional_after_manual_QA,,,,,,,,,
ADS_OPTIONAL,https://scholarshiptop.com/scholarships/for-students-from/italy/study-in/united-states,Italy,United States,,46,approved,,,,Scholarships for Students from Italy to Study in United States,,,qaNotes: ads_optional_after_manual_QA,,,,,,,,,
ADS_OPTIONAL,https://scholarshiptop.com/scholarships/for-students-from/mexico/study-in/germany,Mexico,Germany,,94,approved_priority,,,,Scholarships for Mexican Students to Study in Germany,,,Germany host cluster — often reviewed separately for differentiation · qaNotes: germany_cluster_allowlisted,,,,,,,,,
ADS_OPTIONAL,https://scholarshiptop.com/scholarships/for-students-from/new-zealand/study-in/new-zealand,New Zealand,New Zealand,,66,approved_priority,,,,Scholarships for Students from New Zealand to Study in New Zealand,,,Domestic pair (applicantCode === hostCode) · qaNotes: domestic_pair_not_primary_ads,,,,,,,,,
ADS_OPTIONAL,https://scholarshiptop.com/scholarships/for-students-from/philippines/study-in/germany,Philippines,Germany,,96,approved_priority,,,,Scholarships for Filipino Students to Study in Germany,,,Germany host cluster — often reviewed separately for differentiation · qaNotes: germany_cluster_allowlisted,,,,,,,,,
ADS_OPTIONAL,https://scholarshiptop.com/scholarships/for-students-from/philippines/study-in/united-states,Philippines,United States,,25,approved,,,,Scholarships for Filipino Students to Study in the USA,,,qaNotes: ads_optional_after_manual_QA,,,,,,,,,
ADS_OPTIONAL,https://scholarshiptop.com/scholarships/for-students-from/poland/study-in/united-states,Poland,United States,,21,approved,,,,Scholarships for Students from Poland to Study in United States,,,qaNotes: ads_optional_after_manual_QA,,,,,,,,,
ADS_OPTIONAL,https://scholarshiptop.com/scholarships/for-students-from/sao-tome-principe/study-in/united-states,São Tomé & Príncipe,United States,,29,approved,,,,Scholarships for Students from São Tomé & Príncipe to Study in United States,,,qaNotes: ads_optional_after_manual_QA,,,,,,,,,
ADS_OPTIONAL,https://scholarshiptop.com/scholarships/for-students-from/south-korea/study-in/united-states,South Korea,United States,,20,approved,,,,Scholarships for Students from South Korea to Study in United States,,,qaNotes: ads_optional_after_manual_QA,,,,,,,,,
ADS_OPTIONAL,https://scholarshiptop.com/scholarships/for-students-from/spain/study-in/united-states,Spain,United States,,25,approved,,,,Scholarships for Students from Spain to Study in United States,,,qaNotes: ads_optional_after_manual_QA,,,,,,,,,
ADS_OPTIONAL,https://scholarshiptop.com/scholarships/for-students-from/united-kingdom/study-in/germany,United Kingdom,Germany,,95,approved_priority,,,,Scholarships for UK Students to Study in Germany,,,Germany host cluster — often reviewed separately for differentiation · qaNotes: germany_cluster_allowlisted,,,,,,,,,
ADS_OPTIONAL,https://scholarshiptop.com/scholarships/for-students-from/united-kingdom/study-in/united-kingdom,United Kingdom,United Kingdom,,170,approved_priority,,,,Scholarships for UK Students to Study in the UK,,,Domestic pair (applicantCode === hostCode) · qaNotes: domestic_pair_not_primary_ads,,,,,,,,,
ADS_OPTIONAL,https://scholarshiptop.com/scholarships/for-students-from/united-states/study-in/germany,United States,Germany,,117,approved_priority,,,,Scholarships for American Students to Study in Germany,,,Germany host cluster — often reviewed separately for differentiation · qaNotes: germany_cluster_allowlisted,,,,,,,,,
ADS_OPTIONAL,https://scholarshiptop.com/scholarships/for-students-from/united-states/study-in/india,United States,India,,24,approved,,,,Scholarships for American Students to Study in India,,,qaNotes: ads_optional_after_manual_QA,,,,,,,,,
ADS_OPTIONAL,https://scholarshiptop.com/scholarships/for-students-from/united-states/study-in/spain,United States,Spain,,20,approved,,,,Scholarships for American Students to Study in Spain,,,qaNotes: ads_optional_after_manual_QA,,,,,,,,,
ADS_OPTIONAL,https://scholarshiptop.com/scholarships/for-students-from/united-states/study-in/united-kingdom,United States,United Kingdom,,38,approved,,,,Scholarships for American Students to Study in the UK,,,qaNotes: ads_optional_after_manual_QA,,,,,,,,,
ADS_OPTIONAL,https://scholarshiptop.com/scholarships/for-students-from/united-states/study-in/united-states,United States,United States,,8983,approved_priority,,,,Scholarships for American Students to Study in the USA,,,Domestic pair (applicantCode === hostCode) · qaNotes: domestic_pair_not_primary_ads,,,,,,,,,
ADS_OPTIONAL,https://scholarshiptop.com/scholarships/for-students-from/vietnam/study-in/united-states,Vietnam,United States,,23,approved,,,,Scholarships for Students from Vietnam to Study in United States,,,qaNotes: ads_optional_after_manual_QA,,,,,,,,,
NOINDEX,https://scholarshiptop.com/scholarships/for-students-from/afghanistan/study-in/germany,Afghanistan,Germany,,82,manual_review,,,,Scholarships for Students from Afghanistan to Study in Germany,,,manual_review · qaNotes: germany_cluster_manual_review; not_on_germany_index_allowlist,,,,,,,,,
NOINDEX,https://scholarshiptop.com/scholarships/for-students-from/albania/study-in/germany,Albania,Germany,,93,manual_review,,,,Scholarships for Students from Albania to Study in Germany,,,manual_review · qaNotes: germany_cluster_manual_review; not_on_germany_index_allowlist,,,,,,,,,
NOINDEX,https://scholarshiptop.com/scholarships/for-students-from/algeria/study-in/germany,Algeria,Germany,,88,manual_review,,,,Scholarships for Students from Algeria to Study in Germany,,,manual_review · qaNotes: germany_cluster_manual_review; not_on_germany_index_allowlist,,,,,,,,,
NOINDEX,https://scholarshiptop.com/scholarships/for-students-from/andorra/study-in/germany,Andorra,Germany,,78,manual_review,,,,Scholarships for Students from Andorra to Study in Germany,,,manual_review · qaNotes: germany_cluster_manual_review; not_on_germany_index_allowlist,,,,,,,,,
NOINDEX,https://scholarshiptop.com/scholarships/for-students-from/angola/study-in/germany,Angola,Germany,,86,manual_review,,,,Scholarships for Students from Angola to Study in Germany,,,manual_review · qaNotes: germany_cluster_manual_review; not_on_germany_index_allowlist,,,,,,,,,
NOINDEX,https://scholarshiptop.com/scholarships/for-students-from/argentina/study-in/germany,Argentina,Germany,,93,manual_review,,,,Scholarships for Students from Argentina to Study in Germany,,,manual_review · qaNotes: germany_cluster_manual_review; not_on_germany_index_allowlist,,,,,,,,,
NOINDEX,https://scholarshiptop.com/scholarships/for-students-from/argentina/study-in/united-states,Argentina,United States,,14,published_noindex,,,,Scholarships for Students from Argentina to Study in United States,,,published_noindex · qaNotes: low_volume_5_19_bucket,,,,,,,,,
NOINDEX,https://scholarshiptop.com/scholarships/for-students-from/armenia/study-in/germany,Armenia,Germany,,91,manual_review,,,,Scholarships for Students from Armenia to Study in Germany,,,manual_review · qaNotes: germany_cluster_manual_review; not_on_germany_index_allowlist,,,,,,,,,
NOINDEX,https://scholarshiptop.com/scholarships/for-students-from/australia/study-in/germany,Australia,Germany,,78,manual_review,,,,Scholarships for Students from Australia to Study in Germany,,,manual_review · qaNotes: germany_cluster_manual_review; not_on_germany_index_allowlist,,,,,,,,,
NOINDEX,https://scholarshiptop.com/scholarships/for-students-from/australia/study-in/india,Australia,India,,16,published_noindex,,,,Scholarships for Students from Australia to Study in India,,,published_noindex · qaNotes: low_volume_5_19_bucket,,,,,,,,,
NOINDEX,https://scholarshiptop.com/scholarships/for-students-from/australia/study-in/united-kingdom,Australia,United Kingdom,,5,published_noindex,,,,Scholarships for Students from Australia to Study in United Kingdom,,,published_noindex · qaNotes: low_volume_5_19_bucket,,,,,,,,,
NOINDEX,https://scholarshiptop.com/scholarships/for-students-from/australia/study-in/united-states,Australia,United States,,11,published_noindex,,,,Scholarships for Students from Australia to Study in United States,,,published_noindex · qaNotes: low_volume_5_19_bucket,,,,,,,,,
NOINDEX,https://scholarshiptop.com/scholarships/for-students-from/austria/study-in/germany,Austria,Germany,,79,manual_review,,,,Scholarships for Students from Austria to Study in Germany,,,manual_review · qaNotes: germany_cluster_manual_review; not_on_germany_index_allowlist,,,,,,,,,
NOINDEX,https://scholarshiptop.com/scholarships/for-students-from/azerbaijan/study-in/germany,Azerbaijan,Germany,,90,manual_review,,,,Scholarships for Students from Azerbaijan to Study in Germany,,,manual_review · qaNotes: germany_cluster_manual_review; not_on_germany_index_allowlist,,,,,,,,,
NOINDEX,https://scholarshiptop.com/scholarships/for-students-from/bangladesh/study-in/germany,Bangladesh,Germany,,91,manual_review,,,,Scholarships for Bangladeshi Students to Study in Germany,,,manual_review · qaNotes: germany_cluster_manual_review; not_on_germany_index_allowlist,,,,,,,,,
NOINDEX,https://scholarshiptop.com/scholarships/for-students-from/bangladesh/study-in/united-states,Bangladesh,United States,,7,published_noindex,,,,Scholarships for Bangladeshi Students to Study in the USA,,,published_noindex · qaNotes: low_volume_5_19_bucket,,,,,,,,,
NOINDEX,https://scholarshiptop.com/scholarships/for-students-from/belarus/study-in/germany,Belarus,Germany,,88,manual_review,,,,Scholarships for Students from Belarus to Study in Germany,,,manual_review · qaNotes: germany_cluster_manual_review; not_on_germany_index_allowlist,,,,,,,,,
NOINDEX,https://scholarshiptop.com/scholarships/for-students-from/belgium/study-in/belgium,Belgium,Belgium,,6,published_noindex,,,,Scholarships for Students from Belgium to Study in Belgium,,,published_noindex · qaNotes: low_volume_5_19_bucket; domestic_pair_not_primary_ads,,,,,,,,,
NOINDEX,https://scholarshiptop.com/scholarships/for-students-from/belgium/study-in/germany,Belgium,Germany,,84,manual_review,,,,Scholarships for Students from Belgium to Study in Germany,,,manual_review · qaNotes: germany_cluster_manual_review; not_on_germany_index_allowlist,,,,,,,,,
NOINDEX,https://scholarshiptop.com/scholarships/for-students-from/belgium/study-in/united-states,Belgium,United States,,8,published_noindex,,,,Scholarships for Students from Belgium to Study in United States,,,published_noindex · qaNotes: low_volume_5_19_bucket,,,,,,,,,
NOINDEX,https://scholarshiptop.com/scholarships/for-students-from/belize/study-in/germany,Belize,Germany,,86,manual_review,,,,Scholarships for Students from Belize to Study in Germany,,,manual_review · qaNotes: germany_cluster_manual_review; not_on_germany_index_allowlist,,,,,,,,,
NOINDEX,https://scholarshiptop.com/scholarships/for-students-from/benin/study-in/germany,Benin,Germany,,86,manual_review,,,,Scholarships for Students from Benin to Study in Germany,,,manual_review · qaNotes: germany_cluster_manual_review; not_on_germany_index_allowlist,,,,,,,,,
NOINDEX,https://scholarshiptop.com/scholarships/for-students-from/bhutan/study-in/germany,Bhutan,Germany,,84,manual_review,,,,Scholarships for Students from Bhutan to Study in Germany,,,manual_review · qaNotes: germany_cluster_manual_review; not_on_germany_index_allowlist,,,,,,,,,
NOINDEX,https://scholarshiptop.com/scholarships/for-students-from/bolivia/study-in/germany,Bolivia,Germany,,86,manual_review,,,,Scholarships for Students from Bolivia to Study in Germany,,,manual_review · qaNotes: germany_cluster_manual_review; not_on_germany_index_allowlist,,,,,,,,,
NOINDEX,https://scholarshiptop.com/scholarships/for-students-from/bosnia-herzegovina/study-in/germany,Bosnia & Herzegovina,Germany,,93,manual_review,,,,Scholarships for Students from Bosnia & Herzegovina to Study in Germany,,,manual_review · qaNotes: germany_cluster_manual_review; not_on_germany_index_allowlist,,,,,,,,,
NOINDEX,https://scholarshiptop.com/scholarships/for-students-from/botswana/study-in/germany,Botswana,Germany,,85,manual_review,,,,Scholarships for Students from Botswana to Study in Germany,,,manual_review · qaNotes: germany_cluster_manual_review; not_on_germany_index_allowlist,,,,,,,,,
NOINDEX,https://scholarshiptop.com/scholarships/for-students-from/brazil/study-in/germany,Brazil,Germany,,85,manual_review,,,,Scholarships for Students from Brazil to Study in Germany,,,manual_review · qaNotes: germany_cluster_manual_review; not_on_germany_index_allowlist,,,,,,,,,
NOINDEX,https://scholarshiptop.com/scholarships/for-students-from/brazil/study-in/united-kingdom,Brazil,United Kingdom,,5,published_noindex,,,,Scholarships for Students from Brazil to Study in United Kingdom,,,published_noindex · qaNotes: low_volume_5_19_bucket,,,,,,,,,
NOINDEX,https://scholarshiptop.com/scholarships/for-students-from/brazil/study-in/united-states,Brazil,United States,,12,published_noindex,,,,Scholarships for Students from Brazil to Study in United States,,,published_noindex · qaNotes: low_volume_5_19_bucket,,,,,,,,,
NOINDEX,https://scholarshiptop.com/scholarships/for-students-from/bulgaria/study-in/germany,Bulgaria,Germany,,88,manual_review,,,,Scholarships for Students from Bulgaria to Study in Germany,,,manual_review · qaNotes: germany_cluster_manual_review; not_on_germany_index_allowlist,,,,,,,,,
NOINDEX,https://scholarshiptop.com/scholarships/for-students-from/burkina-faso/study-in/germany,Burkina Faso,Germany,,86,manual_review,,,,Scholarships for Students from Burkina Faso to Study in Germany,,,manual_review · qaNotes: germany_cluster_manual_review; not_on_germany_index_allowlist,,,,,,,,,
NOINDEX,https://scholarshiptop.com/scholarships/for-students-from/burundi/study-in/germany,Burundi,Germany,,86,manual_review,,,,Scholarships for Students from Burundi to Study in Germany,,,manual_review · qaNotes: germany_cluster_manual_review; not_on_germany_index_allowlist,,,,,,,,,
NOINDEX,https://scholarshiptop.com/scholarships/for-students-from/cambodia/study-in/australia,Cambodia,Australia,,5,published_noindex,,,,Scholarships for Students from Cambodia to Study in Australia,,,published_noindex · qaNotes: low_volume_5_19_bucket,,,,,,,,,
NOINDEX,https://scholarshiptop.com/scholarships/for-students-from/cambodia/study-in/germany,Cambodia,Germany,,91,manual_review,,,,Scholarships for Students from Cambodia to Study in Germany,,,manual_review · qaNotes: germany_cluster_manual_review; not_on_germany_index_allowlist,,,,,,,,,
NOINDEX,https://scholarshiptop.com/scholarships/for-students-from/cameroon/study-in/germany,Cameroon,Germany,,86,manual_review,,,,Scholarships for Students from Cameroon to Study in Germany,,,manual_review · qaNotes: germany_cluster_manual_review; not_on_germany_index_allowlist,,,,,,,,,
NOINDEX,https://scholarshiptop.com/scholarships/for-students-from/canada/study-in/australia,Canada,Australia,,6,published_noindex,,,,Scholarships for Canadian Students to Study in Australia,,,published_noindex · qaNotes: low_volume_5_19_bucket,,,,,,,,,
NOINDEX,https://scholarshiptop.com/scholarships/for-students-from/canada/study-in/france,Canada,France,,5,published_noindex,,,,Scholarships for Canadian Students to Study in France,,,published_noindex · qaNotes: low_volume_5_19_bucket,,,,,,,,,
NOINDEX,https://scholarshiptop.com/scholarships/for-students-from/canada/study-in/india,Canada,India,,10,published_noindex,,,,Scholarships for Canadian Students to Study in India,,,published_noindex · qaNotes: low_volume_5_19_bucket,,,,,,,,,
NOINDEX,https://scholarshiptop.com/scholarships/for-students-from/canada/study-in/turkey,Canada,Türkiye,,5,published_noindex,,,,Scholarships for Canadian Students to Study in Turkey,,,published_noindex · qaNotes: low_volume_5_19_bucket,,,,,,,,,
NOINDEX,https://scholarshiptop.com/scholarships/for-students-from/canada/study-in/united-kingdom,Canada,United Kingdom,,13,published_noindex,,,,Scholarships for Canadian Students to Study in the UK,,,published_noindex · qaNotes: low_volume_5_19_bucket,,,,,,,,,
NOINDEX,https://scholarshiptop.com/scholarships/for-students-from/cape-verde/study-in/germany,Cape Verde,Germany,,85,manual_review,,,,Scholarships for Students from Cape Verde to Study in Germany,,,manual_review · qaNotes: germany_cluster_manual_review; not_on_germany_index_allowlist,,,,,,,,,
NOINDEX,https://scholarshiptop.com/scholarships/for-students-from/central-african-republic/study-in/germany,Central African Republic,Germany,,85,manual_review,,,,Scholarships for Students from Central African Republic to Study in Germany,,,manual_review · qaNotes: germany_cluster_manual_review; not_on_germany_index_allowlist,,,,,,,,,
NOINDEX,https://scholarshiptop.com/scholarships/for-students-from/chad/study-in/germany,Chad,Germany,,85,manual_review,,,,Scholarships for Students from Chad to Study in Germany,,,manual_review · qaNotes: germany_cluster_manual_review; not_on_germany_index_allowlist,,,,,,,,,
NOINDEX,https://scholarshiptop.com/scholarships/for-students-from/chile/study-in/germany,Chile,Germany,,84,manual_review,,,,Scholarships for Students from Chile to Study in Germany,,,manual_review · qaNotes: germany_cluster_manual_review; not_on_germany_index_allowlist,,,,,,,,,
NOINDEX,https://scholarshiptop.com/scholarships/for-students-from/chile/study-in/united-states,Chile,United States,,11,published_noindex,,,,Scholarships for Students from Chile to Study in United States,,,published_noindex · qaNotes: low_volume_5_19_bucket,,,,,,,,,
NOINDEX,https://scholarshiptop.com/scholarships/for-students-from/china/study-in/canada,China,Canada,,7,published_noindex,,,,Scholarships for Students from China to Study in Canada,,,published_noindex · qaNotes: low_volume_5_19_bucket,,,,,,,,,
NOINDEX,https://scholarshiptop.com/scholarships/for-students-from/china/study-in/china,China,China,,15,published_noindex,,,,Scholarships for Students from China to Study in China,,,published_noindex · qaNotes: low_volume_5_19_bucket; domestic_pair_not_primary_ads,,,,,,,,,
NOINDEX,https://scholarshiptop.com/scholarships/for-students-from/china/study-in/germany,China,Germany,,8,manual_review,,,,Scholarships for Students from China to Study in Germany,,,manual_review · qaNotes: germany_cluster_manual_review; not_on_germany_index_allowlist; low_volume_5_19_bucket,,,,,,,,,
NOINDEX,https://scholarshiptop.com/scholarships/for-students-from/china/study-in/united-kingdom,China,United Kingdom,,5,published_noindex,,,,Scholarships for Students from China to Study in United Kingdom,,,published_noindex · qaNotes: low_volume_5_19_bucket,,,,,,,,,
NOINDEX,https://scholarshiptop.com/scholarships/for-students-from/china/study-in/united-states,China,United States,,15,published_noindex,,,,Scholarships for Students from China to Study in United States,,,published_noindex · qaNotes: low_volume_5_19_bucket,,,,,,,,,
NOINDEX,https://scholarshiptop.com/scholarships/for-students-from/colombia/study-in/colombia,Colombia,Colombia,,5,published_noindex,,,,Scholarships for Students from Colombia to Study in Colombia,,,published_noindex · qaNotes: low_volume_5_19_bucket; domestic_pair_not_primary_ads,,,,,,,,,
NOINDEX,https://scholarshiptop.com/scholarships/for-students-from/colombia/study-in/germany,Colombia,Germany,,96,manual_review,,,,Scholarships for Students from Colombia to Study in Germany,,,manual_review · qaNotes: germany_cluster_manual_review; not_on_germany_index_allowlist,,,,,,,,,
NOINDEX,https://scholarshiptop.com/scholarships/for-students-from/colombia/study-in/united-states,Colombia,United States,,14,published_noindex,,,,Scholarships for Students from Colombia to Study in United States,,,published_noindex · qaNotes: low_volume_5_19_bucket,,,,,,,,,
NOINDEX,https://scholarshiptop.com/scholarships/for-students-from/costa-rica/study-in/germany,Costa Rica,Germany,,91,manual_review,,,,Scholarships for Students from Costa Rica to Study in Germany,,,manual_review · qaNotes: germany_cluster_manual_review; not_on_germany_index_allowlist,,,,,,,,,
NOINDEX,https://scholarshiptop.com/scholarships/for-students-from/costa-rica/study-in/united-states,Costa Rica,United States,,5,published_noindex,,,,Scholarships for Students from Costa Rica to Study in United States,,,published_noindex · qaNotes: low_volume_5_19_bucket,,,,,,,,,
NOINDEX,https://scholarshiptop.com/scholarships/for-students-from/cote-d-ivoire/study-in/germany,Côte d’Ivoire,Germany,,86,manual_review,,,,Scholarships for Students from Côte d’Ivoire to Study in Germany,,,manual_review · qaNotes: germany_cluster_manual_review; not_on_germany_index_allowlist,,,,,,,,,
NOINDEX,https://scholarshiptop.com/scholarships/for-students-from/croatia/study-in/germany,Croatia,Germany,,88,manual_review,,,,Scholarships for Students from Croatia to Study in Germany,,,manual_review · qaNotes: germany_cluster_manual_review; not_on_germany_index_allowlist,,,,,,,,,
NOINDEX,https://scholarshiptop.com/scholarships/for-students-from/cuba/study-in/germany,Cuba,Germany,,89,manual_review,,,,Scholarships for Students from Cuba to Study in Germany,,,manual_review · qaNotes: germany_cluster_manual_review; not_on_germany_index_allowlist,,,,,,,,,
NOINDEX,https://scholarshiptop.com/scholarships/for-students-from/cuba/study-in/united-states,Cuba,United States,,13,published_noindex,,,,Scholarships for Students from Cuba to Study in United States,,,published_noindex · qaNotes: low_volume_5_19_bucket,,,,,,,,,
NOINDEX,https://scholarshiptop.com/scholarships/for-students-from/cyprus/study-in/cyprus,Cyprus,Cyprus,,7,published_noindex,,,,Scholarships for Students from Cyprus to Study in Cyprus,,,published_noindex · qaNotes: low_volume_5_19_bucket; domestic_pair_not_primary_ads,,,,,,,,,
NOINDEX,https://scholarshiptop.com/scholarships/for-students-from/cyprus/study-in/germany,Cyprus,Germany,,79,manual_review,,,,Scholarships for Students from Cyprus to Study in Germany,,,manual_review · qaNotes: germany_cluster_manual_review; not_on_germany_index_allowlist,,,,,,,,,
NOINDEX,https://scholarshiptop.com/scholarships/for-students-from/czechia/study-in/germany,Czechia,Germany,,90,manual_review,,,,Scholarships for Students from Czechia to Study in Germany,,,manual_review · qaNotes: germany_cluster_manual_review; not_on_germany_index_allowlist,,,,,,,,,
NOINDEX,https://scholarshiptop.com/scholarships/for-students-from/denmark/study-in/germany,Denmark,Germany,,82,manual_review,,,,Scholarships for Students from Denmark to Study in Germany,,,manual_review · qaNotes: germany_cluster_manual_review; not_on_germany_index_allowlist,,,,,,,,,
NOINDEX,https://scholarshiptop.com/scholarships/for-students-from/denmark/study-in/united-states,Denmark,United States,,8,published_noindex,,,,Scholarships for Students from Denmark to Study in United States,,,published_noindex · qaNotes: low_volume_5_19_bucket,,,,,,,,,
NOINDEX,https://scholarshiptop.com/scholarships/for-students-from/dominican-republic/study-in/germany,Dominican Republic,Germany,,91,manual_review,,,,Scholarships for Students from Dominican Republic to Study in Germany,,,manual_review · qaNotes: germany_cluster_manual_review; not_on_germany_index_allowlist,,,,,,,,,
NOINDEX,https://scholarshiptop.com/scholarships/for-students-from/dominican-republic/study-in/united-states,Dominican Republic,United States,,18,published_noindex,,,,Scholarships for Students from Dominican Republic to Study in United States,,,published_noindex · qaNotes: low_volume_5_19_bucket,,,,,,,,,
NOINDEX,https://scholarshiptop.com/scholarships/for-students-from/ecuador/study-in/germany,Ecuador,Germany,,89,manual_review,,,,Scholarships for Students from Ecuador to Study in Germany,,,manual_review · qaNotes: germany_cluster_manual_review; not_on_germany_index_allowlist,,,,,,,,,
NOINDEX,https://scholarshiptop.com/scholarships/for-students-from/ecuador/study-in/united-states,Ecuador,United States,,5,published_noindex,,,,Scholarships for Students from Ecuador to Study in United States,,,published_noindex · qaNotes: low_volume_5_19_bucket,,,,,,,,,
NOINDEX,https://scholarshiptop.com/scholarships/for-students-from/egypt/study-in/germany,Egypt,Germany,,93,manual_review,,,,Scholarships for Students from Egypt to Study in Germany,,,manual_review · qaNotes: germany_cluster_manual_review; not_on_germany_index_allowlist,,,,,,,,,
NOINDEX,https://scholarshiptop.com/scholarships/for-students-from/egypt/study-in/united-kingdom,Egypt,United Kingdom,,5,published_noindex,,,,Scholarships for Students from Egypt to Study in United Kingdom,,,published_noindex · qaNotes: low_volume_5_19_bucket,,,,,,,,,
NOINDEX,https://scholarshiptop.com/scholarships/for-students-from/egypt/study-in/united-states,Egypt,United States,,14,published_noindex,,,,Scholarships for Students from Egypt to Study in United States,,,published_noindex · qaNotes: low_volume_5_19_bucket,,,,,,,,,
NOINDEX,https://scholarshiptop.com/scholarships/for-students-from/el-salvador/study-in/germany,El Salvador,Germany,,89,manual_review,,,,Scholarships for Students from El Salvador to Study in Germany,,,manual_review · qaNotes: germany_cluster_manual_review; not_on_germany_index_allowlist,,,,,,,,,
NOINDEX,https://scholarshiptop.com/scholarships/for-students-from/el-salvador/study-in/united-states,El Salvador,United States,,6,published_noindex,,,,Scholarships for Students from El Salvador to Study in United States,,,published_noindex · qaNotes: low_volume_5_19_bucket,,,,,,,,,
NOINDEX,https://scholarshiptop.com/scholarships/for-students-from/estonia/study-in/germany,Estonia,Germany,,84,manual_review,,,,Scholarships for Students from Estonia to Study in Germany,,,manual_review · qaNotes: germany_cluster_manual_review; not_on_germany_index_allowlist,,,,,,,,,
NOINDEX,https://scholarshiptop.com/scholarships/for-students-from/ethiopia/study-in/germany,Ethiopia,Germany,,89,manual_review,,,,Scholarships for Students from Ethiopia to Study in Germany,,,manual_review · qaNotes: germany_cluster_manual_review; not_on_germany_index_allowlist,,,,,,,,,
NOINDEX,https://scholarshiptop.com/scholarships/for-students-from/ethiopia/study-in/united-kingdom,Ethiopia,United Kingdom,,5,published_noindex,,,,Scholarships for Students from Ethiopia to Study in United Kingdom,,,published_noindex · qaNotes: low_volume_5_19_bucket,,,,,,,,,
NOINDEX,https://scholarshiptop.com/scholarships/for-students-from/ethiopia/study-in/united-states,Ethiopia,United States,,10,published_noindex,,,,Scholarships for Students from Ethiopia to Study in United States,,,published_noindex · qaNotes: low_volume_5_19_bucket,,,,,,,,,
NOINDEX,https://scholarshiptop.com/scholarships/for-students-from/european-union/study-in/united-kingdom,European Union,United Kingdom,,8,published_noindex,,,,Scholarships for Students from European Union to Study in United Kingdom,,,published_noindex · qaNotes: low_volume_5_19_bucket,,,,,,,,,
NOINDEX,https://scholarshiptop.com/scholarships/for-students-from/finland/study-in/germany,Finland,Germany,,82,manual_review,,,,Scholarships for Students from Finland to Study in Germany,,,manual_review · qaNotes: germany_cluster_manual_review; not_on_germany_index_allowlist,,,,,,,,,
NOINDEX,https://scholarshiptop.com/scholarships/for-students-from/finland/study-in/united-states,Finland,United States,,7,published_noindex,,,,Scholarships for Students from Finland to Study in United States,,,published_noindex · qaNotes: low_volume_5_19_bucket,,,,,,,,,
NOINDEX,https://scholarshiptop.com/scholarships/for-students-from/france/study-in/france,France,France,,11,published_noindex,,,,Scholarships for Students from France to Study in France,,,published_noindex · qaNotes: low_volume_5_19_bucket; domestic_pair_not_primary_ads,,,,,,,,,
NOINDEX,https://scholarshiptop.com/scholarships/for-students-from/france/study-in/germany,France,Germany,,91,manual_review,,,,Scholarships for Students from France to Study in Germany,,,manual_review · qaNotes: germany_cluster_manual_review; not_on_germany_index_allowlist,,,,,,,,,
NOINDEX,https://scholarshiptop.com/scholarships/for-students-from/france/study-in/switzerland,France,Switzerland,,6,published_noindex,,,,Scholarships for Students from France to Study in Switzerland,,,published_noindex · qaNotes: low_volume_5_19_bucket,,,,,,,,,
NOINDEX,https://scholarshiptop.com/scholarships/for-students-from/france/study-in/united-kingdom,France,United Kingdom,,5,published_noindex,,,,Scholarships for Students from France to Study in United Kingdom,,,published_noindex · qaNotes: low_volume_5_19_bucket,,,,,,,,,
NOINDEX,https://scholarshiptop.com/scholarships/for-students-from/france/study-in/united-states,France,United States,,18,published_noindex,,,,Scholarships for Students from France to Study in United States,,,published_noindex · qaNotes: low_volume_5_19_bucket,,,,,,,,,
NOINDEX,https://scholarshiptop.com/scholarships/for-students-from/georgia/study-in/germany,Georgia,Germany,,94,manual_review,,,,Scholarships for Students from Georgia to Study in Germany,,,manual_review · qaNotes: germany_cluster_manual_review; not_on_germany_index_allowlist,,,,,,,,,
NOINDEX,https://scholarshiptop.com/scholarships/for-students-from/germany/study-in/france,Germany,France,,8,published_noindex,,,,Scholarships for Students from Germany to Study in France,,,published_noindex · qaNotes: low_volume_5_19_bucket,,,,,,,,,
NOINDEX,https://scholarshiptop.com/scholarships/for-students-from/germany/study-in/germany,Germany,Germany,,14,manual_review,,,,Scholarships for Students from Germany to Study in Germany,,,manual_review · qaNotes: germany_cluster_manual_review; not_on_germany_index_allowlist; low_volume_5_19_bucket; domestic_pair_not_primary_ads,,,,,,,,,
NOINDEX,https://scholarshiptop.com/scholarships/for-students-from/germany/study-in/italy,Germany,Italy,,5,published_noindex,,,,Scholarships for Students from Germany to Study in Italy,,,published_noindex · qaNotes: low_volume_5_19_bucket,,,,,,,,,
NOINDEX,https://scholarshiptop.com/scholarships/for-students-from/germany/study-in/spain,Germany,Spain,,8,published_noindex,,,,Scholarships for Students from Germany to Study in Spain,,,published_noindex · qaNotes: low_volume_5_19_bucket,,,,,,,,,
NOINDEX,https://scholarshiptop.com/scholarships/for-students-from/germany/study-in/switzerland,Germany,Switzerland,,9,published_noindex,,,,Scholarships for Students from Germany to Study in Switzerland,,,published_noindex · qaNotes: low_volume_5_19_bucket,,,,,,,,,
NOINDEX,https://scholarshiptop.com/scholarships/for-students-from/germany/study-in/united-kingdom,Germany,United Kingdom,,8,published_noindex,,,,Scholarships for Students from Germany to Study in United Kingdom,,,published_noindex · qaNotes: low_volume_5_19_bucket,,,,,,,,,
NOINDEX,https://scholarshiptop.com/scholarships/for-students-from/ghana/study-in/germany,Ghana,Germany,,90,manual_review,,,,Scholarships for Ghanaian Students to Study in Germany,,,manual_review · qaNotes: germany_cluster_manual_review; not_on_germany_index_allowlist,,,,,,,,,
NOINDEX,https://scholarshiptop.com/scholarships/for-students-from/ghana/study-in/united-kingdom,Ghana,United Kingdom,,7,published_noindex,,,,Scholarships for Ghanaian Students to Study in the UK,,,published_noindex · qaNotes: low_volume_5_19_bucket,,,,,,,,,
NOINDEX,https://scholarshiptop.com/scholarships/for-students-from/ghana/study-in/united-states,Ghana,United States,,10,published_noindex,,,,Scholarships for Ghanaian Students to Study in the USA,,,published_noindex · qaNotes: low_volume_5_19_bucket,,,,,,,,,
NOINDEX,https://scholarshiptop.com/scholarships/for-students-from/greece/study-in/germany,Greece,Germany,,82,manual_review,,,,Scholarships for Students from Greece to Study in Germany,,,manual_review · qaNotes: germany_cluster_manual_review; not_on_germany_index_allowlist,,,,,,,,,
NOINDEX,https://scholarshiptop.com/scholarships/for-students-from/guatemala/study-in/germany,Guatemala,Germany,,91,manual_review,,,,Scholarships for Students from Guatemala to Study in Germany,,,manual_review · qaNotes: germany_cluster_manual_review; not_on_germany_index_allowlist,,,,,,,,,
NOINDEX,https://scholarshiptop.com/scholarships/for-students-from/guatemala/study-in/united-states,Guatemala,United States,,5,published_noindex,,,,Scholarships for Students from Guatemala to Study in United States,,,published_noindex · qaNotes: low_volume_5_19_bucket,,,,,,,,,
NOINDEX,https://scholarshiptop.com/scholarships/for-students-from/guinea/study-in/germany,Guinea,Germany,,85,manual_review,,,,Scholarships for Students from Guinea to Study in Germany,,,manual_review · qaNotes: germany_cluster_manual_review; not_on_germany_index_allowlist,,,,,,,,,
NOINDEX,https://scholarshiptop.com/scholarships/for-students-from/haiti/study-in/germany,Haiti,Germany,,85,manual_review,,,,Scholarships for Students from Haiti to Study in Germany,,,manual_review · qaNotes: germany_cluster_manual_review; not_on_germany_index_allowlist,,,,,,,,,
NOINDEX,https://scholarshiptop.com/scholarships/for-students-from/honduras/study-in/germany,Honduras,Germany,,89,manual_review,,,,Scholarships for Students from Honduras to Study in Germany,,,manual_review · qaNotes: germany_cluster_manual_review; not_on_germany_index_allowlist,,,,,,,,,
NOINDEX,https://scholarshiptop.com/scholarships/for-students-from/honduras/study-in/united-states,Honduras,United States,,5,published_noindex,,,,Scholarships for Students from Honduras to Study in United States,,,published_noindex · qaNotes: low_volume_5_19_bucket,,,,,,,,,
NOINDEX,https://scholarshiptop.com/scholarships/for-students-from/hong-kong/study-in/hong-kong,Hong Kong SAR China,Hong Kong SAR China,,8,published_noindex,,,,Scholarships for Students from Hong Kong to Study in Hong Kong,,,published_noindex · qaNotes: low_volume_5_19_bucket; domestic_pair_not_primary_ads,,,,,,,,,
NOINDEX,https://scholarshiptop.com/scholarships/for-students-from/hungary/study-in/germany,Hungary,Germany,,87,manual_review,,,,Scholarships for Students from Hungary to Study in Germany,,,manual_review · qaNotes: germany_cluster_manual_review; not_on_germany_index_allowlist,,,,,,,,,
NOINDEX,https://scholarshiptop.com/scholarships/for-students-from/iceland/study-in/germany,Iceland,Germany,,79,manual_review,,,,Scholarships for Students from Iceland to Study in Germany,,,manual_review · qaNotes: germany_cluster_manual_review; not_on_germany_index_allowlist,,,,,,,,,
NOINDEX,https://scholarshiptop.com/scholarships/for-students-from/india/study-in/australia,India,Australia,,5,published_noindex,,,,Scholarships for Indian Students to Study in Australia,,,published_noindex · qaNotes: low_volume_5_19_bucket,,,,,,,,,
NOINDEX,https://scholarshiptop.com/scholarships/for-students-from/india/study-in/canada,India,Canada,,7,published_noindex,,,,Scholarships for Indian Students to Study in Canada,,,published_noindex · qaNotes: low_volume_5_19_bucket,,,,,,,,,
NOINDEX,https://scholarshiptop.com/scholarships/for-students-from/india/study-in/united-kingdom,India,United Kingdom,,13,published_noindex,,,,Scholarships for Indian Students to Study in the UK,,,published_noindex · qaNotes: low_volume_5_19_bucket,,,,,,,,,
NOINDEX,https://scholarshiptop.com/scholarships/for-students-from/indonesia/study-in/australia,Indonesia,Australia,,6,published_noindex,,,,Scholarships for Students from Indonesia to Study in Australia,,,published_noindex · qaNotes: low_volume_5_19_bucket,,,,,,,,,
NOINDEX,https://scholarshiptop.com/scholarships/for-students-from/indonesia/study-in/germany,Indonesia,Germany,,98,manual_review,,,,Scholarships for Students from Indonesia to Study in Germany,,,manual_review · qaNotes: germany_cluster_manual_review; not_on_germany_index_allowlist,,,,,,,,,
NOINDEX,https://scholarshiptop.com/scholarships/for-students-from/indonesia/study-in/india,Indonesia,India,,5,published_noindex,,,,Scholarships for Students from Indonesia to Study in India,,,published_noindex · qaNotes: low_volume_5_19_bucket,,,,,,,,,
NOINDEX,https://scholarshiptop.com/scholarships/for-students-from/indonesia/study-in/united-kingdom,Indonesia,United Kingdom,,5,published_noindex,,,,Scholarships for Students from Indonesia to Study in United Kingdom,,,published_noindex · qaNotes: low_volume_5_19_bucket,,,,,,,,,
NOINDEX,https://scholarshiptop.com/scholarships/for-students-from/indonesia/study-in/united-states,Indonesia,United States,,9,published_noindex,,,,Scholarships for Students from Indonesia to Study in United States,,,published_noindex · qaNotes: low_volume_5_19_bucket,,,,,,,,,
NOINDEX,https://scholarshiptop.com/scholarships/for-students-from/iran/study-in/germany,Iran,Germany,,85,manual_review,,,,Scholarships for Students from Iran to Study in Germany,,,manual_review · qaNotes: germany_cluster_manual_review; not_on_germany_index_allowlist,,,,,,,,,
NOINDEX,https://scholarshiptop.com/scholarships/for-students-from/iran/study-in/iran,Iran,Iran,,5,published_noindex,,,,Scholarships for Students from Iran to Study in Iran,,,published_noindex · qaNotes: low_volume_5_19_bucket; domestic_pair_not_primary_ads,,,,,,,,,
NOINDEX,https://scholarshiptop.com/scholarships/for-students-from/iraq/study-in/germany,Iraq,Germany,,86,manual_review,,,,Scholarships for Students from Iraq to Study in Germany,,,manual_review · qaNotes: germany_cluster_manual_review; not_on_germany_index_allowlist,,,,,,,,,
NOINDEX,https://scholarshiptop.com/scholarships/for-students-from/ireland/study-in/germany,Ireland,Germany,,84,manual_review,,,,Scholarships for Students from Ireland to Study in Germany,,,manual_review · qaNotes: germany_cluster_manual_review; not_on_germany_index_allowlist,,,,,,,,,
NOINDEX,https://scholarshiptop.com/scholarships/for-students-from/ireland/study-in/ireland,Ireland,Ireland,,12,published_noindex,,,,Scholarships for Students from Ireland to Study in Ireland,,,published_noindex · qaNotes: low_volume_5_19_bucket; domestic_pair_not_primary_ads,,,,,,,,,
NOINDEX,https://scholarshiptop.com/scholarships/for-students-from/ireland/study-in/united-kingdom,Ireland,United Kingdom,,10,published_noindex,,,,Scholarships for Students from Ireland to Study in United Kingdom,,,published_noindex · qaNotes: low_volume_5_19_bucket,,,,,,,,,
NOINDEX,https://scholarshiptop.com/scholarships/for-students-from/ireland/study-in/united-states,Ireland,United States,,7,published_noindex,,,,Scholarships for Students from Ireland to Study in United States,,,published_noindex · qaNotes: low_volume_5_19_bucket,,,,,,,,,
NOINDEX,https://scholarshiptop.com/scholarships/for-students-from/israel/study-in/germany,Israel,Germany,,82,manual_review,,,,Scholarships for Students from Israel to Study in Germany,,,manual_review · qaNotes: germany_cluster_manual_review; not_on_germany_index_allowlist,,,,,,,,,
NOINDEX,https://scholarshiptop.com/scholarships/for-students-from/israel/study-in/israel,Israel,Israel,,8,published_noindex,,,,Scholarships for Students from Israel to Study in Israel,,,published_noindex · qaNotes: low_volume_5_19_bucket; domestic_pair_not_primary_ads,,,,,,,,,
NOINDEX,https://scholarshiptop.com/scholarships/for-students-from/israel/study-in/united-states,Israel,United States,,12,published_noindex,,,,Scholarships for Students from Israel to Study in United States,,,published_noindex · qaNotes: low_volume_5_19_bucket,,,,,,,,,
NOINDEX,https://scholarshiptop.com/scholarships/for-students-from/italy/study-in/germany,Italy,Germany,,83,manual_review,,,,Scholarships for Students from Italy to Study in Germany,,,manual_review · qaNotes: germany_cluster_manual_review; not_on_germany_index_allowlist,,,,,,,,,
NOINDEX,https://scholarshiptop.com/scholarships/for-students-from/italy/study-in/italy,Italy,Italy,,14,published_noindex,,,,Scholarships for Students from Italy to Study in Italy,,,published_noindex · qaNotes: low_volume_5_19_bucket; domestic_pair_not_primary_ads,,,,,,,,,
NOINDEX,https://scholarshiptop.com/scholarships/for-students-from/jamaica/study-in/germany,Jamaica,Germany,,86,manual_review,,,,Scholarships for Students from Jamaica to Study in Germany,,,manual_review · qaNotes: germany_cluster_manual_review; not_on_germany_index_allowlist,,,,,,,,,
NOINDEX,https://scholarshiptop.com/scholarships/for-students-from/jamaica/study-in/united-kingdom,Jamaica,United Kingdom,,5,published_noindex,,,,Scholarships for Students from Jamaica to Study in United Kingdom,,,published_noindex · qaNotes: low_volume_5_19_bucket,,,,,,,,,
NOINDEX,https://scholarshiptop.com/scholarships/for-students-from/jamaica/study-in/united-states,Jamaica,United States,,16,published_noindex,,,,Scholarships for Students from Jamaica to Study in United States,,,published_noindex · qaNotes: low_volume_5_19_bucket,,,,,,,,,
NOINDEX,https://scholarshiptop.com/scholarships/for-students-from/japan/study-in/germany,Japan,Germany,,79,manual_review,,,,Scholarships for Students from Japan to Study in Germany,,,manual_review · qaNotes: germany_cluster_manual_review; not_on_germany_index_allowlist,,,,,,,,,
NOINDEX,https://scholarshiptop.com/scholarships/for-students-from/japan/study-in/japan,Japan,Japan,,8,published_noindex,,,,Scholarships for Students from Japan to Study in Japan,,,published_noindex · qaNotes: low_volume_5_19_bucket; domestic_pair_not_primary_ads,,,,,,,,,
NOINDEX,https://scholarshiptop.com/scholarships/for-students-from/japan/study-in/united-kingdom,Japan,United Kingdom,,5,published_noindex,,,,Scholarships for Students from Japan to Study in United Kingdom,,,published_noindex · qaNotes: low_volume_5_19_bucket,,,,,,,,,
NOINDEX,https://scholarshiptop.com/scholarships/for-students-from/japan/study-in/united-states,Japan,United States,,18,published_noindex,,,,Scholarships for Students from Japan to Study in United States,,,published_noindex · qaNotes: low_volume_5_19_bucket,,,,,,,,,
NOINDEX,https://scholarshiptop.com/scholarships/for-students-from/jordan/study-in/germany,Jordan,Germany,,89,manual_review,,,,Scholarships for Students from Jordan to Study in Germany,,,manual_review · qaNotes: germany_cluster_manual_review; not_on_germany_index_allowlist,,,,,,,,,
NOINDEX,https://scholarshiptop.com/scholarships/for-students-from/kazakhstan/study-in/germany,Kazakhstan,Germany,,94,manual_review,,,,Scholarships for Students from Kazakhstan to Study in Germany,,,manual_review · qaNotes: germany_cluster_manual_review; not_on_germany_index_allowlist,,,,,,,,,
NOINDEX,https://scholarshiptop.com/scholarships/for-students-from/kazakhstan/study-in/united-states,Kazakhstan,United States,,5,published_noindex,,,,Scholarships for Students from Kazakhstan to Study in United States,,,published_noindex · qaNotes: low_volume_5_19_bucket,,,,,,,,,
NOINDEX,https://scholarshiptop.com/scholarships/for-students-from/kenya/study-in/germany,Kenya,Germany,,90,manual_review,,,,Scholarships for Kenyan Students to Study in Germany,,,manual_review · qaNotes: germany_cluster_manual_review; not_on_germany_index_allowlist,,,,,,,,,
NOINDEX,https://scholarshiptop.com/scholarships/for-students-from/kenya/study-in/united-kingdom,Kenya,United Kingdom,,6,published_noindex,,,,Scholarships for Kenyan Students to Study in the UK,,,published_noindex · qaNotes: low_volume_5_19_bucket,,,,,,,,,
NOINDEX,https://scholarshiptop.com/scholarships/for-students-from/kenya/study-in/united-states,Kenya,United States,,8,published_noindex,,,,Scholarships for Kenyan Students to Study in the USA,,,published_noindex · qaNotes: low_volume_5_19_bucket,,,,,,,,,
NOINDEX,https://scholarshiptop.com/scholarships/for-students-from/kuwait/study-in/germany,Kuwait,Germany,,70,manual_review,,,,Scholarships for Students from Kuwait to Study in Germany,,,manual_review · qaNotes: germany_cluster_manual_review; not_on_germany_index_allowlist,,,,,,,,,
NOINDEX,https://scholarshiptop.com/scholarships/for-students-from/kyrgyzstan/study-in/germany,Kyrgyzstan,Germany,,90,manual_review,,,,Scholarships for Students from Kyrgyzstan to Study in Germany,,,manual_review · qaNotes: germany_cluster_manual_review; not_on_germany_index_allowlist,,,,,,,,,
NOINDEX,https://scholarshiptop.com/scholarships/for-students-from/laos/study-in/germany,Laos,Germany,,94,manual_review,,,,Scholarships for Students from Laos to Study in Germany,,,manual_review · qaNotes: germany_cluster_manual_review; not_on_germany_index_allowlist,,,,,,,,,
NOINDEX,https://scholarshiptop.com/scholarships/for-students-from/latvia/study-in/germany,Latvia,Germany,,85,manual_review,,,,Scholarships for Students from Latvia to Study in Germany,,,manual_review · qaNotes: germany_cluster_manual_review; not_on_germany_index_allowlist,,,,,,,,,
NOINDEX,https://scholarshiptop.com/scholarships/for-students-from/lebanon/study-in/germany,Lebanon,Germany,,88,manual_review,,,,Scholarships for Students from Lebanon to Study in Germany,,,manual_review · qaNotes: germany_cluster_manual_review; not_on_germany_index_allowlist,,,,,,,,,
NOINDEX,https://scholarshiptop.com/scholarships/for-students-from/lesotho/study-in/germany,Lesotho,Germany,,85,manual_review,,,,Scholarships for Students from Lesotho to Study in Germany,,,manual_review · qaNotes: germany_cluster_manual_review; not_on_germany_index_allowlist,,,,,,,,,
NOINDEX,https://scholarshiptop.com/scholarships/for-students-from/liberia/study-in/germany,Liberia,Germany,,85,manual_review,,,,Scholarships for Students from Liberia to Study in Germany,,,manual_review · qaNotes: germany_cluster_manual_review; not_on_germany_index_allowlist,,,,,,,,,
NOINDEX,https://scholarshiptop.com/scholarships/for-students-from/libya/study-in/germany,Libya,Germany,,88,manual_review,,,,Scholarships for Students from Libya to Study in Germany,,,manual_review · qaNotes: germany_cluster_manual_review; not_on_germany_index_allowlist,,,,,,,,,
NOINDEX,https://scholarshiptop.com/scholarships/for-students-from/liechtenstein/study-in/germany,Liechtenstein,Germany,,76,manual_review,,,,Scholarships for Students from Liechtenstein to Study in Germany,,,manual_review · qaNotes: germany_cluster_manual_review; not_on_germany_index_allowlist,,,,,,,,,
NOINDEX,https://scholarshiptop.com/scholarships/for-students-from/lithuania/study-in/germany,Lithuania,Germany,,85,manual_review,,,,Scholarships for Students from Lithuania to Study in Germany,,,manual_review · qaNotes: germany_cluster_manual_review; not_on_germany_index_allowlist,,,,,,,,,
NOINDEX,https://scholarshiptop.com/scholarships/for-students-from/luxembourg/study-in/germany,Luxembourg,Germany,,82,manual_review,,,,Scholarships for Students from Luxembourg to Study in Germany,,,manual_review · qaNotes: germany_cluster_manual_review; not_on_germany_index_allowlist,,,,,,,,,
NOINDEX,https://scholarshiptop.com/scholarships/for-students-from/malaysia/study-in/australia,Malaysia,Australia,,6,published_noindex,,,,Scholarships for Students from Malaysia to Study in Australia,,,published_noindex · qaNotes: low_volume_5_19_bucket,,,,,,,,,
NOINDEX,https://scholarshiptop.com/scholarships/for-students-from/malaysia/study-in/germany,Malaysia,Germany,,96,manual_review,,,,Scholarships for Students from Malaysia to Study in Germany,,,manual_review · qaNotes: germany_cluster_manual_review; not_on_germany_index_allowlist,,,,,,,,,
NOINDEX,https://scholarshiptop.com/scholarships/for-students-from/malaysia/study-in/united-kingdom,Malaysia,United Kingdom,,6,published_noindex,,,,Scholarships for Students from Malaysia to Study in United Kingdom,,,published_noindex · qaNotes: low_volume_5_19_bucket,,,,,,,,,
NOINDEX,https://scholarshiptop.com/scholarships/for-students-from/maldives/study-in/germany,Maldives,Germany,,75,manual_review,,,,Scholarships for Students from Maldives to Study in Germany,,,manual_review · qaNotes: germany_cluster_manual_review; not_on_germany_index_allowlist,,,,,,,,,
NOINDEX,https://scholarshiptop.com/scholarships/for-students-from/mali/study-in/germany,Mali,Germany,,86,manual_review,,,,Scholarships for Students from Mali to Study in Germany,,,manual_review · qaNotes: germany_cluster_manual_review; not_on_germany_index_allowlist,,,,,,,,,
NOINDEX,https://scholarshiptop.com/scholarships/for-students-from/malta/study-in/germany,Malta,Germany,,79,manual_review,,,,Scholarships for Students from Malta to Study in Germany,,,manual_review · qaNotes: germany_cluster_manual_review; not_on_germany_index_allowlist,,,,,,,,,
NOINDEX,https://scholarshiptop.com/scholarships/for-students-from/mexico/study-in/united-kingdom,Mexico,United Kingdom,,5,published_noindex,,,,Scholarships for Mexican Students to Study in the UK,,,published_noindex · qaNotes: low_volume_5_19_bucket,,,,,,,,,
NOINDEX,https://scholarshiptop.com/scholarships/for-students-from/moldova/study-in/united-states,Moldova,United States,,6,published_noindex,,,,Scholarships for Students from Moldova to Study in United States,,,published_noindex · qaNotes: low_volume_5_19_bucket,,,,,,,,,
NOINDEX,https://scholarshiptop.com/scholarships/for-students-from/morocco/study-in/germany,Morocco,Germany,,89,manual_review,,,,Scholarships for Students from Morocco to Study in Germany,,,manual_review · qaNotes: germany_cluster_manual_review; not_on_germany_index_allowlist,,,,,,,,,
NOINDEX,https://scholarshiptop.com/scholarships/for-students-from/morocco/study-in/united-states,Morocco,United States,,5,published_noindex,,,,Scholarships for Students from Morocco to Study in United States,,,published_noindex · qaNotes: low_volume_5_19_bucket,,,,,,,,,
NOINDEX,https://scholarshiptop.com/scholarships/for-students-from/mozambique/study-in/germany,Mozambique,Germany,,86,manual_review,,,,Scholarships for Students from Mozambique to Study in Germany,,,manual_review · qaNotes: germany_cluster_manual_review; not_on_germany_index_allowlist,,,,,,,,,
NOINDEX,https://scholarshiptop.com/scholarships/for-students-from/myanmar-burma/study-in/germany,Myanmar (Burma),Germany,,94,manual_review,,,,Scholarships for Students from Myanmar (Burma) to Study in Germany,,,manual_review · qaNotes: germany_cluster_manual_review; not_on_germany_index_allowlist,,,,,,,,,
NOINDEX,https://scholarshiptop.com/scholarships/for-students-from/namibia/study-in/germany,Namibia,Germany,,88,manual_review,,,,Scholarships for Students from Namibia to Study in Germany,,,manual_review · qaNotes: germany_cluster_manual_review; not_on_germany_index_allowlist,,,,,,,,,
NOINDEX,https://scholarshiptop.com/scholarships/for-students-from/nepal/study-in/germany,Nepal,Germany,,86,manual_review,,,,Scholarships for Students from Nepal to Study in Germany,,,manual_review · qaNotes: germany_cluster_manual_review; not_on_germany_index_allowlist,,,,,,,,,
NOINDEX,https://scholarshiptop.com/scholarships/for-students-from/nepal/study-in/united-states,Nepal,United States,,9,published_noindex,,,,Scholarships for Students from Nepal to Study in United States,,,published_noindex · qaNotes: low_volume_5_19_bucket,,,,,,,,,
NOINDEX,https://scholarshiptop.com/scholarships/for-students-from/netherlands/study-in/germany,Netherlands,Germany,,80,manual_review,,,,Scholarships for Students from Netherlands to Study in Germany,,,manual_review · qaNotes: germany_cluster_manual_review; not_on_germany_index_allowlist,,,,,,,,,
NOINDEX,https://scholarshiptop.com/scholarships/for-students-from/netherlands/study-in/netherlands,Netherlands,Netherlands,,5,published_noindex,,,,Scholarships for Students from Netherlands to Study in Netherlands,,,published_noindex · qaNotes: low_volume_5_19_bucket; domestic_pair_not_primary_ads,,,,,,,,,
NOINDEX,https://scholarshiptop.com/scholarships/for-students-from/new-zealand/study-in/australia,New Zealand,Australia,,16,published_noindex,,,,Scholarships for Students from New Zealand to Study in Australia,,,published_noindex · qaNotes: low_volume_5_19_bucket,,,,,,,,,
NOINDEX,https://scholarshiptop.com/scholarships/for-students-from/new-zealand/study-in/germany,New Zealand,Germany,,78,manual_review,,,,Scholarships for Students from New Zealand to Study in Germany,,,manual_review · qaNotes: germany_cluster_manual_review; not_on_germany_index_allowlist,,,,,,,,,
NOINDEX,https://scholarshiptop.com/scholarships/for-students-from/new-zealand/study-in/india,New Zealand,India,,8,published_noindex,,,,Scholarships for Students from New Zealand to Study in India,,,published_noindex · qaNotes: low_volume_5_19_bucket,,,,,,,,,
NOINDEX,https://scholarshiptop.com/scholarships/for-students-from/new-zealand/study-in/united-states,New Zealand,United States,,6,published_noindex,,,,Scholarships for Students from New Zealand to Study in United States,,,published_noindex · qaNotes: low_volume_5_19_bucket,,,,,,,,,
NOINDEX,https://scholarshiptop.com/scholarships/for-students-from/nicaragua/study-in/germany,Nicaragua,Germany,,90,manual_review,,,,Scholarships for Students from Nicaragua to Study in Germany,,,manual_review · qaNotes: germany_cluster_manual_review; not_on_germany_index_allowlist,,,,,,,,,
NOINDEX,https://scholarshiptop.com/scholarships/for-students-from/nicaragua/study-in/united-states,Nicaragua,United States,,5,published_noindex,,,,Scholarships for Students from Nicaragua to Study in United States,,,published_noindex · qaNotes: low_volume_5_19_bucket,,,,,,,,,
NOINDEX,https://scholarshiptop.com/scholarships/for-students-from/niger/study-in/germany,Niger,Germany,,85,manual_review,,,,Scholarships for Students from Niger to Study in Germany,,,manual_review · qaNotes: germany_cluster_manual_review; not_on_germany_index_allowlist,,,,,,,,,
NOINDEX,https://scholarshiptop.com/scholarships/for-students-from/nigeria/study-in/germany,Nigeria,Germany,,88,manual_review,,,,Scholarships for Nigerian Students to Study in Germany,,,manual_review · qaNotes: germany_cluster_manual_review; not_on_germany_index_allowlist,,,,,,,,,
NOINDEX,https://scholarshiptop.com/scholarships/for-students-from/nigeria/study-in/united-kingdom,Nigeria,United Kingdom,,7,published_noindex,,,,Scholarships for Nigerian Students to Study in the UK,,,published_noindex · qaNotes: low_volume_5_19_bucket,,,,,,,,,
NOINDEX,https://scholarshiptop.com/scholarships/for-students-from/nigeria/study-in/united-states,Nigeria,United States,,18,published_noindex,,,,Scholarships for Nigerian Students to Study in the USA,,,published_noindex · qaNotes: low_volume_5_19_bucket,,,,,,,,,
NOINDEX,https://scholarshiptop.com/scholarships/for-students-from/north-macedonia/study-in/germany,North Macedonia,Germany,,92,manual_review,,,,Scholarships for Students from North Macedonia to Study in Germany,,,manual_review · qaNotes: germany_cluster_manual_review; not_on_germany_index_allowlist,,,,,,,,,
NOINDEX,https://scholarshiptop.com/scholarships/for-students-from/norway/study-in/germany,Norway,Germany,,81,manual_review,,,,Scholarships for Students from Norway to Study in Germany,,,manual_review · qaNotes: germany_cluster_manual_review; not_on_germany_index_allowlist,,,,,,,,,
NOINDEX,https://scholarshiptop.com/scholarships/for-students-from/norway/study-in/united-states,Norway,United States,,6,published_noindex,,,,Scholarships for Students from Norway to Study in United States,,,published_noindex · qaNotes: low_volume_5_19_bucket,,,,,,,,,
NOINDEX,https://scholarshiptop.com/scholarships/for-students-from/oman/study-in/germany,Oman,Germany,,77,manual_review,,,,Scholarships for Students from Oman to Study in Germany,,,manual_review · qaNotes: germany_cluster_manual_review; not_on_germany_index_allowlist,,,,,,,,,
NOINDEX,https://scholarshiptop.com/scholarships/for-students-from/pakistan/study-in/germany,Pakistan,Germany,,87,manual_review,,,,Scholarships for Pakistani Students to Study in Germany,,,manual_review · qaNotes: germany_cluster_manual_review; not_on_germany_index_allowlist,,,,,,,,,
NOINDEX,https://scholarshiptop.com/scholarships/for-students-from/pakistan/study-in/united-states,Pakistan,United States,,14,published_noindex,,,,Scholarships for Pakistani Students to Study in the USA,,,published_noindex · qaNotes: low_volume_5_19_bucket,,,,,,,,,
NOINDEX,https://scholarshiptop.com/scholarships/for-students-from/panama/study-in/germany,Panama,Germany,,84,manual_review,,,,Scholarships for Students from Panama to Study in Germany,,,manual_review · qaNotes: germany_cluster_manual_review; not_on_germany_index_allowlist,,,,,,,,,
NOINDEX,https://scholarshiptop.com/scholarships/for-students-from/panama/study-in/united-states,Panama,United States,,13,published_noindex,,,,Scholarships for Students from Panama to Study in United States,,,published_noindex · qaNotes: low_volume_5_19_bucket,,,,,,,,,
NOINDEX,https://scholarshiptop.com/scholarships/for-students-from/paraguay/study-in/germany,Paraguay,Germany,,89,manual_review,,,,Scholarships for Students from Paraguay to Study in Germany,,,manual_review · qaNotes: germany_cluster_manual_review; not_on_germany_index_allowlist,,,,,,,,,
NOINDEX,https://scholarshiptop.com/scholarships/for-students-from/paraguay/study-in/united-states,Paraguay,United States,,5,published_noindex,,,,Scholarships for Students from Paraguay to Study in United States,,,published_noindex · qaNotes: low_volume_5_19_bucket,,,,,,,,,
NOINDEX,https://scholarshiptop.com/scholarships/for-students-from/peru/study-in/germany,Peru,Germany,,91,manual_review,,,,Scholarships for Students from Peru to Study in Germany,,,manual_review · qaNotes: germany_cluster_manual_review; not_on_germany_index_allowlist,,,,,,,,,
NOINDEX,https://scholarshiptop.com/scholarships/for-students-from/peru/study-in/united-states,Peru,United States,,16,published_noindex,,,,Scholarships for Students from Peru to Study in United States,,,published_noindex · qaNotes: low_volume_5_19_bucket,,,,,,,,,
NOINDEX,https://scholarshiptop.com/scholarships/for-students-from/philippines/study-in/australia,Philippines,Australia,,5,published_noindex,,,,Scholarships for Filipino Students to Study in Australia,,,published_noindex · qaNotes: low_volume_5_19_bucket,,,,,,,,,
NOINDEX,https://scholarshiptop.com/scholarships/for-students-from/poland/study-in/france,Poland,France,,5,published_noindex,,,,Scholarships for Students from Poland to Study in France,,,published_noindex · qaNotes: low_volume_5_19_bucket,,,,,,,,,
NOINDEX,https://scholarshiptop.com/scholarships/for-students-from/poland/study-in/germany,Poland,Germany,,90,manual_review,,,,Scholarships for Students from Poland to Study in Germany,,,manual_review · qaNotes: germany_cluster_manual_review; not_on_germany_index_allowlist,,,,,,,,,
NOINDEX,https://scholarshiptop.com/scholarships/for-students-from/poland/study-in/italy,Poland,Italy,,5,published_noindex,,,,Scholarships for Students from Poland to Study in Italy,,,published_noindex · qaNotes: low_volume_5_19_bucket,,,,,,,,,
NOINDEX,https://scholarshiptop.com/scholarships/for-students-from/poland/study-in/switzerland,Poland,Switzerland,,6,published_noindex,,,,Scholarships for Students from Poland to Study in Switzerland,,,published_noindex · qaNotes: low_volume_5_19_bucket,,,,,,,,,
NOINDEX,https://scholarshiptop.com/scholarships/for-students-from/poland/study-in/united-kingdom,Poland,United Kingdom,,6,published_noindex,,,,Scholarships for Students from Poland to Study in United Kingdom,,,published_noindex · qaNotes: low_volume_5_19_bucket,,,,,,,,,
NOINDEX,https://scholarshiptop.com/scholarships/for-students-from/portugal/study-in/germany,Portugal,Germany,,82,manual_review,,,,Scholarships for Students from Portugal to Study in Germany,,,manual_review · qaNotes: germany_cluster_manual_review; not_on_germany_index_allowlist,,,,,,,,,
NOINDEX,https://scholarshiptop.com/scholarships/for-students-from/portugal/study-in/portugal,Portugal,Portugal,,6,published_noindex,,,,Scholarships for Students from Portugal to Study in Portugal,,,published_noindex · qaNotes: low_volume_5_19_bucket; domestic_pair_not_primary_ads,,,,,,,,,
NOINDEX,https://scholarshiptop.com/scholarships/for-students-from/portugal/study-in/united-states,Portugal,United States,,10,published_noindex,,,,Scholarships for Students from Portugal to Study in United States,,,published_noindex · qaNotes: low_volume_5_19_bucket,,,,,,,,,
NOINDEX,https://scholarshiptop.com/scholarships/for-students-from/puerto-rico/study-in/united-states,Puerto Rico,United States,,8,published_noindex,,,,Scholarships for Students from Puerto Rico to Study in United States,,,published_noindex · qaNotes: low_volume_5_19_bucket,,,,,,,,,
NOINDEX,https://scholarshiptop.com/scholarships/for-students-from/qatar/study-in/germany,Qatar,Germany,,70,manual_review,,,,Scholarships for Students from Qatar to Study in Germany,,,manual_review · qaNotes: germany_cluster_manual_review; not_on_germany_index_allowlist,,,,,,,,,
NOINDEX,https://scholarshiptop.com/scholarships/for-students-from/romania/study-in/germany,Romania,Germany,,88,manual_review,,,,Scholarships for Students from Romania to Study in Germany,,,manual_review · qaNotes: germany_cluster_manual_review; not_on_germany_index_allowlist,,,,,,,,,
NOINDEX,https://scholarshiptop.com/scholarships/for-students-from/russia/study-in/united-states,Russia,United States,,5,published_noindex,,,,Scholarships for Students from Russia to Study in United States,,,published_noindex · qaNotes: low_volume_5_19_bucket,,,,,,,,,
NOINDEX,https://scholarshiptop.com/scholarships/for-students-from/rwanda/study-in/germany,Rwanda,Germany,,85,manual_review,,,,Scholarships for Students from Rwanda to Study in Germany,,,manual_review · qaNotes: germany_cluster_manual_review; not_on_germany_index_allowlist,,,,,,,,,
NOINDEX,https://scholarshiptop.com/scholarships/for-students-from/saudi-arabia/study-in/germany,Saudi Arabia,Germany,,78,manual_review,,,,Scholarships for Students from Saudi Arabia to Study in Germany,,,manual_review · qaNotes: germany_cluster_manual_review; not_on_germany_index_allowlist,,,,,,,,,
NOINDEX,https://scholarshiptop.com/scholarships/for-students-from/saudi-arabia/study-in/united-states,Saudi Arabia,United States,,5,published_noindex,,,,Scholarships for Students from Saudi Arabia to Study in United States,,,published_noindex · qaNotes: low_volume_5_19_bucket,,,,,,,,,
NOINDEX,https://scholarshiptop.com/scholarships/for-students-from/senegal/study-in/germany,Senegal,Germany,,86,manual_review,,,,Scholarships for Students from Senegal to Study in Germany,,,manual_review · qaNotes: germany_cluster_manual_review; not_on_germany_index_allowlist,,,,,,,,,
NOINDEX,https://scholarshiptop.com/scholarships/for-students-from/serbia/study-in/germany,Serbia,Germany,,94,manual_review,,,,Scholarships for Students from Serbia to Study in Germany,,,manual_review · qaNotes: germany_cluster_manual_review; not_on_germany_index_allowlist,,,,,,,,,
NOINDEX,https://scholarshiptop.com/scholarships/for-students-from/singapore/study-in/germany,Singapore,Germany,,77,manual_review,,,,Scholarships for Students from Singapore to Study in Germany,,,manual_review · qaNotes: germany_cluster_manual_review; not_on_germany_index_allowlist,,,,,,,,,
NOINDEX,https://scholarshiptop.com/scholarships/for-students-from/singapore/study-in/india,Singapore,India,,5,published_noindex,,,,Scholarships for Students from Singapore to Study in India,,,published_noindex · qaNotes: low_volume_5_19_bucket,,,,,,,,,
NOINDEX,https://scholarshiptop.com/scholarships/for-students-from/slovakia/study-in/germany,Slovakia,Germany,,86,manual_review,,,,Scholarships for Students from Slovakia to Study in Germany,,,manual_review · qaNotes: germany_cluster_manual_review; not_on_germany_index_allowlist,,,,,,,,,
NOINDEX,https://scholarshiptop.com/scholarships/for-students-from/slovenia/study-in/germany,Slovenia,Germany,,87,manual_review,,,,Scholarships for Students from Slovenia to Study in Germany,,,manual_review · qaNotes: germany_cluster_manual_review; not_on_germany_index_allowlist,,,,,,,,,
NOINDEX,https://scholarshiptop.com/scholarships/for-students-from/somalia/study-in/germany,Somalia,Germany,,85,manual_review,,,,Scholarships for Students from Somalia to Study in Germany,,,manual_review · qaNotes: germany_cluster_manual_review; not_on_germany_index_allowlist,,,,,,,,,
NOINDEX,https://scholarshiptop.com/scholarships/for-students-from/south-africa/study-in/germany,South Africa,Germany,,91,manual_review,,,,Scholarships for Students from South Africa to Study in Germany,,,manual_review · qaNotes: germany_cluster_manual_review; not_on_germany_index_allowlist,,,,,,,,,
NOINDEX,https://scholarshiptop.com/scholarships/for-students-from/south-africa/study-in/united-kingdom,South Africa,United Kingdom,,6,published_noindex,,,,Scholarships for Students from South Africa to Study in United Kingdom,,,published_noindex · qaNotes: low_volume_5_19_bucket,,,,,,,,,
NOINDEX,https://scholarshiptop.com/scholarships/for-students-from/south-africa/study-in/united-states,South Africa,United States,,10,published_noindex,,,,Scholarships for Students from South Africa to Study in United States,,,published_noindex · qaNotes: low_volume_5_19_bucket,,,,,,,,,
NOINDEX,https://scholarshiptop.com/scholarships/for-students-from/south-korea/study-in/australia,South Korea,Australia,,5,published_noindex,,,,Scholarships for Students from South Korea to Study in Australia,,,published_noindex · qaNotes: low_volume_5_19_bucket,,,,,,,,,
NOINDEX,https://scholarshiptop.com/scholarships/for-students-from/south-korea/study-in/south-korea,South Korea,South Korea,,9,published_noindex,,,,Scholarships for Students from South Korea to Study in South Korea,,,published_noindex · qaNotes: low_volume_5_19_bucket; domestic_pair_not_primary_ads,,,,,,,,,
NOINDEX,https://scholarshiptop.com/scholarships/for-students-from/spain/study-in/germany,Spain,Germany,,87,manual_review,,,,Scholarships for Students from Spain to Study in Germany,,,manual_review · qaNotes: germany_cluster_manual_review; not_on_germany_index_allowlist,,,,,,,,,
NOINDEX,https://scholarshiptop.com/scholarships/for-students-from/spain/study-in/spain,Spain,Spain,,11,published_noindex,,,,Scholarships for Students from Spain to Study in Spain,,,published_noindex · qaNotes: low_volume_5_19_bucket; domestic_pair_not_primary_ads,,,,,,,,,
NOINDEX,https://scholarshiptop.com/scholarships/for-students-from/spain/study-in/switzerland,Spain,Switzerland,,5,published_noindex,,,,Scholarships for Students from Spain to Study in Switzerland,,,published_noindex · qaNotes: low_volume_5_19_bucket,,,,,,,,,
NOINDEX,https://scholarshiptop.com/scholarships/for-students-from/spain/study-in/united-kingdom,Spain,United Kingdom,,6,published_noindex,,,,Scholarships for Students from Spain to Study in United Kingdom,,,published_noindex · qaNotes: low_volume_5_19_bucket,,,,,,,,,
NOINDEX,https://scholarshiptop.com/scholarships/for-students-from/sri-lanka/study-in/germany,Sri Lanka,Germany,,89,manual_review,,,,Scholarships for Students from Sri Lanka to Study in Germany,,,manual_review · qaNotes: germany_cluster_manual_review; not_on_germany_index_allowlist,,,,,,,,,
NOINDEX,https://scholarshiptop.com/scholarships/for-students-from/sri-lanka/study-in/united-states,Sri Lanka,United States,,6,published_noindex,,,,Scholarships for Students from Sri Lanka to Study in United States,,,published_noindex · qaNotes: low_volume_5_19_bucket,,,,,,,,,
NOINDEX,https://scholarshiptop.com/scholarships/for-students-from/sudan/study-in/germany,Sudan,Germany,,86,manual_review,,,,Scholarships for Students from Sudan to Study in Germany,,,manual_review · qaNotes: germany_cluster_manual_review; not_on_germany_index_allowlist,,,,,,,,,
NOINDEX,https://scholarshiptop.com/scholarships/for-students-from/sweden/study-in/germany,Sweden,Germany,,82,manual_review,,,,Scholarships for Students from Sweden to Study in Germany,,,manual_review · qaNotes: germany_cluster_manual_review; not_on_germany_index_allowlist,,,,,,,,,
NOINDEX,https://scholarshiptop.com/scholarships/for-students-from/sweden/study-in/united-states,Sweden,United States,,8,published_noindex,,,,Scholarships for Students from Sweden to Study in United States,,,published_noindex · qaNotes: low_volume_5_19_bucket,,,,,,,,,
NOINDEX,https://scholarshiptop.com/scholarships/for-students-from/switzerland/study-in/france,Switzerland,France,,5,published_noindex,,,,Scholarships for Students from Switzerland to Study in France,,,published_noindex · qaNotes: low_volume_5_19_bucket,,,,,,,,,
NOINDEX,https://scholarshiptop.com/scholarships/for-students-from/switzerland/study-in/germany,Switzerland,Germany,,84,manual_review,,,,Scholarships for Students from Switzerland to Study in Germany,,,manual_review · qaNotes: germany_cluster_manual_review; not_on_germany_index_allowlist,,,,,,,,,
NOINDEX,https://scholarshiptop.com/scholarships/for-students-from/switzerland/study-in/switzerland,Switzerland,Switzerland,,6,published_noindex,,,,Scholarships for Students from Switzerland to Study in Switzerland,,,published_noindex · qaNotes: low_volume_5_19_bucket; domestic_pair_not_primary_ads,,,,,,,,,
NOINDEX,https://scholarshiptop.com/scholarships/for-students-from/switzerland/study-in/united-states,Switzerland,United States,,7,published_noindex,,,,Scholarships for Students from Switzerland to Study in United States,,,published_noindex · qaNotes: low_volume_5_19_bucket,,,,,,,,,
NOINDEX,https://scholarshiptop.com/scholarships/for-students-from/taiwan/study-in/germany,Taiwan,Germany,,80,manual_review,,,,Scholarships for Students from Taiwan to Study in Germany,,,manual_review · qaNotes: germany_cluster_manual_review; not_on_germany_index_allowlist,,,,,,,,,
NOINDEX,https://scholarshiptop.com/scholarships/for-students-from/taiwan/study-in/united-states,Taiwan,United States,,7,published_noindex,,,,Scholarships for Students from Taiwan to Study in United States,,,published_noindex · qaNotes: low_volume_5_19_bucket,,,,,,,,,
NOINDEX,https://scholarshiptop.com/scholarships/for-students-from/tajikistan/study-in/germany,Tajikistan,Germany,,91,manual_review,,,,Scholarships for Students from Tajikistan to Study in Germany,,,manual_review · qaNotes: germany_cluster_manual_review; not_on_germany_index_allowlist,,,,,,,,,
NOINDEX,https://scholarshiptop.com/scholarships/for-students-from/thailand/study-in/australia,Thailand,Australia,,7,published_noindex,,,,Scholarships for Students from Thailand to Study in Australia,,,published_noindex · qaNotes: low_volume_5_19_bucket,,,,,,,,,
NOINDEX,https://scholarshiptop.com/scholarships/for-students-from/thailand/study-in/germany,Thailand,Germany,,96,manual_review,,,,Scholarships for Students from Thailand to Study in Germany,,,manual_review · qaNotes: germany_cluster_manual_review; not_on_germany_index_allowlist,,,,,,,,,
NOINDEX,https://scholarshiptop.com/scholarships/for-students-from/thailand/study-in/united-kingdom,Thailand,United Kingdom,,5,published_noindex,,,,Scholarships for Students from Thailand to Study in United Kingdom,,,published_noindex · qaNotes: low_volume_5_19_bucket,,,,,,,,,
NOINDEX,https://scholarshiptop.com/scholarships/for-students-from/thailand/study-in/united-states,Thailand,United States,,6,published_noindex,,,,Scholarships for Students from Thailand to Study in United States,,,published_noindex · qaNotes: low_volume_5_19_bucket,,,,,,,,,
NOINDEX,https://scholarshiptop.com/scholarships/for-students-from/tunisia/study-in/germany,Tunisia,Germany,,90,manual_review,,,,Scholarships for Students from Tunisia to Study in Germany,,,manual_review · qaNotes: germany_cluster_manual_review; not_on_germany_index_allowlist,,,,,,,,,
NOINDEX,https://scholarshiptop.com/scholarships/for-students-from/turkey/study-in/germany,Türkiye,Germany,,88,manual_review,,,,Scholarships for Students from Turkey to Study in Germany,,,manual_review · qaNotes: germany_cluster_manual_review; not_on_germany_index_allowlist,,,,,,,,,
NOINDEX,https://scholarshiptop.com/scholarships/for-students-from/turkey/study-in/united-states,Türkiye,United States,,8,published_noindex,,,,Scholarships for Students from Turkey to Study in United States,,,published_noindex · qaNotes: low_volume_5_19_bucket,,,,,,,,,
NOINDEX,https://scholarshiptop.com/scholarships/for-students-from/uganda/study-in/germany,Uganda,Germany,,87,manual_review,,,,Scholarships for Students from Uganda to Study in Germany,,,manual_review · qaNotes: germany_cluster_manual_review; not_on_germany_index_allowlist,,,,,,,,,
NOINDEX,https://scholarshiptop.com/scholarships/for-students-from/ukraine/study-in/germany,Ukraine,Germany,,102,manual_review,,,,Scholarships for Students from Ukraine to Study in Germany,,,manual_review · qaNotes: germany_cluster_manual_review; not_on_germany_index_allowlist,,,,,,,,,
NOINDEX,https://scholarshiptop.com/scholarships/for-students-from/ukraine/study-in/united-states,Ukraine,United States,,13,published_noindex,,,,Scholarships for Students from Ukraine to Study in United States,,,published_noindex · qaNotes: low_volume_5_19_bucket,,,,,,,,,
NOINDEX,https://scholarshiptop.com/scholarships/for-students-from/united-arab-emirates/study-in/germany,United Arab Emirates,Germany,,70,manual_review,,,,Scholarships for Students from United Arab Emirates to Study in Germany,,,manual_review · qaNotes: germany_cluster_manual_review; not_on_germany_index_allowlist,,,,,,,,,
NOINDEX,https://scholarshiptop.com/scholarships/for-students-from/united-arab-emirates/study-in/united-states,United Arab Emirates,United States,,5,published_noindex,,,,Scholarships for Students from United Arab Emirates to Study in United States,,,published_noindex · qaNotes: low_volume_5_19_bucket,,,,,,,,,
NOINDEX,https://scholarshiptop.com/scholarships/for-students-from/united-kingdom/study-in/australia,United Kingdom,Australia,,8,published_noindex,,,,Scholarships for UK Students to Study in Australia,,,published_noindex · qaNotes: low_volume_5_19_bucket,,,,,,,,,
NOINDEX,https://scholarshiptop.com/scholarships/for-students-from/united-kingdom/study-in/france,United Kingdom,France,,5,published_noindex,,,,Scholarships for UK Students to Study in France,,,published_noindex · qaNotes: low_volume_5_19_bucket,,,,,,,,,
NOINDEX,https://scholarshiptop.com/scholarships/for-students-from/united-kingdom/study-in/india,United Kingdom,India,,13,published_noindex,,,,Scholarships for UK Students to Study in India,,,published_noindex · qaNotes: low_volume_5_19_bucket,,,,,,,,,
NOINDEX,https://scholarshiptop.com/scholarships/for-students-from/united-kingdom/study-in/spain,United Kingdom,Spain,,5,published_noindex,,,,Scholarships for UK Students to Study in Spain,,,published_noindex · qaNotes: low_volume_5_19_bucket,,,,,,,,,
NOINDEX,https://scholarshiptop.com/scholarships/for-students-from/united-kingdom/study-in/switzerland,United Kingdom,Switzerland,,5,published_noindex,,,,Scholarships for UK Students to Study in Switzerland,,,published_noindex · qaNotes: low_volume_5_19_bucket,,,,,,,,,
NOINDEX,https://scholarshiptop.com/scholarships/for-students-from/united-states/study-in/australia,United States,Australia,,10,published_noindex,,,,Scholarships for American Students to Study in Australia,,,published_noindex · qaNotes: low_volume_5_19_bucket,,,,,,,,,
NOINDEX,https://scholarshiptop.com/scholarships/for-students-from/united-states/study-in/belgium,United States,Belgium,,6,published_noindex,,,,Scholarships for American Students to Study in Belgium,,,published_noindex · qaNotes: low_volume_5_19_bucket,,,,,,,,,
NOINDEX,https://scholarshiptop.com/scholarships/for-students-from/united-states/study-in/china,United States,China,,7,published_noindex,,,,Scholarships for American Students to Study in China,,,published_noindex · qaNotes: low_volume_5_19_bucket,,,,,,,,,
NOINDEX,https://scholarshiptop.com/scholarships/for-students-from/united-states/study-in/congo-kinshasa,United States,Congo - Kinshasa,,19,published_noindex,,,,Scholarships for American Students to Study in Congo - Kinshasa,,,published_noindex · qaNotes: low_volume_5_19_bucket,,,,,,,,,
NOINDEX,https://scholarshiptop.com/scholarships/for-students-from/united-states/study-in/denmark,United States,Denmark,,5,published_noindex,,,,Scholarships for American Students to Study in Denmark,,,published_noindex · qaNotes: low_volume_5_19_bucket,,,,,,,,,
NOINDEX,https://scholarshiptop.com/scholarships/for-students-from/united-states/study-in/finland,United States,Finland,,6,published_noindex,,,,Scholarships for American Students to Study in Finland,,,published_noindex · qaNotes: low_volume_5_19_bucket,,,,,,,,,
NOINDEX,https://scholarshiptop.com/scholarships/for-students-from/united-states/study-in/france,United States,France,,17,published_noindex,,,,Scholarships for American Students to Study in France,,,published_noindex · qaNotes: low_volume_5_19_bucket,,,,,,,,,
NOINDEX,https://scholarshiptop.com/scholarships/for-students-from/united-states/study-in/israel,United States,Israel,,9,published_noindex,,,,Scholarships for American Students to Study in Israel,,,published_noindex · qaNotes: low_volume_5_19_bucket,,,,,,,,,
NOINDEX,https://scholarshiptop.com/scholarships/for-students-from/united-states/study-in/italy,United States,Italy,,11,published_noindex,,,,Scholarships for American Students to Study in Italy,,,published_noindex · qaNotes: low_volume_5_19_bucket,,,,,,,,,
NOINDEX,https://scholarshiptop.com/scholarships/for-students-from/united-states/study-in/japan,United States,Japan,,11,published_noindex,,,,Scholarships for American Students to Study in Japan,,,published_noindex · qaNotes: low_volume_5_19_bucket,,,,,,,,,
NOINDEX,https://scholarshiptop.com/scholarships/for-students-from/united-states/study-in/mexico,United States,Mexico,,13,published_noindex,,,,Scholarships for American Students to Study in Mexico,,,published_noindex · qaNotes: low_volume_5_19_bucket,,,,,,,,,
NOINDEX,https://scholarshiptop.com/scholarships/for-students-from/united-states/study-in/netherlands,United States,Netherlands,,5,published_noindex,,,,Scholarships for American Students to Study in the Netherlands,,,published_noindex · qaNotes: low_volume_5_19_bucket,,,,,,,,,
NOINDEX,https://scholarshiptop.com/scholarships/for-students-from/united-states/study-in/poland,United States,Poland,,5,published_noindex,,,,Scholarships for American Students to Study in Poland,,,published_noindex · qaNotes: low_volume_5_19_bucket,,,,,,,,,
NOINDEX,https://scholarshiptop.com/scholarships/for-students-from/united-states/study-in/russia,United States,Russia,,9,published_noindex,,,,Scholarships for American Students to Study in Russia,,,published_noindex · qaNotes: low_volume_5_19_bucket,,,,,,,,,
NOINDEX,https://scholarshiptop.com/scholarships/for-students-from/united-states/study-in/south-korea,United States,South Korea,,17,published_noindex,,,,Scholarships for American Students to Study in South Korea,,,published_noindex · qaNotes: low_volume_5_19_bucket,,,,,,,,,
NOINDEX,https://scholarshiptop.com/scholarships/for-students-from/united-states/study-in/sweden,United States,Sweden,,6,published_noindex,,,,Scholarships for American Students to Study in Sweden,,,published_noindex · qaNotes: low_volume_5_19_bucket,,,,,,,,,
NOINDEX,https://scholarshiptop.com/scholarships/for-students-from/united-states/study-in/switzerland,United States,Switzerland,,13,published_noindex,,,,Scholarships for American Students to Study in Switzerland,,,published_noindex · qaNotes: low_volume_5_19_bucket,,,,,,,,,
NOINDEX,https://scholarshiptop.com/scholarships/for-students-from/united-states/study-in/turkey,United States,Türkiye,,10,published_noindex,,,,Scholarships for American Students to Study in Turkey,,,published_noindex · qaNotes: low_volume_5_19_bucket,,,,,,,,,
NOINDEX,https://scholarshiptop.com/scholarships/for-students-from/united-states/study-in/ukraine,United States,Ukraine,,6,published_noindex,,,,Scholarships for American Students to Study in Ukraine,,,published_noindex · qaNotes: low_volume_5_19_bucket,,,,,,,,,
NOINDEX,https://scholarshiptop.com/scholarships/for-students-from/uruguay/study-in/germany,Uruguay,Germany,,80,manual_review,,,,Scholarships for Students from Uruguay to Study in Germany,,,manual_review · qaNotes: germany_cluster_manual_review; not_on_germany_index_allowlist,,,,,,,,,
NOINDEX,https://scholarshiptop.com/scholarships/for-students-from/uruguay/study-in/united-states,Uruguay,United States,,5,published_noindex,,,,Scholarships for Students from Uruguay to Study in United States,,,published_noindex · qaNotes: low_volume_5_19_bucket,,,,,,,,,
NOINDEX,https://scholarshiptop.com/scholarships/for-students-from/uzbekistan/study-in/germany,Uzbekistan,Germany,,91,manual_review,,,,Scholarships for Students from Uzbekistan to Study in Germany,,,manual_review · qaNotes: germany_cluster_manual_review; not_on_germany_index_allowlist,,,,,,,,,
NOINDEX,https://scholarshiptop.com/scholarships/for-students-from/vatican-city/study-in/united-states,Vatican City,United States,,5,published_noindex,,,,Scholarships for Students from Vatican City to Study in United States,,,published_noindex · qaNotes: low_volume_5_19_bucket,,,,,,,,,
NOINDEX,https://scholarshiptop.com/scholarships/for-students-from/venezuela/study-in/united-states,Venezuela,United States,,13,published_noindex,,,,Scholarships for Students from Venezuela to Study in United States,,,published_noindex · qaNotes: low_volume_5_19_bucket,,,,,,,,,
NOINDEX,https://scholarshiptop.com/scholarships/for-students-from/vietnam/study-in/australia,Vietnam,Australia,,5,published_noindex,,,,Scholarships for Students from Vietnam to Study in Australia,,,published_noindex · qaNotes: low_volume_5_19_bucket,,,,,,,,,
NOINDEX,https://scholarshiptop.com/scholarships/for-students-from/vietnam/study-in/germany,Vietnam,Germany,,98,manual_review,,,,Scholarships for Students from Vietnam to Study in Germany,,,manual_review · qaNotes: germany_cluster_manual_review; not_on_germany_index_allowlist,,,,,,,,,
NOINDEX,https://scholarshiptop.com/scholarships/for-students-from/vietnam/study-in/india,Vietnam,India,,5,published_noindex,,,,Scholarships for Students from Vietnam to Study in India,,,published_noindex · qaNotes: low_volume_5_19_bucket,,,,,,,,,
NOINDEX,https://scholarshiptop.com/scholarships/for-students-from/vietnam/study-in/united-kingdom,Vietnam,United Kingdom,,5,published_noindex,,,,Scholarships for Students from Vietnam to Study in United Kingdom,,,published_noindex · qaNotes: low_volume_5_19_bucket,,,,,,,,,
NOINDEX,https://scholarshiptop.com/scholarships/for-students-from/yemen/study-in/germany,Yemen,Germany,,84,manual_review,,,,Scholarships for Students from Yemen to Study in Germany,,,manual_review · qaNotes: germany_cluster_manual_review; not_on_germany_index_allowlist,,,,,,,,,
NOINDEX,https://scholarshiptop.com/scholarships/for-students-from/zambia/study-in/germany,Zambia,Germany,,84,manual_review,,,,Scholarships for Students from Zambia to Study in Germany,,,manual_review · qaNotes: germany_cluster_manual_review; not_on_germany_index_allowlist,,,,,,,,,
NOINDEX,https://scholarshiptop.com/scholarships/for-students-from/zimbabwe/study-in/germany,Zimbabwe,Germany,,88,manual_review,,,,Scholarships for Students from Zimbabwe to Study in Germany,,,manual_review · qaNotes: germany_cluster_manual_review; not_on_germany_index_allowlist,,,,,,,,,
GERMANY_INDEXABLE,https://scholarshiptop.com/scholarships/for-students-from/canada/study-in/germany,Canada,,,88,approved_priority,false,"index,follow",true,,,germany_cluster_allowlisted,,,,,,,,,,
GERMANY_INDEXABLE,https://scholarshiptop.com/scholarships/for-students-from/india/study-in/germany,India,,,90,approved_priority,false,"index,follow",true,,,germany_cluster_allowlisted,,,,,,,,,,
GERMANY_INDEXABLE,https://scholarshiptop.com/scholarships/for-students-from/mexico/study-in/germany,Mexico,,,94,approved_priority,false,"index,follow",true,,,germany_cluster_allowlisted,,,,,,,,,,
GERMANY_INDEXABLE,https://scholarshiptop.com/scholarships/for-students-from/philippines/study-in/germany,Philippines,,,96,approved_priority,false,"index,follow",true,,,germany_cluster_allowlisted,,,,,,,,,,
GERMANY_INDEXABLE,https://scholarshiptop.com/scholarships/for-students-from/united-kingdom/study-in/germany,United Kingdom,,,95,approved_priority,false,"index,follow",true,,,germany_cluster_allowlisted,,,,,,,,,,
GERMANY_INDEXABLE,https://scholarshiptop.com/scholarships/for-students-from/united-states/study-in/germany,United States,,,117,approved_priority,false,"index,follow",true,,,germany_cluster_allowlisted,,,,,,,,,,
GERMANY_NOINDEX_OR_REVIEW,https://scholarshiptop.com/scholarships/for-students-from/afghanistan/study-in/germany,Afghanistan,,,82,manual_review,false,"noindex,follow",false,,,germany_cluster_manual_review; not_on_germany_index_allowlist,,,,,,,,,,
GERMANY_NOINDEX_OR_REVIEW,https://scholarshiptop.com/scholarships/for-students-from/albania/study-in/germany,Albania,,,93,manual_review,false,"noindex,follow",false,,,germany_cluster_manual_review; not_on_germany_index_allowlist,,,,,,,,,,
GERMANY_NOINDEX_OR_REVIEW,https://scholarshiptop.com/scholarships/for-students-from/algeria/study-in/germany,Algeria,,,88,manual_review,false,"noindex,follow",false,,,germany_cluster_manual_review; not_on_germany_index_allowlist,,,,,,,,,,
GERMANY_NOINDEX_OR_REVIEW,https://scholarshiptop.com/scholarships/for-students-from/andorra/study-in/germany,Andorra,,,78,manual_review,false,"noindex,follow",false,,,germany_cluster_manual_review; not_on_germany_index_allowlist,,,,,,,,,,
GERMANY_NOINDEX_OR_REVIEW,https://scholarshiptop.com/scholarships/for-students-from/angola/study-in/germany,Angola,,,86,manual_review,false,"noindex,follow",false,,,germany_cluster_manual_review; not_on_germany_index_allowlist,,,,,,,,,,
GERMANY_NOINDEX_OR_REVIEW,https://scholarshiptop.com/scholarships/for-students-from/argentina/study-in/germany,Argentina,,,93,manual_review,false,"noindex,follow",false,,,germany_cluster_manual_review; not_on_germany_index_allowlist,,,,,,,,,,
GERMANY_NOINDEX_OR_REVIEW,https://scholarshiptop.com/scholarships/for-students-from/armenia/study-in/germany,Armenia,,,91,manual_review,false,"noindex,follow",false,,,germany_cluster_manual_review; not_on_germany_index_allowlist,,,,,,,,,,
GERMANY_NOINDEX_OR_REVIEW,https://scholarshiptop.com/scholarships/for-students-from/australia/study-in/germany,Australia,,,78,manual_review,false,"noindex,follow",false,,,germany_cluster_manual_review; not_on_germany_index_allowlist,,,,,,,,,,
GERMANY_NOINDEX_OR_REVIEW,https://scholarshiptop.com/scholarships/for-students-from/austria/study-in/germany,Austria,,,79,manual_review,false,"noindex,follow",false,,,germany_cluster_manual_review; not_on_germany_index_allowlist,,,,,,,,,,
GERMANY_NOINDEX_OR_REVIEW,https://scholarshiptop.com/scholarships/for-students-from/azerbaijan/study-in/germany,Azerbaijan,,,90,manual_review,false,"noindex,follow",false,,,germany_cluster_manual_review; not_on_germany_index_allowlist,,,,,,,,,,
GERMANY_NOINDEX_OR_REVIEW,https://scholarshiptop.com/scholarships/for-students-from/bangladesh/study-in/germany,Bangladesh,,,91,manual_review,false,"noindex,follow",false,,,germany_cluster_manual_review; not_on_germany_index_allowlist,,,,,,,,,,
GERMANY_NOINDEX_OR_REVIEW,https://scholarshiptop.com/scholarships/for-students-from/belarus/study-in/germany,Belarus,,,88,manual_review,false,"noindex,follow",false,,,germany_cluster_manual_review; not_on_germany_index_allowlist,,,,,,,,,,
GERMANY_NOINDEX_OR_REVIEW,https://scholarshiptop.com/scholarships/for-students-from/belgium/study-in/germany,Belgium,,,84,manual_review,false,"noindex,follow",false,,,germany_cluster_manual_review; not_on_germany_index_allowlist,,,,,,,,,,
GERMANY_NOINDEX_OR_REVIEW,https://scholarshiptop.com/scholarships/for-students-from/belize/study-in/germany,Belize,,,86,manual_review,false,"noindex,follow",false,,,germany_cluster_manual_review; not_on_germany_index_allowlist,,,,,,,,,,
GERMANY_NOINDEX_OR_REVIEW,https://scholarshiptop.com/scholarships/for-students-from/benin/study-in/germany,Benin,,,86,manual_review,false,"noindex,follow",false,,,germany_cluster_manual_review; not_on_germany_index_allowlist,,,,,,,,,,
GERMANY_NOINDEX_OR_REVIEW,https://scholarshiptop.com/scholarships/for-students-from/bhutan/study-in/germany,Bhutan,,,84,manual_review,false,"noindex,follow",false,,,germany_cluster_manual_review; not_on_germany_index_allowlist,,,,,,,,,,
GERMANY_NOINDEX_OR_REVIEW,https://scholarshiptop.com/scholarships/for-students-from/bolivia/study-in/germany,Bolivia,,,86,manual_review,false,"noindex,follow",false,,,germany_cluster_manual_review; not_on_germany_index_allowlist,,,,,,,,,,
GERMANY_NOINDEX_OR_REVIEW,https://scholarshiptop.com/scholarships/for-students-from/bosnia-herzegovina/study-in/germany,Bosnia & Herzegovina,,,93,manual_review,false,"noindex,follow",false,,,germany_cluster_manual_review; not_on_germany_index_allowlist,,,,,,,,,,
GERMANY_NOINDEX_OR_REVIEW,https://scholarshiptop.com/scholarships/for-students-from/botswana/study-in/germany,Botswana,,,85,manual_review,false,"noindex,follow",false,,,germany_cluster_manual_review; not_on_germany_index_allowlist,,,,,,,,,,
GERMANY_NOINDEX_OR_REVIEW,https://scholarshiptop.com/scholarships/for-students-from/brazil/study-in/germany,Brazil,,,85,manual_review,false,"noindex,follow",false,,,germany_cluster_manual_review; not_on_germany_index_allowlist,,,,,,,,,,
GERMANY_NOINDEX_OR_REVIEW,https://scholarshiptop.com/scholarships/for-students-from/bulgaria/study-in/germany,Bulgaria,,,88,manual_review,false,"noindex,follow",false,,,germany_cluster_manual_review; not_on_germany_index_allowlist,,,,,,,,,,
GERMANY_NOINDEX_OR_REVIEW,https://scholarshiptop.com/scholarships/for-students-from/burkina-faso/study-in/germany,Burkina Faso,,,86,manual_review,false,"noindex,follow",false,,,germany_cluster_manual_review; not_on_germany_index_allowlist,,,,,,,,,,
GERMANY_NOINDEX_OR_REVIEW,https://scholarshiptop.com/scholarships/for-students-from/burundi/study-in/germany,Burundi,,,86,manual_review,false,"noindex,follow",false,,,germany_cluster_manual_review; not_on_germany_index_allowlist,,,,,,,,,,
GERMANY_NOINDEX_OR_REVIEW,https://scholarshiptop.com/scholarships/for-students-from/cambodia/study-in/germany,Cambodia,,,91,manual_review,false,"noindex,follow",false,,,germany_cluster_manual_review; not_on_germany_index_allowlist,,,,,,,,,,
GERMANY_NOINDEX_OR_REVIEW,https://scholarshiptop.com/scholarships/for-students-from/cameroon/study-in/germany,Cameroon,,,86,manual_review,false,"noindex,follow",false,,,germany_cluster_manual_review; not_on_germany_index_allowlist,,,,,,,,,,
GERMANY_NOINDEX_OR_REVIEW,https://scholarshiptop.com/scholarships/for-students-from/cape-verde/study-in/germany,Cape Verde,,,85,manual_review,false,"noindex,follow",false,,,germany_cluster_manual_review; not_on_germany_index_allowlist,,,,,,,,,,
GERMANY_NOINDEX_OR_REVIEW,https://scholarshiptop.com/scholarships/for-students-from/central-african-republic/study-in/germany,Central African Republic,,,85,manual_review,false,"noindex,follow",false,,,germany_cluster_manual_review; not_on_germany_index_allowlist,,,,,,,,,,
GERMANY_NOINDEX_OR_REVIEW,https://scholarshiptop.com/scholarships/for-students-from/chad/study-in/germany,Chad,,,85,manual_review,false,"noindex,follow",false,,,germany_cluster_manual_review; not_on_germany_index_allowlist,,,,,,,,,,
GERMANY_NOINDEX_OR_REVIEW,https://scholarshiptop.com/scholarships/for-students-from/chile/study-in/germany,Chile,,,84,manual_review,false,"noindex,follow",false,,,germany_cluster_manual_review; not_on_germany_index_allowlist,,,,,,,,,,
GERMANY_NOINDEX_OR_REVIEW,https://scholarshiptop.com/scholarships/for-students-from/china/study-in/germany,China,,,8,manual_review,false,"noindex,follow",false,,,germany_cluster_manual_review; not_on_germany_index_allowlist; low_volume_5_19_bucket,,,,,,,,,,
GERMANY_NOINDEX_OR_REVIEW,https://scholarshiptop.com/scholarships/for-students-from/colombia/study-in/germany,Colombia,,,96,manual_review,false,"noindex,follow",false,,,germany_cluster_manual_review; not_on_germany_index_allowlist,,,,,,,,,,
GERMANY_NOINDEX_OR_REVIEW,https://scholarshiptop.com/scholarships/for-students-from/costa-rica/study-in/germany,Costa Rica,,,91,manual_review,false,"noindex,follow",false,,,germany_cluster_manual_review; not_on_germany_index_allowlist,,,,,,,,,,
GERMANY_NOINDEX_OR_REVIEW,https://scholarshiptop.com/scholarships/for-students-from/cote-d-ivoire/study-in/germany,Côte d’Ivoire,,,86,manual_review,false,"noindex,follow",false,,,germany_cluster_manual_review; not_on_germany_index_allowlist,,,,,,,,,,
GERMANY_NOINDEX_OR_REVIEW,https://scholarshiptop.com/scholarships/for-students-from/croatia/study-in/germany,Croatia,,,88,manual_review,false,"noindex,follow",false,,,germany_cluster_manual_review; not_on_germany_index_allowlist,,,,,,,,,,
GERMANY_NOINDEX_OR_REVIEW,https://scholarshiptop.com/scholarships/for-students-from/cuba/study-in/germany,Cuba,,,89,manual_review,false,"noindex,follow",false,,,germany_cluster_manual_review; not_on_germany_index_allowlist,,,,,,,,,,
GERMANY_NOINDEX_OR_REVIEW,https://scholarshiptop.com/scholarships/for-students-from/cyprus/study-in/germany,Cyprus,,,79,manual_review,false,"noindex,follow",false,,,germany_cluster_manual_review; not_on_germany_index_allowlist,,,,,,,,,,
GERMANY_NOINDEX_OR_REVIEW,https://scholarshiptop.com/scholarships/for-students-from/czechia/study-in/germany,Czechia,,,90,manual_review,false,"noindex,follow",false,,,germany_cluster_manual_review; not_on_germany_index_allowlist,,,,,,,,,,
GERMANY_NOINDEX_OR_REVIEW,https://scholarshiptop.com/scholarships/for-students-from/denmark/study-in/germany,Denmark,,,82,manual_review,false,"noindex,follow",false,,,germany_cluster_manual_review; not_on_germany_index_allowlist,,,,,,,,,,
GERMANY_NOINDEX_OR_REVIEW,https://scholarshiptop.com/scholarships/for-students-from/dominican-republic/study-in/germany,Dominican Republic,,,91,manual_review,false,"noindex,follow",false,,,germany_cluster_manual_review; not_on_germany_index_allowlist,,,,,,,,,,
GERMANY_NOINDEX_OR_REVIEW,https://scholarshiptop.com/scholarships/for-students-from/ecuador/study-in/germany,Ecuador,,,89,manual_review,false,"noindex,follow",false,,,germany_cluster_manual_review; not_on_germany_index_allowlist,,,,,,,,,,
GERMANY_NOINDEX_OR_REVIEW,https://scholarshiptop.com/scholarships/for-students-from/egypt/study-in/germany,Egypt,,,93,manual_review,false,"noindex,follow",false,,,germany_cluster_manual_review; not_on_germany_index_allowlist,,,,,,,,,,
GERMANY_NOINDEX_OR_REVIEW,https://scholarshiptop.com/scholarships/for-students-from/el-salvador/study-in/germany,El Salvador,,,89,manual_review,false,"noindex,follow",false,,,germany_cluster_manual_review; not_on_germany_index_allowlist,,,,,,,,,,
GERMANY_NOINDEX_OR_REVIEW,https://scholarshiptop.com/scholarships/for-students-from/estonia/study-in/germany,Estonia,,,84,manual_review,false,"noindex,follow",false,,,germany_cluster_manual_review; not_on_germany_index_allowlist,,,,,,,,,,
GERMANY_NOINDEX_OR_REVIEW,https://scholarshiptop.com/scholarships/for-students-from/ethiopia/study-in/germany,Ethiopia,,,89,manual_review,false,"noindex,follow",false,,,germany_cluster_manual_review; not_on_germany_index_allowlist,,,,,,,,,,
GERMANY_NOINDEX_OR_REVIEW,https://scholarshiptop.com/scholarships/for-students-from/finland/study-in/germany,Finland,,,82,manual_review,false,"noindex,follow",false,,,germany_cluster_manual_review; not_on_germany_index_allowlist,,,,,,,,,,
GERMANY_NOINDEX_OR_REVIEW,https://scholarshiptop.com/scholarships/for-students-from/france/study-in/germany,France,,,91,manual_review,false,"noindex,follow",false,,,germany_cluster_manual_review; not_on_germany_index_allowlist,,,,,,,,,,
GERMANY_NOINDEX_OR_REVIEW,https://scholarshiptop.com/scholarships/for-students-from/georgia/study-in/germany,Georgia,,,94,manual_review,false,"noindex,follow",false,,,germany_cluster_manual_review; not_on_germany_index_allowlist,,,,,,,,,,
GERMANY_NOINDEX_OR_REVIEW,https://scholarshiptop.com/scholarships/for-students-from/germany/study-in/germany,Germany,,,14,manual_review,false,"noindex,follow",false,,,germany_cluster_manual_review; not_on_germany_index_allowlist; low_volume_5_19_bucket; domestic_pair_not_primary_ads,,,,,,,,,,
GERMANY_NOINDEX_OR_REVIEW,https://scholarshiptop.com/scholarships/for-students-from/ghana/study-in/germany,Ghana,,,90,manual_review,false,"noindex,follow",false,,,germany_cluster_manual_review; not_on_germany_index_allowlist,,,,,,,,,,
GERMANY_NOINDEX_OR_REVIEW,https://scholarshiptop.com/scholarships/for-students-from/greece/study-in/germany,Greece,,,82,manual_review,false,"noindex,follow",false,,,germany_cluster_manual_review; not_on_germany_index_allowlist,,,,,,,,,,
GERMANY_NOINDEX_OR_REVIEW,https://scholarshiptop.com/scholarships/for-students-from/guatemala/study-in/germany,Guatemala,,,91,manual_review,false,"noindex,follow",false,,,germany_cluster_manual_review; not_on_germany_index_allowlist,,,,,,,,,,
GERMANY_NOINDEX_OR_REVIEW,https://scholarshiptop.com/scholarships/for-students-from/guinea/study-in/germany,Guinea,,,85,manual_review,false,"noindex,follow",false,,,germany_cluster_manual_review; not_on_germany_index_allowlist,,,,,,,,,,
GERMANY_NOINDEX_OR_REVIEW,https://scholarshiptop.com/scholarships/for-students-from/haiti/study-in/germany,Haiti,,,85,manual_review,false,"noindex,follow",false,,,germany_cluster_manual_review; not_on_germany_index_allowlist,,,,,,,,,,
GERMANY_NOINDEX_OR_REVIEW,https://scholarshiptop.com/scholarships/for-students-from/honduras/study-in/germany,Honduras,,,89,manual_review,false,"noindex,follow",false,,,germany_cluster_manual_review; not_on_germany_index_allowlist,,,,,,,,,,
GERMANY_NOINDEX_OR_REVIEW,https://scholarshiptop.com/scholarships/for-students-from/hungary/study-in/germany,Hungary,,,87,manual_review,false,"noindex,follow",false,,,germany_cluster_manual_review; not_on_germany_index_allowlist,,,,,,,,,,
GERMANY_NOINDEX_OR_REVIEW,https://scholarshiptop.com/scholarships/for-students-from/iceland/study-in/germany,Iceland,,,79,manual_review,false,"noindex,follow",false,,,germany_cluster_manual_review; not_on_germany_index_allowlist,,,,,,,,,,
GERMANY_NOINDEX_OR_REVIEW,https://scholarshiptop.com/scholarships/for-students-from/indonesia/study-in/germany,Indonesia,,,98,manual_review,false,"noindex,follow",false,,,germany_cluster_manual_review; not_on_germany_index_allowlist,,,,,,,,,,
GERMANY_NOINDEX_OR_REVIEW,https://scholarshiptop.com/scholarships/for-students-from/iran/study-in/germany,Iran,,,85,manual_review,false,"noindex,follow",false,,,germany_cluster_manual_review; not_on_germany_index_allowlist,,,,,,,,,,
GERMANY_NOINDEX_OR_REVIEW,https://scholarshiptop.com/scholarships/for-students-from/iraq/study-in/germany,Iraq,,,86,manual_review,false,"noindex,follow",false,,,germany_cluster_manual_review; not_on_germany_index_allowlist,,,,,,,,,,
GERMANY_NOINDEX_OR_REVIEW,https://scholarshiptop.com/scholarships/for-students-from/ireland/study-in/germany,Ireland,,,84,manual_review,false,"noindex,follow",false,,,germany_cluster_manual_review; not_on_germany_index_allowlist,,,,,,,,,,
GERMANY_NOINDEX_OR_REVIEW,https://scholarshiptop.com/scholarships/for-students-from/israel/study-in/germany,Israel,,,82,manual_review,false,"noindex,follow",false,,,germany_cluster_manual_review; not_on_germany_index_allowlist,,,,,,,,,,
GERMANY_NOINDEX_OR_REVIEW,https://scholarshiptop.com/scholarships/for-students-from/italy/study-in/germany,Italy,,,83,manual_review,false,"noindex,follow",false,,,germany_cluster_manual_review; not_on_germany_index_allowlist,,,,,,,,,,
GERMANY_NOINDEX_OR_REVIEW,https://scholarshiptop.com/scholarships/for-students-from/jamaica/study-in/germany,Jamaica,,,86,manual_review,false,"noindex,follow",false,,,germany_cluster_manual_review; not_on_germany_index_allowlist,,,,,,,,,,
GERMANY_NOINDEX_OR_REVIEW,https://scholarshiptop.com/scholarships/for-students-from/japan/study-in/germany,Japan,,,79,manual_review,false,"noindex,follow",false,,,germany_cluster_manual_review; not_on_germany_index_allowlist,,,,,,,,,,
GERMANY_NOINDEX_OR_REVIEW,https://scholarshiptop.com/scholarships/for-students-from/jordan/study-in/germany,Jordan,,,89,manual_review,false,"noindex,follow",false,,,germany_cluster_manual_review; not_on_germany_index_allowlist,,,,,,,,,,
GERMANY_NOINDEX_OR_REVIEW,https://scholarshiptop.com/scholarships/for-students-from/kazakhstan/study-in/germany,Kazakhstan,,,94,manual_review,false,"noindex,follow",false,,,germany_cluster_manual_review; not_on_germany_index_allowlist,,,,,,,,,,
GERMANY_NOINDEX_OR_REVIEW,https://scholarshiptop.com/scholarships/for-students-from/kenya/study-in/germany,Kenya,,,90,manual_review,false,"noindex,follow",false,,,germany_cluster_manual_review; not_on_germany_index_allowlist,,,,,,,,,,
GERMANY_NOINDEX_OR_REVIEW,https://scholarshiptop.com/scholarships/for-students-from/kuwait/study-in/germany,Kuwait,,,70,manual_review,false,"noindex,follow",false,,,germany_cluster_manual_review; not_on_germany_index_allowlist,,,,,,,,,,
GERMANY_NOINDEX_OR_REVIEW,https://scholarshiptop.com/scholarships/for-students-from/kyrgyzstan/study-in/germany,Kyrgyzstan,,,90,manual_review,false,"noindex,follow",false,,,germany_cluster_manual_review; not_on_germany_index_allowlist,,,,,,,,,,
GERMANY_NOINDEX_OR_REVIEW,https://scholarshiptop.com/scholarships/for-students-from/laos/study-in/germany,Laos,,,94,manual_review,false,"noindex,follow",false,,,germany_cluster_manual_review; not_on_germany_index_allowlist,,,,,,,,,,
GERMANY_NOINDEX_OR_REVIEW,https://scholarshiptop.com/scholarships/for-students-from/latvia/study-in/germany,Latvia,,,85,manual_review,false,"noindex,follow",false,,,germany_cluster_manual_review; not_on_germany_index_allowlist,,,,,,,,,,
GERMANY_NOINDEX_OR_REVIEW,https://scholarshiptop.com/scholarships/for-students-from/lebanon/study-in/germany,Lebanon,,,88,manual_review,false,"noindex,follow",false,,,germany_cluster_manual_review; not_on_germany_index_allowlist,,,,,,,,,,
GERMANY_NOINDEX_OR_REVIEW,https://scholarshiptop.com/scholarships/for-students-from/lesotho/study-in/germany,Lesotho,,,85,manual_review,false,"noindex,follow",false,,,germany_cluster_manual_review; not_on_germany_index_allowlist,,,,,,,,,,
GERMANY_NOINDEX_OR_REVIEW,https://scholarshiptop.com/scholarships/for-students-from/liberia/study-in/germany,Liberia,,,85,manual_review,false,"noindex,follow",false,,,germany_cluster_manual_review; not_on_germany_index_allowlist,,,,,,,,,,
GERMANY_NOINDEX_OR_REVIEW,https://scholarshiptop.com/scholarships/for-students-from/libya/study-in/germany,Libya,,,88,manual_review,false,"noindex,follow",false,,,germany_cluster_manual_review; not_on_germany_index_allowlist,,,,,,,,,,
GERMANY_NOINDEX_OR_REVIEW,https://scholarshiptop.com/scholarships/for-students-from/liechtenstein/study-in/germany,Liechtenstein,,,76,manual_review,false,"noindex,follow",false,,,germany_cluster_manual_review; not_on_germany_index_allowlist,,,,,,,,,,
GERMANY_NOINDEX_OR_REVIEW,https://scholarshiptop.com/scholarships/for-students-from/lithuania/study-in/germany,Lithuania,,,85,manual_review,false,"noindex,follow",false,,,germany_cluster_manual_review; not_on_germany_index_allowlist,,,,,,,,,,
GERMANY_NOINDEX_OR_REVIEW,https://scholarshiptop.com/scholarships/for-students-from/luxembourg/study-in/germany,Luxembourg,,,82,manual_review,false,"noindex,follow",false,,,germany_cluster_manual_review; not_on_germany_index_allowlist,,,,,,,,,,
GERMANY_NOINDEX_OR_REVIEW,https://scholarshiptop.com/scholarships/for-students-from/malaysia/study-in/germany,Malaysia,,,96,manual_review,false,"noindex,follow",false,,,germany_cluster_manual_review; not_on_germany_index_allowlist,,,,,,,,,,
GERMANY_NOINDEX_OR_REVIEW,https://scholarshiptop.com/scholarships/for-students-from/maldives/study-in/germany,Maldives,,,75,manual_review,false,"noindex,follow",false,,,germany_cluster_manual_review; not_on_germany_index_allowlist,,,,,,,,,,
GERMANY_NOINDEX_OR_REVIEW,https://scholarshiptop.com/scholarships/for-students-from/mali/study-in/germany,Mali,,,86,manual_review,false,"noindex,follow",false,,,germany_cluster_manual_review; not_on_germany_index_allowlist,,,,,,,,,,
GERMANY_NOINDEX_OR_REVIEW,https://scholarshiptop.com/scholarships/for-students-from/malta/study-in/germany,Malta,,,79,manual_review,false,"noindex,follow",false,,,germany_cluster_manual_review; not_on_germany_index_allowlist,,,,,,,,,,
GERMANY_NOINDEX_OR_REVIEW,https://scholarshiptop.com/scholarships/for-students-from/morocco/study-in/germany,Morocco,,,89,manual_review,false,"noindex,follow",false,,,germany_cluster_manual_review; not_on_germany_index_allowlist,,,,,,,,,,
GERMANY_NOINDEX_OR_REVIEW,https://scholarshiptop.com/scholarships/for-students-from/mozambique/study-in/germany,Mozambique,,,86,manual_review,false,"noindex,follow",false,,,germany_cluster_manual_review; not_on_germany_index_allowlist,,,,,,,,,,
GERMANY_NOINDEX_OR_REVIEW,https://scholarshiptop.com/scholarships/for-students-from/myanmar-burma/study-in/germany,Myanmar (Burma),,,94,manual_review,false,"noindex,follow",false,,,germany_cluster_manual_review; not_on_germany_index_allowlist,,,,,,,,,,
GERMANY_NOINDEX_OR_REVIEW,https://scholarshiptop.com/scholarships/for-students-from/namibia/study-in/germany,Namibia,,,88,manual_review,false,"noindex,follow",false,,,germany_cluster_manual_review; not_on_germany_index_allowlist,,,,,,,,,,
GERMANY_NOINDEX_OR_REVIEW,https://scholarshiptop.com/scholarships/for-students-from/nepal/study-in/germany,Nepal,,,86,manual_review,false,"noindex,follow",false,,,germany_cluster_manual_review; not_on_germany_index_allowlist,,,,,,,,,,
GERMANY_NOINDEX_OR_REVIEW,https://scholarshiptop.com/scholarships/for-students-from/netherlands/study-in/germany,Netherlands,,,80,manual_review,false,"noindex,follow",false,,,germany_cluster_manual_review; not_on_germany_index_allowlist,,,,,,,,,,
GERMANY_NOINDEX_OR_REVIEW,https://scholarshiptop.com/scholarships/for-students-from/new-zealand/study-in/germany,New Zealand,,,78,manual_review,false,"noindex,follow",false,,,germany_cluster_manual_review; not_on_germany_index_allowlist,,,,,,,,,,
GERMANY_NOINDEX_OR_REVIEW,https://scholarshiptop.com/scholarships/for-students-from/nicaragua/study-in/germany,Nicaragua,,,90,manual_review,false,"noindex,follow",false,,,germany_cluster_manual_review; not_on_germany_index_allowlist,,,,,,,,,,
GERMANY_NOINDEX_OR_REVIEW,https://scholarshiptop.com/scholarships/for-students-from/niger/study-in/germany,Niger,,,85,manual_review,false,"noindex,follow",false,,,germany_cluster_manual_review; not_on_germany_index_allowlist,,,,,,,,,,
GERMANY_NOINDEX_OR_REVIEW,https://scholarshiptop.com/scholarships/for-students-from/nigeria/study-in/germany,Nigeria,,,88,manual_review,false,"noindex,follow",false,,,germany_cluster_manual_review; not_on_germany_index_allowlist,,,,,,,,,,
GERMANY_NOINDEX_OR_REVIEW,https://scholarshiptop.com/scholarships/for-students-from/north-macedonia/study-in/germany,North Macedonia,,,92,manual_review,false,"noindex,follow",false,,,germany_cluster_manual_review; not_on_germany_index_allowlist,,,,,,,,,,
GERMANY_NOINDEX_OR_REVIEW,https://scholarshiptop.com/scholarships/for-students-from/norway/study-in/germany,Norway,,,81,manual_review,false,"noindex,follow",false,,,germany_cluster_manual_review; not_on_germany_index_allowlist,,,,,,,,,,
GERMANY_NOINDEX_OR_REVIEW,https://scholarshiptop.com/scholarships/for-students-from/oman/study-in/germany,Oman,,,77,manual_review,false,"noindex,follow",false,,,germany_cluster_manual_review; not_on_germany_index_allowlist,,,,,,,,,,
GERMANY_NOINDEX_OR_REVIEW,https://scholarshiptop.com/scholarships/for-students-from/pakistan/study-in/germany,Pakistan,,,87,manual_review,false,"noindex,follow",false,,,germany_cluster_manual_review; not_on_germany_index_allowlist,,,,,,,,,,
GERMANY_NOINDEX_OR_REVIEW,https://scholarshiptop.com/scholarships/for-students-from/panama/study-in/germany,Panama,,,84,manual_review,false,"noindex,follow",false,,,germany_cluster_manual_review; not_on_germany_index_allowlist,,,,,,,,,,
GERMANY_NOINDEX_OR_REVIEW,https://scholarshiptop.com/scholarships/for-students-from/paraguay/study-in/germany,Paraguay,,,89,manual_review,false,"noindex,follow",false,,,germany_cluster_manual_review; not_on_germany_index_allowlist,,,,,,,,,,
GERMANY_NOINDEX_OR_REVIEW,https://scholarshiptop.com/scholarships/for-students-from/peru/study-in/germany,Peru,,,91,manual_review,false,"noindex,follow",false,,,germany_cluster_manual_review; not_on_germany_index_allowlist,,,,,,,,,,
GERMANY_NOINDEX_OR_REVIEW,https://scholarshiptop.com/scholarships/for-students-from/poland/study-in/germany,Poland,,,90,manual_review,false,"noindex,follow",false,,,germany_cluster_manual_review; not_on_germany_index_allowlist,,,,,,,,,,
GERMANY_NOINDEX_OR_REVIEW,https://scholarshiptop.com/scholarships/for-students-from/portugal/study-in/germany,Portugal,,,82,manual_review,false,"noindex,follow",false,,,germany_cluster_manual_review; not_on_germany_index_allowlist,,,,,,,,,,
GERMANY_NOINDEX_OR_REVIEW,https://scholarshiptop.com/scholarships/for-students-from/qatar/study-in/germany,Qatar,,,70,manual_review,false,"noindex,follow",false,,,germany_cluster_manual_review; not_on_germany_index_allowlist,,,,,,,,,,
GERMANY_NOINDEX_OR_REVIEW,https://scholarshiptop.com/scholarships/for-students-from/romania/study-in/germany,Romania,,,88,manual_review,false,"noindex,follow",false,,,germany_cluster_manual_review; not_on_germany_index_allowlist,,,,,,,,,,
GERMANY_NOINDEX_OR_REVIEW,https://scholarshiptop.com/scholarships/for-students-from/rwanda/study-in/germany,Rwanda,,,85,manual_review,false,"noindex,follow",false,,,germany_cluster_manual_review; not_on_germany_index_allowlist,,,,,,,,,,
GERMANY_NOINDEX_OR_REVIEW,https://scholarshiptop.com/scholarships/for-students-from/saudi-arabia/study-in/germany,Saudi Arabia,,,78,manual_review,false,"noindex,follow",false,,,germany_cluster_manual_review; not_on_germany_index_allowlist,,,,,,,,,,
GERMANY_NOINDEX_OR_REVIEW,https://scholarshiptop.com/scholarships/for-students-from/senegal/study-in/germany,Senegal,,,86,manual_review,false,"noindex,follow",false,,,germany_cluster_manual_review; not_on_germany_index_allowlist,,,,,,,,,,
GERMANY_NOINDEX_OR_REVIEW,https://scholarshiptop.com/scholarships/for-students-from/serbia/study-in/germany,Serbia,,,94,manual_review,false,"noindex,follow",false,,,germany_cluster_manual_review; not_on_germany_index_allowlist,,,,,,,,,,
GERMANY_NOINDEX_OR_REVIEW,https://scholarshiptop.com/scholarships/for-students-from/singapore/study-in/germany,Singapore,,,77,manual_review,false,"noindex,follow",false,,,germany_cluster_manual_review; not_on_germany_index_allowlist,,,,,,,,,,
GERMANY_NOINDEX_OR_REVIEW,https://scholarshiptop.com/scholarships/for-students-from/slovakia/study-in/germany,Slovakia,,,86,manual_review,false,"noindex,follow",false,,,germany_cluster_manual_review; not_on_germany_index_allowlist,,,,,,,,,,
GERMANY_NOINDEX_OR_REVIEW,https://scholarshiptop.com/scholarships/for-students-from/slovenia/study-in/germany,Slovenia,,,87,manual_review,false,"noindex,follow",false,,,germany_cluster_manual_review; not_on_germany_index_allowlist,,,,,,,,,,
GERMANY_NOINDEX_OR_REVIEW,https://scholarshiptop.com/scholarships/for-students-from/somalia/study-in/germany,Somalia,,,85,manual_review,false,"noindex,follow",false,,,germany_cluster_manual_review; not_on_germany_index_allowlist,,,,,,,,,,
GERMANY_NOINDEX_OR_REVIEW,https://scholarshiptop.com/scholarships/for-students-from/south-africa/study-in/germany,South Africa,,,91,manual_review,false,"noindex,follow",false,,,germany_cluster_manual_review; not_on_germany_index_allowlist,,,,,,,,,,
GERMANY_NOINDEX_OR_REVIEW,https://scholarshiptop.com/scholarships/for-students-from/spain/study-in/germany,Spain,,,87,manual_review,false,"noindex,follow",false,,,germany_cluster_manual_review; not_on_germany_index_allowlist,,,,,,,,,,
GERMANY_NOINDEX_OR_REVIEW,https://scholarshiptop.com/scholarships/for-students-from/sri-lanka/study-in/germany,Sri Lanka,,,89,manual_review,false,"noindex,follow",false,,,germany_cluster_manual_review; not_on_germany_index_allowlist,,,,,,,,,,
GERMANY_NOINDEX_OR_REVIEW,https://scholarshiptop.com/scholarships/for-students-from/sudan/study-in/germany,Sudan,,,86,manual_review,false,"noindex,follow",false,,,germany_cluster_manual_review; not_on_germany_index_allowlist,,,,,,,,,,
GERMANY_NOINDEX_OR_REVIEW,https://scholarshiptop.com/scholarships/for-students-from/sweden/study-in/germany,Sweden,,,82,manual_review,false,"noindex,follow",false,,,germany_cluster_manual_review; not_on_germany_index_allowlist,,,,,,,,,,
GERMANY_NOINDEX_OR_REVIEW,https://scholarshiptop.com/scholarships/for-students-from/switzerland/study-in/germany,Switzerland,,,84,manual_review,false,"noindex,follow",false,,,germany_cluster_manual_review; not_on_germany_index_allowlist,,,,,,,,,,
GERMANY_NOINDEX_OR_REVIEW,https://scholarshiptop.com/scholarships/for-students-from/taiwan/study-in/germany,Taiwan,,,80,manual_review,false,"noindex,follow",false,,,germany_cluster_manual_review; not_on_germany_index_allowlist,,,,,,,,,,
GERMANY_NOINDEX_OR_REVIEW,https://scholarshiptop.com/scholarships/for-students-from/tajikistan/study-in/germany,Tajikistan,,,91,manual_review,false,"noindex,follow",false,,,germany_cluster_manual_review; not_on_germany_index_allowlist,,,,,,,,,,
GERMANY_NOINDEX_OR_REVIEW,https://scholarshiptop.com/scholarships/for-students-from/thailand/study-in/germany,Thailand,,,96,manual_review,false,"noindex,follow",false,,,germany_cluster_manual_review; not_on_germany_index_allowlist,,,,,,,,,,
GERMANY_NOINDEX_OR_REVIEW,https://scholarshiptop.com/scholarships/for-students-from/tunisia/study-in/germany,Tunisia,,,90,manual_review,false,"noindex,follow",false,,,germany_cluster_manual_review; not_on_germany_index_allowlist,,,,,,,,,,
GERMANY_NOINDEX_OR_REVIEW,https://scholarshiptop.com/scholarships/for-students-from/turkey/study-in/germany,Türkiye,,,88,manual_review,false,"noindex,follow",false,,,germany_cluster_manual_review; not_on_germany_index_allowlist,,,,,,,,,,
GERMANY_NOINDEX_OR_REVIEW,https://scholarshiptop.com/scholarships/for-students-from/uganda/study-in/germany,Uganda,,,87,manual_review,false,"noindex,follow",false,,,germany_cluster_manual_review; not_on_germany_index_allowlist,,,,,,,,,,
GERMANY_NOINDEX_OR_REVIEW,https://scholarshiptop.com/scholarships/for-students-from/ukraine/study-in/germany,Ukraine,,,102,manual_review,false,"noindex,follow",false,,,germany_cluster_manual_review; not_on_germany_index_allowlist,,,,,,,,,,
GERMANY_NOINDEX_OR_REVIEW,https://scholarshiptop.com/scholarships/for-students-from/united-arab-emirates/study-in/germany,United Arab Emirates,,,70,manual_review,false,"noindex,follow",false,,,germany_cluster_manual_review; not_on_germany_index_allowlist,,,,,,,,,,
GERMANY_NOINDEX_OR_REVIEW,https://scholarshiptop.com/scholarships/for-students-from/uruguay/study-in/germany,Uruguay,,,80,manual_review,false,"noindex,follow",false,,,germany_cluster_manual_review; not_on_germany_index_allowlist,,,,,,,,,,
GERMANY_NOINDEX_OR_REVIEW,https://scholarshiptop.com/scholarships/for-students-from/uzbekistan/study-in/germany,Uzbekistan,,,91,manual_review,false,"noindex,follow",false,,,germany_cluster_manual_review; not_on_germany_index_allowlist,,,,,,,,,,
GERMANY_NOINDEX_OR_REVIEW,https://scholarshiptop.com/scholarships/for-students-from/vietnam/study-in/germany,Vietnam,,,98,manual_review,false,"noindex,follow",false,,,germany_cluster_manual_review; not_on_germany_index_allowlist,,,,,,,,,,
GERMANY_NOINDEX_OR_REVIEW,https://scholarshiptop.com/scholarships/for-students-from/yemen/study-in/germany,Yemen,,,84,manual_review,false,"noindex,follow",false,,,germany_cluster_manual_review; not_on_germany_index_allowlist,,,,,,,,,,
GERMANY_NOINDEX_OR_REVIEW,https://scholarshiptop.com/scholarships/for-students-from/zambia/study-in/germany,Zambia,,,84,manual_review,false,"noindex,follow",false,,,germany_cluster_manual_review; not_on_germany_index_allowlist,,,,,,,,,,
GERMANY_NOINDEX_OR_REVIEW,https://scholarshiptop.com/scholarships/for-students-from/zimbabwe/study-in/germany,Zimbabwe,,,88,manual_review,false,"noindex,follow",false,,,germany_cluster_manual_review; not_on_germany_index_allowlist,,,,,,,,,,
DOMESTIC,https://scholarshiptop.com/scholarships/for-students-from/australia/study-in/australia,,,Australia,64,approved_priority,false,"index,follow",true,,,domestic_pair_not_primary_ads,,,,,,,,,,
DOMESTIC,https://scholarshiptop.com/scholarships/for-students-from/belgium/study-in/belgium,,,Belgium,6,published_noindex,false,"noindex,follow",false,,,low_volume_5_19_bucket; domestic_pair_not_primary_ads,,,,,,,,,,
DOMESTIC,https://scholarshiptop.com/scholarships/for-students-from/canada/study-in/canada,,,Canada,182,approved_priority,false,"index,follow",true,,,domestic_pair_not_primary_ads,,,,,,,,,,
DOMESTIC,https://scholarshiptop.com/scholarships/for-students-from/china/study-in/china,,,China,15,published_noindex,false,"noindex,follow",false,,,low_volume_5_19_bucket; domestic_pair_not_primary_ads,,,,,,,,,,
DOMESTIC,https://scholarshiptop.com/scholarships/for-students-from/colombia/study-in/colombia,,,Colombia,5,published_noindex,false,"noindex,follow",false,,,low_volume_5_19_bucket; domestic_pair_not_primary_ads,,,,,,,,,,
DOMESTIC,https://scholarshiptop.com/scholarships/for-students-from/cyprus/study-in/cyprus,,,Cyprus,7,published_noindex,false,"noindex,follow",false,,,low_volume_5_19_bucket; domestic_pair_not_primary_ads,,,,,,,,,,
DOMESTIC,https://scholarshiptop.com/scholarships/for-students-from/france/study-in/france,,,France,11,published_noindex,false,"noindex,follow",false,,,low_volume_5_19_bucket; domestic_pair_not_primary_ads,,,,,,,,,,
DOMESTIC,https://scholarshiptop.com/scholarships/for-students-from/germany/study-in/germany,,,Germany,14,manual_review,false,"noindex,follow",false,,,germany_cluster_manual_review; not_on_germany_index_allowlist; low_volume_5_19_bucket; domestic_pair_not_primary_ads,,,,,,,,,,
DOMESTIC,https://scholarshiptop.com/scholarships/for-students-from/hong-kong/study-in/hong-kong,,,Hong Kong SAR China,8,published_noindex,false,"noindex,follow",false,,,low_volume_5_19_bucket; domestic_pair_not_primary_ads,,,,,,,,,,
DOMESTIC,https://scholarshiptop.com/scholarships/for-students-from/india/study-in/india,,,India,39,approved,false,"index,follow",true,,,ads_optional_after_manual_QA; domestic_pair_not_primary_ads,,,,,,,,,,
DOMESTIC,https://scholarshiptop.com/scholarships/for-students-from/iran/study-in/iran,,,Iran,5,published_noindex,false,"noindex,follow",false,,,low_volume_5_19_bucket; domestic_pair_not_primary_ads,,,,,,,,,,
DOMESTIC,https://scholarshiptop.com/scholarships/for-students-from/ireland/study-in/ireland,,,Ireland,12,published_noindex,false,"noindex,follow",false,,,low_volume_5_19_bucket; domestic_pair_not_primary_ads,,,,,,,,,,
DOMESTIC,https://scholarshiptop.com/scholarships/for-students-from/israel/study-in/israel,,,Israel,8,published_noindex,false,"noindex,follow",false,,,low_volume_5_19_bucket; domestic_pair_not_primary_ads,,,,,,,,,,
DOMESTIC,https://scholarshiptop.com/scholarships/for-students-from/italy/study-in/italy,,,Italy,14,published_noindex,false,"noindex,follow",false,,,low_volume_5_19_bucket; domestic_pair_not_primary_ads,,,,,,,,,,
DOMESTIC,https://scholarshiptop.com/scholarships/for-students-from/japan/study-in/japan,,,Japan,8,published_noindex,false,"noindex,follow",false,,,low_volume_5_19_bucket; domestic_pair_not_primary_ads,,,,,,,,,,
DOMESTIC,https://scholarshiptop.com/scholarships/for-students-from/netherlands/study-in/netherlands,,,Netherlands,5,published_noindex,false,"noindex,follow",false,,,low_volume_5_19_bucket; domestic_pair_not_primary_ads,,,,,,,,,,
DOMESTIC,https://scholarshiptop.com/scholarships/for-students-from/new-zealand/study-in/new-zealand,,,New Zealand,66,approved_priority,false,"index,follow",true,,,domestic_pair_not_primary_ads,,,,,,,,,,
DOMESTIC,https://scholarshiptop.com/scholarships/for-students-from/portugal/study-in/portugal,,,Portugal,6,published_noindex,false,"noindex,follow",false,,,low_volume_5_19_bucket; domestic_pair_not_primary_ads,,,,,,,,,,
DOMESTIC,https://scholarshiptop.com/scholarships/for-students-from/south-korea/study-in/south-korea,,,South Korea,9,published_noindex,false,"noindex,follow",false,,,low_volume_5_19_bucket; domestic_pair_not_primary_ads,,,,,,,,,,
DOMESTIC,https://scholarshiptop.com/scholarships/for-students-from/spain/study-in/spain,,,Spain,11,published_noindex,false,"noindex,follow",false,,,low_volume_5_19_bucket; domestic_pair_not_primary_ads,,,,,,,,,,
DOMESTIC,https://scholarshiptop.com/scholarships/for-students-from/switzerland/study-in/switzerland,,,Switzerland,6,published_noindex,false,"noindex,follow",false,,,low_volume_5_19_bucket; domestic_pair_not_primary_ads,,,,,,,,,,
DOMESTIC,https://scholarshiptop.com/scholarships/for-students-from/united-kingdom/study-in/united-kingdom,,,United Kingdom,170,approved_priority,false,"index,follow",true,,,domestic_pair_not_primary_ads,,,,,,,,,,
DOMESTIC,https://scholarshiptop.com/scholarships/for-students-from/united-states/study-in/united-states,,,United States,8983,approved_priority,false,"index,follow",true,,,domestic_pair_not_primary_ads,,,,,,,,,,
TOP10,https://scholarshiptop.com/scholarships/for-students-from/canada/study-in/united-states,,,,,,,,,Scholarships for Canadian Students to Study in the USA,,,,Scholarships - Canada to United States,,,Canada,https://scholarshiptop.com/scholarships/for-students-from/canada/study-in/united-states,USA Scholarships for Canadian Students,Canada → USA scholarships,"Find scholarships for students from Canada who want to study in United States. Compare deadlines, awards, and requirements.",1
TOP10,https://scholarshiptop.com/scholarships/for-students-from/mexico/study-in/united-states,,,,,,,,,Scholarships for Mexican Students to Study in the USA,,,,Scholarships - Mexico to United States,,,Mexico,https://scholarshiptop.com/scholarships/for-students-from/mexico/study-in/united-states,USA Scholarships for Mexican Students,Mexico → USA scholarships,"Find scholarships for students from Mexico who want to study in United States. Compare deadlines, awards, and requirements.",2
TOP10,https://scholarshiptop.com/scholarships/for-students-from/united-kingdom/study-in/united-states,,,,,,,,,Scholarships for UK Students to Study in the USA,,,,Scholarships - United Kingdom to United States,,,United Kingdom,https://scholarshiptop.com/scholarships/for-students-from/united-kingdom/study-in/united-states,USA Scholarships for UK Students,United Kingdom → USA scholarships,"Find scholarships for students from United Kingdom who want to study in United States. Compare deadlines, awards, and requirements.",3
TOP10,https://scholarshiptop.com/scholarships/for-students-from/united-states/study-in/canada,,,,,,,,,Scholarships for American Students to Study in Canada,,,,Scholarships - United States to Canada,,,United States,https://scholarshiptop.com/scholarships/for-students-from/united-states/study-in/canada,Scholarships for American Students,Study in Canada — American students,"Find scholarships for students from United States who want to study in Canada. Compare deadlines, awards, and requirements.",4